 <<< Combine >>> 
 <<< v11.0.0 >>>
>>> Random number generator seed is 123456
>>> Method used is MultiDimFit
 <<< Combine >>> 
 <<< v11.0.0 >>>
>>> Random number generator seed is 123456
>>> Method used is MultiDimFit
 <<< Combine >>> 
 <<< v11.0.0 >>>
>>> Random number generator seed is 123456
>>> Method used is MultiDimFit
 <<< Combine >>> 
 <<< v11.0.0 >>>
>>> Random number generator seed is 123456
>>> Method used is MultiDimFit
 <<< Combine >>> 
 <<< v11.0.0 >>>
>>> Random number generator seed is 123456
>>> Method used is MultiDimFit
 <<< Combine >>> 
 <<< v11.0.0 >>>
>>> Random number generator seed is 123456
>>> Method used is MultiDimFit
 <<< Combine >>> 
 <<< v11.0.0 >>>
>>> Random number generator seed is 123456
>>> Method used is MultiDimFit
 <<< Combine >>> 
 <<< v11.0.0 >>>
>>> Random number generator seed is 123456
>>> Method used is MultiDimFit
 <<< Combine >>> 
 <<< v11.0.0 >>>
>>> Random number generator seed is 123456
>>> Method used is MultiDimFit
 <<< Combine >>> 
 <<< v11.0.0 >>>
>>> Random number generator seed is 123456
>>> Method used is MultiDimFit
 <<< Combine >>> 
 <<< v11.0.0 >>>
>>> Random number generator seed is 123456
>>> Method used is MultiDimFit
 <<< Combine >>> 
 <<< v11.0.0 >>>
>>> Random number generator seed is 123456
>>> Method used is MultiDimFit
 <<< Combine >>> 
 <<< v11.0.0 >>>
>>> Random number generator seed is 123456
>>> Method used is MultiDimFit
 <<< Combine >>> 
 <<< v11.0.0 >>>
>>> Random number generator seed is 123456
>>> Method used is MultiDimFit
 <<< Combine >>> 
 <<< v11.0.0 >>>
>>> Random number generator seed is 123456
>>> Method used is MultiDimFit
 <<< Combine >>> 
 <<< v11.0.0 >>>
>>> Random number generator seed is 123456
>>> Method used is MultiDimFit
 <<< Combine >>> 
 <<< v11.0.0 >>>
>>> Random number generator seed is 123456
>>> Method used is MultiDimFit
 <<< Combine >>> 
 <<< Combine >>> 
 <<< v11.0.0 >>>
 <<< v11.0.0 >>>
>>> Random number generator seed is 123456
>>> Random number generator seed is 123456
>>> Method used is MultiDimFit
>>> Method used is MultiDimFit
Set Default Value of Parameter r To : 0
Warning: A value of r is specified in both the --setParameters and --expectSignal options. The argument of --expectSignal will take precedence
Doing initial fit: 
 <<< Combine >>> 
 <<< v11.0.0 >>>
>>> Random number generator seed is 123456
>>> Method used is MultiDimFit
Set Default Value of Parameter r To : 0
Warning: A value of r is specified in both the --setParameters and --expectSignal options. The argument of --expectSignal will take precedence
Doing initial fit: 
Set Default Value of Parameter r To : 0
Warning: A value of r is specified in both the --setParameters and --expectSignal options. The argument of --expectSignal will take precedence
Doing initial fit: 
Set Default Value of Parameter r To : 0
Warning: A value of r is specified in both the --setParameters and --expectSignal options. The argument of --expectSignal will take precedence
Doing initial fit: 
Set Default Value of Parameter r To : 0
Warning: A value of r is specified in both the --setParameters and --expectSignal options. The argument of --expectSignal will take precedence
Doing initial fit: 
Set Default Value of Parameter r To : 0
Warning: A value of r is specified in both the --setParameters and --expectSignal options. The argument of --expectSignal will take precedence
Doing initial fit: 
Set Default Value of Parameter r To : 0
Warning: A value of r is specified in both the --setParameters and --expectSignal options. The argument of --expectSignal will take precedence
Doing initial fit: 
Set Default Value of Parameter r To : 0
Warning: A value of r is specified in both the --setParameters and --expectSignal options. The argument of --expectSignal will take precedence
Doing initial fit: 
 POI: r= -1.52222e-15 -> [-3,100]
Point 144/240 r = 59.0146
Point 145/240 r = 59.4437
Point 146/240 r = 59.8729
Point 147/240 r = 60.3021
Point 148/240 r = 60.7312
Point 149/240 r = 61.1604
Point 150/240 r = 61.5896
Point 151/240 r = 62.0187
Point 152/240 r = 62.4479
Point 153/240 r = 62.8771
Point 154/240 r = 63.3062
Point 155/240 r = 63.7354
Set Default Value of Parameter r To : 0
Warning: A value of r is specified in both the --setParameters and --expectSignal options. The argument of --expectSignal will take precedence
Doing initial fit: 
Set Default Value of Parameter r To : 0
Warning: A value of r is specified in both the --setParameters and --expectSignal options. The argument of --expectSignal will take precedence
Doing initial fit: 
 POI: r= -1.52222e-15 -> [-3,100]
Point 12/240 r = 2.36458
 POI: r= -1.52222e-15 -> [-3,100]
Point 48/240 r = 17.8146
Set Default Value of Parameter r To : 0
Warning: A value of r is specified in both the --setParameters and --expectSignal options. The argument of --expectSignal will take precedence
Doing initial fit: 
 POI: r= -1.52222e-15 -> [-3,100]
Point 96/240 r = 38.4146
Point 97/240 r = 38.8438
Point 98/240 r = 39.2729
Point 99/240 r = 39.7021
Point 100/240 r = 40.1312
Point 101/240 r = 40.5604
Point 102/240 r = 40.9896
Point 103/240 r = 41.4187
Point 104/240 r = 41.8479
Point 105/240 r = 42.2771
Point 106/240 r = 42.7062
Point 107/240 r = 43.1354
 POI: r= -1.52222e-15 -> [-3,100]
Point 120/240 r = 48.7146
Point 121/240 r = 49.1437
Point 122/240 r = 49.5729
Point 123/240 r = 50.0021
Point 124/240 r = 50.4312
Point 125/240 r = 50.8604
Point 126/240 r = 51.2896
Point 127/240 r = 51.7188
Point 128/240 r = 52.1479
Point 129/240 r = 52.5771
Point 130/240 r = 53.0062
Point 131/240 r = 53.4354
Set Default Value of Parameter r To : 0
Warning: A value of r is specified in both the --setParameters and --expectSignal options. The argument of --expectSignal will take precedence
Doing initial fit: 
 POI: r= -1.52222e-15 -> [-3,100]
Point 180/240 r = 74.4646
Point 181/240 r = 74.8937
Point 182/240 r = 75.3229
Point 183/240 r = 75.7521
Point 184/240 r = 76.1812
Point 185/240 r = 76.6104
Point 186/240 r = 77.0396
Point 187/240 r = 77.4688
Point 188/240 r = 77.8979
Point 189/240 r = 78.3271
Point 190/240 r = 78.7562
Point 191/240 r = 79.1854
Point 13/240 r = 2.79375
 POI: r= -1.52222e-15 -> [-3,100]
Point 132/240 r = 53.8646
Point 133/240 r = 54.2937
Point 134/240 r = 54.7229
Point 135/240 r = 55.1521
Point 136/240 r = 55.5812
Point 137/240 r = 56.0104
Point 138/240 r = 56.4396
Point 139/240 r = 56.8687
Point 140/240 r = 57.2979
Point 141/240 r = 57.7271
Point 142/240 r = 58.1562
Point 143/240 r = 58.5854
 POI: r= -1.52222e-15 -> [-3,100]
Point 0/240 r = -2.78542
 POI: r= -1.52222e-15 -> [-3,100]
Point 108/240 r = 43.5646
Point 109/240 r = 43.9937
Point 110/240 r = 44.4229
Point 111/240 r = 44.8521
Point 112/240 r = 45.2812
Point 113/240 r = 45.7104
Point 114/240 r = 46.1396
Point 115/240 r = 46.5687
Point 116/240 r = 46.9979
Point 117/240 r = 47.4271
Point 118/240 r = 47.8562
Point 119/240 r = 48.2854
Point 49/240 r = 18.2437
 POI: r= -1.52222e-15 -> [-3,100]
Point 36/240 r = 12.6646
RooAbsMinimizerFcn: Minimized function has error status.
Returning maximum FCN so far (567.011) to force MIGRAD to back out of this region. Error log follows.
Parameter values: 	CMS_NPS26009_LightJetStat_DY_BJetOS_2016postVFP=-0.458035	CMS_NPS26009_LightJetStat_DY_BJetOS_2016preVFP=-0.750923	CMS_NPS26009_LightJetStat_DY_BJetOS_2017=-0.580791	CMS_NPS26009_LightJetStat_DY_BJetOS_2018=-1.18831	CMS_NPS26009_LightJetStat_DY_BJetOS_2022=-0.286467	CMS_NPS26009_LightJetStat_DY_BJetOS_2022EE=-0.312979	CMS_NPS26009_LightJetStat_DY_BJetOS_2023=-4.71709e-09	CMS_NPS26009_LightJetStat_DY_BJetOS_2023BPix=-9.19516e-05	CMS_NPS26009_MCstat_other_BJetOS_2016postVFP=-0.477868	CMS_NPS26009_MCstat_other_BJetOS_2016preVFP=-0.40502	CMS_NPS26009_MCstat_other_BJetOS_2017=-0.0864468	CMS_NPS26009_MCstat_other_BJetOS_2018=-0.312769	CMS_NPS26009_MCstat_other_BJetOS_2022=-0.0533207	CMS_NPS26009_MCstat_other_BJetOS_2022EE=-0.11203	CMS_NPS26009_MCstat_other_BJetOS_2023=-0.0380629	CMS_NPS26009_MCstat_other_BJetOS_2023BPix=-0.33662	CMS_NPS26009_MCstat_signal_BJetOS_2016postVFP=-0.42111	CMS_NPS26009_MCstat_signal_BJetOS_2016preVFP=-0.4687	CMS_NPS26009_MCstat_signal_BJetOS_2017=-1.03922	CMS_NPS26009_MCstat_signal_BJetOS_2018=-1.61324	CMS_NPS26009_MCstat_signal_BJetOS_2022=-0.115559	CMS_NPS26009_MCstat_signal_BJetOS_2022EE=-0.419875	CMS_NPS26009_MCstat_signal_BJetOS_2023=-0.37411	CMS_NPS26009_MCstat_signal_BJetOS_2023BPix=-0.208798	CMS_NPS26009_MCstat_singleTop_BJetOS_2016postVFP=-0.0646135	CMS_NPS26009_MCstat_singleTop_BJetOS_2016preVFP=-0.192458	CMS_NPS26009_MCstat_singleTop_BJetOS_2017=-0.210028	CMS_NPS26009_MCstat_singleTop_BJetOS_2018=-0.249483	CMS_NPS26009_MCstat_singleTop_BJetOS_2022=-0.16335	CMS_NPS26009_MCstat_singleTop_BJetOS_2022EE=-0.439272	CMS_NPS26009_MCstat_singleTop_BJetOS_2023=-0.0561415	CMS_NPS26009_MCstat_singleTop_BJetOS_2023BPix=-0.0531952	CMS_NPS26009_MCstat_ttbar_BJetOS_2016postVFP=-0.423677	CMS_NPS26009_MCstat_ttbar_BJetOS_2016preVFP=-0.45758	CMS_NPS26009_MCstat_ttbar_BJetOS_2017=-0.603551	CMS_NPS26009_MCstat_ttbar_BJetOS_2018=-0.735255	CMS_NPS26009_MCstat_ttbar_BJetOS_2022=-0.263439	CMS_NPS26009_MCstat_ttbar_BJetOS_2022EE=-0.640352	CMS_NPS26009_MCstat_ttbar_BJetOS_2023=-0.488156	CMS_NPS26009_MCstat_ttbar_BJetOS_2023BPix=-0.367173	CMS_NPS26009_NFModel_DY_BJetOS_13TeV=24.97	CMS_NPS26009_NFModel_DY_BJetOS_13p6TeV=-0.0119932	CMS_NPS26009_NFStat_DY_BJetOS_2016postVFP=0.102618	CMS_NPS26009_NFStat_DY_BJetOS_2016preVFP=0.135135	CMS_NPS26009_NFStat_DY_BJetOS_2017=0.101512	CMS_NPS26009_NFStat_DY_BJetOS_2018=0.112715	CMS_NPS26009_NFStat_DY_BJetOS_2022=0.0695507	CMS_NPS26009_NFStat_DY_BJetOS_2022EE=0.0737609	CMS_NPS26009_QCDscale_fac_singleTop=0.151796	CMS_NPS26009_QCDscale_ren_singleTop=0.262608	CMS_NPS26009_bckgNorm_QCD_BJetOS_2016postVFP=2.91258e-07	CMS_NPS26009_bckgNorm_QCD_BJetOS_2016preVFP=1.39959e-05	CMS_NPS26009_bckgNorm_QCD_BJetOS_2017=0.00045013	CMS_NPS26009_bckgNorm_QCD_BJetOS_2018=0.000285397	CMS_NPS26009_bckgNorm_QCD_BJetOS_2022=7.38419e-09	CMS_NPS26009_bckgNorm_QCD_BJetOS_2022EE=1.18562e-07	CMS_NPS26009_bckgNorm_QCD_BJetOS_2023=6.7052e-05	CMS_NPS26009_bckgNorm_QCD_BJetOS_2023BPix=1.85705e-07	CMS_NPS26009_bckgShape_QCD_BJetOS_2016postVFP=-0.0174641	CMS_NPS26009_bckgShape_QCD_BJetOS_2016preVFP=-0.00386338	CMS_NPS26009_bckgShape_QCD_BJetOS_2017=-0.166425	CMS_NPS26009_bckgShape_QCD_BJetOS_2018=-0.156417	CMS_NPS26009_bckgShape_QCD_BJetOS_2022=-3.08312e-06	CMS_NPS26009_bckgShape_QCD_BJetOS_2022EE=-0.00016537	CMS_NPS26009_bckgShape_QCD_BJetOS_2023=-0.00848745	CMS_NPS26009_bckgShape_QCD_BJetOS_2023BPix=-5.70265e-05	CMS_NPS26009_btag_fixedWP_comb_bc_correlated_13TeV=-37.409	CMS_NPS26009_btag_fixedWP_comb_bc_correlated_13p6TeV=-15.8335	CMS_NPS26009_btag_fixedWP_incl_light_correlated_13TeV=-0.497728	CMS_NPS26009_btag_fixedWP_incl_light_correlated_13p6TeV=-0.144607	CMS_NPS26009_eff_m_id_Run2=-0.277407	CMS_NPS26009_eff_m_id_Run3=-0.268389	CMS_NPS26009_eff_m_trigger_2016postVFP=-0.163729	CMS_NPS26009_eff_m_trigger_2016preVFP=-0.21967	CMS_NPS26009_eff_m_trigger_2017=-0.311422	CMS_NPS26009_eff_m_trigger_2018=-0.418167	CMS_NPS26009_eff_m_trigger_2022=-0.0614216	CMS_NPS26009_eff_m_trigger_2022EE=-0.118061	CMS_NPS26009_eff_m_trigger_2023=-0.121826	CMS_NPS26009_eff_m_trigger_2023BPix=-0.0827436	CMS_NPS26009_lumi_2016=-0.703866	CMS_NPS26009_lumi_2017=-1.54325	CMS_NPS26009_lumi_2018=-2.45618	CMS_NPS26009_lumi_2022=-0.348449	CMS_NPS26009_lumi_2023=-0.305022	CMS_NPS26009_pdf_NNPDF31=-1.39197	CMS_NPS26009_topmass_ttbar_BJetOS=-1.10643	CMS_btag_fixedWP_comb_bc_uncorrelated_2016postVFP=-0.996141	CMS_btag_fixedWP_comb_bc_uncorrelated_2016preVFP=-1.0739	CMS_btag_fixedWP_comb_bc_uncorrelated_2017=-3.84947	CMS_btag_fixedWP_comb_bc_uncorrelated_2018=-3.45306	CMS_btag_fixedWP_comb_bc_uncorrelated_2022=-0.257149	CMS_btag_fixedWP_comb_bc_uncorrelated_2022EE=-0.511845	CMS_btag_fixedWP_comb_bc_uncorrelated_2023=-0.53567	CMS_btag_fixedWP_comb_bc_uncorrelated_2023BPix=-0.348749	CMS_btag_fixedWP_incl_light_uncorrelated_2016postVFP=-0.0887424	CMS_btag_fixedWP_incl_light_uncorrelated_2016preVFP=-0.0337605	CMS_btag_fixedWP_incl_light_uncorrelated_2017=-0.0702533	CMS_btag_fixedWP_incl_light_uncorrelated_2018=-0.130298	CMS_btag_fixedWP_incl_light_uncorrelated_2022=-0.0123478	CMS_btag_fixedWP_incl_light_uncorrelated_2022EE=-0.0269229	CMS_btag_fixedWP_incl_light_uncorrelated_2023=-0.011699	CMS_btag_fixedWP_incl_light_uncorrelated_2023BPix=-0.0114677	CMS_l1_prefiring_2016postVFP=0.384043	CMS_l1_prefiring_2016preVFP=0.368166	CMS_l1_prefiring_2017=0.802824	CMS_l1_prefiring_2018=0.184067	CMS_pileup_13TeV=0.327523	CMS_pileup_13p6TeV=0.0556897	CMS_res_j_2016postVFP=-0.0211902	CMS_res_j_2016preVFP=-0.00420236	CMS_res_j_2017=0.0102388	CMS_res_j_2018=0.0348938	CMS_res_j_2022=1.50488e-05	CMS_res_j_2022EE=0.00387662	CMS_res_j_2023=4.16659e-05	CMS_res_j_2023BPix=-0.00616461	CMS_scale_j_2016postVFP=-0.0199646	CMS_scale_j_2016preVFP=-0.00431417	CMS_scale_j_2017=-0.149345	CMS_scale_j_2018=-0.156194	CMS_scale_j_2022=-0.00912336	CMS_scale_j_2022EE=0.000503956	CMS_scale_j_2023=-0.0232142	CMS_scale_j_2023BPix=-0.231004	CMS_scale_m_13TeV=0.167093	CMS_scale_m_13p6TeV=-0.140933	QCDscale_fac_ttbar=0.406084	QCDscale_ren_ttbar=0.772391	pdf_alphas=-0.636605
RooFit::Detail::RooFixedProdPdf::model_s[ ]
     getLogVal() top-level p.d.f not greater than zero @ !servers=(modelObs_s = 0)

Set Default Value of Parameter r To : 0
Warning: A value of r is specified in both the --setParameters and --expectSignal options. The argument of --expectSignal will take precedence
Doing initial fit: 
 POI: r= -1.52222e-15 -> [-3,100]
Point 84/240 r = 33.2646
Set Default Value of Parameter r To : 0
Warning: A value of r is specified in both the --setParameters and --expectSignal options. The argument of --expectSignal will take precedence
Doing initial fit: 
Point 50/240 r = 18.6729
Set Default Value of Parameter r To : 0
Warning: A value of r is specified in both the --setParameters and --expectSignal options. The argument of --expectSignal will take precedence
Doing initial fit: 
 POI: r= -1.52222e-15 -> [-3,100]
Point 60/240 r = 22.9646
Set Default Value of Parameter r To : 0
Warning: A value of r is specified in both the --setParameters and --expectSignal options. The argument of --expectSignal will take precedence
Doing initial fit: 
Set Default Value of Parameter r To : 0
Warning: A value of r is specified in both the --setParameters and --expectSignal options. The argument of --expectSignal will take precedence
Doing initial fit: 
Point 14/240 r = 3.22292
Set Default Value of Parameter r To : 0
Warning: A value of r is specified in both the --setParameters and --expectSignal options. The argument of --expectSignal will take precedence
Doing initial fit: 
Set Default Value of Parameter r To : 0
Warning: A value of r is specified in both the --setParameters and --expectSignal options. The argument of --expectSignal will take precedence
Doing initial fit: 
Set Default Value of Parameter r To : 0
Warning: A value of r is specified in both the --setParameters and --expectSignal options. The argument of --expectSignal will take precedence
Doing initial fit: 
Point 15/240 r = 3.65208
Point 37/240 r = 13.0938
RooAbsMinimizerFcn: Minimized function has error status.
Returning maximum FCN so far (567.011) to force MIGRAD to back out of this region. Error log follows.
Parameter values: 	CMS_NPS26009_LightJetStat_DY_BJetOS_2016postVFP=-0.500262	CMS_NPS26009_LightJetStat_DY_BJetOS_2016preVFP=-0.794296	CMS_NPS26009_LightJetStat_DY_BJetOS_2017=-0.870093	CMS_NPS26009_LightJetStat_DY_BJetOS_2018=-1.34643	CMS_NPS26009_LightJetStat_DY_BJetOS_2022=-0.295145	CMS_NPS26009_LightJetStat_DY_BJetOS_2022EE=-0.317084	CMS_NPS26009_LightJetStat_DY_BJetOS_2023=-4.63664e-09	CMS_NPS26009_LightJetStat_DY_BJetOS_2023BPix=-9.04618e-05	CMS_NPS26009_MCstat_other_BJetOS_2016postVFP=-0.498624	CMS_NPS26009_MCstat_other_BJetOS_2016preVFP=-0.485903	CMS_NPS26009_MCstat_other_BJetOS_2017=-0.0631609	CMS_NPS26009_MCstat_other_BJetOS_2018=-0.328464	CMS_NPS26009_MCstat_other_BJetOS_2022=-0.0587144	CMS_NPS26009_MCstat_other_BJetOS_2022EE=-0.116269	CMS_NPS26009_MCstat_other_BJetOS_2023=-0.0382206	CMS_NPS26009_MCstat_other_BJetOS_2023BPix=-0.337545	CMS_NPS26009_MCstat_signal_BJetOS_2016postVFP=-0.447071	CMS_NPS26009_MCstat_signal_BJetOS_2016preVFP=-0.512828	CMS_NPS26009_MCstat_signal_BJetOS_2017=-1.14529	CMS_NPS26009_MCstat_signal_BJetOS_2018=-1.71823	CMS_NPS26009_MCstat_signal_BJetOS_2022=-0.133186	CMS_NPS26009_MCstat_signal_BJetOS_2022EE=-0.463295	CMS_NPS26009_MCstat_signal_BJetOS_2023=-0.388631	CMS_NPS26009_MCstat_signal_BJetOS_2023BPix=-0.217763	CMS_NPS26009_MCstat_singleTop_BJetOS_2016postVFP=-0.0661842	CMS_NPS26009_MCstat_singleTop_BJetOS_2016preVFP=-0.203466	CMS_NPS26009_MCstat_singleTop_BJetOS_2017=-0.221589	CMS_NPS26009_MCstat_singleTop_BJetOS_2018=-0.265623	CMS_NPS26009_MCstat_singleTop_BJetOS_2022=-0.192387	CMS_NPS26009_MCstat_singleTop_BJetOS_2022EE=-0.462124	CMS_NPS26009_MCstat_singleTop_BJetOS_2023=-0.0591143	CMS_NPS26009_MCstat_singleTop_BJetOS_2023BPix=-0.0535346	CMS_NPS26009_MCstat_ttbar_BJetOS_2016postVFP=-0.433783	CMS_NPS26009_MCstat_ttbar_BJetOS_2016preVFP=-0.483047	CMS_NPS26009_MCstat_ttbar_BJetOS_2017=-0.636008	CMS_NPS26009_MCstat_ttbar_BJetOS_2018=-0.756128	CMS_NPS26009_MCstat_ttbar_BJetOS_2022=-0.287991	CMS_NPS26009_MCstat_ttbar_BJetOS_2022EE=-0.674453	CMS_NPS26009_MCstat_ttbar_BJetOS_2023=-0.491548	CMS_NPS26009_MCstat_ttbar_BJetOS_2023BPix=-0.373795	CMS_NPS26009_NFModel_DY_BJetOS_13TeV=-98.6729	CMS_NPS26009_NFModel_DY_BJetOS_13p6TeV=-0.0129542	CMS_NPS26009_NFStat_DY_BJetOS_2016postVFP=0.102403	CMS_NPS26009_NFStat_DY_BJetOS_2016preVFP=0.134842	CMS_NPS26009_NFStat_DY_BJetOS_2017=0.0997569	CMS_NPS26009_NFStat_DY_BJetOS_2018=0.111569	CMS_NPS26009_NFStat_DY_BJetOS_2022=0.0695417	CMS_NPS26009_NFStat_DY_BJetOS_2022EE=0.0737577	CMS_NPS26009_QCDscale_fac_singleTop=0.160955	CMS_NPS26009_QCDscale_ren_singleTop=0.277617	CMS_NPS26009_bckgNorm_QCD_BJetOS_2016postVFP=-6.97263e-10	CMS_NPS26009_bckgNorm_QCD_BJetOS_2016preVFP=-2.11583e-09	CMS_NPS26009_bckgNorm_QCD_BJetOS_2017=-9.81458e-08	CMS_NPS26009_bckgNorm_QCD_BJetOS_2018=-1.14312e-05	CMS_NPS26009_bckgNorm_QCD_BJetOS_2022=-6.37154e-09	CMS_NPS26009_bckgNorm_QCD_BJetOS_2022EE=0	CMS_NPS26009_bckgNorm_QCD_BJetOS_2023=0	CMS_NPS26009_bckgNorm_QCD_BJetOS_2023BPix=-6.72979e-08	CMS_NPS26009_bckgShape_QCD_BJetOS_2016postVFP=-0.0172262	CMS_NPS26009_bckgShape_QCD_BJetOS_2016preVFP=-0.00383251	CMS_NPS26009_bckgShape_QCD_BJetOS_2017=-0.166034	CMS_NPS26009_bckgShape_QCD_BJetOS_2018=-0.154508	CMS_NPS26009_bckgShape_QCD_BJetOS_2022=-3.15958e-06	CMS_NPS26009_bckgShape_QCD_BJetOS_2022EE=-0.000166345	CMS_NPS26009_bckgShape_QCD_BJetOS_2023=-0.00834274	CMS_NPS26009_bckgShape_QCD_BJetOS_2023BPix=-5.60953e-05	CMS_NPS26009_btag_fixedWP_comb_bc_correlated_13TeV=-55.7751	CMS_NPS26009_btag_fixedWP_comb_bc_correlated_13p6TeV=-23.7652	CMS_NPS26009_btag_fixedWP_incl_light_correlated_13TeV=-0.523835	CMS_NPS26009_btag_fixedWP_incl_light_correlated_13p6TeV=-0.152353	CMS_NPS26009_eff_m_id_Run2=-0.297739	CMS_NPS26009_eff_m_id_Run3=-0.285895	CMS_NPS26009_eff_m_trigger_2016postVFP=-0.172834	CMS_NPS26009_eff_m_trigger_2016preVFP=-0.239262	CMS_NPS26009_eff_m_trigger_2017=-0.34081	CMS_NPS26009_eff_m_trigger_2018=-0.442693	CMS_NPS26009_eff_m_trigger_2022=-0.0695009	CMS_NPS26009_eff_m_trigger_2022EE=-0.128055	CMS_NPS26009_eff_m_trigger_2023=-0.125374	CMS_NPS26009_eff_m_trigger_2023BPix=-0.0857438	CMS_NPS26009_lumi_2016=-0.754929	CMS_NPS26009_lumi_2017=-1.68291	CMS_NPS26009_lumi_2018=-2.58707	CMS_NPS26009_lumi_2022=-0.382247	CMS_NPS26009_lumi_2023=-0.314841	CMS_NPS26009_pdf_NNPDF31=-1.45613	CMS_NPS26009_topmass_ttbar_BJetOS=-1.14827	CMS_btag_fixedWP_comb_bc_uncorrelated_2016postVFP=-1.05409	CMS_btag_fixedWP_comb_bc_uncorrelated_2016preVFP=-1.17483	CMS_btag_fixedWP_comb_bc_uncorrelated_2017=-4.29302	CMS_btag_fixedWP_comb_bc_uncorrelated_2018=-3.68879	CMS_btag_fixedWP_comb_bc_uncorrelated_2022=-0.293048	CMS_btag_fixedWP_comb_bc_uncorrelated_2022EE=-0.558349	CMS_btag_fixedWP_comb_bc_uncorrelated_2023=-0.552733	CMS_btag_fixedWP_comb_bc_uncorrelated_2023BPix=-0.361641	CMS_btag_fixedWP_incl_light_uncorrelated_2016postVFP=-0.0916312	CMS_btag_fixedWP_incl_light_uncorrelated_2016preVFP=-0.0360994	CMS_btag_fixedWP_incl_light_uncorrelated_2017=-0.0749007	CMS_btag_fixedWP_incl_light_uncorrelated_2018=-0.13579	CMS_btag_fixedWP_incl_light_uncorrelated_2022=-0.0135529	CMS_btag_fixedWP_incl_light_uncorrelated_2022EE=-0.0285124	CMS_btag_fixedWP_incl_light_uncorrelated_2023=-0.0119879	CMS_btag_fixedWP_incl_light_uncorrelated_2023BPix=-0.0117467	CMS_l1_prefiring_2016postVFP=0.40599	CMS_l1_prefiring_2016preVFP=0.401444	CMS_l1_prefiring_2017=0.879169	CMS_l1_prefiring_2018=0.194914	CMS_pileup_13TeV=0.370324	CMS_pileup_13p6TeV=0.0615453	CMS_res_j_2016postVFP=-0.0220693	CMS_res_j_2016preVFP=-0.00462154	CMS_res_j_2017=0.0114905	CMS_res_j_2018=0.0379534	CMS_res_j_2022=1.6398e-05	CMS_res_j_2022EE=0.00424977	CMS_res_j_2023=4.29785e-05	CMS_res_j_2023BPix=-0.00643796	CMS_scale_j_2016postVFP=-0.0207408	CMS_scale_j_2016preVFP=-0.00474208	CMS_scale_j_2017=-0.161751	CMS_scale_j_2018=-0.163703	CMS_scale_j_2022=-0.0101859	CMS_scale_j_2022EE=0.000898026	CMS_scale_j_2023=-0.0234516	CMS_scale_j_2023BPix=-0.242646	CMS_scale_m_13TeV=0.120133	CMS_scale_m_13p6TeV=-0.146349	QCDscale_fac_ttbar=0.418147	QCDscale_ren_ttbar=0.792708	pdf_alphas=-0.658697
RooFit::Detail::RooFixedProdPdf::model_s[ ]
     getLogVal() top-level p.d.f not greater than zero @ !servers=(modelObs_s = 0)

Point 85/240 r = 33.6937
RooAbsMinimizerFcn: Minimized function has error status.
Returning maximum FCN so far (567.011) to force MIGRAD to back out of this region. Error log follows.
Parameter values: 	CMS_NPS26009_LightJetStat_DY_BJetOS_2016postVFP=-0.460579	CMS_NPS26009_LightJetStat_DY_BJetOS_2016preVFP=-0.755751	CMS_NPS26009_LightJetStat_DY_BJetOS_2017=-0.593096	CMS_NPS26009_LightJetStat_DY_BJetOS_2018=-1.19761	CMS_NPS26009_LightJetStat_DY_BJetOS_2022=-0.289233	CMS_NPS26009_LightJetStat_DY_BJetOS_2022EE=-0.315535	CMS_NPS26009_LightJetStat_DY_BJetOS_2023=-4.72556e-09	CMS_NPS26009_LightJetStat_DY_BJetOS_2023BPix=-9.21026e-05	CMS_NPS26009_MCstat_other_BJetOS_2016postVFP=-0.482648	CMS_NPS26009_MCstat_other_BJetOS_2016preVFP=-0.411982	CMS_NPS26009_MCstat_other_BJetOS_2017=-0.0856304	CMS_NPS26009_MCstat_other_BJetOS_2018=-0.316279	CMS_NPS26009_MCstat_other_BJetOS_2022=-0.0540041	CMS_NPS26009_MCstat_other_BJetOS_2022EE=-0.113054	CMS_NPS26009_MCstat_other_BJetOS_2023=-0.0381912	CMS_NPS26009_MCstat_other_BJetOS_2023BPix=-0.338949	CMS_NPS26009_MCstat_signal_BJetOS_2016postVFP=-0.437595	CMS_NPS26009_MCstat_signal_BJetOS_2016preVFP=-0.487998	CMS_NPS26009_MCstat_signal_BJetOS_2017=-1.08484	CMS_NPS26009_MCstat_signal_BJetOS_2018=-1.68072	CMS_NPS26009_MCstat_signal_BJetOS_2022=-0.121081	CMS_NPS26009_MCstat_signal_BJetOS_2022EE=-0.43893	CMS_NPS26009_MCstat_signal_BJetOS_2023=-0.388503	CMS_NPS26009_MCstat_signal_BJetOS_2023BPix=-0.216712	CMS_NPS26009_MCstat_singleTop_BJetOS_2016postVFP=-0.0651212	CMS_NPS26009_MCstat_singleTop_BJetOS_2016preVFP=-0.19495	CMS_NPS26009_MCstat_singleTop_BJetOS_2017=-0.212191	CMS_NPS26009_MCstat_singleTop_BJetOS_2018=-0.251942	CMS_NPS26009_MCstat_singleTop_BJetOS_2022=-0.1661	CMS_NPS26009_MCstat_singleTop_BJetOS_2022EE=-0.443226	CMS_NPS26009_MCstat_singleTop_BJetOS_2023=-0.0567465	CMS_NPS26009_MCstat_singleTop_BJetOS_2023BPix=-0.0534439	CMS_NPS26009_MCstat_ttbar_BJetOS_2016postVFP=-0.426129	CMS_NPS26009_MCstat_ttbar_BJetOS_2016preVFP=-0.461452	CMS_NPS26009_MCstat_ttbar_BJetOS_2017=-0.608776	CMS_NPS26009_MCstat_ttbar_BJetOS_2018=-0.739675	CMS_NPS26009_MCstat_ttbar_BJetOS_2022=-0.267208	CMS_NPS26009_MCstat_ttbar_BJetOS_2022EE=-0.648047	CMS_NPS26009_MCstat_ttbar_BJetOS_2023=-0.490909	CMS_NPS26009_MCstat_ttbar_BJetOS_2023BPix=-0.369534	CMS_NPS26009_NFModel_DY_BJetOS_13TeV=30.9484	CMS_NPS26009_NFModel_DY_BJetOS_13p6TeV=-0.0122755	CMS_NPS26009_NFStat_DY_BJetOS_2016postVFP=0.10261	CMS_NPS26009_NFStat_DY_BJetOS_2016preVFP=0.135117	CMS_NPS26009_NFStat_DY_BJetOS_2017=0.101452	CMS_NPS26009_NFStat_DY_BJetOS_2018=0.112675	CMS_NPS26009_NFStat_DY_BJetOS_2022=0.0695483	CMS_NPS26009_NFStat_DY_BJetOS_2022EE=0.0737599	CMS_NPS26009_QCDscale_fac_singleTop=0.153284	CMS_NPS26009_QCDscale_ren_singleTop=0.264953	CMS_NPS26009_bckgNorm_QCD_BJetOS_2016postVFP=2.18404e-07	CMS_NPS26009_bckgNorm_QCD_BJetOS_2016preVFP=1.05056e-05	CMS_NPS26009_bckgNorm_QCD_BJetOS_2017=0.000338265	CMS_NPS26009_bckgNorm_QCD_BJetOS_2018=0.000211347	CMS_NPS26009_bckgNorm_QCD_BJetOS_2022=4.06531e-09	CMS_NPS26009_bckgNorm_QCD_BJetOS_2022EE=8.97725e-08	CMS_NPS26009_bckgNorm_QCD_BJetOS_2023=5.0407e-05	CMS_NPS26009_bckgNorm_QCD_BJetOS_2023BPix=1.22428e-07	CMS_NPS26009_bckgShape_QCD_BJetOS_2016postVFP=-0.017483	CMS_NPS26009_bckgShape_QCD_BJetOS_2016preVFP=-0.00386879	CMS_NPS26009_bckgShape_QCD_BJetOS_2017=-0.166781	CMS_NPS26009_bckgShape_QCD_BJetOS_2018=-0.156616	CMS_NPS26009_bckgShape_QCD_BJetOS_2022=-3.1082e-06	CMS_NPS26009_bckgShape_QCD_BJetOS_2022EE=-0.000166381	CMS_NPS26009_bckgShape_QCD_BJetOS_2023=-0.00850272	CMS_NPS26009_bckgShape_QCD_BJetOS_2023BPix=-5.71209e-05	CMS_NPS26009_btag_fixedWP_comb_bc_correlated_13TeV=-47.1991	CMS_NPS26009_btag_fixedWP_comb_bc_correlated_13p6TeV=-20.1793	CMS_NPS26009_btag_fixedWP_incl_light_correlated_13TeV=-0.507467	CMS_NPS26009_btag_fixedWP_incl_light_correlated_13p6TeV=-0.147048	CMS_NPS26009_eff_m_id_Run2=-0.287382	CMS_NPS26009_eff_m_id_Run3=-0.277296	CMS_NPS26009_eff_m_trigger_2016postVFP=-0.169198	CMS_NPS26009_eff_m_trigger_2016preVFP=-0.227677	CMS_NPS26009_eff_m_trigger_2017=-0.323172	CMS_NPS26009_eff_m_trigger_2018=-0.432766	CMS_NPS26009_eff_m_trigger_2022=-0.0635818	CMS_NPS26009_eff_m_trigger_2022EE=-0.121855	CMS_NPS26009_eff_m_trigger_2023=-0.125227	CMS_NPS26009_eff_m_trigger_2023BPix=-0.0852159	CMS_NPS26009_lumi_2016=-0.727955	CMS_NPS26009_lumi_2017=-1.59786	CMS_NPS26009_lumi_2018=-2.53352	CMS_NPS26009_lumi_2022=-0.360342	CMS_NPS26009_lumi_2023=-0.313937	CMS_NPS26009_pdf_NNPDF31=-1.40487	CMS_NPS26009_topmass_ttbar_BJetOS=-1.11345	CMS_btag_fixedWP_comb_bc_uncorrelated_2016postVFP=-1.03266	CMS_btag_fixedWP_comb_bc_uncorrelated_2016preVFP=-1.11622	CMS_btag_fixedWP_comb_bc_uncorrelated_2017=-4.06738	CMS_btag_fixedWP_comb_bc_uncorrelated_2018=-3.60638	CMS_btag_fixedWP_comb_bc_uncorrelated_2022=-0.267526	CMS_btag_fixedWP_comb_bc_uncorrelated_2022EE=-0.530678	CMS_btag_fixedWP_comb_bc_uncorrelated_2023=-0.552205	CMS_btag_fixedWP_comb_bc_uncorrelated_2023BPix=-0.359498	CMS_btag_fixedWP_incl_light_uncorrelated_2016postVFP=-0.0899028	CMS_btag_fixedWP_incl_light_uncorrelated_2016preVFP=-0.0344266	CMS_btag_fixedWP_incl_light_uncorrelated_2017=-0.0714638	CMS_btag_fixedWP_incl_light_uncorrelated_2018=-0.132669	CMS_btag_fixedWP_incl_light_uncorrelated_2022=-0.0125464	CMS_btag_fixedWP_incl_light_uncorrelated_2022EE=-0.0273202	CMS_btag_fixedWP_incl_light_uncorrelated_2023=-0.0119718	CMS_btag_fixedWP_incl_light_uncorrelated_2023BPix=-0.0116254	CMS_l1_prefiring_2016postVFP=0.397499	CMS_l1_prefiring_2016preVFP=0.382037	CMS_l1_prefiring_2017=0.833715	CMS_l1_prefiring_2018=0.190518	CMS_pileup_13TeV=0.342673	CMS_pileup_13p6TeV=0.0585003	CMS_res_j_2016postVFP=-0.0216322	CMS_res_j_2016preVFP=-0.00439368	CMS_res_j_2017=0.0108312	CMS_res_j_2018=0.037115	CMS_res_j_2022=1.524e-05	CMS_res_j_2022EE=0.00402765	CMS_res_j_2023=4.29699e-05	CMS_res_j_2023BPix=-0.00640484	CMS_scale_j_2016postVFP=-0.0203343	CMS_scale_j_2016preVFP=-0.00450752	CMS_scale_j_2017=-0.153767	CMS_scale_j_2018=-0.159998	CMS_scale_j_2022=-0.00937325	CMS_scale_j_2022EE=0.000754815	CMS_scale_j_2023=-0.0234051	CMS_scale_j_2023BPix=-0.239365	CMS_scale_m_13TeV=0.164334	CMS_scale_m_13p6TeV=-0.142265	QCDscale_fac_ttbar=0.405649	QCDscale_ren_ttbar=0.770963	pdf_alphas=-0.639169
RooFit::Detail::RooFixedProdPdf::model_s[ ]
     getLogVal() top-level p.d.f not greater than zero @ !servers=(modelObs_s = 0)

Point 51/240 r = 19.1021
 POI: r= -1.52222e-15 -> [-3,100]
Point 72/240 r = 28.1146
Point 61/240 r = 23.3937
 POI: r= -1.52222e-15 -> [-3,100]
Point 192/240 r = 79.6146
Point 193/240 r = 80.0437
Point 194/240 r = 80.4729
Point 195/240 r = 80.9021
Point 196/240 r = 81.3312
Point 197/240 r = 81.7604
Point 198/240 r = 82.1896
Point 199/240 r = 82.6187
Point 200/240 r = 83.0479
Point 201/240 r = 83.4771
Point 202/240 r = 83.9062
Point 203/240 r = 84.3354
Point 1/240 r = -2.35625
 POI: r= -1.52222e-15 -> [-3,100]
Point 24/240 r = 7.51458
Point 16/240 r = 4.08125
 POI: r= -1.52222e-15 -> [-3,100]
 POI: r= -1.52222e-15 -> [-3,100]
Point 62/240 r = 23.8229
Point 156/240 r = 64.1646
Point 157/240 r = 64.5938
Point 216/240 r = 89.9146
Point 217/240 r = 90.3438
Point 158/240 r = 65.0229
Point 218/240 r = 90.7729
Point 159/240 r = 65.4521
Point 219/240 r = 91.2021
Point 220/240 r = 91.6312
Point 160/240 r = 65.8812
Point 221/240 r = 92.0604
Point 222/240 r = 92.4896
Point 161/240 r = 66.3104
Point 223/240 r = 92.9187
Point 224/240 r = 93.3479
Point 162/240 r = 66.7396
Point 225/240 r = 93.7771
Point 163/240 r = 67.1688
Point 226/240 r = 94.2062
Point 227/240 r = 94.6354
Point 164/240 r = 67.5979
Point 165/240 r = 68.0271
Point 166/240 r = 68.4562
Point 167/240 r = 68.8854
 POI: r= -1.52222e-15 -> [-3,100]
Point 228/240 r = 95.0646
Point 229/240 r = 95.4937
Point 230/240 r = 95.9229
Point 231/240 r = 96.3521
Point 232/240 r = 96.7812
Point 233/240 r = 97.2104
Point 234/240 r = 97.6396
Point 235/240 r = 98.0687
Point 236/240 r = 98.4979
Point 237/240 r = 98.9271
Point 238/240 r = 99.3562
Point 239/240 r = 99.7854
 POI: r= -1.52222e-15 -> [-3,100]
Point 204/240 r = 84.7646
Point 205/240 r = 85.1937
Point 206/240 r = 85.6229
Point 207/240 r = 86.0521
Point 208/240 r = 86.4812
Point 209/240 r = 86.9104
Point 210/240 r = 87.3396
Point 211/240 r = 87.7687
Point 212/240 r = 88.1979
Point 213/240 r = 88.6271
Point 214/240 r = 89.0562
Point 215/240 r = 89.4854
 POI: r= -1.52222e-15 -> [-3,100]
Point 168/240 r = 69.3146
Point 169/240 r = 69.7437
Point 170/240 r = 70.1729
Point 171/240 r = 70.6021
Point 172/240 r = 71.0312
Point 173/240 r = 71.4604
Point 174/240 r = 71.8896
Point 175/240 r = 72.3187
Point 176/240 r = 72.7479
Point 177/240 r = 73.1771
Point 178/240 r = 73.6062
Point 179/240 r = 74.0354
Point 2/240 r = -1.92708
Point 38/240 r = 13.5229
Point 86/240 r = 34.1229
Point 73/240 r = 28.5437
RooAbsMinimizerFcn: Minimized function has error status.
Returning maximum FCN so far (567.011) to force MIGRAD to back out of this region. Error log follows.
Parameter values: 	CMS_NPS26009_LightJetStat_DY_BJetOS_2016postVFP=-0.504436	CMS_NPS26009_LightJetStat_DY_BJetOS_2016preVFP=-0.801484	CMS_NPS26009_LightJetStat_DY_BJetOS_2017=-0.876947	CMS_NPS26009_LightJetStat_DY_BJetOS_2018=-1.3584	CMS_NPS26009_LightJetStat_DY_BJetOS_2022=-0.297735	CMS_NPS26009_LightJetStat_DY_BJetOS_2022EE=-0.319759	CMS_NPS26009_LightJetStat_DY_BJetOS_2023=-4.67172e-09	CMS_NPS26009_LightJetStat_DY_BJetOS_2023BPix=-9.11249e-05	CMS_NPS26009_MCstat_other_BJetOS_2016postVFP=-0.509952	CMS_NPS26009_MCstat_other_BJetOS_2016preVFP=-0.486869	CMS_NPS26009_MCstat_other_BJetOS_2017=-0.0632279	CMS_NPS26009_MCstat_other_BJetOS_2018=-0.330516	CMS_NPS26009_MCstat_other_BJetOS_2022=-0.0592293	CMS_NPS26009_MCstat_other_BJetOS_2022EE=-0.117533	CMS_NPS26009_MCstat_other_BJetOS_2023=-0.0385184	CMS_NPS26009_MCstat_other_BJetOS_2023BPix=-0.341309	CMS_NPS26009_MCstat_signal_BJetOS_2016postVFP=-0.464846	CMS_NPS26009_MCstat_signal_BJetOS_2016preVFP=-0.533364	CMS_NPS26009_MCstat_signal_BJetOS_2017=-1.19171	CMS_NPS26009_MCstat_signal_BJetOS_2018=-1.79121	CMS_NPS26009_MCstat_signal_BJetOS_2022=-0.138981	CMS_NPS26009_MCstat_signal_BJetOS_2022EE=-0.483915	CMS_NPS26009_MCstat_signal_BJetOS_2023=-0.404941	CMS_NPS26009_MCstat_signal_BJetOS_2023BPix=-0.226715	CMS_NPS26009_MCstat_singleTop_BJetOS_2016postVFP=-0.0662497	CMS_NPS26009_MCstat_singleTop_BJetOS_2016preVFP=-0.203301	CMS_NPS26009_MCstat_singleTop_BJetOS_2017=-0.222764	CMS_NPS26009_MCstat_singleTop_BJetOS_2018=-0.267778	CMS_NPS26009_MCstat_singleTop_BJetOS_2022=-0.194147	CMS_NPS26009_MCstat_singleTop_BJetOS_2022EE=-0.464443	CMS_NPS26009_MCstat_singleTop_BJetOS_2023=-0.0596078	CMS_NPS26009_MCstat_singleTop_BJetOS_2023BPix=-0.0539735	CMS_NPS26009_MCstat_ttbar_BJetOS_2016postVFP=-0.436867	CMS_NPS26009_MCstat_ttbar_BJetOS_2016preVFP=-0.486014	CMS_NPS26009_MCstat_ttbar_BJetOS_2017=-0.640021	CMS_NPS26009_MCstat_ttbar_BJetOS_2018=-0.762315	CMS_NPS26009_MCstat_ttbar_BJetOS_2022=-0.291235	CMS_NPS26009_MCstat_ttbar_BJetOS_2022EE=-0.682598	CMS_NPS26009_MCstat_ttbar_BJetOS_2023=-0.495981	CMS_NPS26009_MCstat_ttbar_BJetOS_2023BPix=-0.377154	CMS_NPS26009_NFModel_DY_BJetOS_13TeV=-141.381	CMS_NPS26009_NFModel_DY_BJetOS_13p6TeV=-0.0130825	CMS_NPS26009_NFStat_DY_BJetOS_2016postVFP=0.102387	CMS_NPS26009_NFStat_DY_BJetOS_2016preVFP=0.134807	CMS_NPS26009_NFStat_DY_BJetOS_2017=0.0997246	CMS_NPS26009_NFStat_DY_BJetOS_2018=0.111504	CMS_NPS26009_NFStat_DY_BJetOS_2022=0.0695406	CMS_NPS26009_NFStat_DY_BJetOS_2022EE=0.0737572	CMS_NPS26009_QCDscale_fac_singleTop=0.161963	CMS_NPS26009_QCDscale_ren_singleTop=0.279149	CMS_NPS26009_bckgNorm_QCD_BJetOS_2016postVFP=-7.40383e-10	CMS_NPS26009_bckgNorm_QCD_BJetOS_2016preVFP=-2.1495e-09	CMS_NPS26009_bckgNorm_QCD_BJetOS_2017=-9.87098e-08	CMS_NPS26009_bckgNorm_QCD_BJetOS_2018=-1.15041e-05	CMS_NPS26009_bckgNorm_QCD_BJetOS_2022=-6.47238e-09	CMS_NPS26009_bckgNorm_QCD_BJetOS_2022EE=0	CMS_NPS26009_bckgNorm_QCD_BJetOS_2023=0	CMS_NPS26009_bckgNorm_QCD_BJetOS_2023BPix=-6.7757e-08	CMS_NPS26009_bckgShape_QCD_BJetOS_2016postVFP=-0.0173348	CMS_NPS26009_bckgShape_QCD_BJetOS_2016preVFP=-0.0038557	CMS_NPS26009_bckgShape_QCD_BJetOS_2017=-0.167021	CMS_NPS26009_bckgShape_QCD_BJetOS_2018=-0.155493	CMS_NPS26009_bckgShape_QCD_BJetOS_2022=-3.19138e-06	CMS_NPS26009_bckgShape_QCD_BJetOS_2022EE=-0.000167977	CMS_NPS26009_bckgShape_QCD_BJetOS_2023=-0.00840589	CMS_NPS26009_bckgShape_QCD_BJetOS_2023BPix=-5.65098e-05	CMS_NPS26009_btag_fixedWP_comb_bc_correlated_13TeV=-72.3707	CMS_NPS26009_btag_fixedWP_comb_bc_correlated_13p6TeV=-31.6369	CMS_NPS26009_btag_fixedWP_incl_light_correlated_13TeV=-0.534099	CMS_NPS26009_btag_fixedWP_incl_light_correlated_13p6TeV=-0.155007	CMS_NPS26009_eff_m_id_Run2=-0.30827	CMS_NPS26009_eff_m_id_Run3=-0.295734	CMS_NPS26009_eff_m_trigger_2016postVFP=-0.17875	CMS_NPS26009_eff_m_trigger_2016preVFP=-0.247677	CMS_NPS26009_eff_m_trigger_2017=-0.352618	CMS_NPS26009_eff_m_trigger_2018=-0.458496	CMS_NPS26009_eff_m_trigger_2022=-0.0716966	CMS_NPS26009_eff_m_trigger_2022EE=-0.132138	CMS_NPS26009_eff_m_trigger_2023=-0.129317	CMS_NPS26009_eff_m_trigger_2023BPix=-0.088576	CMS_NPS26009_lumi_2016=-0.780586	CMS_NPS26009_lumi_2017=-1.738	CMS_NPS26009_lumi_2018=-2.67211	CMS_NPS26009_lumi_2022=-0.394913	CMS_NPS26009_lumi_2023=-0.325117	CMS_NPS26009_pdf_NNPDF31=-1.46849	CMS_NPS26009_topmass_ttbar_BJetOS=-1.15613	CMS_btag_fixedWP_comb_bc_uncorrelated_2016postVFP=-1.09366	CMS_btag_fixedWP_comb_bc_uncorrelated_2016preVFP=-1.21914	CMS_btag_fixedWP_comb_bc_uncorrelated_2017=-4.51352	CMS_btag_fixedWP_comb_bc_uncorrelated_2018=-3.85327	CMS_btag_fixedWP_comb_bc_uncorrelated_2022=-0.303778	CMS_btag_fixedWP_comb_bc_uncorrelated_2022EE=-0.578702	CMS_btag_fixedWP_comb_bc_uncorrelated_2023=-0.571788	CMS_btag_fixedWP_comb_bc_uncorrelated_2023BPix=-0.373961	CMS_btag_fixedWP_incl_light_uncorrelated_2016postVFP=-0.0928987	CMS_btag_fixedWP_incl_light_uncorrelated_2016preVFP=-0.0367426	CMS_btag_fixedWP_incl_light_uncorrelated_2017=-0.0760037	CMS_btag_fixedWP_incl_light_uncorrelated_2018=-0.138472	CMS_btag_fixedWP_incl_light_uncorrelated_2022=-0.0137298	CMS_btag_fixedWP_incl_light_uncorrelated_2022EE=-0.028934	CMS_btag_fixedWP_incl_light_uncorrelated_2023=-0.0123099	CMS_btag_fixedWP_incl_light_uncorrelated_2023BPix=-0.0119398	CMS_l1_prefiring_2016postVFP=0.420536	CMS_l1_prefiring_2016preVFP=0.416049	CMS_l1_prefiring_2017=0.910307	CMS_l1_prefiring_2018=0.201901	CMS_pileup_13TeV=0.376792	CMS_pileup_13p6TeV=0.0644795	CMS_res_j_2016postVFP=-0.0225513	CMS_res_j_2016preVFP=-0.00482546	CMS_res_j_2017=0.0120986	CMS_res_j_2018=0.040292	CMS_res_j_2022=1.65609e-05	CMS_res_j_2022EE=0.0044121	CMS_res_j_2023=4.44805e-05	CMS_res_j_2023BPix=-0.00670899	CMS_scale_j_2016postVFP=-0.0211471	CMS_scale_j_2016preVFP=-0.00494893	CMS_scale_j_2017=-0.165977	CMS_scale_j_2018=-0.16791	CMS_scale_j_2022=-0.0104314	CMS_scale_j_2022EE=0.00116941	CMS_scale_j_2023=-0.0237245	CMS_scale_j_2023BPix=-0.251791	CMS_scale_m_13TeV=0.122304	CMS_scale_m_13p6TeV=-0.147955	QCDscale_fac_ttbar=0.418242	QCDscale_ren_ttbar=0.792949	pdf_alphas=-0.661918
RooFit::Detail::RooFixedProdPdf::model_s[ ]
     getLogVal() top-level p.d.f not greater than zero @ !servers=(modelObs_s = 0)

RooAbsMinimizerFcn: Minimized function has error status.
Returning maximum FCN so far (567.011) to force MIGRAD to back out of this region. Error log follows.
Parameter values: 	CMS_NPS26009_LightJetStat_DY_BJetOS_2016postVFP=-0.463385	CMS_NPS26009_LightJetStat_DY_BJetOS_2016preVFP=-0.761108	CMS_NPS26009_LightJetStat_DY_BJetOS_2017=-0.595127	CMS_NPS26009_LightJetStat_DY_BJetOS_2018=-1.2074	CMS_NPS26009_LightJetStat_DY_BJetOS_2022=-0.292154	CMS_NPS26009_LightJetStat_DY_BJetOS_2022EE=-0.317979	CMS_NPS26009_LightJetStat_DY_BJetOS_2023=-4.73209e-09	CMS_NPS26009_LightJetStat_DY_BJetOS_2023BPix=-9.2221e-05	CMS_NPS26009_MCstat_other_BJetOS_2016postVFP=-0.494453	CMS_NPS26009_MCstat_other_BJetOS_2016preVFP=-0.419152	CMS_NPS26009_MCstat_other_BJetOS_2017=-0.0820017	CMS_NPS26009_MCstat_other_BJetOS_2018=-0.318902	CMS_NPS26009_MCstat_other_BJetOS_2022=-0.0548256	CMS_NPS26009_MCstat_other_BJetOS_2022EE=-0.11421	CMS_NPS26009_MCstat_other_BJetOS_2023=-0.0383314	CMS_NPS26009_MCstat_other_BJetOS_2023BPix=-0.341267	CMS_NPS26009_MCstat_signal_BJetOS_2016postVFP=-0.454562	CMS_NPS26009_MCstat_signal_BJetOS_2016preVFP=-0.50878	CMS_NPS26009_MCstat_signal_BJetOS_2017=-1.13283	CMS_NPS26009_MCstat_signal_BJetOS_2018=-1.75157	CMS_NPS26009_MCstat_signal_BJetOS_2022=-0.12707	CMS_NPS26009_MCstat_signal_BJetOS_2022EE=-0.459184	CMS_NPS26009_MCstat_signal_BJetOS_2023=-0.403139	CMS_NPS26009_MCstat_signal_BJetOS_2023BPix=-0.224792	CMS_NPS26009_MCstat_singleTop_BJetOS_2016postVFP=-0.0651246	CMS_NPS26009_MCstat_singleTop_BJetOS_2016preVFP=-0.195334	CMS_NPS26009_MCstat_singleTop_BJetOS_2017=-0.214085	CMS_NPS26009_MCstat_singleTop_BJetOS_2018=-0.25507	CMS_NPS26009_MCstat_singleTop_BJetOS_2022=-0.169307	CMS_NPS26009_MCstat_singleTop_BJetOS_2022EE=-0.44764	CMS_NPS26009_MCstat_singleTop_BJetOS_2023=-0.0573994	CMS_NPS26009_MCstat_singleTop_BJetOS_2023BPix=-0.053703	CMS_NPS26009_MCstat_ttbar_BJetOS_2016postVFP=-0.42895	CMS_NPS26009_MCstat_ttbar_BJetOS_2016preVFP=-0.4657	CMS_NPS26009_MCstat_ttbar_BJetOS_2017=-0.614591	CMS_NPS26009_MCstat_ttbar_BJetOS_2018=-0.746023	CMS_NPS26009_MCstat_ttbar_BJetOS_2022=-0.271618	CMS_NPS26009_MCstat_ttbar_BJetOS_2022EE=-0.656624	CMS_NPS26009_MCstat_ttbar_BJetOS_2023=-0.49372	CMS_NPS26009_MCstat_ttbar_BJetOS_2023BPix=-0.372065	CMS_NPS26009_NFModel_DY_BJetOS_13TeV=38.4346	CMS_NPS26009_NFModel_DY_BJetOS_13p6TeV=-0.0125579	CMS_NPS26009_NFStat_DY_BJetOS_2016postVFP=0.102601	CMS_NPS26009_NFStat_DY_BJetOS_2016preVFP=0.135095	CMS_NPS26009_NFStat_DY_BJetOS_2017=0.101456	CMS_NPS26009_NFStat_DY_BJetOS_2018=0.112632	CMS_NPS26009_NFStat_DY_BJetOS_2022=0.0695459	CMS_NPS26009_NFStat_DY_BJetOS_2022EE=0.073759	CMS_NPS26009_QCDscale_fac_singleTop=0.154818	CMS_NPS26009_QCDscale_ren_singleTop=0.267274	CMS_NPS26009_bckgNorm_QCD_BJetOS_2016postVFP=1.48548e-07	CMS_NPS26009_bckgNorm_QCD_BJetOS_2016preVFP=7.1721e-06	CMS_NPS26009_bckgNorm_QCD_BJetOS_2017=0.000231288	CMS_NPS26009_bckgNorm_QCD_BJetOS_2018=0.000140408	CMS_NPS26009_bckgNorm_QCD_BJetOS_2022=8.3782e-10	CMS_NPS26009_bckgNorm_QCD_BJetOS_2022EE=6.19567e-08	CMS_NPS26009_bckgNorm_QCD_BJetOS_2023=3.43607e-05	CMS_NPS26009_bckgNorm_QCD_BJetOS_2023BPix=6.15627e-08	CMS_NPS26009_bckgShape_QCD_BJetOS_2016postVFP=-0.0174978	CMS_NPS26009_bckgShape_QCD_BJetOS_2016preVFP=-0.00387473	CMS_NPS26009_bckgShape_QCD_BJetOS_2017=-0.167117	CMS_NPS26009_bckgShape_QCD_BJetOS_2018=-0.156798	CMS_NPS26009_bckgShape_QCD_BJetOS_2022=-3.13661e-06	CMS_NPS26009_bckgShape_QCD_BJetOS_2022EE=-0.000167436	CMS_NPS26009_bckgShape_QCD_BJetOS_2023=-0.00851453	CMS_NPS26009_bckgShape_QCD_BJetOS_2023BPix=-5.71949e-05	CMS_NPS26009_btag_fixedWP_comb_bc_correlated_13TeV=-62.5263	CMS_NPS26009_btag_fixedWP_comb_bc_correlated_13p6TeV=-27.3136	CMS_NPS26009_btag_fixedWP_incl_light_correlated_13TeV=-0.518025	CMS_NPS26009_btag_fixedWP_incl_light_correlated_13p6TeV=-0.149683	CMS_NPS26009_eff_m_id_Run2=-0.29791	CMS_NPS26009_eff_m_id_Run3=-0.28661	CMS_NPS26009_eff_m_trigger_2016postVFP=-0.174846	CMS_NPS26009_eff_m_trigger_2016preVFP=-0.236289	CMS_NPS26009_eff_m_trigger_2017=-0.335536	CMS_NPS26009_eff_m_trigger_2018=-0.44815	CMS_NPS26009_eff_m_trigger_2022=-0.0659523	CMS_NPS26009_eff_m_trigger_2022EE=-0.125915	CMS_NPS26009_eff_m_trigger_2023=-0.128682	CMS_NPS26009_eff_m_trigger_2023BPix=-0.0877433	CMS_NPS26009_lumi_2016=-0.753404	CMS_NPS26009_lumi_2017=-1.65534	CMS_NPS26009_lumi_2018=-2.615	CMS_NPS26009_lumi_2022=-0.373125	CMS_NPS26009_lumi_2023=-0.323011	CMS_NPS26009_pdf_NNPDF31=-1.41915	CMS_NPS26009_topmass_ttbar_BJetOS=-1.12211	CMS_btag_fixedWP_comb_bc_uncorrelated_2016postVFP=-1.07038	CMS_btag_fixedWP_comb_bc_uncorrelated_2016preVFP=-1.16168	CMS_btag_fixedWP_comb_bc_uncorrelated_2017=-4.29813	CMS_btag_fixedWP_comb_bc_uncorrelated_2018=-3.76873	CMS_btag_fixedWP_comb_bc_uncorrelated_2022=-0.278863	CMS_btag_fixedWP_comb_bc_uncorrelated_2022EE=-0.550791	CMS_btag_fixedWP_comb_bc_uncorrelated_2023=-0.569042	CMS_btag_fixedWP_comb_bc_uncorrelated_2023BPix=-0.370505	CMS_btag_fixedWP_incl_light_uncorrelated_2016postVFP=-0.0910979	CMS_btag_fixedWP_incl_light_uncorrelated_2016preVFP=-0.0351392	CMS_btag_fixedWP_incl_light_uncorrelated_2017=-0.0727575	CMS_btag_fixedWP_incl_light_uncorrelated_2018=-0.135331	CMS_btag_fixedWP_incl_light_uncorrelated_2022=-0.0127764	CMS_btag_fixedWP_incl_light_uncorrelated_2022EE=-0.0277601	CMS_btag_fixedWP_incl_light_uncorrelated_2023=-0.0122492	CMS_btag_fixedWP_incl_light_uncorrelated_2023BPix=-0.0117895	CMS_l1_prefiring_2016postVFP=0.411379	CMS_l1_prefiring_2016preVFP=0.39695	CMS_l1_prefiring_2017=0.866214	CMS_l1_prefiring_2018=0.19733	CMS_pileup_13TeV=0.355646	CMS_pileup_13p6TeV=0.0614064	CMS_res_j_2016postVFP=-0.0220971	CMS_res_j_2016preVFP=-0.00460008	CMS_res_j_2017=0.0114445	CMS_res_j_2018=0.0393681	CMS_res_j_2022=1.54674e-05	CMS_res_j_2022EE=0.00418747	CMS_res_j_2023=4.42935e-05	CMS_res_j_2023BPix=-0.00665049	CMS_scale_j_2016postVFP=-0.0207234	CMS_scale_j_2016preVFP=-0.00471585	CMS_scale_j_2017=-0.158426	CMS_scale_j_2018=-0.164141	CMS_scale_j_2022=-0.00965141	CMS_scale_j_2022EE=0.00101488	CMS_scale_j_2023=-0.0236024	CMS_scale_j_2023BPix=-0.248147	CMS_scale_m_13TeV=0.159342	CMS_scale_m_13p6TeV=-0.143748	QCDscale_fac_ttbar=0.405875	QCDscale_ren_ttbar=0.770983	pdf_alphas=-0.642624
RooFit::Detail::RooFixedProdPdf::model_s[ ]
     getLogVal() top-level p.d.f not greater than zero @ !servers=(modelObs_s = 0)

Point 52/240 r = 19.5312
Point 17/240 r = 4.51042
Point 25/240 r = 7.94375
Point 63/240 r = 24.2521
Point 18/240 r = 4.93958
Point 19/240 r = 5.36875
Point 3/240 r = -1.49792
Point 4/240 r = -1.06875
Point 5/240 r = -0.639583
Point 87/240 r = 34.5521
Point 74/240 r = 28.9729
Point 53/240 r = 19.9604
Point 26/240 r = 8.37292
Point 64/240 r = 24.6812
Point 54/240 r = 20.3896
Point 20/240 r = 5.79792
Point 6/240 r = -0.210417
Point 75/240 r = 29.4021
Point 88/240 r = 34.9812
Point 27/240 r = 8.80208
Point 65/240 r = 25.1104
Point 21/240 r = 6.22708
Point 55/240 r = 20.8187
Point 7/240 r = 0.21875
Point 39/240 r = 13.9521
RooAbsMinimizerFcn: Minimized function has error status.
Returning maximum FCN so far (567.011) to force MIGRAD to back out of this region. Error log follows.
Parameter values: 	CMS_NPS26009_LightJetStat_DY_BJetOS_2016postVFP=-0.508478	CMS_NPS26009_LightJetStat_DY_BJetOS_2016preVFP=-0.808377	CMS_NPS26009_LightJetStat_DY_BJetOS_2017=-0.883601	CMS_NPS26009_LightJetStat_DY_BJetOS_2018=-1.36971	CMS_NPS26009_LightJetStat_DY_BJetOS_2022=-0.300206	CMS_NPS26009_LightJetStat_DY_BJetOS_2022EE=-0.322306	CMS_NPS26009_LightJetStat_DY_BJetOS_2023=-4.70512e-09	CMS_NPS26009_LightJetStat_DY_BJetOS_2023BPix=-9.17562e-05	CMS_NPS26009_MCstat_other_BJetOS_2016postVFP=-0.514395	CMS_NPS26009_MCstat_other_BJetOS_2016preVFP=-0.488921	CMS_NPS26009_MCstat_other_BJetOS_2017=-0.0646569	CMS_NPS26009_MCstat_other_BJetOS_2018=-0.333903	CMS_NPS26009_MCstat_other_BJetOS_2022=-0.0597208	CMS_NPS26009_MCstat_other_BJetOS_2022EE=-0.118745	CMS_NPS26009_MCstat_other_BJetOS_2023=-0.0388021	CMS_NPS26009_MCstat_other_BJetOS_2023BPix=-0.344917	CMS_NPS26009_MCstat_signal_BJetOS_2016postVFP=-0.482973	CMS_NPS26009_MCstat_signal_BJetOS_2016preVFP=-0.55394	CMS_NPS26009_MCstat_signal_BJetOS_2017=-1.23918	CMS_NPS26009_MCstat_signal_BJetOS_2018=-1.86444	CMS_NPS26009_MCstat_signal_BJetOS_2022=-0.144806	CMS_NPS26009_MCstat_signal_BJetOS_2022EE=-0.504686	CMS_NPS26009_MCstat_signal_BJetOS_2023=-0.421341	CMS_NPS26009_MCstat_signal_BJetOS_2023BPix=-0.235703	CMS_NPS26009_MCstat_singleTop_BJetOS_2016postVFP=-0.066875	CMS_NPS26009_MCstat_singleTop_BJetOS_2016preVFP=-0.205663	CMS_NPS26009_MCstat_singleTop_BJetOS_2017=-0.224469	CMS_NPS26009_MCstat_singleTop_BJetOS_2018=-0.26967	CMS_NPS26009_MCstat_singleTop_BJetOS_2022=-0.195829	CMS_NPS26009_MCstat_singleTop_BJetOS_2022EE=-0.466656	CMS_NPS26009_MCstat_singleTop_BJetOS_2023=-0.0600785	CMS_NPS26009_MCstat_singleTop_BJetOS_2023BPix=-0.054392	CMS_NPS26009_MCstat_ttbar_BJetOS_2016postVFP=-0.439834	CMS_NPS26009_MCstat_ttbar_BJetOS_2016preVFP=-0.4894	CMS_NPS26009_MCstat_ttbar_BJetOS_2017=-0.644172	CMS_NPS26009_MCstat_ttbar_BJetOS_2018=-0.767001	CMS_NPS26009_MCstat_ttbar_BJetOS_2022=-0.294344	CMS_NPS26009_MCstat_ttbar_BJetOS_2022EE=-0.69041	CMS_NPS26009_MCstat_ttbar_BJetOS_2023=-0.500213	CMS_NPS26009_MCstat_ttbar_BJetOS_2023BPix=-0.38036	CMS_NPS26009_NFModel_DY_BJetOS_13TeV=-239.405	CMS_NPS26009_NFModel_DY_BJetOS_13p6TeV=-0.0132051	CMS_NPS26009_NFStat_DY_BJetOS_2016postVFP=0.102371	CMS_NPS26009_NFStat_DY_BJetOS_2016preVFP=0.134775	CMS_NPS26009_NFStat_DY_BJetOS_2017=0.0996934	CMS_NPS26009_NFStat_DY_BJetOS_2018=0.111442	CMS_NPS26009_NFStat_DY_BJetOS_2022=0.0695396	CMS_NPS26009_NFStat_DY_BJetOS_2022EE=0.0737568	CMS_NPS26009_QCDscale_fac_singleTop=0.163143	CMS_NPS26009_QCDscale_ren_singleTop=0.281074	CMS_NPS26009_bckgNorm_QCD_BJetOS_2016postVFP=-7.12909e-10	CMS_NPS26009_bckgNorm_QCD_BJetOS_2016preVFP=-2.11496e-09	CMS_NPS26009_bckgNorm_QCD_BJetOS_2017=-9.92844e-08	CMS_NPS26009_bckgNorm_QCD_BJetOS_2018=-1.15727e-05	CMS_NPS26009_bckgNorm_QCD_BJetOS_2022=-6.55876e-09	CMS_NPS26009_bckgNorm_QCD_BJetOS_2022EE=0	CMS_NPS26009_bckgNorm_QCD_BJetOS_2023=-2.37636e-11	CMS_NPS26009_bckgNorm_QCD_BJetOS_2023BPix=-6.82491e-08	CMS_NPS26009_bckgShape_QCD_BJetOS_2016postVFP=-0.0174396	CMS_NPS26009_bckgShape_QCD_BJetOS_2016preVFP=-0.00387783	CMS_NPS26009_bckgShape_QCD_BJetOS_2017=-0.167975	CMS_NPS26009_bckgShape_QCD_BJetOS_2018=-0.156421	CMS_NPS26009_bckgShape_QCD_BJetOS_2022=-3.22179e-06	CMS_NPS26009_bckgShape_QCD_BJetOS_2022EE=-0.000169538	CMS_NPS26009_bckgShape_QCD_BJetOS_2023=-0.00846603	CMS_NPS26009_bckgShape_QCD_BJetOS_2023BPix=-5.69043e-05	CMS_NPS26009_btag_fixedWP_comb_bc_correlated_13TeV=-100.65	CMS_NPS26009_btag_fixedWP_comb_bc_correlated_13p6TeV=-45.8731	CMS_NPS26009_btag_fixedWP_incl_light_correlated_13TeV=-0.544271	CMS_NPS26009_btag_fixedWP_incl_light_correlated_13p6TeV=-0.15762	CMS_NPS26009_eff_m_id_Run2=-0.318842	CMS_NPS26009_eff_m_id_Run3=-0.305581	CMS_NPS26009_eff_m_trigger_2016postVFP=-0.184759	CMS_NPS26009_eff_m_trigger_2016preVFP=-0.256128	CMS_NPS26009_eff_m_trigger_2017=-0.36465	CMS_NPS26009_eff_m_trigger_2018=-0.474178	CMS_NPS26009_eff_m_trigger_2022=-0.0738909	CMS_NPS26009_eff_m_trigger_2022EE=-0.136218	CMS_NPS26009_eff_m_trigger_2023=-0.133257	CMS_NPS26009_eff_m_trigger_2023BPix=-0.0914088	CMS_NPS26009_lumi_2016=-0.806483	CMS_NPS26009_lumi_2017=-1.794	CMS_NPS26009_lumi_2018=-2.75605	CMS_NPS26009_lumi_2022=-0.407577	CMS_NPS26009_lumi_2023=-0.335391	CMS_NPS26009_pdf_NNPDF31=-1.48068	CMS_NPS26009_topmass_ttbar_BJetOS=-1.16336	CMS_btag_fixedWP_comb_bc_uncorrelated_2016postVFP=-1.13421	CMS_btag_fixedWP_comb_bc_uncorrelated_2016preVFP=-1.26407	CMS_btag_fixedWP_comb_bc_uncorrelated_2017=-4.74581	CMS_btag_fixedWP_comb_bc_uncorrelated_2018=-4.01936	CMS_btag_fixedWP_comb_bc_uncorrelated_2022=-0.314553	CMS_btag_fixedWP_comb_bc_uncorrelated_2022EE=-0.599134	CMS_btag_fixedWP_comb_bc_uncorrelated_2023=-0.590906	CMS_btag_fixedWP_comb_bc_uncorrelated_2023BPix=-0.386312	CMS_btag_fixedWP_incl_light_uncorrelated_2016postVFP=-0.0942146	CMS_btag_fixedWP_incl_light_uncorrelated_2016preVFP=-0.0374159	CMS_btag_fixedWP_incl_light_uncorrelated_2017=-0.0771428	CMS_btag_fixedWP_incl_light_uncorrelated_2018=-0.141002	CMS_btag_fixedWP_incl_light_uncorrelated_2022=-0.0139017	CMS_btag_fixedWP_incl_light_uncorrelated_2022EE=-0.0293458	CMS_btag_fixedWP_incl_light_uncorrelated_2023=-0.012631	CMS_btag_fixedWP_incl_light_uncorrelated_2023BPix=-0.0121302	CMS_l1_prefiring_2016postVFP=0.435346	CMS_l1_prefiring_2016preVFP=0.430747	CMS_l1_prefiring_2017=0.942048	CMS_l1_prefiring_2018=0.208838	CMS_pileup_13TeV=0.389367	CMS_pileup_13p6TeV=0.0674071	CMS_res_j_2016postVFP=-0.0230399	CMS_res_j_2016preVFP=-0.00503158	CMS_res_j_2017=0.0127104	CMS_res_j_2018=0.0426635	CMS_res_j_2022=1.67168e-05	CMS_res_j_2022EE=0.00457372	CMS_res_j_2023=4.59838e-05	CMS_res_j_2023BPix=-0.00698164	CMS_scale_j_2016postVFP=-0.0215564	CMS_scale_j_2016preVFP=-0.00515492	CMS_scale_j_2017=-0.170337	CMS_scale_j_2018=-0.171871	CMS_scale_j_2022=-0.0106755	CMS_scale_j_2022EE=0.00144429	CMS_scale_j_2023=-0.0239918	CMS_scale_j_2023BPix=-0.261159	CMS_scale_m_13TeV=0.119766	CMS_scale_m_13p6TeV=-0.149518	QCDscale_fac_ttbar=0.418318	QCDscale_ren_ttbar=0.792991	pdf_alphas=-0.664941
RooFit::Detail::RooFixedProdPdf::model_s[ ]
     getLogVal() top-level p.d.f not greater than zero @ !servers=(modelObs_s = 0)

RooAbsMinimizerFcn: Minimized function has error status.
Returning maximum FCN so far (567.011) to force MIGRAD to back out of this region. Error log follows.
Parameter values: 	CMS_NPS26009_LightJetStat_DY_BJetOS_2016postVFP=-0.467329	CMS_NPS26009_LightJetStat_DY_BJetOS_2016preVFP=-0.767299	CMS_NPS26009_LightJetStat_DY_BJetOS_2017=-0.616215	CMS_NPS26009_LightJetStat_DY_BJetOS_2018=-1.22146	CMS_NPS26009_LightJetStat_DY_BJetOS_2022=-0.2951	CMS_NPS26009_LightJetStat_DY_BJetOS_2022EE=-0.320139	CMS_NPS26009_LightJetStat_DY_BJetOS_2023=-4.7359e-09	CMS_NPS26009_LightJetStat_DY_BJetOS_2023BPix=-9.22923e-05	CMS_NPS26009_MCstat_other_BJetOS_2016postVFP=-0.500927	CMS_NPS26009_MCstat_other_BJetOS_2016preVFP=-0.433484	CMS_NPS26009_MCstat_other_BJetOS_2017=-0.0788682	CMS_NPS26009_MCstat_other_BJetOS_2018=-0.323855	CMS_NPS26009_MCstat_other_BJetOS_2022=-0.0559985	CMS_NPS26009_MCstat_other_BJetOS_2022EE=-0.115635	CMS_NPS26009_MCstat_other_BJetOS_2023=-0.0385018	CMS_NPS26009_MCstat_other_BJetOS_2023BPix=-0.343627	CMS_NPS26009_MCstat_signal_BJetOS_2016postVFP=-0.473081	CMS_NPS26009_MCstat_signal_BJetOS_2016preVFP=-0.532251	CMS_NPS26009_MCstat_signal_BJetOS_2017=-1.18774	CMS_NPS26009_MCstat_signal_BJetOS_2018=-1.82684	CMS_NPS26009_MCstat_signal_BJetOS_2022=-0.134229	CMS_NPS26009_MCstat_signal_BJetOS_2022EE=-0.482005	CMS_NPS26009_MCstat_signal_BJetOS_2023=-0.41822	CMS_NPS26009_MCstat_signal_BJetOS_2023BPix=-0.233189	CMS_NPS26009_MCstat_singleTop_BJetOS_2016postVFP=-0.0657982	CMS_NPS26009_MCstat_singleTop_BJetOS_2016preVFP=-0.198853	CMS_NPS26009_MCstat_singleTop_BJetOS_2017=-0.21719	CMS_NPS26009_MCstat_singleTop_BJetOS_2018=-0.259078	CMS_NPS26009_MCstat_singleTop_BJetOS_2022=-0.174673	CMS_NPS26009_MCstat_singleTop_BJetOS_2022EE=-0.453191	CMS_NPS26009_MCstat_singleTop_BJetOS_2023=-0.058191	CMS_NPS26009_MCstat_singleTop_BJetOS_2023BPix=-0.0539918	CMS_NPS26009_MCstat_ttbar_BJetOS_2016postVFP=-0.432482	CMS_NPS26009_MCstat_ttbar_BJetOS_2016preVFP=-0.472237	CMS_NPS26009_MCstat_ttbar_BJetOS_2017=-0.622721	CMS_NPS26009_MCstat_ttbar_BJetOS_2018=-0.752409	CMS_NPS26009_MCstat_ttbar_BJetOS_2022=-0.277542	CMS_NPS26009_MCstat_ttbar_BJetOS_2022EE=-0.667178	CMS_NPS26009_MCstat_ttbar_BJetOS_2023=-0.496756	CMS_NPS26009_MCstat_ttbar_BJetOS_2023BPix=-0.375022	CMS_NPS26009_NFModel_DY_BJetOS_13TeV=47.3299	CMS_NPS26009_NFModel_DY_BJetOS_13p6TeV=-0.0128409	CMS_NPS26009_NFStat_DY_BJetOS_2016postVFP=0.102585	CMS_NPS26009_NFStat_DY_BJetOS_2016preVFP=0.135065	CMS_NPS26009_NFStat_DY_BJetOS_2017=0.10134	CMS_NPS26009_NFStat_DY_BJetOS_2018=0.112552	CMS_NPS26009_NFStat_DY_BJetOS_2022=0.0695434	CMS_NPS26009_NFStat_DY_BJetOS_2022EE=0.073758	CMS_NPS26009_QCDscale_fac_singleTop=0.157133	CMS_NPS26009_QCDscale_ren_singleTop=0.271015	CMS_NPS26009_bckgNorm_QCD_BJetOS_2016postVFP=8.34003e-08	CMS_NPS26009_bckgNorm_QCD_BJetOS_2016preVFP=4.04692e-06	CMS_NPS26009_bckgNorm_QCD_BJetOS_2017=0.00013063	CMS_NPS26009_bckgNorm_QCD_BJetOS_2018=7.4057e-05	CMS_NPS26009_bckgNorm_QCD_BJetOS_2022=-2.31363e-09	CMS_NPS26009_bckgNorm_QCD_BJetOS_2022EE=3.53001e-08	CMS_NPS26009_bckgNorm_QCD_BJetOS_2023=1.93739e-05	CMS_NPS26009_bckgNorm_QCD_BJetOS_2023BPix=4.72376e-09	CMS_NPS26009_bckgShape_QCD_BJetOS_2016postVFP=-0.017508	CMS_NPS26009_bckgShape_QCD_BJetOS_2016preVFP=-0.00388047	CMS_NPS26009_bckgShape_QCD_BJetOS_2017=-0.167485	CMS_NPS26009_bckgShape_QCD_BJetOS_2018=-0.156908	CMS_NPS26009_bckgShape_QCD_BJetOS_2022=-3.16831e-06	CMS_NPS26009_bckgShape_QCD_BJetOS_2022EE=-0.000168537	CMS_NPS26009_bckgShape_QCD_BJetOS_2023=-0.00852142	CMS_NPS26009_bckgShape_QCD_BJetOS_2023BPix=-5.72395e-05	CMS_NPS26009_btag_fixedWP_comb_bc_correlated_13TeV=-89.8661	CMS_NPS26009_btag_fixedWP_comb_bc_correlated_13p6TeV=-40.7453	CMS_NPS26009_btag_fixedWP_incl_light_correlated_13TeV=-0.530066	CMS_NPS26009_btag_fixedWP_incl_light_correlated_13p6TeV=-0.152772	CMS_NPS26009_eff_m_id_Run2=-0.309554	CMS_NPS26009_eff_m_id_Run3=-0.296866	CMS_NPS26009_eff_m_trigger_2016postVFP=-0.181035	CMS_NPS26009_eff_m_trigger_2016preVFP=-0.246144	CMS_NPS26009_eff_m_trigger_2017=-0.349811	CMS_NPS26009_eff_m_trigger_2018=-0.464505	CMS_NPS26009_eff_m_trigger_2022=-0.0688511	CMS_NPS26009_eff_m_trigger_2022EE=-0.130566	CMS_NPS26009_eff_m_trigger_2023=-0.132253	CMS_NPS26009_eff_m_trigger_2023BPix=-0.0903854	CMS_NPS26009_lumi_2016=-0.782047	CMS_NPS26009_lumi_2017=-1.72198	CMS_NPS26009_lumi_2018=-2.70172	CMS_NPS26009_lumi_2022=-0.387976	CMS_NPS26009_lumi_2023=-0.332422	CMS_NPS26009_pdf_NNPDF31=-1.43754	CMS_NPS26009_topmass_ttbar_BJetOS=-1.13335	CMS_btag_fixedWP_comb_bc_uncorrelated_2016postVFP=-1.11175	CMS_btag_fixedWP_comb_bc_uncorrelated_2016preVFP=-1.21374	CMS_btag_fixedWP_comb_bc_uncorrelated_2017=-4.55712	CMS_btag_fixedWP_comb_bc_uncorrelated_2018=-3.93959	CMS_btag_fixedWP_comb_bc_uncorrelated_2022=-0.292572	CMS_btag_fixedWP_comb_bc_uncorrelated_2022EE=-0.57367	CMS_btag_fixedWP_comb_bc_uncorrelated_2023=-0.586452	CMS_btag_fixedWP_comb_bc_uncorrelated_2023BPix=-0.38202	CMS_btag_fixedWP_incl_light_uncorrelated_2016postVFP=-0.0925342	CMS_btag_fixedWP_incl_light_uncorrelated_2016preVFP=-0.0360396	CMS_btag_fixedWP_incl_light_uncorrelated_2017=-0.0743803	CMS_btag_fixedWP_incl_light_uncorrelated_2018=-0.138153	CMS_btag_fixedWP_incl_light_uncorrelated_2022=-0.013083	CMS_btag_fixedWP_incl_light_uncorrelated_2022EE=-0.0282969	CMS_btag_fixedWP_incl_light_uncorrelated_2023=-0.0125366	CMS_btag_fixedWP_incl_light_uncorrelated_2023BPix=-0.0119685	CMS_l1_prefiring_2016postVFP=0.42658	CMS_l1_prefiring_2016preVFP=0.41398	CMS_l1_prefiring_2017=0.903686	CMS_l1_prefiring_2018=0.204571	CMS_pileup_13TeV=0.371637	CMS_pileup_13p6TeV=0.0646058	CMS_res_j_2016postVFP=-0.0226161	CMS_res_j_2016preVFP=-0.00483272	CMS_res_j_2017=0.0121324	CMS_res_j_2018=0.0417617	CMS_res_j_2022=1.578e-05	CMS_res_j_2022EE=0.00436869	CMS_res_j_2023=4.56572e-05	CMS_res_j_2023BPix=-0.00690611	CMS_scale_j_2016postVFP=-0.0211606	CMS_scale_j_2016preVFP=-0.00494877	CMS_scale_j_2017=-0.163887	CMS_scale_j_2018=-0.168413	CMS_scale_j_2022=-0.00999742	CMS_scale_j_2022EE=0.00129592	CMS_scale_j_2023=-0.0238158	CMS_scale_j_2023BPix=-0.25743	CMS_scale_m_13TeV=0.14952	CMS_scale_m_13p6TeV=-0.145604	QCDscale_fac_ttbar=0.407394	QCDscale_ren_ttbar=0.773279	pdf_alphas=-0.647814
RooFit::Detail::RooFixedProdPdf::model_s[ ]
     getLogVal() top-level p.d.f not greater than zero @ !servers=(modelObs_s = 0)

Point 28/240 r = 9.23125
Point 89/240 r = 35.4104
Point 76/240 r = 29.8312
Point 22/240 r = 6.65625
Point 66/240 r = 25.5396
Point 8/240 r = 0.647917
Point 56/240 r = 21.2479
Point 29/240 r = 9.66042
Point 9/240 r = 1.07708
Point 23/240 r = 7.08542
Point 90/240 r = 35.8396
Point 77/240 r = 30.2604
Point 67/240 r = 25.9688
Point 57/240 r = 21.6771
Point 40/240 r = 14.3812
RooAbsMinimizerFcn: Minimized function has error status.
Returning maximum FCN so far (567.011) to force MIGRAD to back out of this region. Error log follows.
Parameter values: 	CMS_NPS26009_LightJetStat_DY_BJetOS_2016postVFP=-0.512286	CMS_NPS26009_LightJetStat_DY_BJetOS_2016preVFP=-0.814941	CMS_NPS26009_LightJetStat_DY_BJetOS_2017=-0.889848	CMS_NPS26009_LightJetStat_DY_BJetOS_2018=-1.3806	CMS_NPS26009_LightJetStat_DY_BJetOS_2022=-0.302566	CMS_NPS26009_LightJetStat_DY_BJetOS_2022EE=-0.324736	CMS_NPS26009_LightJetStat_DY_BJetOS_2023=-4.73697e-09	CMS_NPS26009_LightJetStat_DY_BJetOS_2023BPix=-9.23577e-05	CMS_NPS26009_MCstat_other_BJetOS_2016postVFP=-0.524363	CMS_NPS26009_MCstat_other_BJetOS_2016preVFP=-0.489898	CMS_NPS26009_MCstat_other_BJetOS_2017=-0.0646295	CMS_NPS26009_MCstat_other_BJetOS_2018=-0.335919	CMS_NPS26009_MCstat_other_BJetOS_2022=-0.0601904	CMS_NPS26009_MCstat_other_BJetOS_2022EE=-0.119905	CMS_NPS26009_MCstat_other_BJetOS_2023=-0.0390728	CMS_NPS26009_MCstat_other_BJetOS_2023BPix=-0.348379	CMS_NPS26009_MCstat_signal_BJetOS_2016postVFP=-0.500912	CMS_NPS26009_MCstat_signal_BJetOS_2016preVFP=-0.574624	CMS_NPS26009_MCstat_signal_BJetOS_2017=-1.28624	CMS_NPS26009_MCstat_signal_BJetOS_2018=-1.93853	CMS_NPS26009_MCstat_signal_BJetOS_2022=-0.150662	CMS_NPS26009_MCstat_signal_BJetOS_2022EE=-0.525603	CMS_NPS26009_MCstat_signal_BJetOS_2023=-0.437827	CMS_NPS26009_MCstat_signal_BJetOS_2023BPix=-0.244727	CMS_NPS26009_MCstat_singleTop_BJetOS_2016postVFP=-0.0669902	CMS_NPS26009_MCstat_singleTop_BJetOS_2016preVFP=-0.205764	CMS_NPS26009_MCstat_singleTop_BJetOS_2017=-0.225587	CMS_NPS26009_MCstat_singleTop_BJetOS_2018=-0.271614	CMS_NPS26009_MCstat_singleTop_BJetOS_2022=-0.197436	CMS_NPS26009_MCstat_singleTop_BJetOS_2022EE=-0.46877	CMS_NPS26009_MCstat_singleTop_BJetOS_2023=-0.0605279	CMS_NPS26009_MCstat_singleTop_BJetOS_2023BPix=-0.0547914	CMS_NPS26009_MCstat_ttbar_BJetOS_2016postVFP=-0.442627	CMS_NPS26009_MCstat_ttbar_BJetOS_2016preVFP=-0.492142	CMS_NPS26009_MCstat_ttbar_BJetOS_2017=-0.647846	CMS_NPS26009_MCstat_ttbar_BJetOS_2018=-0.772484	CMS_NPS26009_MCstat_ttbar_BJetOS_2022=-0.297328	CMS_NPS26009_MCstat_ttbar_BJetOS_2022EE=-0.697908	CMS_NPS26009_MCstat_ttbar_BJetOS_2023=-0.504257	CMS_NPS26009_MCstat_ttbar_BJetOS_2023BPix=-0.383424	CMS_NPS26009_NFModel_DY_BJetOS_13TeV=-630.926	CMS_NPS26009_NFModel_DY_BJetOS_13p6TeV=-0.0133224	CMS_NPS26009_NFStat_DY_BJetOS_2016postVFP=0.102356	CMS_NPS26009_NFStat_DY_BJetOS_2016preVFP=0.134744	CMS_NPS26009_NFStat_DY_BJetOS_2017=0.0996642	CMS_NPS26009_NFStat_DY_BJetOS_2018=0.111383	CMS_NPS26009_NFStat_DY_BJetOS_2022=0.0695386	CMS_NPS26009_NFStat_DY_BJetOS_2022EE=0.0737564	CMS_NPS26009_QCDscale_fac_singleTop=0.164079	CMS_NPS26009_QCDscale_ren_singleTop=0.282508	CMS_NPS26009_bckgNorm_QCD_BJetOS_2016postVFP=-7.31907e-10	CMS_NPS26009_bckgNorm_QCD_BJetOS_2016preVFP=-2.1485e-09	CMS_NPS26009_bckgNorm_QCD_BJetOS_2017=-9.98227e-08	CMS_NPS26009_bckgNorm_QCD_BJetOS_2018=-1.16384e-05	CMS_NPS26009_bckgNorm_QCD_BJetOS_2022=-6.58717e-09	CMS_NPS26009_bckgNorm_QCD_BJetOS_2022EE=0	CMS_NPS26009_bckgNorm_QCD_BJetOS_2023=0	CMS_NPS26009_bckgNorm_QCD_BJetOS_2023BPix=-6.87048e-08	CMS_NPS26009_bckgShape_QCD_BJetOS_2016postVFP=-0.017538	CMS_NPS26009_bckgShape_QCD_BJetOS_2016preVFP=-0.00389879	CMS_NPS26009_bckgShape_QCD_BJetOS_2017=-0.168868	CMS_NPS26009_bckgShape_QCD_BJetOS_2018=-0.15731	CMS_NPS26009_bckgShape_QCD_BJetOS_2022=-3.25092e-06	CMS_NPS26009_bckgShape_QCD_BJetOS_2022EE=-0.00017103	CMS_NPS26009_bckgShape_QCD_BJetOS_2023=-0.00852337	CMS_NPS26009_bckgShape_QCD_BJetOS_2023BPix=-5.72804e-05	CMS_NPS26009_btag_fixedWP_comb_bc_correlated_13TeV=-158.022	CMS_NPS26009_btag_fixedWP_comb_bc_correlated_13p6TeV=-79.4211	CMS_NPS26009_btag_fixedWP_incl_light_correlated_13TeV=-0.554375	CMS_NPS26009_btag_fixedWP_incl_light_correlated_13p6TeV=-0.160193	CMS_NPS26009_eff_m_id_Run2=-0.329394	CMS_NPS26009_eff_m_id_Run3=-0.315434	CMS_NPS26009_eff_m_trigger_2016postVFP=-0.190692	CMS_NPS26009_eff_m_trigger_2016preVFP=-0.264559	CMS_NPS26009_eff_m_trigger_2017=-0.376502	CMS_NPS26009_eff_m_trigger_2018=-0.489986	CMS_NPS26009_eff_m_trigger_2022=-0.076084	CMS_NPS26009_eff_m_trigger_2022EE=-0.140296	CMS_NPS26009_eff_m_trigger_2023=-0.137196	CMS_NPS26009_eff_m_trigger_2023BPix=-0.0942422	CMS_NPS26009_lumi_2016=-0.832171	CMS_NPS26009_lumi_2017=-1.84899	CMS_NPS26009_lumi_2018=-2.84034	CMS_NPS26009_lumi_2022=-0.420238	CMS_NPS26009_lumi_2023=-0.345661	CMS_NPS26009_pdf_NNPDF31=-1.49199	CMS_NPS26009_topmass_ttbar_BJetOS=-1.17045	CMS_btag_fixedWP_comb_bc_uncorrelated_2016postVFP=-1.17445	CMS_btag_fixedWP_comb_bc_uncorrelated_2016preVFP=-1.30909	CMS_btag_fixedWP_comb_bc_uncorrelated_2017=-4.98237	CMS_btag_fixedWP_comb_bc_uncorrelated_2018=-4.19002	CMS_btag_fixedWP_comb_bc_uncorrelated_2022=-0.325371	CMS_btag_fixedWP_comb_bc_uncorrelated_2022EE=-0.619644	CMS_btag_fixedWP_comb_bc_uncorrelated_2023=-0.610089	CMS_btag_fixedWP_comb_bc_uncorrelated_2023BPix=-0.398695	CMS_btag_fixedWP_incl_light_uncorrelated_2016postVFP=-0.0954528	CMS_btag_fixedWP_incl_light_uncorrelated_2016preVFP=-0.0380537	CMS_btag_fixedWP_incl_light_uncorrelated_2017=-0.0782253	CMS_btag_fixedWP_incl_light_uncorrelated_2018=-0.14362	CMS_btag_fixedWP_incl_light_uncorrelated_2022=-0.0140688	CMS_btag_fixedWP_incl_light_uncorrelated_2022EE=-0.0297485	CMS_btag_fixedWP_incl_light_uncorrelated_2023=-0.0129511	CMS_btag_fixedWP_incl_light_uncorrelated_2023BPix=-0.0123182	CMS_l1_prefiring_2016postVFP=0.449984	CMS_l1_prefiring_2016preVFP=0.445437	CMS_l1_prefiring_2017=0.973335	CMS_l1_prefiring_2018=0.215844	CMS_pileup_13TeV=0.397153	CMS_pileup_13p6TeV=0.0703278	CMS_res_j_2016postVFP=-0.0235219	CMS_res_j_2016preVFP=-0.00524032	CMS_res_j_2017=0.0133114	CMS_res_j_2018=0.0450098	CMS_res_j_2022=1.6866e-05	CMS_res_j_2022EE=0.00473459	CMS_res_j_2023=4.74883e-05	CMS_res_j_2023BPix=-0.00725586	CMS_scale_j_2016postVFP=-0.0219574	CMS_scale_j_2016preVFP=-0.00536273	CMS_scale_j_2017=-0.174595	CMS_scale_j_2018=-0.175918	CMS_scale_j_2022=-0.0109185	CMS_scale_j_2022EE=0.00172235	CMS_scale_j_2023=-0.0242539	CMS_scale_j_2023BPix=-0.270763	CMS_scale_m_13TeV=0.122145	CMS_scale_m_13p6TeV=-0.151039	QCDscale_fac_ttbar=0.41839	QCDscale_ren_ttbar=0.793159	pdf_alphas=-0.667845
RooFit::Detail::RooFixedProdPdf::model_s[ ]
     getLogVal() top-level p.d.f not greater than zero @ !servers=(modelObs_s = 0)

RooAbsMinimizerFcn: Minimized function has error status.
Returning maximum FCN so far (567.011) to force MIGRAD to back out of this region. Error log follows.
Parameter values: 	CMS_NPS26009_LightJetStat_DY_BJetOS_2016postVFP=-0.218205	CMS_NPS26009_LightJetStat_DY_BJetOS_2016preVFP=-0.34712	CMS_NPS26009_LightJetStat_DY_BJetOS_2017=-0.379026	CMS_NPS26009_LightJetStat_DY_BJetOS_2018=-0.58806	CMS_NPS26009_LightJetStat_DY_BJetOS_2022=-0.128876	CMS_NPS26009_LightJetStat_DY_BJetOS_2022EE=-0.13832	CMS_NPS26009_LightJetStat_DY_BJetOS_2023=-2.01769e-09	CMS_NPS26009_LightJetStat_DY_BJetOS_2023BPix=-3.93393e-05	CMS_NPS26009_MCstat_other_BJetOS_2016postVFP=-0.22335	CMS_NPS26009_MCstat_other_BJetOS_2016preVFP=-0.20867	CMS_NPS26009_MCstat_other_BJetOS_2017=-0.0275286	CMS_NPS26009_MCstat_other_BJetOS_2018=-0.143083	CMS_NPS26009_MCstat_other_BJetOS_2022=-0.0256378	CMS_NPS26009_MCstat_other_BJetOS_2022EE=-0.051073	CMS_NPS26009_MCstat_other_BJetOS_2023=-0.0166429	CMS_NPS26009_MCstat_other_BJetOS_2023BPix=-0.14839	CMS_NPS26009_MCstat_signal_BJetOS_2016postVFP=-0.213361	CMS_NPS26009_MCstat_signal_BJetOS_2016preVFP=-0.244758	CMS_NPS26009_MCstat_signal_BJetOS_2017=-0.547867	CMS_NPS26009_MCstat_signal_BJetOS_2018=-0.825705	CMS_NPS26009_MCstat_signal_BJetOS_2022=-0.0641735	CMS_NPS26009_MCstat_signal_BJetOS_2022EE=-0.223878	CMS_NPS26009_MCstat_signal_BJetOS_2023=-0.18649	CMS_NPS26009_MCstat_signal_BJetOS_2023BPix=-0.10424	CMS_NPS26009_MCstat_singleTop_BJetOS_2016postVFP=-0.0285341	CMS_NPS26009_MCstat_singleTop_BJetOS_2016preVFP=-0.0876442	CMS_NPS26009_MCstat_singleTop_BJetOS_2017=-0.0960875	CMS_NPS26009_MCstat_singleTop_BJetOS_2018=-0.115693	CMS_NPS26009_MCstat_singleTop_BJetOS_2022=-0.0840969	CMS_NPS26009_MCstat_singleTop_BJetOS_2022EE=-0.473124	CMS_NPS26009_MCstat_singleTop_BJetOS_2023=-0.0257815	CMS_NPS26009_MCstat_singleTop_BJetOS_2023BPix=-0.0233381	CMS_NPS26009_MCstat_ttbar_BJetOS_2016postVFP=-0.188535	CMS_NPS26009_MCstat_ttbar_BJetOS_2016preVFP=-0.209625	CMS_NPS26009_MCstat_ttbar_BJetOS_2017=-0.275947	CMS_NPS26009_MCstat_ttbar_BJetOS_2018=-0.329036	CMS_NPS26009_MCstat_ttbar_BJetOS_2022=-0.126645	CMS_NPS26009_MCstat_ttbar_BJetOS_2022EE=-0.29727	CMS_NPS26009_MCstat_ttbar_BJetOS_2023=-0.214786	CMS_NPS26009_MCstat_ttbar_BJetOS_2023BPix=-0.163317	CMS_NPS26009_NFModel_DY_BJetOS_13TeV=-268.74	CMS_NPS26009_NFModel_DY_BJetOS_13p6TeV=-0.00567462	CMS_NPS26009_NFStat_DY_BJetOS_2016postVFP=0.103885	CMS_NPS26009_NFStat_DY_BJetOS_2016preVFP=0.13802	CMS_NPS26009_NFStat_DY_BJetOS_2017=0.10283	CMS_NPS26009_NFStat_DY_BJetOS_2018=0.117397	CMS_NPS26009_NFStat_DY_BJetOS_2022=0.0696032	CMS_NPS26009_NFStat_DY_BJetOS_2022EE=0.0737835	CMS_NPS26009_QCDscale_fac_singleTop=0.0698884	CMS_NPS26009_QCDscale_ren_singleTop=0.120333	CMS_NPS26009_bckgNorm_QCD_BJetOS_2016postVFP=-3.11752e-10	CMS_NPS26009_bckgNorm_QCD_BJetOS_2016preVFP=-9.15143e-10	CMS_NPS26009_bckgNorm_QCD_BJetOS_2017=-4.2519e-08	CMS_NPS26009_bckgNorm_QCD_BJetOS_2018=-4.95732e-06	CMS_NPS26009_bckgNorm_QCD_BJetOS_2022=-2.80577e-09	CMS_NPS26009_bckgNorm_QCD_BJetOS_2022EE=0	CMS_NPS26009_bckgNorm_QCD_BJetOS_2023=0	CMS_NPS26009_bckgNorm_QCD_BJetOS_2023BPix=-2.92645e-08	CMS_NPS26009_bckgShape_QCD_BJetOS_2016postVFP=-0.0074704	CMS_NPS26009_bckgShape_QCD_BJetOS_2016preVFP=-0.0016607	CMS_NPS26009_bckgShape_QCD_BJetOS_2017=-0.0720136	CMS_NPS26009_bckgShape_QCD_BJetOS_2018=-0.0669773	CMS_NPS26009_bckgShape_QCD_BJetOS_2022=-1.36112e-06	CMS_NPS26009_bckgShape_QCD_BJetOS_2022EE=-7.28493e-05	CMS_NPS26009_bckgShape_QCD_BJetOS_2023=-0.00363069	CMS_NPS26009_bckgShape_QCD_BJetOS_2023BPix=-2.41403e-05	CMS_NPS26009_btag_fixedWP_comb_bc_correlated_13TeV=-67.3086	CMS_NPS26009_btag_fixedWP_comb_bc_correlated_13p6TeV=-33.829	CMS_NPS26009_btag_fixedWP_incl_light_correlated_13TeV=-0.236133	CMS_NPS26009_btag_fixedWP_incl_light_correlated_13p6TeV=-0.0682334	CMS_NPS26009_eff_m_id_Run2=-0.140304	CMS_NPS26009_eff_m_id_Run3=-0.134358	CMS_NPS26009_eff_m_trigger_2016postVFP=-0.0812243	CMS_NPS26009_eff_m_trigger_2016preVFP=-0.112687	CMS_NPS26009_eff_m_trigger_2017=-0.160369	CMS_NPS26009_eff_m_trigger_2018=-0.208707	CMS_NPS26009_eff_m_trigger_2022=-0.0324076	CMS_NPS26009_eff_m_trigger_2022EE=-0.0597583	CMS_NPS26009_eff_m_trigger_2023=-0.0584381	CMS_NPS26009_eff_m_trigger_2023BPix=-0.040142	CMS_NPS26009_lumi_2016=-0.354459	CMS_NPS26009_lumi_2017=-0.78757	CMS_NPS26009_lumi_2018=-1.20983	CMS_NPS26009_lumi_2022=-0.178998	CMS_NPS26009_lumi_2023=-0.147233	CMS_NPS26009_pdf_NNPDF31=-0.635503	CMS_NPS26009_topmass_ttbar_BJetOS=-0.498547	CMS_btag_fixedWP_comb_bc_uncorrelated_2016postVFP=-0.500249	CMS_btag_fixedWP_comb_bc_uncorrelated_2016preVFP=-0.557601	CMS_btag_fixedWP_comb_bc_uncorrelated_2017=-2.12221	CMS_btag_fixedWP_comb_bc_uncorrelated_2018=-1.78472	CMS_btag_fixedWP_comb_bc_uncorrelated_2022=-0.13859	CMS_btag_fixedWP_comb_bc_uncorrelated_2022EE=-0.263934	CMS_btag_fixedWP_comb_bc_uncorrelated_2023=-0.259864	CMS_btag_fixedWP_comb_bc_uncorrelated_2023BPix=-0.169822	CMS_btag_fixedWP_incl_light_uncorrelated_2016postVFP=-0.0406576	CMS_btag_fixedWP_incl_light_uncorrelated_2016preVFP=-0.0162088	CMS_btag_fixedWP_incl_light_uncorrelated_2017=-0.0333197	CMS_btag_fixedWP_incl_light_uncorrelated_2018=-0.0611743	CMS_btag_fixedWP_incl_light_uncorrelated_2022=-0.00599254	CMS_btag_fixedWP_incl_light_uncorrelated_2022EE=-0.0126712	CMS_btag_fixedWP_incl_light_uncorrelated_2023=-0.00551644	CMS_btag_fixedWP_incl_light_uncorrelated_2023BPix=-0.00524687	CMS_l1_prefiring_2016postVFP=0.191668	CMS_l1_prefiring_2016preVFP=0.189731	CMS_l1_prefiring_2017=0.414587	CMS_l1_prefiring_2018=0.0919377	CMS_pileup_13TeV=0.390635	CMS_pileup_13p6TeV=0.0299557	CMS_res_j_2016postVFP=-0.010019	CMS_res_j_2016preVFP=-0.00223209	CMS_res_j_2017=0.0056699	CMS_res_j_2018=0.0191717	CMS_res_j_2022=7.18397e-06	CMS_res_j_2022EE=0.00201667	CMS_res_j_2023=2.02274e-05	CMS_res_j_2023BPix=-0.0030906	CMS_scale_j_2016postVFP=-0.00935262	CMS_scale_j_2016preVFP=-0.00228423	CMS_scale_j_2017=-0.0743679	CMS_scale_j_2018=-0.0749314	CMS_scale_j_2022=-0.00465066	CMS_scale_j_2022EE=0.000733625	CMS_scale_j_2023=-0.0103308	CMS_scale_j_2023BPix=-0.11533	CMS_scale_m_13TeV=0.119741	CMS_scale_m_13p6TeV=-0.0643343	QCDscale_fac_ttbar=0.178211	QCDscale_ren_ttbar=0.337842	pdf_alphas=-0.284465
RooFit::Detail::RooFixedProdPdf::model_s[ ]
     getLogVal() top-level p.d.f not greater than zero @ !servers=(modelObs_s = 0)

RooAbsMinimizerFcn: Minimized function has error status.
Returning maximum FCN so far (567.011) to force MIGRAD to back out of this region. Error log follows.
Parameter values: 	CMS_NPS26009_LightJetStat_DY_BJetOS_2016postVFP=-0.472878	CMS_NPS26009_LightJetStat_DY_BJetOS_2016preVFP=-0.775848	CMS_NPS26009_LightJetStat_DY_BJetOS_2017=-0.625415	CMS_NPS26009_LightJetStat_DY_BJetOS_2018=-1.23993	CMS_NPS26009_LightJetStat_DY_BJetOS_2022=-0.299058	CMS_NPS26009_LightJetStat_DY_BJetOS_2022EE=-0.322778	CMS_NPS26009_LightJetStat_DY_BJetOS_2023=-4.74111e-09	CMS_NPS26009_LightJetStat_DY_BJetOS_2023BPix=-9.24026e-05	CMS_NPS26009_MCstat_other_BJetOS_2016postVFP=-0.515771	CMS_NPS26009_MCstat_other_BJetOS_2016preVFP=-0.456857	CMS_NPS26009_MCstat_other_BJetOS_2017=-0.0711821	CMS_NPS26009_MCstat_other_BJetOS_2018=-0.329605	CMS_NPS26009_MCstat_other_BJetOS_2022=-0.0578449	CMS_NPS26009_MCstat_other_BJetOS_2022EE=-0.117749	CMS_NPS26009_MCstat_other_BJetOS_2023=-0.0387813	CMS_NPS26009_MCstat_other_BJetOS_2023BPix=-0.346636	CMS_NPS26009_MCstat_signal_BJetOS_2016postVFP=-0.494093	CMS_NPS26009_MCstat_signal_BJetOS_2016preVFP=-0.560999	CMS_NPS26009_MCstat_signal_BJetOS_2017=-1.2529	CMS_NPS26009_MCstat_signal_BJetOS_2018=-1.91232	CMS_NPS26009_MCstat_signal_BJetOS_2022=-0.143635	CMS_NPS26009_MCstat_signal_BJetOS_2022EE=-0.510107	CMS_NPS26009_MCstat_signal_BJetOS_2023=-0.43465	CMS_NPS26009_MCstat_signal_BJetOS_2023BPix=-0.242481	CMS_NPS26009_MCstat_singleTop_BJetOS_2016postVFP=-0.0662524	CMS_NPS26009_MCstat_singleTop_BJetOS_2016preVFP=-0.201652	CMS_NPS26009_MCstat_singleTop_BJetOS_2017=-0.22098	CMS_NPS26009_MCstat_singleTop_BJetOS_2018=-0.265198	CMS_NPS26009_MCstat_singleTop_BJetOS_2022=-0.183723	CMS_NPS26009_MCstat_singleTop_BJetOS_2022EE=-0.460881	CMS_NPS26009_MCstat_singleTop_BJetOS_2023=-0.0593047	CMS_NPS26009_MCstat_singleTop_BJetOS_2023BPix=-0.0544113	CMS_NPS26009_MCstat_ttbar_BJetOS_2016postVFP=-0.437652	CMS_NPS26009_MCstat_ttbar_BJetOS_2016preVFP=-0.481778	CMS_NPS26009_MCstat_ttbar_BJetOS_2017=-0.634206	CMS_NPS26009_MCstat_ttbar_BJetOS_2018=-0.762735	CMS_NPS26009_MCstat_ttbar_BJetOS_2022=-0.286609	CMS_NPS26009_MCstat_ttbar_BJetOS_2022EE=-0.682411	CMS_NPS26009_MCstat_ttbar_BJetOS_2023=-0.500912	CMS_NPS26009_MCstat_ttbar_BJetOS_2023BPix=-0.379291	CMS_NPS26009_NFModel_DY_BJetOS_13TeV=46.4015	CMS_NPS26009_NFModel_DY_BJetOS_13p6TeV=-0.0131359	CMS_NPS26009_NFStat_DY_BJetOS_2016postVFP=0.102561	CMS_NPS26009_NFStat_DY_BJetOS_2016preVFP=0.135019	CMS_NPS26009_NFStat_DY_BJetOS_2017=0.101297	CMS_NPS26009_NFStat_DY_BJetOS_2018=0.112438	CMS_NPS26009_NFStat_DY_BJetOS_2022=0.0695406	CMS_NPS26009_NFStat_DY_BJetOS_2022EE=0.073757	CMS_NPS26009_QCDscale_fac_singleTop=0.160346	CMS_NPS26009_QCDscale_ren_singleTop=0.276209	CMS_NPS26009_bckgNorm_QCD_BJetOS_2016postVFP=2.79629e-08	CMS_NPS26009_bckgNorm_QCD_BJetOS_2016preVFP=1.38469e-06	CMS_NPS26009_bckgNorm_QCD_BJetOS_2017=4.47447e-05	CMS_NPS26009_bckgNorm_QCD_BJetOS_2018=1.76092e-05	CMS_NPS26009_bckgNorm_QCD_BJetOS_2022=-5.05877e-09	CMS_NPS26009_bckgNorm_QCD_BJetOS_2022EE=1.22676e-08	CMS_NPS26009_bckgNorm_QCD_BJetOS_2023=6.60236e-06	CMS_NPS26009_bckgNorm_QCD_BJetOS_2023BPix=-4.37251e-08	CMS_NPS26009_bckgShape_QCD_BJetOS_2016postVFP=-0.0175279	CMS_NPS26009_bckgShape_QCD_BJetOS_2016preVFP=-0.00389081	CMS_NPS26009_bckgShape_QCD_BJetOS_2017=-0.167995	CMS_NPS26009_bckgShape_QCD_BJetOS_2018=-0.15711	CMS_NPS26009_bckgShape_QCD_BJetOS_2022=-3.21302e-06	CMS_NPS26009_bckgShape_QCD_BJetOS_2022EE=-0.000170017	CMS_NPS26009_bckgShape_QCD_BJetOS_2023=-0.00853082	CMS_NPS26009_bckgShape_QCD_BJetOS_2023BPix=-5.73084e-05	CMS_NPS26009_btag_fixedWP_comb_bc_correlated_13TeV=-149.219	CMS_NPS26009_btag_fixedWP_comb_bc_correlated_13p6TeV=-74.7077	CMS_NPS26009_btag_fixedWP_incl_light_correlated_13TeV=-0.545142	CMS_NPS26009_btag_fixedWP_incl_light_correlated_13p6TeV=-0.15689	CMS_NPS26009_eff_m_id_Run2=-0.323297	CMS_NPS26009_eff_m_id_Run3=-0.309213	CMS_NPS26009_eff_m_trigger_2016postVFP=-0.18814	CMS_NPS26009_eff_m_trigger_2016preVFP=-0.258322	CMS_NPS26009_eff_m_trigger_2017=-0.366924	CMS_NPS26009_eff_m_trigger_2018=-0.483328	CMS_NPS26009_eff_m_trigger_2022=-0.0727782	CMS_NPS26009_eff_m_trigger_2022EE=-0.136469	CMS_NPS26009_eff_m_trigger_2023=-0.136208	CMS_NPS26009_eff_m_trigger_2023BPix=-0.0933588	CMS_NPS26009_lumi_2016=-0.816453	CMS_NPS26009_lumi_2017=-1.80237	CMS_NPS26009_lumi_2018=-2.80243	CMS_NPS26009_lumi_2022=-0.407078	CMS_NPS26009_lumi_2023=-0.342895	CMS_NPS26009_pdf_NNPDF31=-1.46389	CMS_NPS26009_topmass_ttbar_BJetOS=-1.15074	CMS_btag_fixedWP_comb_bc_uncorrelated_2016postVFP=-1.1589	CMS_btag_fixedWP_comb_bc_uncorrelated_2016preVFP=-1.27764	CMS_btag_fixedWP_comb_bc_uncorrelated_2017=-4.85833	CMS_btag_fixedWP_comb_bc_uncorrelated_2018=-4.13413	CMS_btag_fixedWP_comb_bc_uncorrelated_2022=-0.310868	CMS_btag_fixedWP_comb_bc_uncorrelated_2022EE=-0.602329	CMS_btag_fixedWP_comb_bc_uncorrelated_2023=-0.605664	CMS_btag_fixedWP_comb_bc_uncorrelated_2023BPix=-0.394968	CMS_btag_fixedWP_incl_light_uncorrelated_2016postVFP=-0.0943148	CMS_btag_fixedWP_incl_light_uncorrelated_2016preVFP=-0.0372103	CMS_btag_fixedWP_incl_light_uncorrelated_2017=-0.0764624	CMS_btag_fixedWP_incl_light_uncorrelated_2018=-0.141704	CMS_btag_fixedWP_incl_light_uncorrelated_2022=-0.0135448	CMS_btag_fixedWP_incl_light_uncorrelated_2022EE=-0.0290491	CMS_btag_fixedWP_incl_light_uncorrelated_2023=-0.0128589	CMS_btag_fixedWP_incl_light_uncorrelated_2023BPix=-0.0121903	CMS_l1_prefiring_2016postVFP=0.443958	CMS_l1_prefiring_2016preVFP=0.434951	CMS_l1_prefiring_2017=0.948541	CMS_l1_prefiring_2018=0.21291	CMS_pileup_13TeV=0.387906	CMS_pileup_13p6TeV=0.0684097	CMS_res_j_2016postVFP=-0.0232348	CMS_res_j_2016preVFP=-0.00511534	CMS_res_j_2017=0.0129347	CMS_res_j_2018=0.0443708	CMS_res_j_2022=1.62688e-05	CMS_res_j_2022EE=0.00459517	CMS_res_j_2023=4.71551e-05	CMS_res_j_2023BPix=-0.00718879	CMS_scale_j_2016postVFP=-0.0216891	CMS_scale_j_2016preVFP=-0.00523295	CMS_scale_j_2017=-0.170475	CMS_scale_j_2018=-0.17357	CMS_scale_j_2022=-0.0104783	CMS_scale_j_2022EE=0.00161687	CMS_scale_j_2023=-0.0240876	CMS_scale_j_2023BPix=-0.267893	CMS_scale_m_13TeV=0.136076	CMS_scale_m_13p6TeV=-0.148313	QCDscale_fac_ttbar=0.411235	QCDscale_ren_ttbar=0.780078	pdf_alphas=-0.656542
RooFit::Detail::RooFixedProdPdf::model_s[ ]
     getLogVal() top-level p.d.f not greater than zero @ !servers=(modelObs_s = 0)

RooAbsMinimizerFcn: Minimized function has error status.
Returning maximum FCN so far (567.011) to force MIGRAD to back out of this region. Error log follows.
Parameter values: 	CMS_NPS26009_LightJetStat_DY_BJetOS_2016postVFP=-0.179463	CMS_NPS26009_LightJetStat_DY_BJetOS_2016preVFP=-0.294338	CMS_NPS26009_LightJetStat_DY_BJetOS_2017=-0.238233	CMS_NPS26009_LightJetStat_DY_BJetOS_2018=-0.470725	CMS_NPS26009_LightJetStat_DY_BJetOS_2022=-0.113408	CMS_NPS26009_LightJetStat_DY_BJetOS_2022EE=-0.122395	CMS_NPS26009_LightJetStat_DY_BJetOS_2023=-1.79766e-09	CMS_NPS26009_LightJetStat_DY_BJetOS_2023BPix=-3.50359e-05	CMS_NPS26009_MCstat_other_BJetOS_2016postVFP=-0.195599	CMS_NPS26009_MCstat_other_BJetOS_2016preVFP=-0.173362	CMS_NPS26009_MCstat_other_BJetOS_2017=-0.0269628	CMS_NPS26009_MCstat_other_BJetOS_2018=-0.125002	CMS_NPS26009_MCstat_other_BJetOS_2022=-0.0219426	CMS_NPS26009_MCstat_other_BJetOS_2022EE=-0.0446556	CMS_NPS26009_MCstat_other_BJetOS_2023=-0.0147058	CMS_NPS26009_MCstat_other_BJetOS_2023BPix=-0.13144	CMS_NPS26009_MCstat_signal_BJetOS_2016postVFP=-0.187372	CMS_NPS26009_MCstat_signal_BJetOS_2016preVFP=-0.212769	CMS_NPS26009_MCstat_signal_BJetOS_2017=-0.475196	CMS_NPS26009_MCstat_signal_BJetOS_2018=-0.725199	CMS_NPS26009_MCstat_signal_BJetOS_2022=-0.0544909	CMS_NPS26009_MCstat_signal_BJetOS_2022EE=-0.19348	CMS_NPS26009_MCstat_signal_BJetOS_2023=-0.164818	CMS_NPS26009_MCstat_signal_BJetOS_2023BPix=-0.0919501	CMS_NPS26009_MCstat_singleTop_BJetOS_2016postVFP=-0.0251238	CMS_NPS26009_MCstat_singleTop_BJetOS_2016preVFP=-0.0764768	CMS_NPS26009_MCstat_singleTop_BJetOS_2017=-0.0838074	CMS_NPS26009_MCstat_singleTop_BJetOS_2018=-0.100581	CMS_NPS26009_MCstat_singleTop_BJetOS_2022=-0.0697187	CMS_NPS26009_MCstat_singleTop_BJetOS_2022EE=-0.47052	CMS_NPS26009_MCstat_singleTop_BJetOS_2023=-0.0224915	CMS_NPS26009_MCstat_singleTop_BJetOS_2023BPix=-0.0206326	CMS_NPS26009_MCstat_ttbar_BJetOS_2016postVFP=-0.165964	CMS_NPS26009_MCstat_ttbar_BJetOS_2016preVFP=-0.182717	CMS_NPS26009_MCstat_ttbar_BJetOS_2017=-0.240527	CMS_NPS26009_MCstat_ttbar_BJetOS_2018=-0.289245	CMS_NPS26009_MCstat_ttbar_BJetOS_2022=-0.108717	CMS_NPS26009_MCstat_ttbar_BJetOS_2022EE=-0.258812	CMS_NPS26009_MCstat_ttbar_BJetOS_2023=-0.189943	CMS_NPS26009_MCstat_ttbar_BJetOS_2023BPix=-0.143832	CMS_NPS26009_NFModel_DY_BJetOS_13TeV=14.7865	CMS_NPS26009_NFModel_DY_BJetOS_13p6TeV=-0.00498148	CMS_NPS26009_NFStat_DY_BJetOS_2016postVFP=0.104087	CMS_NPS26009_NFStat_DY_BJetOS_2016preVFP=0.13839	CMS_NPS26009_NFStat_DY_BJetOS_2017=0.103704	CMS_NPS26009_NFStat_DY_BJetOS_2018=0.118296	CMS_NPS26009_NFStat_DY_BJetOS_2022=0.0696093	CMS_NPS26009_NFStat_DY_BJetOS_2022EE=0.073786	CMS_NPS26009_QCDscale_fac_singleTop=0.0608135	CMS_NPS26009_QCDscale_ren_singleTop=0.104755	CMS_NPS26009_bckgNorm_QCD_BJetOS_2016postVFP=1.04837e-08	CMS_NPS26009_bckgNorm_QCD_BJetOS_2016preVFP=5.19281e-07	CMS_NPS26009_bckgNorm_QCD_BJetOS_2017=1.67799e-05	CMS_NPS26009_bckgNorm_QCD_BJetOS_2018=6.5556e-06	CMS_NPS26009_bckgNorm_QCD_BJetOS_2022=-1.92445e-09	CMS_NPS26009_bckgNorm_QCD_BJetOS_2022EE=4.60062e-09	CMS_NPS26009_bckgNorm_QCD_BJetOS_2023=2.47603e-06	CMS_NPS26009_bckgNorm_QCD_BJetOS_2023BPix=-1.66827e-08	CMS_NPS26009_bckgShape_QCD_BJetOS_2016postVFP=-0.00664611	CMS_NPS26009_bckgShape_QCD_BJetOS_2016preVFP=-0.00147533	CMS_NPS26009_bckgShape_QCD_BJetOS_2017=-0.0637797	CMS_NPS26009_bckgShape_QCD_BJetOS_2018=-0.0595303	CMS_NPS26009_bckgShape_QCD_BJetOS_2022=-1.19292e-06	CMS_NPS26009_bckgShape_QCD_BJetOS_2022EE=-6.44692e-05	CMS_NPS26009_bckgShape_QCD_BJetOS_2023=-0.00323477	CMS_NPS26009_bckgShape_QCD_BJetOS_2023BPix=-2.14504e-05	CMS_NPS26009_btag_fixedWP_comb_bc_correlated_13TeV=-56.6154	CMS_NPS26009_btag_fixedWP_comb_bc_correlated_13p6TeV=-28.3463	CMS_NPS26009_btag_fixedWP_incl_light_correlated_13TeV=-0.206739	CMS_NPS26009_btag_fixedWP_incl_light_correlated_13p6TeV=-0.0595012	CMS_NPS26009_eff_m_id_Run2=-0.122609	CMS_NPS26009_eff_m_id_Run3=-0.117269	CMS_NPS26009_eff_m_trigger_2016postVFP=-0.071347	CMS_NPS26009_eff_m_trigger_2016preVFP=-0.0979732	CMS_NPS26009_eff_m_trigger_2017=-0.139166	CMS_NPS26009_eff_m_trigger_2018=-0.18329	CMS_NPS26009_eff_m_trigger_2022=-0.0276088	CMS_NPS26009_eff_m_trigger_2022EE=-0.0517606	CMS_NPS26009_eff_m_trigger_2023=-0.0516496	CMS_NPS26009_eff_m_trigger_2023BPix=-0.0354023	CMS_NPS26009_lumi_2016=-0.309638	CMS_NPS26009_lumi_2017=-0.683594	CMS_NPS26009_lumi_2018=-1.06275	CMS_NPS26009_lumi_2022=-0.154405	CMS_NPS26009_lumi_2023=-0.130026	CMS_NPS26009_pdf_NNPDF31=-0.555175	CMS_NPS26009_topmass_ttbar_BJetOS=-0.436405	CMS_btag_fixedWP_comb_bc_uncorrelated_2016postVFP=-0.439482	CMS_btag_fixedWP_comb_bc_uncorrelated_2016preVFP=-0.48457	CMS_btag_fixedWP_comb_bc_uncorrelated_2017=-1.84263	CMS_btag_fixedWP_comb_bc_uncorrelated_2018=-1.56776	CMS_btag_fixedWP_comb_bc_uncorrelated_2022=-0.117931	CMS_btag_fixedWP_comb_bc_uncorrelated_2022EE=-0.228455	CMS_btag_fixedWP_comb_bc_uncorrelated_2023=-0.229666	CMS_btag_fixedWP_comb_bc_uncorrelated_2023BPix=-0.149774	CMS_btag_fixedWP_incl_light_uncorrelated_2016postVFP=-0.0357658	CMS_btag_fixedWP_incl_light_uncorrelated_2016preVFP=-0.0141124	CMS_btag_fixedWP_incl_light_uncorrelated_2017=-0.0289994	CMS_btag_fixedWP_incl_light_uncorrelated_2018=-0.0537375	CMS_btag_fixedWP_incl_light_uncorrelated_2022=-0.00513793	CMS_btag_fixedWP_incl_light_uncorrelated_2022EE=-0.0110174	CMS_btag_fixedWP_incl_light_uncorrelated_2023=-0.00487606	CMS_btag_fixedWP_incl_light_uncorrelated_2023BPix=-0.00462269	CMS_l1_prefiring_2016postVFP=0.16836	CMS_l1_prefiring_2016preVFP=0.164963	CMS_l1_prefiring_2017=0.359759	CMS_l1_prefiring_2018=0.0807408	CMS_pileup_13TeV=0.386637	CMS_pileup_13p6TeV=0.0259467	CMS_res_j_2016postVFP=-0.00881105	CMS_res_j_2016preVFP=-0.00194009	CMS_res_j_2017=0.00490597	CMS_res_j_2018=0.0168266	CMS_res_j_2022=6.17106e-06	CMS_res_j_2022EE=0.00174292	CMS_res_j_2023=1.78811e-05	CMS_res_j_2023BPix=-0.00272603	CMS_scale_j_2016postVFP=-0.00822493	CMS_scale_j_2016preVFP=-0.0019847	CMS_scale_j_2017=-0.0646555	CMS_scale_j_2018=-0.0658218	CMS_scale_j_2022=-0.00397485	CMS_scale_j_2022EE=0.000613501	CMS_scale_j_2023=-0.00913393	CMS_scale_j_2023BPix=-0.101588	CMS_scale_m_13TeV=0.12477	CMS_scale_m_13p6TeV=-0.0562467	QCDscale_fac_ttbar=0.155957	QCDscale_ren_ttbar=0.295834	pdf_alphas=-0.248986
RooFit::Detail::RooFixedProdPdf::model_s[ ]
     getLogVal() top-level p.d.f not greater than zero @ !servers=(modelObs_s = 0)

Point 10/240 r = 1.50625
Point 41/240 r = 14.8104
Point 30/240 r = 10.0896
RooAbsMinimizerFcn: Minimized function has error status.
Returning maximum FCN so far (567.011) to force MIGRAD to back out of this region. Error log follows.
Parameter values: 	CMS_NPS26009_LightJetStat_DY_BJetOS_2016postVFP=-0.468709	CMS_NPS26009_LightJetStat_DY_BJetOS_2016preVFP=-0.771405	CMS_NPS26009_LightJetStat_DY_BJetOS_2017=-0.518609	CMS_NPS26009_LightJetStat_DY_BJetOS_2018=-1.21316	CMS_NPS26009_LightJetStat_DY_BJetOS_2022=-0.30482	CMS_NPS26009_LightJetStat_DY_BJetOS_2022EE=-0.327057	CMS_NPS26009_LightJetStat_DY_BJetOS_2023=-4.76736e-09	CMS_NPS26009_LightJetStat_DY_BJetOS_2023BPix=-9.29317e-05	CMS_NPS26009_MCstat_other_BJetOS_2016postVFP=-0.529284	CMS_NPS26009_MCstat_other_BJetOS_2016preVFP=-0.491308	CMS_NPS26009_MCstat_other_BJetOS_2017=-0.0659813	CMS_NPS26009_MCstat_other_BJetOS_2018=-0.337904	CMS_NPS26009_MCstat_other_BJetOS_2022=-0.0606392	CMS_NPS26009_MCstat_other_BJetOS_2022EE=-0.121019	CMS_NPS26009_MCstat_other_BJetOS_2023=-0.0393312	CMS_NPS26009_MCstat_other_BJetOS_2023BPix=-0.351702	CMS_NPS26009_MCstat_signal_BJetOS_2016postVFP=-0.51867	CMS_NPS26009_MCstat_signal_BJetOS_2016preVFP=-0.59503	CMS_NPS26009_MCstat_signal_BJetOS_2017=-1.32798	CMS_NPS26009_MCstat_signal_BJetOS_2018=-2.00951	CMS_NPS26009_MCstat_signal_BJetOS_2022=-0.156545	CMS_NPS26009_MCstat_signal_BJetOS_2022EE=-0.546662	CMS_NPS26009_MCstat_signal_BJetOS_2023=-0.454398	CMS_NPS26009_MCstat_signal_BJetOS_2023BPix=-0.253784	CMS_NPS26009_MCstat_singleTop_BJetOS_2016postVFP=-0.0673612	CMS_NPS26009_MCstat_singleTop_BJetOS_2016preVFP=-0.207144	CMS_NPS26009_MCstat_singleTop_BJetOS_2017=-0.225875	CMS_NPS26009_MCstat_singleTop_BJetOS_2018=-0.272868	CMS_NPS26009_MCstat_singleTop_BJetOS_2022=-0.198973	CMS_NPS26009_MCstat_singleTop_BJetOS_2022EE=-0.470793	CMS_NPS26009_MCstat_singleTop_BJetOS_2023=-0.0609574	CMS_NPS26009_MCstat_singleTop_BJetOS_2023BPix=-0.055173	CMS_NPS26009_MCstat_ttbar_BJetOS_2016postVFP=-0.444932	CMS_NPS26009_MCstat_ttbar_BJetOS_2016preVFP=-0.494779	CMS_NPS26009_MCstat_ttbar_BJetOS_2017=-0.648528	CMS_NPS26009_MCstat_ttbar_BJetOS_2018=-0.775731	CMS_NPS26009_MCstat_ttbar_BJetOS_2022=-0.300194	CMS_NPS26009_MCstat_ttbar_BJetOS_2022EE=-0.705111	CMS_NPS26009_MCstat_ttbar_BJetOS_2023=-0.508124	CMS_NPS26009_MCstat_ttbar_BJetOS_2023BPix=-0.386353	CMS_NPS26009_NFModel_DY_BJetOS_13TeV=-1.64433	CMS_NPS26009_NFModel_DY_BJetOS_13p6TeV=-0.0134348	CMS_NPS26009_NFStat_DY_BJetOS_2016postVFP=0.102532	CMS_NPS26009_NFStat_DY_BJetOS_2016preVFP=0.134954	CMS_NPS26009_NFStat_DY_BJetOS_2017=0.101604	CMS_NPS26009_NFStat_DY_BJetOS_2018=0.112327	CMS_NPS26009_NFStat_DY_BJetOS_2022=0.0695377	CMS_NPS26009_NFStat_DY_BJetOS_2022EE=0.073756	CMS_NPS26009_QCDscale_fac_singleTop=0.164666	CMS_NPS26009_QCDscale_ren_singleTop=0.283503	CMS_NPS26009_bckgNorm_QCD_BJetOS_2016postVFP=-7.28906e-10	CMS_NPS26009_bckgNorm_QCD_BJetOS_2016preVFP=-2.14836e-09	CMS_NPS26009_bckgNorm_QCD_BJetOS_2017=-9.99241e-08	CMS_NPS26009_bckgNorm_QCD_BJetOS_2018=-1.1683e-05	CMS_NPS26009_bckgNorm_QCD_BJetOS_2022=-6.66246e-09	CMS_NPS26009_bckgNorm_QCD_BJetOS_2022EE=0	CMS_NPS26009_bckgNorm_QCD_BJetOS_2023=-1.27878e-11	CMS_NPS26009_bckgNorm_QCD_BJetOS_2023BPix=-6.9131e-08	CMS_NPS26009_bckgShape_QCD_BJetOS_2016postVFP=-0.017619	CMS_NPS26009_bckgShape_QCD_BJetOS_2016preVFP=-0.00391675	CMS_NPS26009_bckgShape_QCD_BJetOS_2017=-0.169026	CMS_NPS26009_bckgShape_QCD_BJetOS_2018=-0.157913	CMS_NPS26009_bckgShape_QCD_BJetOS_2022=-3.27884e-06	CMS_NPS26009_bckgShape_QCD_BJetOS_2022EE=-0.000172459	CMS_NPS26009_bckgShape_QCD_BJetOS_2023=-0.0085781	CMS_NPS26009_bckgShape_QCD_BJetOS_2023BPix=-5.76391e-05	CMS_NPS26009_btag_fixedWP_comb_bc_correlated_13TeV=-297.816	CMS_NPS26009_btag_fixedWP_comb_bc_correlated_13p6TeV=-250.774	CMS_NPS26009_btag_fixedWP_incl_light_correlated_13TeV=-0.563416	CMS_NPS26009_btag_fixedWP_incl_light_correlated_13p6TeV=-0.16273	CMS_NPS26009_eff_m_id_Run2=-0.339323	CMS_NPS26009_eff_m_id_Run3=-0.325294	CMS_NPS26009_eff_m_trigger_2016postVFP=-0.196531	CMS_NPS26009_eff_m_trigger_2016preVFP=-0.272868	CMS_NPS26009_eff_m_trigger_2017=-0.386879	CMS_NPS26009_eff_m_trigger_2018=-0.504963	CMS_NPS26009_eff_m_trigger_2022=-0.0782759	CMS_NPS26009_eff_m_trigger_2022EE=-0.144371	CMS_NPS26009_eff_m_trigger_2023=-0.141134	CMS_NPS26009_eff_m_trigger_2023BPix=-0.0970763	CMS_NPS26009_lumi_2016=-0.857448	CMS_NPS26009_lumi_2017=-1.89629	CMS_NPS26009_lumi_2018=-2.91917	CMS_NPS26009_lumi_2022=-0.432895	CMS_NPS26009_lumi_2023=-0.355929	CMS_NPS26009_pdf_NNPDF31=-1.50059	CMS_NPS26009_topmass_ttbar_BJetOS=-1.17536	CMS_btag_fixedWP_comb_bc_uncorrelated_2016postVFP=-1.21428	CMS_btag_fixedWP_comb_bc_uncorrelated_2016preVFP=-1.35375	CMS_btag_fixedWP_comb_bc_uncorrelated_2017=-5.18799	CMS_btag_fixedWP_comb_bc_uncorrelated_2018=-4.35303	CMS_btag_fixedWP_comb_bc_uncorrelated_2022=-0.336231	CMS_btag_fixedWP_comb_bc_uncorrelated_2022EE=-0.640231	CMS_btag_fixedWP_comb_bc_uncorrelated_2023=-0.629336	CMS_btag_fixedWP_comb_bc_uncorrelated_2023BPix=-0.411109	CMS_btag_fixedWP_incl_light_uncorrelated_2016postVFP=-0.0966395	CMS_btag_fixedWP_incl_light_uncorrelated_2016preVFP=-0.0386866	CMS_btag_fixedWP_incl_light_uncorrelated_2017=-0.0789955	CMS_btag_fixedWP_incl_light_uncorrelated_2018=-0.145925	CMS_btag_fixedWP_incl_light_uncorrelated_2022=-0.0142315	CMS_btag_fixedWP_incl_light_uncorrelated_2022EE=-0.0301425	CMS_btag_fixedWP_incl_light_uncorrelated_2023=-0.0132703	CMS_btag_fixedWP_incl_light_uncorrelated_2023BPix=-0.0125039	CMS_l1_prefiring_2016postVFP=0.464423	CMS_l1_prefiring_2016preVFP=0.459941	CMS_l1_prefiring_2017=1.00072	CMS_l1_prefiring_2018=0.222483	CMS_pileup_13TeV=0.405838	CMS_pileup_13p6TeV=0.0732409	CMS_res_j_2016postVFP=-0.0239858	CMS_res_j_2016preVFP=-0.00544807	CMS_res_j_2017=0.0138683	CMS_res_j_2018=0.0473054	CMS_res_j_2022=1.7009e-05	CMS_res_j_2022EE=0.00489469	CMS_res_j_2023=4.89941e-05	CMS_res_j_2023BPix=-0.00753163	CMS_scale_j_2016postVFP=-0.0223402	CMS_scale_j_2016preVFP=-0.00556727	CMS_scale_j_2017=-0.177864	CMS_scale_j_2018=-0.179481	CMS_scale_j_2022=-0.0111603	CMS_scale_j_2022EE=0.00200332	CMS_scale_j_2023=-0.0245112	CMS_scale_j_2023BPix=-0.280616	CMS_scale_m_13TeV=0.120443	CMS_scale_m_13p6TeV=-0.152522	QCDscale_fac_ttbar=0.417851	QCDscale_ren_ttbar=0.792112	pdf_alphas=-0.67036
RooFit::Detail::RooFixedProdPdf::model_s[ ]
     getLogVal() top-level p.d.f not greater than zero @ !servers=(modelObs_s = 0)

RooAbsMinimizerFcn: Minimized function has error status.
Returning maximum FCN so far (567.011) to force MIGRAD to back out of this region. Error log follows.
Parameter values: 	CMS_NPS26009_LightJetStat_DY_BJetOS_2016postVFP=-0.206229	CMS_NPS26009_LightJetStat_DY_BJetOS_2016preVFP=-0.339413	CMS_NPS26009_LightJetStat_DY_BJetOS_2017=-0.228185	CMS_NPS26009_LightJetStat_DY_BJetOS_2018=-0.533784	CMS_NPS26009_LightJetStat_DY_BJetOS_2022=-0.134119	CMS_NPS26009_LightJetStat_DY_BJetOS_2022EE=-0.143903	CMS_NPS26009_LightJetStat_DY_BJetOS_2023=-2.09761e-09	CMS_NPS26009_LightJetStat_DY_BJetOS_2023BPix=-4.08894e-05	CMS_NPS26009_MCstat_other_BJetOS_2016postVFP=-0.232882	CMS_NPS26009_MCstat_other_BJetOS_2016preVFP=-0.216173	CMS_NPS26009_MCstat_other_BJetOS_2017=-0.0290314	CMS_NPS26009_MCstat_other_BJetOS_2018=-0.148675	CMS_NPS26009_MCstat_other_BJetOS_2022=-0.0266809	CMS_NPS26009_MCstat_other_BJetOS_2022EE=-0.0532474	CMS_NPS26009_MCstat_other_BJetOS_2023=-0.0173055	CMS_NPS26009_MCstat_other_BJetOS_2023BPix=-0.154747	CMS_NPS26009_MCstat_signal_BJetOS_2016postVFP=-0.228211	CMS_NPS26009_MCstat_signal_BJetOS_2016preVFP=-0.26181	CMS_NPS26009_MCstat_signal_BJetOS_2017=-0.584302	CMS_NPS26009_MCstat_signal_BJetOS_2018=-0.884173	CMS_NPS26009_MCstat_signal_BJetOS_2022=-0.068879	CMS_NPS26009_MCstat_signal_BJetOS_2022EE=-0.240528	CMS_NPS26009_MCstat_signal_BJetOS_2023=-0.199932	CMS_NPS26009_MCstat_signal_BJetOS_2023BPix=-0.111663	CMS_NPS26009_MCstat_singleTop_BJetOS_2016postVFP=-0.0296385	CMS_NPS26009_MCstat_singleTop_BJetOS_2016preVFP=-0.091142	CMS_NPS26009_MCstat_singleTop_BJetOS_2017=-0.0993837	CMS_NPS26009_MCstat_singleTop_BJetOS_2018=-0.12006	CMS_NPS26009_MCstat_singleTop_BJetOS_2022=-0.087547	CMS_NPS26009_MCstat_singleTop_BJetOS_2022EE=-0.475167	CMS_NPS26009_MCstat_singleTop_BJetOS_2023=-0.0268209	CMS_NPS26009_MCstat_singleTop_BJetOS_2023BPix=-0.0242758	CMS_NPS26009_MCstat_ttbar_BJetOS_2016postVFP=-0.195767	CMS_NPS26009_MCstat_ttbar_BJetOS_2016preVFP=-0.2177	CMS_NPS26009_MCstat_ttbar_BJetOS_2017=-0.285348	CMS_NPS26009_MCstat_ttbar_BJetOS_2018=-0.341317	CMS_NPS26009_MCstat_ttbar_BJetOS_2022=-0.132083	CMS_NPS26009_MCstat_ttbar_BJetOS_2022EE=-0.310244	CMS_NPS26009_MCstat_ttbar_BJetOS_2023=-0.223571	CMS_NPS26009_MCstat_ttbar_BJetOS_2023BPix=-0.169993	CMS_NPS26009_NFModel_DY_BJetOS_13TeV=-1.59304	CMS_NPS26009_NFModel_DY_BJetOS_13p6TeV=-0.00591124	CMS_NPS26009_NFStat_DY_BJetOS_2016postVFP=0.103925	CMS_NPS26009_NFStat_DY_BJetOS_2016preVFP=0.138032	CMS_NPS26009_NFStat_DY_BJetOS_2017=0.10361	CMS_NPS26009_NFStat_DY_BJetOS_2018=0.117672	CMS_NPS26009_NFStat_DY_BJetOS_2022=0.0696012	CMS_NPS26009_NFStat_DY_BJetOS_2022EE=0.0737827	CMS_NPS26009_QCDscale_fac_singleTop=0.0724522	CMS_NPS26009_QCDscale_ren_singleTop=0.12474	CMS_NPS26009_bckgNorm_QCD_BJetOS_2016postVFP=-3.20714e-10	CMS_NPS26009_bckgNorm_QCD_BJetOS_2016preVFP=-9.45263e-10	CMS_NPS26009_bckgNorm_QCD_BJetOS_2017=-4.3966e-08	CMS_NPS26009_bckgNorm_QCD_BJetOS_2018=-5.14046e-06	CMS_NPS26009_bckgNorm_QCD_BJetOS_2022=-2.93144e-09	CMS_NPS26009_bckgNorm_QCD_BJetOS_2022EE=0	CMS_NPS26009_bckgNorm_QCD_BJetOS_2023=-5.62656e-12	CMS_NPS26009_bckgNorm_QCD_BJetOS_2023BPix=-3.04172e-08	CMS_NPS26009_bckgShape_QCD_BJetOS_2016postVFP=-0.0077525	CMS_NPS26009_bckgShape_QCD_BJetOS_2016preVFP=-0.00172338	CMS_NPS26009_bckgShape_QCD_BJetOS_2017=-0.0744571	CMS_NPS26009_bckgShape_QCD_BJetOS_2018=-0.0694575	CMS_NPS26009_bckgShape_QCD_BJetOS_2022=-1.41966e-06	CMS_NPS26009_bckgShape_QCD_BJetOS_2022EE=-7.58807e-05	CMS_NPS26009_bckgShape_QCD_BJetOS_2023=-0.00377453	CMS_NPS26009_bckgShape_QCD_BJetOS_2023BPix=-2.51092e-05	CMS_NPS26009_btag_fixedWP_comb_bc_correlated_13TeV=-131.037	CMS_NPS26009_btag_fixedWP_comb_bc_correlated_13p6TeV=-110.339	CMS_NPS26009_btag_fixedWP_incl_light_correlated_13TeV=-0.2479	CMS_NPS26009_btag_fixedWP_incl_light_correlated_13p6TeV=-0.0716002	CMS_NPS26009_eff_m_id_Run2=-0.1493	CMS_NPS26009_eff_m_id_Run3=-0.143127	CMS_NPS26009_eff_m_trigger_2016postVFP=-0.0864723	CMS_NPS26009_eff_m_trigger_2016preVFP=-0.12006	CMS_NPS26009_eff_m_trigger_2017=-0.170224	CMS_NPS26009_eff_m_trigger_2018=-0.22218	CMS_NPS26009_eff_m_trigger_2022=-0.0344409	CMS_NPS26009_eff_m_trigger_2022EE=-0.0635225	CMS_NPS26009_eff_m_trigger_2023=-0.062098	CMS_NPS26009_eff_m_trigger_2023BPix=-0.042713	CMS_NPS26009_lumi_2016=-0.377272	CMS_NPS26009_lumi_2017=-0.834357	CMS_NPS26009_lumi_2018=-1.28442	CMS_NPS26009_lumi_2022=-0.190471	CMS_NPS26009_lumi_2023=-0.156607	CMS_NPS26009_pdf_NNPDF31=-0.660251	CMS_NPS26009_topmass_ttbar_BJetOS=-0.517153	CMS_btag_fixedWP_comb_bc_uncorrelated_2016postVFP=-0.534275	CMS_btag_fixedWP_comb_bc_uncorrelated_2016preVFP=-0.595643	CMS_btag_fixedWP_comb_bc_uncorrelated_2017=-2.28268	CMS_btag_fixedWP_comb_bc_uncorrelated_2018=-1.91531	CMS_btag_fixedWP_comb_bc_uncorrelated_2022=-0.14794	CMS_btag_fixedWP_comb_bc_uncorrelated_2022EE=-0.281698	CMS_btag_fixedWP_comb_bc_uncorrelated_2023=-0.276904	CMS_btag_fixedWP_comb_bc_uncorrelated_2023BPix=-0.180886	CMS_btag_fixedWP_incl_light_uncorrelated_2016postVFP=-0.0425207	CMS_btag_fixedWP_incl_light_uncorrelated_2016preVFP=-0.0170219	CMS_btag_fixedWP_incl_light_uncorrelated_2017=-0.0347575	CMS_btag_fixedWP_incl_light_uncorrelated_2018=-0.0642059	CMS_btag_fixedWP_incl_light_uncorrelated_2022=-0.00626178	CMS_btag_fixedWP_incl_light_uncorrelated_2022EE=-0.0132625	CMS_btag_fixedWP_incl_light_uncorrelated_2023=-0.00583885	CMS_btag_fixedWP_incl_light_uncorrelated_2023BPix=-0.00550162	CMS_l1_prefiring_2016postVFP=0.204343	CMS_l1_prefiring_2016preVFP=0.202371	CMS_l1_prefiring_2017=0.440309	CMS_l1_prefiring_2018=0.0978911	CMS_pileup_13TeV=0.392585	CMS_pileup_13p6TeV=0.0322255	CMS_res_j_2016postVFP=-0.0105536	CMS_res_j_2016preVFP=-0.00239712	CMS_res_j_2017=0.00610197	CMS_res_j_2018=0.0208141	CMS_res_j_2022=7.48387e-06	CMS_res_j_2022EE=0.00215363	CMS_res_j_2023=2.15571e-05	CMS_res_j_2023BPix=-0.00331387	CMS_scale_j_2016postVFP=-0.00982954	CMS_scale_j_2016preVFP=-0.00244956	CMS_scale_j_2017=-0.078259	CMS_scale_j_2018=-0.0789705	CMS_scale_j_2022=-0.00491046	CMS_scale_j_2022EE=0.00088145	CMS_scale_j_2023=-0.0107848	CMS_scale_j_2023BPix=-0.123469	CMS_scale_m_13TeV=0.11776	CMS_scale_m_13p6TeV=-0.0671087	QCDscale_fac_ttbar=0.183852	QCDscale_ren_ttbar=0.348524	pdf_alphas=-0.294954
RooFit::Detail::RooFixedProdPdf::model_s[ ]
     getLogVal() top-level p.d.f not greater than zero @ !servers=(modelObs_s = 0)

RooAbsMinimizerFcn: Minimized function has error status.
Returning maximum FCN so far (1012.45) to force MIGRAD to back out of this region. Error log follows.
Parameter values: 	CMS_NPS26009_LightJetStat_DY_BJetOS_2016postVFP=-0.45347	CMS_NPS26009_LightJetStat_DY_BJetOS_2016preVFP=-0.727851	CMS_NPS26009_LightJetStat_DY_BJetOS_2017=-0.490559	CMS_NPS26009_LightJetStat_DY_BJetOS_2018=-1.17571	CMS_NPS26009_LightJetStat_DY_BJetOS_2022=-0.182268	CMS_NPS26009_LightJetStat_DY_BJetOS_2022EE=-0.256199	CMS_NPS26009_LightJetStat_DY_BJetOS_2023=-4.55497e-09	CMS_NPS26009_LightJetStat_DY_BJetOS_2023BPix=-8.79465e-05	CMS_NPS26009_MCstat_other_BJetOS_2016postVFP=-0.427408	CMS_NPS26009_MCstat_other_BJetOS_2016preVFP=-0.237768	CMS_NPS26009_MCstat_other_BJetOS_2017=-0.215352	CMS_NPS26009_MCstat_other_BJetOS_2018=-0.269678	CMS_NPS26009_MCstat_other_BJetOS_2022=-0.0252182	CMS_NPS26009_MCstat_other_BJetOS_2022EE=-0.077097	CMS_NPS26009_MCstat_other_BJetOS_2023=-0.0322229	CMS_NPS26009_MCstat_other_BJetOS_2023BPix=-0.30034	CMS_NPS26009_MCstat_signal_BJetOS_2016postVFP=-0.434058	CMS_NPS26009_MCstat_signal_BJetOS_2016preVFP=-0.442497	CMS_NPS26009_MCstat_signal_BJetOS_2017=-1.00043	CMS_NPS26009_MCstat_signal_BJetOS_2018=-1.70309	CMS_NPS26009_MCstat_signal_BJetOS_2022=-0.0589177	CMS_NPS26009_MCstat_signal_BJetOS_2022EE=-0.290665	CMS_NPS26009_MCstat_signal_BJetOS_2023=-0.373674	CMS_NPS26009_MCstat_signal_BJetOS_2023BPix=-0.201133	CMS_NPS26009_MCstat_singleTop_BJetOS_2016postVFP=-0.0581191	CMS_NPS26009_MCstat_singleTop_BJetOS_2016preVFP=-0.160516	CMS_NPS26009_MCstat_singleTop_BJetOS_2017=-0.181344	CMS_NPS26009_MCstat_singleTop_BJetOS_2018=-0.207427	CMS_NPS26009_MCstat_singleTop_BJetOS_2022=-0.0617973	CMS_NPS26009_MCstat_singleTop_BJetOS_2022EE=-0.355694	CMS_NPS26009_MCstat_singleTop_BJetOS_2023=-0.0407911	CMS_NPS26009_MCstat_singleTop_BJetOS_2023BPix=-0.0457316	CMS_NPS26009_MCstat_ttbar_BJetOS_2016postVFP=-0.383303	CMS_NPS26009_MCstat_ttbar_BJetOS_2016preVFP=-0.379584	CMS_NPS26009_MCstat_ttbar_BJetOS_2017=-0.516666	CMS_NPS26009_MCstat_ttbar_BJetOS_2018=-0.665739	CMS_NPS26009_MCstat_ttbar_BJetOS_2022=-0.12757	CMS_NPS26009_MCstat_ttbar_BJetOS_2022EE=-0.420699	CMS_NPS26009_MCstat_ttbar_BJetOS_2023=-0.424766	CMS_NPS26009_MCstat_ttbar_BJetOS_2023BPix=-0.299124	CMS_NPS26009_NFModel_DY_BJetOS_13TeV=-1.58292	CMS_NPS26009_NFModel_DY_BJetOS_13p6TeV=-0.00944214	CMS_NPS26009_NFStat_DY_BJetOS_2016postVFP=0.102615	CMS_NPS26009_NFStat_DY_BJetOS_2016preVFP=0.135272	CMS_NPS26009_NFStat_DY_BJetOS_2017=0.101799	CMS_NPS26009_NFStat_DY_BJetOS_2018=0.112622	CMS_NPS26009_NFStat_DY_BJetOS_2022=0.0695854	CMS_NPS26009_NFStat_DY_BJetOS_2022EE=0.0737677	CMS_NPS26009_QCDscale_fac_singleTop=0.12362	CMS_NPS26009_QCDscale_ren_singleTop=0.212476	CMS_NPS26009_bckgNorm_QCD_BJetOS_2016postVFP=1.68041e-07	CMS_NPS26009_bckgNorm_QCD_BJetOS_2016preVFP=7.92154e-06	CMS_NPS26009_bckgNorm_QCD_BJetOS_2017=0.000256965	CMS_NPS26009_bckgNorm_QCD_BJetOS_2018=0.000161221	CMS_NPS26009_bckgNorm_QCD_BJetOS_2022=3.89521e-10	CMS_NPS26009_bckgNorm_QCD_BJetOS_2022EE=5.50827e-08	CMS_NPS26009_bckgNorm_QCD_BJetOS_2023=3.81632e-05	CMS_NPS26009_bckgNorm_QCD_BJetOS_2023BPix=7.74082e-08	CMS_NPS26009_bckgShape_QCD_BJetOS_2016postVFP=-0.0170586	CMS_NPS26009_bckgShape_QCD_BJetOS_2016preVFP=-0.00370068	CMS_NPS26009_bckgShape_QCD_BJetOS_2017=-0.16011	CMS_NPS26009_bckgShape_QCD_BJetOS_2018=-0.153311	CMS_NPS26009_bckgShape_QCD_BJetOS_2022=-1.9421e-06	CMS_NPS26009_bckgShape_QCD_BJetOS_2022EE=-0.000135226	CMS_NPS26009_bckgShape_QCD_BJetOS_2023=-0.008196	CMS_NPS26009_bckgShape_QCD_BJetOS_2023BPix=-5.4523e-05	CMS_NPS26009_btag_fixedWP_comb_bc_correlated_13TeV=-92.3932	CMS_NPS26009_btag_fixedWP_comb_bc_correlated_13p6TeV=97.7701	CMS_NPS26009_btag_fixedWP_incl_light_correlated_13TeV=-0.462311	CMS_NPS26009_btag_fixedWP_incl_light_correlated_13p6TeV=-0.103693	CMS_NPS26009_eff_m_id_Run2=-0.27294	CMS_NPS26009_eff_m_id_Run3=-0.216695	CMS_NPS26009_eff_m_trigger_2016postVFP=-0.164995	CMS_NPS26009_eff_m_trigger_2016preVFP=-0.203426	CMS_NPS26009_eff_m_trigger_2017=-0.293322	CMS_NPS26009_eff_m_trigger_2018=-0.428077	CMS_NPS26009_eff_m_trigger_2022=-0.0306552	CMS_NPS26009_eff_m_trigger_2022EE=-0.0797328	CMS_NPS26009_eff_m_trigger_2023=-0.116461	CMS_NPS26009_eff_m_trigger_2023BPix=-0.0768388	CMS_NPS26009_lumi_2016=-0.676325	CMS_NPS26009_lumi_2017=-1.44085	CMS_NPS26009_lumi_2018=-2.47919	CMS_NPS26009_lumi_2022=-0.221985	CMS_NPS26009_lumi_2023=-0.289243	CMS_NPS26009_pdf_NNPDF31=-1.11687	CMS_NPS26009_topmass_ttbar_BJetOS=-0.918128	CMS_btag_fixedWP_comb_bc_uncorrelated_2016postVFP=-1.0201	CMS_btag_fixedWP_comb_bc_uncorrelated_2016preVFP=-1.00527	CMS_btag_fixedWP_comb_bc_uncorrelated_2017=-3.93275	CMS_btag_fixedWP_comb_bc_uncorrelated_2018=-3.69013	CMS_btag_fixedWP_comb_bc_uncorrelated_2022=-0.129737	CMS_btag_fixedWP_comb_bc_uncorrelated_2022EE=-0.349277	CMS_btag_fixedWP_comb_bc_uncorrelated_2023=-0.518367	CMS_btag_fixedWP_comb_bc_uncorrelated_2023BPix=-0.325314	CMS_btag_fixedWP_incl_light_uncorrelated_2016postVFP=-0.0826151	CMS_btag_fixedWP_incl_light_uncorrelated_2016preVFP=-0.0293241	CMS_btag_fixedWP_incl_light_uncorrelated_2017=-0.0619318	CMS_btag_fixedWP_incl_light_uncorrelated_2018=-0.124221	CMS_btag_fixedWP_incl_light_uncorrelated_2022=-0.00598952	CMS_btag_fixedWP_incl_light_uncorrelated_2022EE=-0.0176975	CMS_btag_fixedWP_incl_light_uncorrelated_2023=-0.0109773	CMS_btag_fixedWP_incl_light_uncorrelated_2023BPix=-0.00976241	CMS_l1_prefiring_2016postVFP=0.389774	CMS_l1_prefiring_2016preVFP=0.34287	CMS_l1_prefiring_2017=0.758422	CMS_l1_prefiring_2018=0.188601	CMS_pileup_13TeV=0.31726	CMS_pileup_13p6TeV=0.0430568	CMS_res_j_2016postVFP=-0.0204215	CMS_res_j_2016preVFP=-0.00404438	CMS_res_j_2017=0.0102253	CMS_res_j_2018=0.0397712	CMS_res_j_2022=7.28958e-06	CMS_res_j_2022EE=0.00261218	CMS_res_j_2023=4.04991e-05	CMS_res_j_2023BPix=-0.00596307	CMS_scale_j_2016postVFP=-0.0190225	CMS_scale_j_2016preVFP=-0.0041202	CMS_scale_j_2017=-0.137453	CMS_scale_j_2018=-0.152549	CMS_scale_j_2022=-0.00452002	CMS_scale_j_2022EE=0.000561496	CMS_scale_j_2023=-0.0204524	CMS_scale_j_2023BPix=-0.216268	CMS_scale_m_13TeV=0.436851	CMS_scale_m_13p6TeV=-0.103646	QCDscale_fac_ttbar=0.333527	QCDscale_ren_ttbar=0.635487	pdf_alphas=-0.520197
RooFit::Detail::RooFixedProdPdf::model_s[ ]
     getLogVal() top-level p.d.f not greater than zero @ !servers=(modelObs_s = 0)

Point 91/240 r = 36.2687
Point 78/240 r = 30.6896
Point 42/240 r = 15.2396
Point 58/240 r = 22.1062
Point 68/240 r = 26.3979
Point 69/240 r = 26.8271
Point 11/240 r = 1.93542
Point 31/240 r = 10.5187
Point 70/240 r = 27.2562
Point 43/240 r = 15.6687
Point 79/240 r = 31.1187
Point 92/240 r = 36.6979
Point 71/240 r = 27.6854
Point 59/240 r = 22.5354
Point 32/240 r = 10.9479
Point 93/240 r = 37.1271
Point 44/240 r = 16.0979
Point 80/240 r = 31.5479
Point 94/240 r = 37.5562
Point 33/240 r = 11.3771
Point 45/240 r = 16.5271
Point 81/240 r = 31.9771
Point 95/240 r = 37.9854
Point 46/240 r = 16.9562
Point 82/240 r = 32.4062
Point 47/240 r = 17.3854
Point 83/240 r = 32.8354
Point 34/240 r = 11.8062
Point 35/240 r = 12.2354
Info in <hadd>: target file: higgsCombine.ReviewScan_Run2Run3_M70.MultiDimFit.mH70.root
Info in <hadd>: compression setting for all output: 101
hadd Source file 1: higgsCombine.ReviewScan_Run2Run3_M70.0.MultiDimFit.mH70.root
hadd Source file 2: higgsCombine.ReviewScan_Run2Run3_M70.1.MultiDimFit.mH70.root
hadd Source file 3: higgsCombine.ReviewScan_Run2Run3_M70.2.MultiDimFit.mH70.root
hadd Source file 4: higgsCombine.ReviewScan_Run2Run3_M70.3.MultiDimFit.mH70.root
hadd Source file 5: higgsCombine.ReviewScan_Run2Run3_M70.4.MultiDimFit.mH70.root
hadd Source file 6: higgsCombine.ReviewScan_Run2Run3_M70.5.MultiDimFit.mH70.root
hadd Source file 7: higgsCombine.ReviewScan_Run2Run3_M70.6.MultiDimFit.mH70.root
hadd Source file 8: higgsCombine.ReviewScan_Run2Run3_M70.7.MultiDimFit.mH70.root
hadd Source file 9: higgsCombine.ReviewScan_Run2Run3_M70.8.MultiDimFit.mH70.root
hadd Source file 10: higgsCombine.ReviewScan_Run2Run3_M70.9.MultiDimFit.mH70.root
hadd Source file 11: higgsCombine.ReviewScan_Run2Run3_M70.10.MultiDimFit.mH70.root
hadd Source file 12: higgsCombine.ReviewScan_Run2Run3_M70.11.MultiDimFit.mH70.root
hadd Source file 13: higgsCombine.ReviewScan_Run2Run3_M70.12.MultiDimFit.mH70.root
hadd Source file 14: higgsCombine.ReviewScan_Run2Run3_M70.13.MultiDimFit.mH70.root
hadd Source file 15: higgsCombine.ReviewScan_Run2Run3_M70.14.MultiDimFit.mH70.root
hadd Source file 16: higgsCombine.ReviewScan_Run2Run3_M70.15.MultiDimFit.mH70.root
hadd Source file 17: higgsCombine.ReviewScan_Run2Run3_M70.16.MultiDimFit.mH70.root
hadd Source file 18: higgsCombine.ReviewScan_Run2Run3_M70.17.MultiDimFit.mH70.root
hadd Source file 19: higgsCombine.ReviewScan_Run2Run3_M70.18.MultiDimFit.mH70.root
hadd Source file 20: higgsCombine.ReviewScan_Run2Run3_M70.19.MultiDimFit.mH70.root
hadd Target path: higgsCombine.ReviewScan_Run2Run3_M70.MultiDimFit.mH70.root:/
hadd Target path: higgsCombine.ReviewScan_Run2Run3_M70.MultiDimFit.mH70.root:/toys
spawning combine -M MultiDimFit /data6/Users/joonblee/higgs_combine/CMSSW_14_1_0_pre4/src/NIsoMuon/review_outputs/Run2Run3/M70/workspace_Run2Run3_M70.root -m 70 -t -1 --expectSignal 0 --setParameters r=0 --algo grid --points 240 --rMin -3 --rMax 100 --saveNLL -n .ReviewScan_Run2Run3_M70.0 --firstPoint 0 --lastPoint 11
spawning combine -M MultiDimFit /data6/Users/joonblee/higgs_combine/CMSSW_14_1_0_pre4/src/NIsoMuon/review_outputs/Run2Run3/M70/workspace_Run2Run3_M70.root -m 70 -t -1 --expectSignal 0 --setParameters r=0 --algo grid --points 240 --rMin -3 --rMax 100 --saveNLL -n .ReviewScan_Run2Run3_M70.1 --firstPoint 12 --lastPoint 23
spawning combine -M MultiDimFit /data6/Users/joonblee/higgs_combine/CMSSW_14_1_0_pre4/src/NIsoMuon/review_outputs/Run2Run3/M70/workspace_Run2Run3_M70.root -m 70 -t -1 --expectSignal 0 --setParameters r=0 --algo grid --points 240 --rMin -3 --rMax 100 --saveNLL -n .ReviewScan_Run2Run3_M70.2 --firstPoint 24 --lastPoint 35
spawning combine -M MultiDimFit /data6/Users/joonblee/higgs_combine/CMSSW_14_1_0_pre4/src/NIsoMuon/review_outputs/Run2Run3/M70/workspace_Run2Run3_M70.root -m 70 -t -1 --expectSignal 0 --setParameters r=0 --algo grid --points 240 --rMin -3 --rMax 100 --saveNLL -n .ReviewScan_Run2Run3_M70.3 --firstPoint 36 --lastPoint 47
spawning combine -M MultiDimFit /data6/Users/joonblee/higgs_combine/CMSSW_14_1_0_pre4/src/NIsoMuon/review_outputs/Run2Run3/M70/workspace_Run2Run3_M70.root -m 70 -t -1 --expectSignal 0 --setParameters r=0 --algo grid --points 240 --rMin -3 --rMax 100 --saveNLL -n .ReviewScan_Run2Run3_M70.4 --firstPoint 48 --lastPoint 59
spawning combine -M MultiDimFit /data6/Users/joonblee/higgs_combine/CMSSW_14_1_0_pre4/src/NIsoMuon/review_outputs/Run2Run3/M70/workspace_Run2Run3_M70.root -m 70 -t -1 --expectSignal 0 --setParameters r=0 --algo grid --points 240 --rMin -3 --rMax 100 --saveNLL -n .ReviewScan_Run2Run3_M70.5 --firstPoint 60 --lastPoint 71
spawning combine -M MultiDimFit /data6/Users/joonblee/higgs_combine/CMSSW_14_1_0_pre4/src/NIsoMuon/review_outputs/Run2Run3/M70/workspace_Run2Run3_M70.root -m 70 -t -1 --expectSignal 0 --setParameters r=0 --algo grid --points 240 --rMin -3 --rMax 100 --saveNLL -n .ReviewScan_Run2Run3_M70.6 --firstPoint 72 --lastPoint 83
spawning combine -M MultiDimFit /data6/Users/joonblee/higgs_combine/CMSSW_14_1_0_pre4/src/NIsoMuon/review_outputs/Run2Run3/M70/workspace_Run2Run3_M70.root -m 70 -t -1 --expectSignal 0 --setParameters r=0 --algo grid --points 240 --rMin -3 --rMax 100 --saveNLL -n .ReviewScan_Run2Run3_M70.7 --firstPoint 84 --lastPoint 95
spawning combine -M MultiDimFit /data6/Users/joonblee/higgs_combine/CMSSW_14_1_0_pre4/src/NIsoMuon/review_outputs/Run2Run3/M70/workspace_Run2Run3_M70.root -m 70 -t -1 --expectSignal 0 --setParameters r=0 --algo grid --points 240 --rMin -3 --rMax 100 --saveNLL -n .ReviewScan_Run2Run3_M70.8 --firstPoint 96 --lastPoint 107
spawning combine -M MultiDimFit /data6/Users/joonblee/higgs_combine/CMSSW_14_1_0_pre4/src/NIsoMuon/review_outputs/Run2Run3/M70/workspace_Run2Run3_M70.root -m 70 -t -1 --expectSignal 0 --setParameters r=0 --algo grid --points 240 --rMin -3 --rMax 100 --saveNLL -n .ReviewScan_Run2Run3_M70.9 --firstPoint 108 --lastPoint 119
spawning combine -M MultiDimFit /data6/Users/joonblee/higgs_combine/CMSSW_14_1_0_pre4/src/NIsoMuon/review_outputs/Run2Run3/M70/workspace_Run2Run3_M70.root -m 70 -t -1 --expectSignal 0 --setParameters r=0 --algo grid --points 240 --rMin -3 --rMax 100 --saveNLL -n .ReviewScan_Run2Run3_M70.10 --firstPoint 120 --lastPoint 131
spawning combine -M MultiDimFit /data6/Users/joonblee/higgs_combine/CMSSW_14_1_0_pre4/src/NIsoMuon/review_outputs/Run2Run3/M70/workspace_Run2Run3_M70.root -m 70 -t -1 --expectSignal 0 --setParameters r=0 --algo grid --points 240 --rMin -3 --rMax 100 --saveNLL -n .ReviewScan_Run2Run3_M70.11 --firstPoint 132 --lastPoint 143
spawning combine -M MultiDimFit /data6/Users/joonblee/higgs_combine/CMSSW_14_1_0_pre4/src/NIsoMuon/review_outputs/Run2Run3/M70/workspace_Run2Run3_M70.root -m 70 -t -1 --expectSignal 0 --setParameters r=0 --algo grid --points 240 --rMin -3 --rMax 100 --saveNLL -n .ReviewScan_Run2Run3_M70.12 --firstPoint 144 --lastPoint 155
spawning combine -M MultiDimFit /data6/Users/joonblee/higgs_combine/CMSSW_14_1_0_pre4/src/NIsoMuon/review_outputs/Run2Run3/M70/workspace_Run2Run3_M70.root -m 70 -t -1 --expectSignal 0 --setParameters r=0 --algo grid --points 240 --rMin -3 --rMax 100 --saveNLL -n .ReviewScan_Run2Run3_M70.13 --firstPoint 156 --lastPoint 167
spawning combine -M MultiDimFit /data6/Users/joonblee/higgs_combine/CMSSW_14_1_0_pre4/src/NIsoMuon/review_outputs/Run2Run3/M70/workspace_Run2Run3_M70.root -m 70 -t -1 --expectSignal 0 --setParameters r=0 --algo grid --points 240 --rMin -3 --rMax 100 --saveNLL -n .ReviewScan_Run2Run3_M70.14 --firstPoint 168 --lastPoint 179
spawning combine -M MultiDimFit /data6/Users/joonblee/higgs_combine/CMSSW_14_1_0_pre4/src/NIsoMuon/review_outputs/Run2Run3/M70/workspace_Run2Run3_M70.root -m 70 -t -1 --expectSignal 0 --setParameters r=0 --algo grid --points 240 --rMin -3 --rMax 100 --saveNLL -n .ReviewScan_Run2Run3_M70.15 --firstPoint 180 --lastPoint 191
spawning combine -M MultiDimFit /data6/Users/joonblee/higgs_combine/CMSSW_14_1_0_pre4/src/NIsoMuon/review_outputs/Run2Run3/M70/workspace_Run2Run3_M70.root -m 70 -t -1 --expectSignal 0 --setParameters r=0 --algo grid --points 240 --rMin -3 --rMax 100 --saveNLL -n .ReviewScan_Run2Run3_M70.16 --firstPoint 192 --lastPoint 203
spawning combine -M MultiDimFit /data6/Users/joonblee/higgs_combine/CMSSW_14_1_0_pre4/src/NIsoMuon/review_outputs/Run2Run3/M70/workspace_Run2Run3_M70.root -m 70 -t -1 --expectSignal 0 --setParameters r=0 --algo grid --points 240 --rMin -3 --rMax 100 --saveNLL -n .ReviewScan_Run2Run3_M70.17 --firstPoint 204 --lastPoint 215
spawning combine -M MultiDimFit /data6/Users/joonblee/higgs_combine/CMSSW_14_1_0_pre4/src/NIsoMuon/review_outputs/Run2Run3/M70/workspace_Run2Run3_M70.root -m 70 -t -1 --expectSignal 0 --setParameters r=0 --algo grid --points 240 --rMin -3 --rMax 100 --saveNLL -n .ReviewScan_Run2Run3_M70.18 --firstPoint 216 --lastPoint 227
spawning combine -M MultiDimFit /data6/Users/joonblee/higgs_combine/CMSSW_14_1_0_pre4/src/NIsoMuon/review_outputs/Run2Run3/M70/workspace_Run2Run3_M70.root -m 70 -t -1 --expectSignal 0 --setParameters r=0 --algo grid --points 240 --rMin -3 --rMax 100 --saveNLL -n .ReviewScan_Run2Run3_M70.19 --firstPoint 228 --lastPoint 239
All workers done, doing the hadd to make higgsCombine.ReviewScan_Run2Run3_M70.MultiDimFit.mH70.root out of higgsCombine.ReviewScan_Run2Run3_M70.{0..19}.MultiDimFit.mH70.root
