[REVIEW CONFIG]
{
  "alpha_internal_unit": 8.005935406497654e-07,
  "card": "/data6/Users/joonblee/higgs_combine/CMSSW_14_1_0_pre4/src/NIsoMuon/datacards_NIsoMuon/alpha/blind/combined/Run2Run3/datacard_M-20_Run2Run3.txt",
  "cmssw_base": "/data6/Users/joonblee/higgs_combine/CMSSW_16_0_0",
  "existing_expected_median_alpha95": 1.2409199880071364e-05,
  "existing_expected_median_r95": 15.5,
  "mass": 20.0,
  "scram_arch": "el9_amd64_gcc13",
  "target": "Run2Run3",
  "tasks": [
    "bias"
  ]
}

========================================================================================
[TASK] bias | target=Run2Run3 | M=20
========================================================================================
[RUN] (cd /data6/Users/joonblee/higgs_combine/CMSSW_14_1_0_pre4/src/NIsoMuon/review_outputs/Run2Run3/M20 && text2workspace.py /data6/Users/joonblee/higgs_combine/CMSSW_14_1_0_pre4/src/NIsoMuon/datacards_NIsoMuon/alpha/blind/combined/Run2Run3/datacard_M-20_Run2Run3.txt -m 20 -o workspace_Run2Run3_M20.root)
[RUN] (cd /data6/Users/joonblee/higgs_combine/CMSSW_14_1_0_pre4/src/NIsoMuon/review_outputs/Run2Run3/M20/bias && combine -M GenerateOnly /data6/Users/joonblee/higgs_combine/CMSSW_14_1_0_pre4/src/NIsoMuon/review_outputs/Run2Run3/M20/workspace_Run2Run3_M20.root -m 20 -t 500 --expectSignal 0 --setParameters r=0 --setParameterRanges r=0,100 --saveToys -s 12345 -n .ReviewBiasGen_Run2Run3_M20_r0)
 <<< Combine >>> 
 <<< v11.0.0 >>>
>>> Random number generator seed is 12345
>>> Method used is GenerateOnly
Set Range of Parameter r To : (0,100)
Set Default Value of Parameter r To : 0
Warning: A value of r is specified in both the --setParameters and --expectSignal options. The argument of --expectSignal will take precedence
Set Range of Parameter r To : (0,100)
Generate toy 1/500
Set Range of Parameter r To : (0,100)
Generate toy 2/500
Set Range of Parameter r To : (0,100)
Generate toy 3/500
Set Range of Parameter r To : (0,100)
Generate toy 4/500
Set Range of Parameter r To : (0,100)
Generate toy 5/500
Set Range of Parameter r To : (0,100)
Generate toy 6/500
Set Range of Parameter r To : (0,100)
Generate toy 7/500
Set Range of Parameter r To : (0,100)
Generate toy 8/500
Set Range of Parameter r To : (0,100)
Generate toy 9/500
Set Range of Parameter r To : (0,100)
Generate toy 10/500
Set Range of Parameter r To : (0,100)
Generate toy 11/500
Set Range of Parameter r To : (0,100)
Generate toy 12/500
Set Range of Parameter r To : (0,100)
Generate toy 13/500
Set Range of Parameter r To : (0,100)
Generate toy 14/500
Set Range of Parameter r To : (0,100)
Generate toy 15/500
Set Range of Parameter r To : (0,100)
Generate toy 16/500
Set Range of Parameter r To : (0,100)
Generate toy 17/500
Set Range of Parameter r To : (0,100)
Generate toy 18/500
Set Range of Parameter r To : (0,100)
Generate toy 19/500
Set Range of Parameter r To : (0,100)
Generate toy 20/500
Set Range of Parameter r To : (0,100)
Generate toy 21/500
Set Range of Parameter r To : (0,100)
Generate toy 22/500
Set Range of Parameter r To : (0,100)
Generate toy 23/500
Set Range of Parameter r To : (0,100)
Generate toy 24/500
Set Range of Parameter r To : (0,100)
Generate toy 25/500
Set Range of Parameter r To : (0,100)
Generate toy 26/500
Set Range of Parameter r To : (0,100)
Generate toy 27/500
Set Range of Parameter r To : (0,100)
Generate toy 28/500
Set Range of Parameter r To : (0,100)
Generate toy 29/500
Set Range of Parameter r To : (0,100)
Generate toy 30/500
Set Range of Parameter r To : (0,100)
Generate toy 31/500
Set Range of Parameter r To : (0,100)
Generate toy 32/500
Set Range of Parameter r To : (0,100)
Generate toy 33/500
Set Range of Parameter r To : (0,100)
Generate toy 34/500
Set Range of Parameter r To : (0,100)
Generate toy 35/500
Set Range of Parameter r To : (0,100)
Generate toy 36/500
Set Range of Parameter r To : (0,100)
Generate toy 37/500
Set Range of Parameter r To : (0,100)
Generate toy 38/500
Set Range of Parameter r To : (0,100)
Generate toy 39/500
Set Range of Parameter r To : (0,100)
Generate toy 40/500
Set Range of Parameter r To : (0,100)
Generate toy 41/500
Set Range of Parameter r To : (0,100)
Generate toy 42/500
Set Range of Parameter r To : (0,100)
Generate toy 43/500
Set Range of Parameter r To : (0,100)
Generate toy 44/500
Set Range of Parameter r To : (0,100)
Generate toy 45/500
Set Range of Parameter r To : (0,100)
Generate toy 46/500
Set Range of Parameter r To : (0,100)
Generate toy 47/500
Set Range of Parameter r To : (0,100)
Generate toy 48/500
Set Range of Parameter r To : (0,100)
Generate toy 49/500
Set Range of Parameter r To : (0,100)
Generate toy 50/500
Set Range of Parameter r To : (0,100)
Generate toy 51/500
Set Range of Parameter r To : (0,100)
Generate toy 52/500
Set Range of Parameter r To : (0,100)
Generate toy 53/500
Set Range of Parameter r To : (0,100)
Generate toy 54/500
Set Range of Parameter r To : (0,100)
Generate toy 55/500
Set Range of Parameter r To : (0,100)
Generate toy 56/500
Set Range of Parameter r To : (0,100)
Generate toy 57/500
Set Range of Parameter r To : (0,100)
Generate toy 58/500
Set Range of Parameter r To : (0,100)
Generate toy 59/500
Set Range of Parameter r To : (0,100)
Generate toy 60/500
Set Range of Parameter r To : (0,100)
Generate toy 61/500
Set Range of Parameter r To : (0,100)
Generate toy 62/500
Set Range of Parameter r To : (0,100)
Generate toy 63/500
Set Range of Parameter r To : (0,100)
Generate toy 64/500
Set Range of Parameter r To : (0,100)
Generate toy 65/500
Set Range of Parameter r To : (0,100)
Generate toy 66/500
Set Range of Parameter r To : (0,100)
Generate toy 67/500
Set Range of Parameter r To : (0,100)
Generate toy 68/500
Set Range of Parameter r To : (0,100)
Generate toy 69/500
Set Range of Parameter r To : (0,100)
Generate toy 70/500
Set Range of Parameter r To : (0,100)
Generate toy 71/500
Set Range of Parameter r To : (0,100)
Generate toy 72/500
Set Range of Parameter r To : (0,100)
Generate toy 73/500
Set Range of Parameter r To : (0,100)
Generate toy 74/500
Set Range of Parameter r To : (0,100)
Generate toy 75/500
Set Range of Parameter r To : (0,100)
Generate toy 76/500
Set Range of Parameter r To : (0,100)
Generate toy 77/500
Set Range of Parameter r To : (0,100)
Generate toy 78/500
Set Range of Parameter r To : (0,100)
Generate toy 79/500
Set Range of Parameter r To : (0,100)
Generate toy 80/500
Set Range of Parameter r To : (0,100)
Generate toy 81/500
Set Range of Parameter r To : (0,100)
Generate toy 82/500
Set Range of Parameter r To : (0,100)
Generate toy 83/500
Set Range of Parameter r To : (0,100)
Generate toy 84/500
Set Range of Parameter r To : (0,100)
Generate toy 85/500
Set Range of Parameter r To : (0,100)
Generate toy 86/500
Set Range of Parameter r To : (0,100)
Generate toy 87/500
Set Range of Parameter r To : (0,100)
Generate toy 88/500
Set Range of Parameter r To : (0,100)
Generate toy 89/500
Set Range of Parameter r To : (0,100)
Generate toy 90/500
Set Range of Parameter r To : (0,100)
Generate toy 91/500
Set Range of Parameter r To : (0,100)
Generate toy 92/500
Set Range of Parameter r To : (0,100)
Generate toy 93/500
Set Range of Parameter r To : (0,100)
Generate toy 94/500
Set Range of Parameter r To : (0,100)
Generate toy 95/500
Set Range of Parameter r To : (0,100)
Generate toy 96/500
Set Range of Parameter r To : (0,100)
Generate toy 97/500
Set Range of Parameter r To : (0,100)
Generate toy 98/500
Set Range of Parameter r To : (0,100)
Generate toy 99/500
Set Range of Parameter r To : (0,100)
Generate toy 100/500
Set Range of Parameter r To : (0,100)
Generate toy 101/500
Set Range of Parameter r To : (0,100)
Generate toy 102/500
Set Range of Parameter r To : (0,100)
Generate toy 103/500
Set Range of Parameter r To : (0,100)
Generate toy 104/500
Set Range of Parameter r To : (0,100)
Generate toy 105/500
Set Range of Parameter r To : (0,100)
Generate toy 106/500
Set Range of Parameter r To : (0,100)
Generate toy 107/500
Set Range of Parameter r To : (0,100)
Generate toy 108/500
Set Range of Parameter r To : (0,100)
Generate toy 109/500
Set Range of Parameter r To : (0,100)
Generate toy 110/500
Set Range of Parameter r To : (0,100)
Generate toy 111/500
Set Range of Parameter r To : (0,100)
Generate toy 112/500
Set Range of Parameter r To : (0,100)
Generate toy 113/500
Set Range of Parameter r To : (0,100)
Generate toy 114/500
Set Range of Parameter r To : (0,100)
Generate toy 115/500
Set Range of Parameter r To : (0,100)
Generate toy 116/500
Set Range of Parameter r To : (0,100)
Generate toy 117/500
Set Range of Parameter r To : (0,100)
Generate toy 118/500
Set Range of Parameter r To : (0,100)
Generate toy 119/500
Set Range of Parameter r To : (0,100)
Generate toy 120/500
Set Range of Parameter r To : (0,100)
Generate toy 121/500
Set Range of Parameter r To : (0,100)
Generate toy 122/500
Set Range of Parameter r To : (0,100)
Generate toy 123/500
Set Range of Parameter r To : (0,100)
Generate toy 124/500
Set Range of Parameter r To : (0,100)
Generate toy 125/500
Set Range of Parameter r To : (0,100)
Generate toy 126/500
Set Range of Parameter r To : (0,100)
Generate toy 127/500
Set Range of Parameter r To : (0,100)
Generate toy 128/500
Set Range of Parameter r To : (0,100)
Generate toy 129/500
Set Range of Parameter r To : (0,100)
Generate toy 130/500
Set Range of Parameter r To : (0,100)
Generate toy 131/500
Set Range of Parameter r To : (0,100)
Generate toy 132/500
Set Range of Parameter r To : (0,100)
Generate toy 133/500
Set Range of Parameter r To : (0,100)
Generate toy 134/500
Set Range of Parameter r To : (0,100)
Generate toy 135/500
Set Range of Parameter r To : (0,100)
Generate toy 136/500
Set Range of Parameter r To : (0,100)
Generate toy 137/500
Set Range of Parameter r To : (0,100)
Generate toy 138/500
Set Range of Parameter r To : (0,100)
Generate toy 139/500
Set Range of Parameter r To : (0,100)
Generate toy 140/500
Set Range of Parameter r To : (0,100)
Generate toy 141/500
Set Range of Parameter r To : (0,100)
Generate toy 142/500
Set Range of Parameter r To : (0,100)
Generate toy 143/500
Set Range of Parameter r To : (0,100)
Generate toy 144/500
Set Range of Parameter r To : (0,100)
Generate toy 145/500
Set Range of Parameter r To : (0,100)
Generate toy 146/500
Set Range of Parameter r To : (0,100)
Generate toy 147/500
Set Range of Parameter r To : (0,100)
Generate toy 148/500
Set Range of Parameter r To : (0,100)
Generate toy 149/500
Set Range of Parameter r To : (0,100)
Generate toy 150/500
Set Range of Parameter r To : (0,100)
Generate toy 151/500
Set Range of Parameter r To : (0,100)
Generate toy 152/500
Set Range of Parameter r To : (0,100)
Generate toy 153/500
Set Range of Parameter r To : (0,100)
Generate toy 154/500
Set Range of Parameter r To : (0,100)
Generate toy 155/500
Set Range of Parameter r To : (0,100)
Generate toy 156/500
Set Range of Parameter r To : (0,100)
Generate toy 157/500
Set Range of Parameter r To : (0,100)
Generate toy 158/500
Set Range of Parameter r To : (0,100)
Generate toy 159/500
Set Range of Parameter r To : (0,100)
Generate toy 160/500
Set Range of Parameter r To : (0,100)
Generate toy 161/500
Set Range of Parameter r To : (0,100)
Generate toy 162/500
Set Range of Parameter r To : (0,100)
Generate toy 163/500
Set Range of Parameter r To : (0,100)
Generate toy 164/500
Set Range of Parameter r To : (0,100)
Generate toy 165/500
Set Range of Parameter r To : (0,100)
Generate toy 166/500
Set Range of Parameter r To : (0,100)
Generate toy 167/500
Set Range of Parameter r To : (0,100)
Generate toy 168/500
Set Range of Parameter r To : (0,100)
Generate toy 169/500
Set Range of Parameter r To : (0,100)
Generate toy 170/500
Set Range of Parameter r To : (0,100)
Generate toy 171/500
Set Range of Parameter r To : (0,100)
Generate toy 172/500
Set Range of Parameter r To : (0,100)
Generate toy 173/500
Set Range of Parameter r To : (0,100)
Generate toy 174/500
Set Range of Parameter r To : (0,100)
Generate toy 175/500
Set Range of Parameter r To : (0,100)
Generate toy 176/500
Set Range of Parameter r To : (0,100)
Generate toy 177/500
Set Range of Parameter r To : (0,100)
Generate toy 178/500
Set Range of Parameter r To : (0,100)
Generate toy 179/500
Set Range of Parameter r To : (0,100)
Generate toy 180/500
Set Range of Parameter r To : (0,100)
Generate toy 181/500
Set Range of Parameter r To : (0,100)
Generate toy 182/500
Set Range of Parameter r To : (0,100)
Generate toy 183/500
Set Range of Parameter r To : (0,100)
Generate toy 184/500
Set Range of Parameter r To : (0,100)
Generate toy 185/500
Set Range of Parameter r To : (0,100)
Generate toy 186/500
Set Range of Parameter r To : (0,100)
Generate toy 187/500
Set Range of Parameter r To : (0,100)
Generate toy 188/500
Set Range of Parameter r To : (0,100)
Generate toy 189/500
Set Range of Parameter r To : (0,100)
Generate toy 190/500
Set Range of Parameter r To : (0,100)
Generate toy 191/500
Set Range of Parameter r To : (0,100)
Generate toy 192/500
Set Range of Parameter r To : (0,100)
Generate toy 193/500
Set Range of Parameter r To : (0,100)
Generate toy 194/500
Set Range of Parameter r To : (0,100)
Generate toy 195/500
Set Range of Parameter r To : (0,100)
Generate toy 196/500
Set Range of Parameter r To : (0,100)
Generate toy 197/500
Set Range of Parameter r To : (0,100)
Generate toy 198/500
Set Range of Parameter r To : (0,100)
Generate toy 199/500
Set Range of Parameter r To : (0,100)
Generate toy 200/500
Set Range of Parameter r To : (0,100)
Generate toy 201/500
Set Range of Parameter r To : (0,100)
Generate toy 202/500
Set Range of Parameter r To : (0,100)
Generate toy 203/500
Set Range of Parameter r To : (0,100)
Generate toy 204/500
Set Range of Parameter r To : (0,100)
Generate toy 205/500
Set Range of Parameter r To : (0,100)
Generate toy 206/500
Set Range of Parameter r To : (0,100)
Generate toy 207/500
Set Range of Parameter r To : (0,100)
Generate toy 208/500
Set Range of Parameter r To : (0,100)
Generate toy 209/500
Set Range of Parameter r To : (0,100)
Generate toy 210/500
Set Range of Parameter r To : (0,100)
Generate toy 211/500
Set Range of Parameter r To : (0,100)
Generate toy 212/500
Set Range of Parameter r To : (0,100)
Generate toy 213/500
Set Range of Parameter r To : (0,100)
Generate toy 214/500
Set Range of Parameter r To : (0,100)
Generate toy 215/500
Set Range of Parameter r To : (0,100)
Generate toy 216/500
Set Range of Parameter r To : (0,100)
Generate toy 217/500
Set Range of Parameter r To : (0,100)
Generate toy 218/500
Set Range of Parameter r To : (0,100)
Generate toy 219/500
Set Range of Parameter r To : (0,100)
Generate toy 220/500
Set Range of Parameter r To : (0,100)
Generate toy 221/500
Set Range of Parameter r To : (0,100)
Generate toy 222/500
Set Range of Parameter r To : (0,100)
Generate toy 223/500
Set Range of Parameter r To : (0,100)
Generate toy 224/500
Set Range of Parameter r To : (0,100)
Generate toy 225/500
Set Range of Parameter r To : (0,100)
Generate toy 226/500
Set Range of Parameter r To : (0,100)
Generate toy 227/500
Set Range of Parameter r To : (0,100)
Generate toy 228/500
Set Range of Parameter r To : (0,100)
Generate toy 229/500
Set Range of Parameter r To : (0,100)
Generate toy 230/500
Set Range of Parameter r To : (0,100)
Generate toy 231/500
Set Range of Parameter r To : (0,100)
Generate toy 232/500
Set Range of Parameter r To : (0,100)
Generate toy 233/500
Set Range of Parameter r To : (0,100)
Generate toy 234/500
Set Range of Parameter r To : (0,100)
Generate toy 235/500
Set Range of Parameter r To : (0,100)
Generate toy 236/500
Set Range of Parameter r To : (0,100)
Generate toy 237/500
Set Range of Parameter r To : (0,100)
Generate toy 238/500
Set Range of Parameter r To : (0,100)
Generate toy 239/500
Set Range of Parameter r To : (0,100)
Generate toy 240/500
Set Range of Parameter r To : (0,100)
Generate toy 241/500
Set Range of Parameter r To : (0,100)
Generate toy 242/500
Set Range of Parameter r To : (0,100)
Generate toy 243/500
Set Range of Parameter r To : (0,100)
Generate toy 244/500
Set Range of Parameter r To : (0,100)
Generate toy 245/500
Set Range of Parameter r To : (0,100)
Generate toy 246/500
Set Range of Parameter r To : (0,100)
Generate toy 247/500
Set Range of Parameter r To : (0,100)
Generate toy 248/500
Set Range of Parameter r To : (0,100)
Generate toy 249/500
Set Range of Parameter r To : (0,100)
Generate toy 250/500
Set Range of Parameter r To : (0,100)
Generate toy 251/500
Set Range of Parameter r To : (0,100)
Generate toy 252/500
Set Range of Parameter r To : (0,100)
Generate toy 253/500
Set Range of Parameter r To : (0,100)
Generate toy 254/500
Set Range of Parameter r To : (0,100)
Generate toy 255/500
Set Range of Parameter r To : (0,100)
Generate toy 256/500
Set Range of Parameter r To : (0,100)
Generate toy 257/500
Set Range of Parameter r To : (0,100)
Generate toy 258/500
Set Range of Parameter r To : (0,100)
Generate toy 259/500
Set Range of Parameter r To : (0,100)
Generate toy 260/500
Set Range of Parameter r To : (0,100)
Generate toy 261/500
Set Range of Parameter r To : (0,100)
Generate toy 262/500
Set Range of Parameter r To : (0,100)
Generate toy 263/500
Set Range of Parameter r To : (0,100)
Generate toy 264/500
Set Range of Parameter r To : (0,100)
Generate toy 265/500
Set Range of Parameter r To : (0,100)
Generate toy 266/500
Set Range of Parameter r To : (0,100)
Generate toy 267/500
Set Range of Parameter r To : (0,100)
Generate toy 268/500
Set Range of Parameter r To : (0,100)
Generate toy 269/500
Set Range of Parameter r To : (0,100)
Generate toy 270/500
Set Range of Parameter r To : (0,100)
Generate toy 271/500
Set Range of Parameter r To : (0,100)
Generate toy 272/500
Set Range of Parameter r To : (0,100)
Generate toy 273/500
Set Range of Parameter r To : (0,100)
Generate toy 274/500
Set Range of Parameter r To : (0,100)
Generate toy 275/500
Set Range of Parameter r To : (0,100)
Generate toy 276/500
Set Range of Parameter r To : (0,100)
Generate toy 277/500
Set Range of Parameter r To : (0,100)
Generate toy 278/500
Set Range of Parameter r To : (0,100)
Generate toy 279/500
Set Range of Parameter r To : (0,100)
Generate toy 280/500
Set Range of Parameter r To : (0,100)
Generate toy 281/500
Set Range of Parameter r To : (0,100)
Generate toy 282/500
Set Range of Parameter r To : (0,100)
Generate toy 283/500
Set Range of Parameter r To : (0,100)
Generate toy 284/500
Set Range of Parameter r To : (0,100)
Generate toy 285/500
Set Range of Parameter r To : (0,100)
Generate toy 286/500
Set Range of Parameter r To : (0,100)
Generate toy 287/500
Set Range of Parameter r To : (0,100)
Generate toy 288/500
Set Range of Parameter r To : (0,100)
Generate toy 289/500
Set Range of Parameter r To : (0,100)
Generate toy 290/500
Set Range of Parameter r To : (0,100)
Generate toy 291/500
Set Range of Parameter r To : (0,100)
Generate toy 292/500
Set Range of Parameter r To : (0,100)
Generate toy 293/500
Set Range of Parameter r To : (0,100)
Generate toy 294/500
Set Range of Parameter r To : (0,100)
Generate toy 295/500
Set Range of Parameter r To : (0,100)
Generate toy 296/500
Set Range of Parameter r To : (0,100)
Generate toy 297/500
Set Range of Parameter r To : (0,100)
Generate toy 298/500
Set Range of Parameter r To : (0,100)
Generate toy 299/500
Set Range of Parameter r To : (0,100)
Generate toy 300/500
Set Range of Parameter r To : (0,100)
Generate toy 301/500
Set Range of Parameter r To : (0,100)
Generate toy 302/500
Set Range of Parameter r To : (0,100)
Generate toy 303/500
Set Range of Parameter r To : (0,100)
Generate toy 304/500
Set Range of Parameter r To : (0,100)
Generate toy 305/500
Set Range of Parameter r To : (0,100)
Generate toy 306/500
Set Range of Parameter r To : (0,100)
Generate toy 307/500
Set Range of Parameter r To : (0,100)
Generate toy 308/500
Set Range of Parameter r To : (0,100)
Generate toy 309/500
Set Range of Parameter r To : (0,100)
Generate toy 310/500
Set Range of Parameter r To : (0,100)
Generate toy 311/500
Set Range of Parameter r To : (0,100)
Generate toy 312/500
Set Range of Parameter r To : (0,100)
Generate toy 313/500
Set Range of Parameter r To : (0,100)
Generate toy 314/500
Set Range of Parameter r To : (0,100)
Generate toy 315/500
Set Range of Parameter r To : (0,100)
Generate toy 316/500
Set Range of Parameter r To : (0,100)
Generate toy 317/500
Set Range of Parameter r To : (0,100)
Generate toy 318/500
Set Range of Parameter r To : (0,100)
Generate toy 319/500
Set Range of Parameter r To : (0,100)
Generate toy 320/500
Set Range of Parameter r To : (0,100)
Generate toy 321/500
Set Range of Parameter r To : (0,100)
Generate toy 322/500
Set Range of Parameter r To : (0,100)
Generate toy 323/500
Set Range of Parameter r To : (0,100)
Generate toy 324/500
Set Range of Parameter r To : (0,100)
Generate toy 325/500
Set Range of Parameter r To : (0,100)
Generate toy 326/500
Set Range of Parameter r To : (0,100)
Generate toy 327/500
Set Range of Parameter r To : (0,100)
Generate toy 328/500
Set Range of Parameter r To : (0,100)
Generate toy 329/500
Set Range of Parameter r To : (0,100)
Generate toy 330/500
Set Range of Parameter r To : (0,100)
Generate toy 331/500
Set Range of Parameter r To : (0,100)
Generate toy 332/500
Set Range of Parameter r To : (0,100)
Generate toy 333/500
Set Range of Parameter r To : (0,100)
Generate toy 334/500
Set Range of Parameter r To : (0,100)
Generate toy 335/500
Set Range of Parameter r To : (0,100)
Generate toy 336/500
Set Range of Parameter r To : (0,100)
Generate toy 337/500
Set Range of Parameter r To : (0,100)
Generate toy 338/500
Set Range of Parameter r To : (0,100)
Generate toy 339/500
Set Range of Parameter r To : (0,100)
Generate toy 340/500
Set Range of Parameter r To : (0,100)
Generate toy 341/500
Set Range of Parameter r To : (0,100)
Generate toy 342/500
Set Range of Parameter r To : (0,100)
Generate toy 343/500
Set Range of Parameter r To : (0,100)
Generate toy 344/500
Set Range of Parameter r To : (0,100)
Generate toy 345/500
Set Range of Parameter r To : (0,100)
Generate toy 346/500
Set Range of Parameter r To : (0,100)
Generate toy 347/500
Set Range of Parameter r To : (0,100)
Generate toy 348/500
Set Range of Parameter r To : (0,100)
Generate toy 349/500
Set Range of Parameter r To : (0,100)
Generate toy 350/500
Set Range of Parameter r To : (0,100)
Generate toy 351/500
Set Range of Parameter r To : (0,100)
Generate toy 352/500
Set Range of Parameter r To : (0,100)
Generate toy 353/500
Set Range of Parameter r To : (0,100)
Generate toy 354/500
Set Range of Parameter r To : (0,100)
Generate toy 355/500
Set Range of Parameter r To : (0,100)
Generate toy 356/500
Set Range of Parameter r To : (0,100)
Generate toy 357/500
Set Range of Parameter r To : (0,100)
Generate toy 358/500
Set Range of Parameter r To : (0,100)
Generate toy 359/500
Set Range of Parameter r To : (0,100)
Generate toy 360/500
Set Range of Parameter r To : (0,100)
Generate toy 361/500
Set Range of Parameter r To : (0,100)
Generate toy 362/500
Set Range of Parameter r To : (0,100)
Generate toy 363/500
Set Range of Parameter r To : (0,100)
Generate toy 364/500
Set Range of Parameter r To : (0,100)
Generate toy 365/500
Set Range of Parameter r To : (0,100)
Generate toy 366/500
Set Range of Parameter r To : (0,100)
Generate toy 367/500
Set Range of Parameter r To : (0,100)
Generate toy 368/500
Set Range of Parameter r To : (0,100)
Generate toy 369/500
Set Range of Parameter r To : (0,100)
Generate toy 370/500
Set Range of Parameter r To : (0,100)
Generate toy 371/500
Set Range of Parameter r To : (0,100)
Generate toy 372/500
Set Range of Parameter r To : (0,100)
Generate toy 373/500
Set Range of Parameter r To : (0,100)
Generate toy 374/500
Set Range of Parameter r To : (0,100)
Generate toy 375/500
Set Range of Parameter r To : (0,100)
Generate toy 376/500
Set Range of Parameter r To : (0,100)
Generate toy 377/500
Set Range of Parameter r To : (0,100)
Generate toy 378/500
Set Range of Parameter r To : (0,100)
Generate toy 379/500
Set Range of Parameter r To : (0,100)
Generate toy 380/500
Set Range of Parameter r To : (0,100)
Generate toy 381/500
Set Range of Parameter r To : (0,100)
Generate toy 382/500
Set Range of Parameter r To : (0,100)
Generate toy 383/500
Set Range of Parameter r To : (0,100)
Generate toy 384/500
Set Range of Parameter r To : (0,100)
Generate toy 385/500
Set Range of Parameter r To : (0,100)
Generate toy 386/500
Set Range of Parameter r To : (0,100)
Generate toy 387/500
Set Range of Parameter r To : (0,100)
Generate toy 388/500
Set Range of Parameter r To : (0,100)
Generate toy 389/500
Set Range of Parameter r To : (0,100)
Generate toy 390/500
Set Range of Parameter r To : (0,100)
Generate toy 391/500
Set Range of Parameter r To : (0,100)
Generate toy 392/500
Set Range of Parameter r To : (0,100)
Generate toy 393/500
Set Range of Parameter r To : (0,100)
Generate toy 394/500
Set Range of Parameter r To : (0,100)
Generate toy 395/500
Set Range of Parameter r To : (0,100)
Generate toy 396/500
Set Range of Parameter r To : (0,100)
Generate toy 397/500
Set Range of Parameter r To : (0,100)
Generate toy 398/500
Set Range of Parameter r To : (0,100)
Generate toy 399/500
Set Range of Parameter r To : (0,100)
Generate toy 400/500
Set Range of Parameter r To : (0,100)
Generate toy 401/500
Set Range of Parameter r To : (0,100)
Generate toy 402/500
Set Range of Parameter r To : (0,100)
Generate toy 403/500
Set Range of Parameter r To : (0,100)
Generate toy 404/500
Set Range of Parameter r To : (0,100)
Generate toy 405/500
Set Range of Parameter r To : (0,100)
Generate toy 406/500
Set Range of Parameter r To : (0,100)
Generate toy 407/500
Set Range of Parameter r To : (0,100)
Generate toy 408/500
Set Range of Parameter r To : (0,100)
Generate toy 409/500
Set Range of Parameter r To : (0,100)
Generate toy 410/500
Set Range of Parameter r To : (0,100)
Generate toy 411/500
Set Range of Parameter r To : (0,100)
Generate toy 412/500
Set Range of Parameter r To : (0,100)
Generate toy 413/500
Set Range of Parameter r To : (0,100)
Generate toy 414/500
Set Range of Parameter r To : (0,100)
Generate toy 415/500
Set Range of Parameter r To : (0,100)
Generate toy 416/500
Set Range of Parameter r To : (0,100)
Generate toy 417/500
Set Range of Parameter r To : (0,100)
Generate toy 418/500
Set Range of Parameter r To : (0,100)
Generate toy 419/500
Set Range of Parameter r To : (0,100)
Generate toy 420/500
Set Range of Parameter r To : (0,100)
Generate toy 421/500
Set Range of Parameter r To : (0,100)
Generate toy 422/500
Set Range of Parameter r To : (0,100)
Generate toy 423/500
Set Range of Parameter r To : (0,100)
Generate toy 424/500
Set Range of Parameter r To : (0,100)
Generate toy 425/500
Set Range of Parameter r To : (0,100)
Generate toy 426/500
Set Range of Parameter r To : (0,100)
Generate toy 427/500
Set Range of Parameter r To : (0,100)
Generate toy 428/500
Set Range of Parameter r To : (0,100)
Generate toy 429/500
Set Range of Parameter r To : (0,100)
Generate toy 430/500
Set Range of Parameter r To : (0,100)
Generate toy 431/500
Set Range of Parameter r To : (0,100)
Generate toy 432/500
Set Range of Parameter r To : (0,100)
Generate toy 433/500
Set Range of Parameter r To : (0,100)
Generate toy 434/500
Set Range of Parameter r To : (0,100)
Generate toy 435/500
Set Range of Parameter r To : (0,100)
Generate toy 436/500
Set Range of Parameter r To : (0,100)
Generate toy 437/500
Set Range of Parameter r To : (0,100)
Generate toy 438/500
Set Range of Parameter r To : (0,100)
Generate toy 439/500
Set Range of Parameter r To : (0,100)
Generate toy 440/500
Set Range of Parameter r To : (0,100)
Generate toy 441/500
Set Range of Parameter r To : (0,100)
Generate toy 442/500
Set Range of Parameter r To : (0,100)
Generate toy 443/500
Set Range of Parameter r To : (0,100)
Generate toy 444/500
Set Range of Parameter r To : (0,100)
Generate toy 445/500
Set Range of Parameter r To : (0,100)
Generate toy 446/500
Set Range of Parameter r To : (0,100)
Generate toy 447/500
Set Range of Parameter r To : (0,100)
Generate toy 448/500
Set Range of Parameter r To : (0,100)
Generate toy 449/500
Set Range of Parameter r To : (0,100)
Generate toy 450/500
Set Range of Parameter r To : (0,100)
Generate toy 451/500
Set Range of Parameter r To : (0,100)
Generate toy 452/500
Set Range of Parameter r To : (0,100)
Generate toy 453/500
Set Range of Parameter r To : (0,100)
Generate toy 454/500
Set Range of Parameter r To : (0,100)
Generate toy 455/500
Set Range of Parameter r To : (0,100)
Generate toy 456/500
Set Range of Parameter r To : (0,100)
Generate toy 457/500
Set Range of Parameter r To : (0,100)
Generate toy 458/500
Set Range of Parameter r To : (0,100)
Generate toy 459/500
Set Range of Parameter r To : (0,100)
Generate toy 460/500
Set Range of Parameter r To : (0,100)
Generate toy 461/500
Set Range of Parameter r To : (0,100)
Generate toy 462/500
Set Range of Parameter r To : (0,100)
Generate toy 463/500
Set Range of Parameter r To : (0,100)
Generate toy 464/500
Set Range of Parameter r To : (0,100)
Generate toy 465/500
Set Range of Parameter r To : (0,100)
Generate toy 466/500
Set Range of Parameter r To : (0,100)
Generate toy 467/500
Set Range of Parameter r To : (0,100)
Generate toy 468/500
Set Range of Parameter r To : (0,100)
Generate toy 469/500
Set Range of Parameter r To : (0,100)
Generate toy 470/500
Set Range of Parameter r To : (0,100)
Generate toy 471/500
Set Range of Parameter r To : (0,100)
Generate toy 472/500
Set Range of Parameter r To : (0,100)
Generate toy 473/500
Set Range of Parameter r To : (0,100)
Generate toy 474/500
Set Range of Parameter r To : (0,100)
Generate toy 475/500
Set Range of Parameter r To : (0,100)
Generate toy 476/500
Set Range of Parameter r To : (0,100)
Generate toy 477/500
Set Range of Parameter r To : (0,100)
Generate toy 478/500
Set Range of Parameter r To : (0,100)
Generate toy 479/500
Set Range of Parameter r To : (0,100)
Generate toy 480/500
Set Range of Parameter r To : (0,100)
Generate toy 481/500
Set Range of Parameter r To : (0,100)
Generate toy 482/500
Set Range of Parameter r To : (0,100)
Generate toy 483/500
Set Range of Parameter r To : (0,100)
Generate toy 484/500
Set Range of Parameter r To : (0,100)
Generate toy 485/500
Set Range of Parameter r To : (0,100)
Generate toy 486/500
Set Range of Parameter r To : (0,100)
Generate toy 487/500
Set Range of Parameter r To : (0,100)
Generate toy 488/500
Set Range of Parameter r To : (0,100)
Generate toy 489/500
Set Range of Parameter r To : (0,100)
Generate toy 490/500
Set Range of Parameter r To : (0,100)
Generate toy 491/500
Set Range of Parameter r To : (0,100)
Generate toy 492/500
Set Range of Parameter r To : (0,100)
Generate toy 493/500
Set Range of Parameter r To : (0,100)
Generate toy 494/500
Set Range of Parameter r To : (0,100)
Generate toy 495/500
Set Range of Parameter r To : (0,100)
Generate toy 496/500
Set Range of Parameter r To : (0,100)
Generate toy 497/500
Set Range of Parameter r To : (0,100)
Generate toy 498/500
Set Range of Parameter r To : (0,100)
Generate toy 499/500
Set Range of Parameter r To : (0,100)
Generate toy 500/500
mean   expected limit: r < 3.51093e-316 +/- 0 @ 95%CL (500 toyMC)
median expected limit: r < 3.51093e-316 @ 95%CL (500 toyMC)
   68% expected band : 3.51093e-316 < r < 3.51093e-316
   95% expected band : 3.51093e-316 < r < 3.51093e-316
[RUN] (cd /data6/Users/joonblee/higgs_combine/CMSSW_14_1_0_pre4/src/NIsoMuon/review_outputs/Run2Run3/M20/bias && combine -M MultiDimFit /data6/Users/joonblee/higgs_combine/CMSSW_14_1_0_pre4/src/NIsoMuon/review_outputs/Run2Run3/M20/workspace_Run2Run3_M20.root -m 20 -t 500 --toysFile /data6/Users/joonblee/higgs_combine/CMSSW_14_1_0_pre4/src/NIsoMuon/review_outputs/Run2Run3/M20/bias/higgsCombine.ReviewBiasGen_Run2Run3_M20_r0.GenerateOnly.mH20.12345.root --algo singles --setParameters r=0 --rMin -20 --rMax 100 --setParameterRanges r=-20,100 -n .ReviewBiasFit_Run2Run3_M20_r0)
 <<< Combine >>> 
 <<< v11.0.0 >>>
>>> Random number generator seed is 123456
>>> Method used is MultiDimFit
Set Range of Parameter r To : (-20,100)
Set Default Value of Parameter r To : 0
Set Range of Parameter r To : (-20,100)
Doing initial fit: 

 --- MultiDimFit ---
best fit parameter values and profile-likelihood uncertainties: 
   r :    +2.773   -7.567/+8.077 (68%)
Set Range of Parameter r To : (-20,100)
Doing initial fit: 

 --- MultiDimFit ---
best fit parameter values and profile-likelihood uncertainties: 
   r :    -8.245   -8.702/+7.905 (68%)
Set Range of Parameter r To : (-20,100)
Doing initial fit: 

 --- MultiDimFit ---
best fit parameter values and profile-likelihood uncertainties: 
   r :    +9.419   -8.932/+8.124 (68%)
Set Range of Parameter r To : (-20,100)
Doing initial fit: 

 --- MultiDimFit ---
best fit parameter values and profile-likelihood uncertainties: 
   r :    -0.152   -7.283/+6.718 (68%)
Set Range of Parameter r To : (-20,100)
Doing initial fit: 

 --- MultiDimFit ---
best fit parameter values and profile-likelihood uncertainties: 
   r :    +4.115   -9.871/+10.401 (68%)
Set Range of Parameter r To : (-20,100)
Doing initial fit: 

 --- MultiDimFit ---
best fit parameter values and profile-likelihood uncertainties: 
   r :    +0.179   -7.689/+7.464 (68%)
Set Range of Parameter r To : (-20,100)
Doing initial fit: 

 --- MultiDimFit ---
best fit parameter values and profile-likelihood uncertainties: 
   r :    +0.815   -6.746/+6.456 (68%)
Set Range of Parameter r To : (-20,100)
Doing initial fit: 

 --- MultiDimFit ---
best fit parameter values and profile-likelihood uncertainties: 
   r :    -1.906   -10.356/+10.168 (68%)
Set Range of Parameter r To : (-20,100)
Doing initial fit: 

 --- MultiDimFit ---
best fit parameter values and profile-likelihood uncertainties: 
   r :   +10.204   -9.810/+11.539 (68%)
Set Range of Parameter r To : (-20,100)
Doing initial fit: 

 

 ---------------------------

 WARNING: MultiDimFit failed

 ---------------------------

 
Set Range of Parameter r To : (-20,100)
Doing initial fit: 

 --- MultiDimFit ---
best fit parameter values and profile-likelihood uncertainties: 
   r :    -5.448   -8.748/+8.006 (68%)
Set Range of Parameter r To : (-20,100)
Doing initial fit: 

 --- MultiDimFit ---
best fit parameter values and profile-likelihood uncertainties: 
   r :    -0.702   -9.654/+9.415 (68%)
Set Range of Parameter r To : (-20,100)
Doing initial fit: 

 --- MultiDimFit ---
best fit parameter values and profile-likelihood uncertainties: 
   r :    +4.832   -8.993/+7.847 (68%)
Set Range of Parameter r To : (-20,100)
Doing initial fit: 

 --- MultiDimFit ---
best fit parameter values and profile-likelihood uncertainties: 
   r :    -7.922   -9.474/+9.168 (68%)
Set Range of Parameter r To : (-20,100)
Doing initial fit: 

 --- MultiDimFit ---
best fit parameter values and profile-likelihood uncertainties: 
   r :    -7.432   -10.184/+9.916 (68%)
Set Range of Parameter r To : (-20,100)
Doing initial fit: 

 --- MultiDimFit ---
best fit parameter values and profile-likelihood uncertainties: 
   r :    +3.670   -9.438/+9.093 (68%)
Set Range of Parameter r To : (-20,100)
Doing initial fit: 

 --- MultiDimFit ---
best fit parameter values and profile-likelihood uncertainties: 
   r :    +7.409   -9.357/+9.228 (68%)
Set Range of Parameter r To : (-20,100)
Doing initial fit: 

 --- MultiDimFit ---
best fit parameter values and profile-likelihood uncertainties: 
   r :    -2.997   -9.165/+8.886 (68%)
Set Range of Parameter r To : (-20,100)
Doing initial fit: 

 --- MultiDimFit ---
best fit parameter values and profile-likelihood uncertainties: 
   r :    +4.812   -9.193/+8.655 (68%)
Set Range of Parameter r To : (-20,100)
Doing initial fit: 

 --- MultiDimFit ---
best fit parameter values and profile-likelihood uncertainties: 
   r :   -18.994   -1.006/+7.327 (68%)
Set Range of Parameter r To : (-20,100)
Doing initial fit: 

 --- MultiDimFit ---
best fit parameter values and profile-likelihood uncertainties: 
   r :    +2.091   -9.401/+8.086 (68%)
Set Range of Parameter r To : (-20,100)
Doing initial fit: 

 --- MultiDimFit ---
best fit parameter values and profile-likelihood uncertainties: 
   r :   -11.203   -8.797/+10.140 (68%)
Set Range of Parameter r To : (-20,100)
Doing initial fit: 

 --- MultiDimFit ---
best fit parameter values and profile-likelihood uncertainties: 
   r :    -5.664   -9.295/+8.291 (68%)
Set Range of Parameter r To : (-20,100)
Doing initial fit: 

 --- MultiDimFit ---
best fit parameter values and profile-likelihood uncertainties: 
   r :    +7.800   -10.619/+8.046 (68%)
Set Range of Parameter r To : (-20,100)
Doing initial fit: 

 --- MultiDimFit ---
best fit parameter values and profile-likelihood uncertainties: 
   r :    +8.684   -10.270/+10.251 (68%)
Set Range of Parameter r To : (-20,100)
Doing initial fit: 

 --- MultiDimFit ---
best fit parameter values and profile-likelihood uncertainties: 
   r :   +11.922   -9.281/+8.493 (68%)
Set Range of Parameter r To : (-20,100)
Doing initial fit: 

 --- MultiDimFit ---
best fit parameter values and profile-likelihood uncertainties: 
   r :    +5.488   -8.008/+7.863 (68%)
Set Range of Parameter r To : (-20,100)
Doing initial fit: 

 --- MultiDimFit ---
best fit parameter values and profile-likelihood uncertainties: 
   r :    +5.453   -9.177/+9.076 (68%)
Set Range of Parameter r To : (-20,100)
Doing initial fit: 

 --- MultiDimFit ---
best fit parameter values and profile-likelihood uncertainties: 
   r :   +23.877   -9.040/+8.059 (68%)
Set Range of Parameter r To : (-20,100)
Doing initial fit: 

 --- MultiDimFit ---
best fit parameter values and profile-likelihood uncertainties: 
   r :    -2.632   -7.471/+8.068 (68%)
Set Range of Parameter r To : (-20,100)
Doing initial fit: 

 --- MultiDimFit ---
best fit parameter values and profile-likelihood uncertainties: 
   r :    -3.662   -9.328/+9.064 (68%)
Set Range of Parameter r To : (-20,100)
Doing initial fit: 

 --- MultiDimFit ---
best fit parameter values and profile-likelihood uncertainties: 
   r :    -6.863   -8.321/+7.799 (68%)
Set Range of Parameter r To : (-20,100)
Doing initial fit: 

 --- MultiDimFit ---
best fit parameter values and profile-likelihood uncertainties: 
   r :    -7.768   -10.347/+9.431 (68%)
Set Range of Parameter r To : (-20,100)
Doing initial fit: 

 --- MultiDimFit ---
best fit parameter values and profile-likelihood uncertainties: 
   r :    +2.065   -10.841/+7.745 (68%)
Set Range of Parameter r To : (-20,100)
Doing initial fit: 

 --- MultiDimFit ---
best fit parameter values and profile-likelihood uncertainties: 
   r :    -5.890   -10.030/+9.587 (68%)
Set Range of Parameter r To : (-20,100)
Doing initial fit: 

 --- MultiDimFit ---
best fit parameter values and profile-likelihood uncertainties: 
   r :    -9.068   -9.241/+9.011 (68%)
Set Range of Parameter r To : (-20,100)
Doing initial fit: 

 --- MultiDimFit ---
best fit parameter values and profile-likelihood uncertainties: 
   r :   +11.848   -10.320/+9.705 (68%)
Set Range of Parameter r To : (-20,100)
Doing initial fit: 

 --- MultiDimFit ---
best fit parameter values and profile-likelihood uncertainties: 
   r :   -14.989   -5.011/+7.945 (68%)
Set Range of Parameter r To : (-20,100)
Doing initial fit: 

 --- MultiDimFit ---
best fit parameter values and profile-likelihood uncertainties: 
   r :    -7.403   -6.507/+7.222 (68%)
Set Range of Parameter r To : (-20,100)
Doing initial fit: 

 --- MultiDimFit ---
best fit parameter values and profile-likelihood uncertainties: 
   r :    -4.482   -9.479/+8.965 (68%)
Set Range of Parameter r To : (-20,100)
Doing initial fit: 

 --- MultiDimFit ---
best fit parameter values and profile-likelihood uncertainties: 
   r :    +4.428   -7.572/+7.786 (68%)
Set Range of Parameter r To : (-20,100)
Doing initial fit: 

 --- MultiDimFit ---
best fit parameter values and profile-likelihood uncertainties: 
   r :   +17.465   -7.918/+7.695 (68%)
Set Range of Parameter r To : (-20,100)
Doing initial fit: 

 --- MultiDimFit ---
best fit parameter values and profile-likelihood uncertainties: 
   r :   +19.309   -9.439/+9.994 (68%)
Set Range of Parameter r To : (-20,100)
Doing initial fit: 

 --- MultiDimFit ---
best fit parameter values and profile-likelihood uncertainties: 
   r :    -1.047   -9.286/+11.052 (68%)
Set Range of Parameter r To : (-20,100)
Doing initial fit: 

 --- MultiDimFit ---
best fit parameter values and profile-likelihood uncertainties: 
   r :    -7.167   -7.564/+6.965 (68%)
Set Range of Parameter r To : (-20,100)
Doing initial fit: 

 --- MultiDimFit ---
best fit parameter values and profile-likelihood uncertainties: 
   r :    +2.830   -7.520/+7.337 (68%)
Set Range of Parameter r To : (-20,100)
Doing initial fit: 

 --- MultiDimFit ---
best fit parameter values and profile-likelihood uncertainties: 
   r :    -4.116   -9.053/+7.809 (68%)
Set Range of Parameter r To : (-20,100)
Doing initial fit: 

 --- MultiDimFit ---
best fit parameter values and profile-likelihood uncertainties: 
   r :    -9.963   -10.037/+7.781 (68%)
Set Range of Parameter r To : (-20,100)
Doing initial fit: 

 --- MultiDimFit ---
best fit parameter values and profile-likelihood uncertainties: 
   r :    -2.063   -8.377/+7.968 (68%)
Set Range of Parameter r To : (-20,100)
Doing initial fit: 

 --- MultiDimFit ---
best fit parameter values and profile-likelihood uncertainties: 
   r :    +3.076   -8.546/+12.446 (68%)
Set Range of Parameter r To : (-20,100)
Doing initial fit: 

 --- MultiDimFit ---
best fit parameter values and profile-likelihood uncertainties: 
   r :   +19.849   -9.495/+8.319 (68%)
Set Range of Parameter r To : (-20,100)
Doing initial fit: 

 --- MultiDimFit ---
best fit parameter values and profile-likelihood uncertainties: 
   r :   -10.073   -9.894/+9.202 (68%)
Set Range of Parameter r To : (-20,100)
Doing initial fit: 

 --- MultiDimFit ---
best fit parameter values and profile-likelihood uncertainties: 
   r :    -5.345   -7.201/+7.962 (68%)
Set Range of Parameter r To : (-20,100)
Doing initial fit: 

 --- MultiDimFit ---
best fit parameter values and profile-likelihood uncertainties: 
   r :    -4.389   -9.143/+7.670 (68%)
Set Range of Parameter r To : (-20,100)
Doing initial fit: 

 --- MultiDimFit ---
best fit parameter values and profile-likelihood uncertainties: 
   r :    +6.500   -7.758/+7.378 (68%)
Set Range of Parameter r To : (-20,100)
Doing initial fit: 

 --- MultiDimFit ---
best fit parameter values and profile-likelihood uncertainties: 
   r :    -9.104   -9.216/+9.549 (68%)
Set Range of Parameter r To : (-20,100)
Doing initial fit: 

 --- MultiDimFit ---
best fit parameter values and profile-likelihood uncertainties: 
   r :    +6.958   -10.006/+13.240 (68%)
Set Range of Parameter r To : (-20,100)
Doing initial fit: 

 --- MultiDimFit ---
best fit parameter values and profile-likelihood uncertainties: 
   r :    +1.692   -10.009/+9.520 (68%)
Set Range of Parameter r To : (-20,100)
Doing initial fit: 

 --- MultiDimFit ---
best fit parameter values and profile-likelihood uncertainties: 
   r :   -16.161   -3.839/+7.787 (68%)
Set Range of Parameter r To : (-20,100)
Doing initial fit: 

 --- MultiDimFit ---
best fit parameter values and profile-likelihood uncertainties: 
   r :    +8.313   -9.208/+8.260 (68%)
Set Range of Parameter r To : (-20,100)
Doing initial fit: 

 --- MultiDimFit ---
best fit parameter values and profile-likelihood uncertainties: 
   r :   +10.087   -7.770/+6.778 (68%)
Set Range of Parameter r To : (-20,100)
Doing initial fit: 

 --- MultiDimFit ---
best fit parameter values and profile-likelihood uncertainties: 
   r :    +7.273   -9.356/+7.909 (68%)
Set Range of Parameter r To : (-20,100)
Doing initial fit: 

 --- MultiDimFit ---
best fit parameter values and profile-likelihood uncertainties: 
   r :    +5.020   -9.031/+8.281 (68%)
Set Range of Parameter r To : (-20,100)
Doing initial fit: 

 --- MultiDimFit ---
best fit parameter values and profile-likelihood uncertainties: 
   r :    -4.626   -9.080/+8.877 (68%)
Set Range of Parameter r To : (-20,100)
Doing initial fit: 

 --- MultiDimFit ---
best fit parameter values and profile-likelihood uncertainties: 
   r :    +6.202   -9.140/+8.739 (68%)
Set Range of Parameter r To : (-20,100)
Doing initial fit: 

 --- MultiDimFit ---
best fit parameter values and profile-likelihood uncertainties: 
   r :    -0.871   -8.908/+7.731 (68%)
Set Range of Parameter r To : (-20,100)
Doing initial fit: 

 --- MultiDimFit ---
best fit parameter values and profile-likelihood uncertainties: 
   r :    +2.369   -7.943/+7.817 (68%)
Set Range of Parameter r To : (-20,100)
Doing initial fit: 

 --- MultiDimFit ---
best fit parameter values and profile-likelihood uncertainties: 
   r :    +4.737   -7.967/+7.850 (68%)
Set Range of Parameter r To : (-20,100)
Doing initial fit: 

 --- MultiDimFit ---
best fit parameter values and profile-likelihood uncertainties: 
   r :    -0.714   -9.391/+7.994 (68%)
Set Range of Parameter r To : (-20,100)
Doing initial fit: 

 --- MultiDimFit ---
best fit parameter values and profile-likelihood uncertainties: 
   r :    +0.090   -8.373/+8.079 (68%)
Set Range of Parameter r To : (-20,100)
Doing initial fit: 

 --- MultiDimFit ---
best fit parameter values and profile-likelihood uncertainties: 
   r :    -2.926   -9.152/+9.356 (68%)
Set Range of Parameter r To : (-20,100)
Doing initial fit: 

 --- MultiDimFit ---
best fit parameter values and profile-likelihood uncertainties: 
   r :    -8.373   -8.796/+7.745 (68%)
Set Range of Parameter r To : (-20,100)
Doing initial fit: 

 --- MultiDimFit ---
best fit parameter values and profile-likelihood uncertainties: 
   r :    +4.226   -9.095/+8.190 (68%)
Set Range of Parameter r To : (-20,100)
Doing initial fit: 

 --- MultiDimFit ---
best fit parameter values and profile-likelihood uncertainties: 
   r :    -7.555   -9.889/+9.447 (68%)
Set Range of Parameter r To : (-20,100)
Doing initial fit: 

 --- MultiDimFit ---
best fit parameter values and profile-likelihood uncertainties: 
   r :    +6.153   -9.908/+10.988 (68%)
Set Range of Parameter r To : (-20,100)
Doing initial fit: 

 --- MultiDimFit ---
best fit parameter values and profile-likelihood uncertainties: 
   r :    +3.101   -8.958/+7.658 (68%)
Set Range of Parameter r To : (-20,100)
Doing initial fit: 

 --- MultiDimFit ---
best fit parameter values and profile-likelihood uncertainties: 
   r :   -15.305   -4.695/+9.262 (68%)
Set Range of Parameter r To : (-20,100)
Doing initial fit: 

 --- MultiDimFit ---
best fit parameter values and profile-likelihood uncertainties: 
   r :    -1.582   -9.120/+8.223 (68%)
Set Range of Parameter r To : (-20,100)
Doing initial fit: 

 --- MultiDimFit ---
best fit parameter values and profile-likelihood uncertainties: 
   r :   +18.721   -10.256/+8.350 (68%)
Set Range of Parameter r To : (-20,100)
Doing initial fit: 

 --- MultiDimFit ---
best fit parameter values and profile-likelihood uncertainties: 
   r :    +8.499   -9.607/+8.337 (68%)
Set Range of Parameter r To : (-20,100)
Doing initial fit: 

 --- MultiDimFit ---
best fit parameter values and profile-likelihood uncertainties: 
   r :    -8.188   -10.081/+8.267 (68%)
Set Range of Parameter r To : (-20,100)
Doing initial fit: 

 --- MultiDimFit ---
best fit parameter values and profile-likelihood uncertainties: 
   r :   -13.813   -6.187/+10.952 (68%)
Set Range of Parameter r To : (-20,100)
Doing initial fit: 

 --- MultiDimFit ---
best fit parameter values and profile-likelihood uncertainties: 
   r :    -2.053   -10.389/+9.261 (68%)
Set Range of Parameter r To : (-20,100)
Doing initial fit: 

 --- MultiDimFit ---
best fit parameter values and profile-likelihood uncertainties: 
   r :    -4.671   -7.337/+7.713 (68%)
Set Range of Parameter r To : (-20,100)
Doing initial fit: 

 --- MultiDimFit ---
best fit parameter values and profile-likelihood uncertainties: 
   r :    -1.409   -8.101/+7.731 (68%)
Set Range of Parameter r To : (-20,100)
Doing initial fit: 

 --- MultiDimFit ---
best fit parameter values and profile-likelihood uncertainties: 
   r :    +4.976   -8.079/+7.337 (68%)
Set Range of Parameter r To : (-20,100)
Doing initial fit: 

 --- MultiDimFit ---
best fit parameter values and profile-likelihood uncertainties: 
   r :   +11.706   -7.691/+7.804 (68%)
Set Range of Parameter r To : (-20,100)
Doing initial fit: 

 --- MultiDimFit ---
best fit parameter values and profile-likelihood uncertainties: 
   r :    -8.394   -6.235/+7.803 (68%)
Set Range of Parameter r To : (-20,100)
Doing initial fit: 

 --- MultiDimFit ---
best fit parameter values and profile-likelihood uncertainties: 
   r :    +5.518   -9.741/+10.435 (68%)
Set Range of Parameter r To : (-20,100)
Doing initial fit: 

 --- MultiDimFit ---
best fit parameter values and profile-likelihood uncertainties: 
   r :    -8.334   -8.074/+7.768 (68%)
Set Range of Parameter r To : (-20,100)
Doing initial fit: 

 --- MultiDimFit ---
best fit parameter values and profile-likelihood uncertainties: 
   r :    -8.064   -9.118/+8.140 (68%)
Set Range of Parameter r To : (-20,100)
Doing initial fit: 

 --- MultiDimFit ---
best fit parameter values and profile-likelihood uncertainties: 
   r :   -11.493   -8.507/+8.039 (68%)
Set Range of Parameter r To : (-20,100)
Doing initial fit: 

 --- MultiDimFit ---
best fit parameter values and profile-likelihood uncertainties: 
   r :   +15.922   -7.335/+7.507 (68%)
Set Range of Parameter r To : (-20,100)
Doing initial fit: 

 --- MultiDimFit ---
best fit parameter values and profile-likelihood uncertainties: 
   r :   -15.768   -4.232/+10.104 (68%)
Set Range of Parameter r To : (-20,100)
Doing initial fit: 

 --- MultiDimFit ---
best fit parameter values and profile-likelihood uncertainties: 
   r :    -6.278   -10.171/+9.734 (68%)
Set Range of Parameter r To : (-20,100)
Doing initial fit: 

 --- MultiDimFit ---
best fit parameter values and profile-likelihood uncertainties: 
   r :    +0.895   -10.520/+9.169 (68%)
Set Range of Parameter r To : (-20,100)
Doing initial fit: 

 

 ---------------------------

 WARNING: MultiDimFit failed

 ---------------------------

 
Set Range of Parameter r To : (-20,100)
Doing initial fit: 

 --- MultiDimFit ---
best fit parameter values and profile-likelihood uncertainties: 
   r :    -8.151   -9.342/+8.799 (68%)
Set Range of Parameter r To : (-20,100)
Doing initial fit: 

 --- MultiDimFit ---
best fit parameter values and profile-likelihood uncertainties: 
   r :    +4.284   -10.378/+9.911 (68%)
Set Range of Parameter r To : (-20,100)
Doing initial fit: 

 --- MultiDimFit ---
best fit parameter values and profile-likelihood uncertainties: 
   r :    -0.230   -9.152/+8.658 (68%)
Set Range of Parameter r To : (-20,100)
Doing initial fit: 

 --- MultiDimFit ---
best fit parameter values and profile-likelihood uncertainties: 
   r :   +10.453   -9.782/+7.692 (68%)
Set Range of Parameter r To : (-20,100)
Doing initial fit: 

 --- MultiDimFit ---
best fit parameter values and profile-likelihood uncertainties: 
   r :    +1.534   -8.708/+7.405 (68%)
Set Range of Parameter r To : (-20,100)
Doing initial fit: 

 --- MultiDimFit ---
best fit parameter values and profile-likelihood uncertainties: 
   r :    -7.726   -8.769/+7.875 (68%)
Set Range of Parameter r To : (-20,100)
Doing initial fit: 

 --- MultiDimFit ---
best fit parameter values and profile-likelihood uncertainties: 
   r :    -6.497   -8.552/+7.846 (68%)
Set Range of Parameter r To : (-20,100)
Doing initial fit: 

 --- MultiDimFit ---
best fit parameter values and profile-likelihood uncertainties: 
   r :   +13.641   -8.896/+7.852 (68%)
Set Range of Parameter r To : (-20,100)
Doing initial fit: 

 --- MultiDimFit ---
best fit parameter values and profile-likelihood uncertainties: 
   r :    +9.918   -8.789/+8.036 (68%)
Set Range of Parameter r To : (-20,100)
Doing initial fit: 

 --- MultiDimFit ---
best fit parameter values and profile-likelihood uncertainties: 
   r :   +14.685   -9.562/+9.039 (68%)
Set Range of Parameter r To : (-20,100)
Doing initial fit: 

 --- MultiDimFit ---
best fit parameter values and profile-likelihood uncertainties: 
   r :   -11.856   -8.144/+8.631 (68%)
Set Range of Parameter r To : (-20,100)
Doing initial fit: 

 --- MultiDimFit ---
best fit parameter values and profile-likelihood uncertainties: 
   r :    +1.181   -9.266/+8.158 (68%)
Set Range of Parameter r To : (-20,100)
Doing initial fit: 

 --- MultiDimFit ---
best fit parameter values and profile-likelihood uncertainties: 
   r :    -2.310   -10.054/+7.653 (68%)
Set Range of Parameter r To : (-20,100)
Doing initial fit: 

 --- MultiDimFit ---
best fit parameter values and profile-likelihood uncertainties: 
   r :   +12.338   -9.124/+8.188 (68%)
Set Range of Parameter r To : (-20,100)
Doing initial fit: 

 --- MultiDimFit ---
best fit parameter values and profile-likelihood uncertainties: 
   r :    -3.864   -9.302/+9.462 (68%)
Set Range of Parameter r To : (-20,100)
Doing initial fit: 

 --- MultiDimFit ---
best fit parameter values and profile-likelihood uncertainties: 
   r :    -4.142   -9.114/+8.364 (68%)
Set Range of Parameter r To : (-20,100)
Doing initial fit: 

 --- MultiDimFit ---
best fit parameter values and profile-likelihood uncertainties: 
   r :    +0.700   -8.110/+6.756 (68%)
Set Range of Parameter r To : (-20,100)
Doing initial fit: 

 --- MultiDimFit ---
best fit parameter values and profile-likelihood uncertainties: 
   r :    -6.673   -8.329/+7.744 (68%)
Set Range of Parameter r To : (-20,100)
Doing initial fit: 

 --- MultiDimFit ---
best fit parameter values and profile-likelihood uncertainties: 
   r :   +10.151   -10.145/+11.610 (68%)
Set Range of Parameter r To : (-20,100)
Doing initial fit: 

 --- MultiDimFit ---
best fit parameter values and profile-likelihood uncertainties: 
   r :    +8.133   -9.297/+7.969 (68%)
Set Range of Parameter r To : (-20,100)
Doing initial fit: 

 --- MultiDimFit ---
best fit parameter values and profile-likelihood uncertainties: 
   r :    +2.873   -8.168/+7.586 (68%)
Set Range of Parameter r To : (-20,100)
Doing initial fit: 

 --- MultiDimFit ---
best fit parameter values and profile-likelihood uncertainties: 
   r :    +5.993   -8.198/+7.802 (68%)
Set Range of Parameter r To : (-20,100)
Doing initial fit: 

 --- MultiDimFit ---
best fit parameter values and profile-likelihood uncertainties: 
   r :    +4.078   -7.481/+7.433 (68%)
Set Range of Parameter r To : (-20,100)
Doing initial fit: 

 --- MultiDimFit ---
best fit parameter values and profile-likelihood uncertainties: 
   r :    -9.760   -8.149/+7.558 (68%)
Set Range of Parameter r To : (-20,100)
Doing initial fit: 

 --- MultiDimFit ---
best fit parameter values and profile-likelihood uncertainties: 
   r :    -0.812   -6.924/+7.605 (68%)
Set Range of Parameter r To : (-20,100)
Doing initial fit: 

 --- MultiDimFit ---
best fit parameter values and profile-likelihood uncertainties: 
   r :   -11.648   -8.352/+9.098 (68%)
Set Range of Parameter r To : (-20,100)
Doing initial fit: 

 --- MultiDimFit ---
best fit parameter values and profile-likelihood uncertainties: 
   r :    -2.850   -9.194/+7.539 (68%)
Set Range of Parameter r To : (-20,100)
Doing initial fit: 

 --- MultiDimFit ---
best fit parameter values and profile-likelihood uncertainties: 
   r :    +4.730   -9.717/+7.948 (68%)
Set Range of Parameter r To : (-20,100)
Doing initial fit: 

 --- MultiDimFit ---
best fit parameter values and profile-likelihood uncertainties: 
   r :   -16.821   -3.179/+9.316 (68%)
Set Range of Parameter r To : (-20,100)
Doing initial fit: 

 --- MultiDimFit ---
best fit parameter values and profile-likelihood uncertainties: 
   r :    -6.621   -9.289/+11.124 (68%)
Set Range of Parameter r To : (-20,100)
Doing initial fit: 

 --- MultiDimFit ---
best fit parameter values and profile-likelihood uncertainties: 
   r :    -6.735   -9.338/+9.757 (68%)
Set Range of Parameter r To : (-20,100)
Doing initial fit: 

 --- MultiDimFit ---
best fit parameter values and profile-likelihood uncertainties: 
   r :    -9.173   -10.121/+10.010 (68%)
Set Range of Parameter r To : (-20,100)
Doing initial fit: 

 --- MultiDimFit ---
best fit parameter values and profile-likelihood uncertainties: 
   r :   +13.397   -9.472/+10.165 (68%)
Set Range of Parameter r To : (-20,100)
Doing initial fit: 

 --- MultiDimFit ---
best fit parameter values and profile-likelihood uncertainties: 
   r :    +0.006   -8.846/+11.103 (68%)
Set Range of Parameter r To : (-20,100)
Doing initial fit: 

 --- MultiDimFit ---
best fit parameter values and profile-likelihood uncertainties: 
   r :    -8.633   -7.728/+7.383 (68%)
Set Range of Parameter r To : (-20,100)
Doing initial fit: 

 --- MultiDimFit ---
best fit parameter values and profile-likelihood uncertainties: 
   r :    -1.735   -9.365/+9.038 (68%)
Set Range of Parameter r To : (-20,100)
Doing initial fit: 

 --- MultiDimFit ---
best fit parameter values and profile-likelihood uncertainties: 
   r :    +9.944   -9.792/+9.722 (68%)
Set Range of Parameter r To : (-20,100)
Doing initial fit: 

 --- MultiDimFit ---
best fit parameter values and profile-likelihood uncertainties: 
   r :    -6.307   -9.551/+9.924 (68%)
Set Range of Parameter r To : (-20,100)
Doing initial fit: 

 --- MultiDimFit ---
best fit parameter values and profile-likelihood uncertainties: 
   r :    -5.542   -10.127/+9.684 (68%)
Set Range of Parameter r To : (-20,100)
Doing initial fit: 

 --- MultiDimFit ---
best fit parameter values and profile-likelihood uncertainties: 
   r :    +1.891   -7.042/+7.424 (68%)
Set Range of Parameter r To : (-20,100)
Doing initial fit: 

 --- MultiDimFit ---
best fit parameter values and profile-likelihood uncertainties: 
   r :    -0.141   -9.389/+9.181 (68%)
Set Range of Parameter r To : (-20,100)
Doing initial fit: 

 --- MultiDimFit ---
best fit parameter values and profile-likelihood uncertainties: 
   r :    +0.116   -8.907/+8.068 (68%)
Set Range of Parameter r To : (-20,100)
Doing initial fit: 

 --- MultiDimFit ---
best fit parameter values and profile-likelihood uncertainties: 
   r :    +8.896   -11.334/+7.674 (68%)
Set Range of Parameter r To : (-20,100)
Doing initial fit: 

 --- MultiDimFit ---
best fit parameter values and profile-likelihood uncertainties: 
   r :   +19.321   -9.648/+9.030 (68%)
Set Range of Parameter r To : (-20,100)
Doing initial fit: 

 --- MultiDimFit ---
best fit parameter values and profile-likelihood uncertainties: 
   r :    -0.147   -9.518/+9.049 (68%)
Set Range of Parameter r To : (-20,100)
Doing initial fit: 

 --- MultiDimFit ---
best fit parameter values and profile-likelihood uncertainties: 
   r :    +1.223   -8.878/+8.074 (68%)
Set Range of Parameter r To : (-20,100)
Doing initial fit: 

 --- MultiDimFit ---
best fit parameter values and profile-likelihood uncertainties: 
   r :    +0.986   -9.119/+8.612 (68%)
Set Range of Parameter r To : (-20,100)
Doing initial fit: 

 --- MultiDimFit ---
best fit parameter values and profile-likelihood uncertainties: 
   r :    -3.980   -8.323/+7.909 (68%)
Set Range of Parameter r To : (-20,100)
Doing initial fit: 

 --- MultiDimFit ---
best fit parameter values and profile-likelihood uncertainties: 
   r :    +3.582   -9.740/+9.332 (68%)
Set Range of Parameter r To : (-20,100)
Doing initial fit: 

 --- MultiDimFit ---
best fit parameter values and profile-likelihood uncertainties: 
   r :   +11.704   -8.895/+8.048 (68%)
Set Range of Parameter r To : (-20,100)
Doing initial fit: 

 --- MultiDimFit ---
best fit parameter values and profile-likelihood uncertainties: 
   r :    -3.818   -7.724/+6.963 (68%)
Set Range of Parameter r To : (-20,100)
Doing initial fit: 

 --- MultiDimFit ---
best fit parameter values and profile-likelihood uncertainties: 
   r :    -2.629   -8.541/+7.573 (68%)
Set Range of Parameter r To : (-20,100)
Doing initial fit: 

 --- MultiDimFit ---
best fit parameter values and profile-likelihood uncertainties: 
   r :    +7.960   -10.201/+8.028 (68%)
Set Range of Parameter r To : (-20,100)
Doing initial fit: 

 --- MultiDimFit ---
best fit parameter values and profile-likelihood uncertainties: 
   r :   -11.627   -8.373/+10.175 (68%)
Set Range of Parameter r To : (-20,100)
Doing initial fit: 

 --- MultiDimFit ---
best fit parameter values and profile-likelihood uncertainties: 
   r :    -9.598   -9.775/+10.076 (68%)
Set Range of Parameter r To : (-20,100)
Doing initial fit: 

 --- MultiDimFit ---
best fit parameter values and profile-likelihood uncertainties: 
   r :   +14.151   -8.933/+8.198 (68%)
Set Range of Parameter r To : (-20,100)
Doing initial fit: 

 --- MultiDimFit ---
best fit parameter values and profile-likelihood uncertainties: 
   r :    -2.267   -9.973/+9.660 (68%)
Set Range of Parameter r To : (-20,100)
Doing initial fit: 

 --- MultiDimFit ---
best fit parameter values and profile-likelihood uncertainties: 
   r :    -4.960   -10.078/+9.607 (68%)
Set Range of Parameter r To : (-20,100)
Doing initial fit: 

 --- MultiDimFit ---
best fit parameter values and profile-likelihood uncertainties: 
   r :   -11.293   -8.707/+9.513 (68%)
Set Range of Parameter r To : (-20,100)
Doing initial fit: 

 --- MultiDimFit ---
best fit parameter values and profile-likelihood uncertainties: 
   r :   -15.671   -4.329/+7.869 (68%)
Set Range of Parameter r To : (-20,100)
Doing initial fit: 

 --- MultiDimFit ---
best fit parameter values and profile-likelihood uncertainties: 
   r :   +12.434   -7.754/+7.821 (68%)
Set Range of Parameter r To : (-20,100)
Doing initial fit: 

 --- MultiDimFit ---
best fit parameter values and profile-likelihood uncertainties: 
   r :    -1.614   -8.022/+7.958 (68%)
Set Range of Parameter r To : (-20,100)
Doing initial fit: 

 --- MultiDimFit ---
best fit parameter values and profile-likelihood uncertainties: 
   r :   -10.241   -7.347/+7.562 (68%)
Set Range of Parameter r To : (-20,100)
Doing initial fit: 

 --- MultiDimFit ---
best fit parameter values and profile-likelihood uncertainties: 
   r :    -5.832   -11.047/+9.156 (68%)
Set Range of Parameter r To : (-20,100)
Doing initial fit: 

 --- MultiDimFit ---
best fit parameter values and profile-likelihood uncertainties: 
   r :    -7.165   -9.290/+10.859 (68%)
Set Range of Parameter r To : (-20,100)
Doing initial fit: 

 --- MultiDimFit ---
best fit parameter values and profile-likelihood uncertainties: 
   r :    +0.174   -9.343/+9.380 (68%)
Set Range of Parameter r To : (-20,100)
Doing initial fit: 

 --- MultiDimFit ---
best fit parameter values and profile-likelihood uncertainties: 
   r :   -13.730   -6.270/+10.036 (68%)
Set Range of Parameter r To : (-20,100)
Doing initial fit: 

 --- MultiDimFit ---
best fit parameter values and profile-likelihood uncertainties: 
   r :    -0.963   -8.341/+7.694 (68%)
Set Range of Parameter r To : (-20,100)
Doing initial fit: 

 --- MultiDimFit ---
best fit parameter values and profile-likelihood uncertainties: 
   r :    +6.044   -8.258/+7.887 (68%)
Set Range of Parameter r To : (-20,100)
Doing initial fit: 

 --- MultiDimFit ---
best fit parameter values and profile-likelihood uncertainties: 
   r :   +12.847   -8.959/+8.131 (68%)
Set Range of Parameter r To : (-20,100)
Doing initial fit: 

 --- MultiDimFit ---
best fit parameter values and profile-likelihood uncertainties: 
   r :    +6.550   -9.540/+9.525 (68%)
Set Range of Parameter r To : (-20,100)
Doing initial fit: 

 --- MultiDimFit ---
best fit parameter values and profile-likelihood uncertainties: 
   r :   -17.087   -2.913/+7.633 (68%)
Set Range of Parameter r To : (-20,100)
Doing initial fit: 

 --- MultiDimFit ---
best fit parameter values and profile-likelihood uncertainties: 
   r :    +3.193   -7.821/+7.569 (68%)
Set Range of Parameter r To : (-20,100)
Doing initial fit: 

 --- MultiDimFit ---
best fit parameter values and profile-likelihood uncertainties: 
   r :   -10.105   -7.587/+7.981 (68%)
Set Range of Parameter r To : (-20,100)
Doing initial fit: 

 --- MultiDimFit ---
best fit parameter values and profile-likelihood uncertainties: 
   r :    -0.309   -9.070/+7.937 (68%)
Set Range of Parameter r To : (-20,100)
Doing initial fit: 

 --- MultiDimFit ---
best fit parameter values and profile-likelihood uncertainties: 
   r :    -7.500   -8.206/+7.769 (68%)
Set Range of Parameter r To : (-20,100)
Doing initial fit: 

 --- MultiDimFit ---
best fit parameter values and profile-likelihood uncertainties: 
   r :   +12.380   -9.406/+10.189 (68%)
Set Range of Parameter r To : (-20,100)
Doing initial fit: 

 --- MultiDimFit ---
best fit parameter values and profile-likelihood uncertainties: 
   r :    +6.132   -7.868/+7.882 (68%)
Set Range of Parameter r To : (-20,100)
Doing initial fit: 

 --- MultiDimFit ---
best fit parameter values and profile-likelihood uncertainties: 
   r :    +0.470   -6.641/+7.298 (68%)
Set Range of Parameter r To : (-20,100)
Doing initial fit: 

 --- MultiDimFit ---
best fit parameter values and profile-likelihood uncertainties: 
   r :    -3.161   -10.205/+9.878 (68%)
Set Range of Parameter r To : (-20,100)
Doing initial fit: 

 --- MultiDimFit ---
best fit parameter values and profile-likelihood uncertainties: 
   r :    -6.268   -9.020/+7.162 (68%)
Set Range of Parameter r To : (-20,100)
Doing initial fit: 

 --- MultiDimFit ---
best fit parameter values and profile-likelihood uncertainties: 
   r :   +12.601   -7.634/+8.100 (68%)
Set Range of Parameter r To : (-20,100)
Doing initial fit: 

 --- MultiDimFit ---
best fit parameter values and profile-likelihood uncertainties: 
   r :    -3.785   -7.011/+7.819 (68%)
Set Range of Parameter r To : (-20,100)
Doing initial fit: 

 --- MultiDimFit ---
best fit parameter values and profile-likelihood uncertainties: 
   r :    +0.389   -7.456/+8.008 (68%)
Set Range of Parameter r To : (-20,100)
Doing initial fit: 

 --- MultiDimFit ---
best fit parameter values and profile-likelihood uncertainties: 
   r :    -0.885   -9.941/+10.154 (68%)
Set Range of Parameter r To : (-20,100)
Doing initial fit: 

 --- MultiDimFit ---
best fit parameter values and profile-likelihood uncertainties: 
   r :    +1.979   -6.368/+7.996 (68%)
Set Range of Parameter r To : (-20,100)
Doing initial fit: 

 --- MultiDimFit ---
best fit parameter values and profile-likelihood uncertainties: 
   r :   -14.186   -5.814/+9.338 (68%)
Set Range of Parameter r To : (-20,100)
Doing initial fit: 

 --- MultiDimFit ---
best fit parameter values and profile-likelihood uncertainties: 
   r :   -11.450   -8.528/+7.600 (68%)
Set Range of Parameter r To : (-20,100)
Doing initial fit: 

 --- MultiDimFit ---
best fit parameter values and profile-likelihood uncertainties: 
   r :    +6.978   -9.339/+10.405 (68%)
Set Range of Parameter r To : (-20,100)
Doing initial fit: 

 --- MultiDimFit ---
best fit parameter values and profile-likelihood uncertainties: 
   r :    +5.774   -9.335/+8.471 (68%)
Set Range of Parameter r To : (-20,100)
Doing initial fit: 

 --- MultiDimFit ---
best fit parameter values and profile-likelihood uncertainties: 
   r :   +15.389   -8.424/+7.655 (68%)
Set Range of Parameter r To : (-20,100)
Doing initial fit: 

 --- MultiDimFit ---
best fit parameter values and profile-likelihood uncertainties: 
   r :    -3.959   -9.236/+10.227 (68%)
Set Range of Parameter r To : (-20,100)
Doing initial fit: 

 --- MultiDimFit ---
best fit parameter values and profile-likelihood uncertainties: 
   r :    -3.988   -9.119/+7.362 (68%)
Set Range of Parameter r To : (-20,100)
Doing initial fit: 

 --- MultiDimFit ---
best fit parameter values and profile-likelihood uncertainties: 
   r :    +6.069   -6.814/+6.803 (68%)
Set Range of Parameter r To : (-20,100)
Doing initial fit: 

 --- MultiDimFit ---
best fit parameter values and profile-likelihood uncertainties: 
   r :    +3.881   -10.731/+7.458 (68%)
Set Range of Parameter r To : (-20,100)
Doing initial fit: 

 --- MultiDimFit ---
best fit parameter values and profile-likelihood uncertainties: 
   r :    -8.973   -9.513/+8.361 (68%)
Set Range of Parameter r To : (-20,100)
Doing initial fit: 

 --- MultiDimFit ---
best fit parameter values and profile-likelihood uncertainties: 
   r :    -9.892   -10.108/+7.765 (68%)
Set Range of Parameter r To : (-20,100)
Doing initial fit: 

 --- MultiDimFit ---
best fit parameter values and profile-likelihood uncertainties: 
   r :    +5.241   -8.482/+7.940 (68%)
Set Range of Parameter r To : (-20,100)
Doing initial fit: 

 --- MultiDimFit ---
best fit parameter values and profile-likelihood uncertainties: 
   r :    +6.698   -9.452/+8.795 (68%)
Set Range of Parameter r To : (-20,100)
Doing initial fit: 

 --- MultiDimFit ---
best fit parameter values and profile-likelihood uncertainties: 
   r :    +6.364   -9.592/+9.842 (68%)
Set Range of Parameter r To : (-20,100)
Doing initial fit: 

 --- MultiDimFit ---
best fit parameter values and profile-likelihood uncertainties: 
   r :    -8.033   -7.941/+7.806 (68%)
Set Range of Parameter r To : (-20,100)
Doing initial fit: 

 --- MultiDimFit ---
best fit parameter values and profile-likelihood uncertainties: 
   r :    +2.574   -9.276/+10.971 (68%)
Set Range of Parameter r To : (-20,100)
Doing initial fit: 

 --- MultiDimFit ---
best fit parameter values and profile-likelihood uncertainties: 
   r :    +1.142   -7.227/+6.767 (68%)
Set Range of Parameter r To : (-20,100)
Doing initial fit: 

 --- MultiDimFit ---
best fit parameter values and profile-likelihood uncertainties: 
   r :    +4.287   -8.197/+7.681 (68%)
Set Range of Parameter r To : (-20,100)
Doing initial fit: 

 --- MultiDimFit ---
best fit parameter values and profile-likelihood uncertainties: 
   r :   +10.671   -7.322/+7.433 (68%)
Set Range of Parameter r To : (-20,100)
Doing initial fit: 

 --- MultiDimFit ---
best fit parameter values and profile-likelihood uncertainties: 
   r :    +7.912   -8.369/+7.023 (68%)
Set Range of Parameter r To : (-20,100)
Doing initial fit: 

 --- MultiDimFit ---
best fit parameter values and profile-likelihood uncertainties: 
   r :    +3.846   -7.977/+6.985 (68%)
Set Range of Parameter r To : (-20,100)
Doing initial fit: 

 --- MultiDimFit ---
best fit parameter values and profile-likelihood uncertainties: 
   r :    +3.334   -7.441/+7.954 (68%)
Set Range of Parameter r To : (-20,100)
Doing initial fit: 

 --- MultiDimFit ---
best fit parameter values and profile-likelihood uncertainties: 
   r :    -6.457   -7.985/+7.957 (68%)
Set Range of Parameter r To : (-20,100)
Doing initial fit: 

 --- MultiDimFit ---
best fit parameter values and profile-likelihood uncertainties: 
   r :    -0.384   -9.568/+9.265 (68%)
Set Range of Parameter r To : (-20,100)
Doing initial fit: 

 --- MultiDimFit ---
best fit parameter values and profile-likelihood uncertainties: 
   r :    +9.189   -9.358/+8.438 (68%)
Set Range of Parameter r To : (-20,100)
Doing initial fit: 

 --- MultiDimFit ---
best fit parameter values and profile-likelihood uncertainties: 
   r :   +12.881   -7.021/+7.439 (68%)
Set Range of Parameter r To : (-20,100)
Doing initial fit: 

 --- MultiDimFit ---
best fit parameter values and profile-likelihood uncertainties: 
   r :    +2.712   -9.078/+8.198 (68%)
Set Range of Parameter r To : (-20,100)
Doing initial fit: 

 --- MultiDimFit ---
best fit parameter values and profile-likelihood uncertainties: 
   r :    +3.577   -8.208/+7.144 (68%)
Set Range of Parameter r To : (-20,100)
Doing initial fit: 

 --- MultiDimFit ---
best fit parameter values and profile-likelihood uncertainties: 
   r :    -1.179   -9.368/+8.121 (68%)
Set Range of Parameter r To : (-20,100)
Doing initial fit: 

 --- MultiDimFit ---
best fit parameter values and profile-likelihood uncertainties: 
   r :    +8.774   -10.463/+9.750 (68%)
Set Range of Parameter r To : (-20,100)
Doing initial fit: 

 --- MultiDimFit ---
best fit parameter values and profile-likelihood uncertainties: 
   r :   +11.680   -9.294/+8.198 (68%)
Set Range of Parameter r To : (-20,100)
Doing initial fit: 

 --- MultiDimFit ---
best fit parameter values and profile-likelihood uncertainties: 
   r :   -14.306   -5.694/+9.059 (68%)
Set Range of Parameter r To : (-20,100)
Doing initial fit: 

 --- MultiDimFit ---
best fit parameter values and profile-likelihood uncertainties: 
   r :    -0.705   -6.889/+7.720 (68%)
Set Range of Parameter r To : (-20,100)
Doing initial fit: 

 --- MultiDimFit ---
best fit parameter values and profile-likelihood uncertainties: 
   r :   +13.722   -9.460/+8.946 (68%)
Set Range of Parameter r To : (-20,100)
Doing initial fit: 

 --- MultiDimFit ---
best fit parameter values and profile-likelihood uncertainties: 
   r :    +5.363   -8.821/+7.862 (68%)
Set Range of Parameter r To : (-20,100)
Doing initial fit: 

 --- MultiDimFit ---
best fit parameter values and profile-likelihood uncertainties: 
   r :    +2.474   -10.368/+9.584 (68%)
Set Range of Parameter r To : (-20,100)
Doing initial fit: 

 --- MultiDimFit ---
best fit parameter values and profile-likelihood uncertainties: 
   r :    +0.075   -9.038/+7.454 (68%)
Set Range of Parameter r To : (-20,100)
Doing initial fit: 

 --- MultiDimFit ---
best fit parameter values and profile-likelihood uncertainties: 
   r :    -5.481   -11.128/+8.187 (68%)
Set Range of Parameter r To : (-20,100)
Doing initial fit: 

 --- MultiDimFit ---
best fit parameter values and profile-likelihood uncertainties: 
   r :    -9.829   -10.171/+9.552 (68%)
Set Range of Parameter r To : (-20,100)
Doing initial fit: 

 --- MultiDimFit ---
best fit parameter values and profile-likelihood uncertainties: 
   r :    -2.377   -7.426/+7.833 (68%)
Set Range of Parameter r To : (-20,100)
Doing initial fit: 

 --- MultiDimFit ---
best fit parameter values and profile-likelihood uncertainties: 
   r :    +1.519   -9.982/+11.065 (68%)
Set Range of Parameter r To : (-20,100)
Doing initial fit: 

 --- MultiDimFit ---
best fit parameter values and profile-likelihood uncertainties: 
   r :   -11.111   -8.889/+7.803 (68%)
Set Range of Parameter r To : (-20,100)
Doing initial fit: 

 --- MultiDimFit ---
best fit parameter values and profile-likelihood uncertainties: 
   r :    +4.923   -7.178/+7.884 (68%)
Set Range of Parameter r To : (-20,100)
Doing initial fit: 

 --- MultiDimFit ---
best fit parameter values and profile-likelihood uncertainties: 
   r :    +2.328   -8.909/+8.057 (68%)
Set Range of Parameter r To : (-20,100)
Doing initial fit: 

 --- MultiDimFit ---
best fit parameter values and profile-likelihood uncertainties: 
   r :   +18.523   -9.249/+9.300 (68%)
Set Range of Parameter r To : (-20,100)
Doing initial fit: 

 --- MultiDimFit ---
best fit parameter values and profile-likelihood uncertainties: 
   r :    -9.453   -9.625/+10.043 (68%)
Set Range of Parameter r To : (-20,100)
Doing initial fit: 

 --- MultiDimFit ---
best fit parameter values and profile-likelihood uncertainties: 
   r :    -3.581   -9.146/+7.857 (68%)
Set Range of Parameter r To : (-20,100)
Doing initial fit: 

 --- MultiDimFit ---
best fit parameter values and profile-likelihood uncertainties: 
   r :   +11.603   -8.131/+7.848 (68%)
Set Range of Parameter r To : (-20,100)
Doing initial fit: 

 --- MultiDimFit ---
best fit parameter values and profile-likelihood uncertainties: 
   r :   -12.063   -7.937/+11.051 (68%)
Set Range of Parameter r To : (-20,100)
Doing initial fit: 

 --- MultiDimFit ---
best fit parameter values and profile-likelihood uncertainties: 
   r :   -13.867   -6.133/+10.031 (68%)
Set Range of Parameter r To : (-20,100)
Doing initial fit: 

 --- MultiDimFit ---
best fit parameter values and profile-likelihood uncertainties: 
   r :    -0.089   -9.197/+8.950 (68%)
Set Range of Parameter r To : (-20,100)
Doing initial fit: 

 --- MultiDimFit ---
best fit parameter values and profile-likelihood uncertainties: 
   r :    -8.311   -7.769/+7.268 (68%)
Set Range of Parameter r To : (-20,100)
Doing initial fit: 

 

 ---------------------------

 WARNING: MultiDimFit failed

 ---------------------------

 
Set Range of Parameter r To : (-20,100)
Doing initial fit: 

 --- MultiDimFit ---
best fit parameter values and profile-likelihood uncertainties: 
   r :    +1.242   -9.202/+7.780 (68%)
Set Range of Parameter r To : (-20,100)
Doing initial fit: 

 --- MultiDimFit ---
best fit parameter values and profile-likelihood uncertainties: 
   r :    -0.397   -6.654/+7.712 (68%)
Set Range of Parameter r To : (-20,100)
Doing initial fit: 

 --- MultiDimFit ---
best fit parameter values and profile-likelihood uncertainties: 
   r :    -3.376   -9.393/+9.440 (68%)
Set Range of Parameter r To : (-20,100)
Doing initial fit: 

 --- MultiDimFit ---
best fit parameter values and profile-likelihood uncertainties: 
   r :    -5.750   -8.921/+8.107 (68%)
Set Range of Parameter r To : (-20,100)
Doing initial fit: 

 --- MultiDimFit ---
best fit parameter values and profile-likelihood uncertainties: 
   r :    -4.968   -9.339/+9.050 (68%)
Set Range of Parameter r To : (-20,100)
Doing initial fit: 

 --- MultiDimFit ---
best fit parameter values and profile-likelihood uncertainties: 
   r :    +8.006   -9.628/+11.120 (68%)
Set Range of Parameter r To : (-20,100)
Doing initial fit: 

 --- MultiDimFit ---
best fit parameter values and profile-likelihood uncertainties: 
   r :    +2.113   -8.785/+7.813 (68%)
Set Range of Parameter r To : (-20,100)
Doing initial fit: 

 --- MultiDimFit ---
best fit parameter values and profile-likelihood uncertainties: 
   r :    -1.648   -9.146/+8.197 (68%)
Set Range of Parameter r To : (-20,100)
Doing initial fit: 

 --- MultiDimFit ---
best fit parameter values and profile-likelihood uncertainties: 
   r :    +4.811   -9.524/+9.222 (68%)
Set Range of Parameter r To : (-20,100)
Doing initial fit: 

 --- MultiDimFit ---
best fit parameter values and profile-likelihood uncertainties: 
   r :   -14.932   -5.068/+9.108 (68%)
Set Range of Parameter r To : (-20,100)
Doing initial fit: 

 --- MultiDimFit ---
best fit parameter values and profile-likelihood uncertainties: 
   r :    -7.953   -9.362/+10.018 (68%)
Set Range of Parameter r To : (-20,100)
Doing initial fit: 

 --- MultiDimFit ---
best fit parameter values and profile-likelihood uncertainties: 
   r :    +0.344   -9.369/+10.414 (68%)
Set Range of Parameter r To : (-20,100)
Doing initial fit: 

 --- MultiDimFit ---
best fit parameter values and profile-likelihood uncertainties: 
   r :    +7.004   -9.749/+9.362 (68%)
Set Range of Parameter r To : (-20,100)
Doing initial fit: 

 --- MultiDimFit ---
best fit parameter values and profile-likelihood uncertainties: 
   r :    +4.159   -10.464/+9.329 (68%)
Set Range of Parameter r To : (-20,100)
Doing initial fit: 

 

 ---------------------------

 WARNING: MultiDimFit failed

 ---------------------------

 
Set Range of Parameter r To : (-20,100)
Doing initial fit: 

 --- MultiDimFit ---
best fit parameter values and profile-likelihood uncertainties: 
   r :    +0.957   -9.340/+8.917 (68%)
Set Range of Parameter r To : (-20,100)
Doing initial fit: 

 --- MultiDimFit ---
best fit parameter values and profile-likelihood uncertainties: 
   r :    +1.253   -9.432/+9.388 (68%)
Set Range of Parameter r To : (-20,100)
Doing initial fit: 

 --- MultiDimFit ---
best fit parameter values and profile-likelihood uncertainties: 
   r :   -11.442   -8.373/+7.828 (68%)
Set Range of Parameter r To : (-20,100)
Doing initial fit: 

 --- MultiDimFit ---
best fit parameter values and profile-likelihood uncertainties: 
   r :   +13.247   -9.567/+10.376 (68%)
Set Range of Parameter r To : (-20,100)
Doing initial fit: 

 --- MultiDimFit ---
best fit parameter values and profile-likelihood uncertainties: 
   r :    -8.116   -10.108/+9.649 (68%)
Set Range of Parameter r To : (-20,100)
Doing initial fit: 

 --- MultiDimFit ---
best fit parameter values and profile-likelihood uncertainties: 
   r :   +12.693   -8.796/+7.140 (68%)
Set Range of Parameter r To : (-20,100)
Doing initial fit: 

 --- MultiDimFit ---
best fit parameter values and profile-likelihood uncertainties: 
   r :    +0.071   -9.270/+9.764 (68%)
Set Range of Parameter r To : (-20,100)
Doing initial fit: 

 --- MultiDimFit ---
best fit parameter values and profile-likelihood uncertainties: 
   r :   +21.135   -9.880/+9.959 (68%)
Set Range of Parameter r To : (-20,100)
Doing initial fit: 

 --- MultiDimFit ---
best fit parameter values and profile-likelihood uncertainties: 
   r :    -7.680   -7.982/+7.791 (68%)
Set Range of Parameter r To : (-20,100)
Doing initial fit: 

 --- MultiDimFit ---
best fit parameter values and profile-likelihood uncertainties: 
   r :    -8.770   -8.897/+8.114 (68%)
Set Range of Parameter r To : (-20,100)
Doing initial fit: 

 --- MultiDimFit ---
best fit parameter values and profile-likelihood uncertainties: 
   r :    -0.203   -9.864/+8.130 (68%)
Set Range of Parameter r To : (-20,100)
Doing initial fit: 

 --- MultiDimFit ---
best fit parameter values and profile-likelihood uncertainties: 
   r :   +12.849   -9.278/+9.508 (68%)
Set Range of Parameter r To : (-20,100)
Doing initial fit: 

 --- MultiDimFit ---
best fit parameter values and profile-likelihood uncertainties: 
   r :    -5.846   -9.553/+9.761 (68%)
Set Range of Parameter r To : (-20,100)
Doing initial fit: 

 --- MultiDimFit ---
best fit parameter values and profile-likelihood uncertainties: 
   r :    -2.354   -9.810/+10.246 (68%)
Set Range of Parameter r To : (-20,100)
Doing initial fit: 

 --- MultiDimFit ---
best fit parameter values and profile-likelihood uncertainties: 
   r :    -6.940   -10.188/+9.599 (68%)
Set Range of Parameter r To : (-20,100)
Doing initial fit: 

 --- MultiDimFit ---
best fit parameter values and profile-likelihood uncertainties: 
   r :    -4.041   -9.349/+8.191 (68%)
Set Range of Parameter r To : (-20,100)
Doing initial fit: 

 --- MultiDimFit ---
best fit parameter values and profile-likelihood uncertainties: 
   r :    -6.478   -9.277/+8.762 (68%)
Set Range of Parameter r To : (-20,100)
Doing initial fit: 

 --- MultiDimFit ---
best fit parameter values and profile-likelihood uncertainties: 
   r :    -1.741   -7.512/+7.984 (68%)
Set Range of Parameter r To : (-20,100)
Doing initial fit: 

 --- MultiDimFit ---
best fit parameter values and profile-likelihood uncertainties: 
   r :   -12.014   -7.986/+7.739 (68%)
Set Range of Parameter r To : (-20,100)
Doing initial fit: 

 --- MultiDimFit ---
best fit parameter values and profile-likelihood uncertainties: 
   r :    -0.669   -8.481/+7.747 (68%)
Set Range of Parameter r To : (-20,100)
Doing initial fit: 

 --- MultiDimFit ---
best fit parameter values and profile-likelihood uncertainties: 
   r :    +3.627   -9.650/+9.599 (68%)
Set Range of Parameter r To : (-20,100)
Doing initial fit: 

 --- MultiDimFit ---
best fit parameter values and profile-likelihood uncertainties: 
   r :    -0.589   -8.005/+7.494 (68%)
Set Range of Parameter r To : (-20,100)
Doing initial fit: 

 --- MultiDimFit ---
best fit parameter values and profile-likelihood uncertainties: 
   r :    -4.360   -10.418/+9.437 (68%)
Set Range of Parameter r To : (-20,100)
Doing initial fit: 

 --- MultiDimFit ---
best fit parameter values and profile-likelihood uncertainties: 
   r :    -9.301   -6.771/+7.144 (68%)
Set Range of Parameter r To : (-20,100)
Doing initial fit: 

 --- MultiDimFit ---
best fit parameter values and profile-likelihood uncertainties: 
   r :    -6.644   -9.365/+10.279 (68%)
Set Range of Parameter r To : (-20,100)
Doing initial fit: 

 --- MultiDimFit ---
best fit parameter values and profile-likelihood uncertainties: 
   r :   +10.793   -9.403/+9.792 (68%)
Set Range of Parameter r To : (-20,100)
Doing initial fit: 

 --- MultiDimFit ---
best fit parameter values and profile-likelihood uncertainties: 
   r :    +3.343   -8.802/+7.411 (68%)
Set Range of Parameter r To : (-20,100)
Doing initial fit: 

 --- MultiDimFit ---
best fit parameter values and profile-likelihood uncertainties: 
   r :   +11.583   -10.248/+9.709 (68%)
Set Range of Parameter r To : (-20,100)
Doing initial fit: 

 --- MultiDimFit ---
best fit parameter values and profile-likelihood uncertainties: 
   r :    +4.755   -9.312/+10.014 (68%)
Set Range of Parameter r To : (-20,100)
Doing initial fit: 

 --- MultiDimFit ---
best fit parameter values and profile-likelihood uncertainties: 
   r :    +7.212   -7.998/+7.432 (68%)
Set Range of Parameter r To : (-20,100)
Doing initial fit: 

 --- MultiDimFit ---
best fit parameter values and profile-likelihood uncertainties: 
   r :   -17.350   -2.650/+10.340 (68%)
Set Range of Parameter r To : (-20,100)
Doing initial fit: 

 --- MultiDimFit ---
best fit parameter values and profile-likelihood uncertainties: 
   r :    -0.017   -9.438/+8.464 (68%)
Set Range of Parameter r To : (-20,100)
Doing initial fit: 

 --- MultiDimFit ---
best fit parameter values and profile-likelihood uncertainties: 
   r :    -9.634   -10.026/+9.780 (68%)
Set Range of Parameter r To : (-20,100)
Doing initial fit: 

 --- MultiDimFit ---
best fit parameter values and profile-likelihood uncertainties: 
   r :    +8.524   -9.582/+12.692 (68%)
Set Range of Parameter r To : (-20,100)
Doing initial fit: 

 --- MultiDimFit ---
best fit parameter values and profile-likelihood uncertainties: 
   r :    -9.061   -10.125/+9.547 (68%)
Set Range of Parameter r To : (-20,100)
Doing initial fit: 

 --- MultiDimFit ---
best fit parameter values and profile-likelihood uncertainties: 
   r :    +5.273   -9.127/+9.396 (68%)
Set Range of Parameter r To : (-20,100)
Doing initial fit: 

 --- MultiDimFit ---
best fit parameter values and profile-likelihood uncertainties: 
   r :   +16.184   -7.744/+7.729 (68%)
Set Range of Parameter r To : (-20,100)
Doing initial fit: 

 --- MultiDimFit ---
best fit parameter values and profile-likelihood uncertainties: 
   r :   -17.669   -2.331/+7.680 (68%)
Set Range of Parameter r To : (-20,100)
Doing initial fit: 

 --- MultiDimFit ---
best fit parameter values and profile-likelihood uncertainties: 
   r :    -8.728   -9.577/+10.067 (68%)
Set Range of Parameter r To : (-20,100)
Doing initial fit: 

 --- MultiDimFit ---
best fit parameter values and profile-likelihood uncertainties: 
   r :    -1.260   -9.466/+8.536 (68%)
Set Range of Parameter r To : (-20,100)
Doing initial fit: 

 --- MultiDimFit ---
best fit parameter values and profile-likelihood uncertainties: 
   r :    +5.115   -9.606/+9.030 (68%)
Set Range of Parameter r To : (-20,100)
Doing initial fit: 

 --- MultiDimFit ---
best fit parameter values and profile-likelihood uncertainties: 
   r :    +7.779   -9.112/+11.685 (68%)
Set Range of Parameter r To : (-20,100)
Doing initial fit: 

 --- MultiDimFit ---
best fit parameter values and profile-likelihood uncertainties: 
   r :    +3.434   -10.443/+8.064 (68%)
Set Range of Parameter r To : (-20,100)
Doing initial fit: 

 --- MultiDimFit ---
best fit parameter values and profile-likelihood uncertainties: 
   r :    +0.161   -8.198/+7.793 (68%)
Set Range of Parameter r To : (-20,100)
Doing initial fit: 

 

 ---------------------------

 WARNING: MultiDimFit failed

 ---------------------------

 
Set Range of Parameter r To : (-20,100)
Doing initial fit: 

 --- MultiDimFit ---
best fit parameter values and profile-likelihood uncertainties: 
   r :    +9.655   -9.779/+9.088 (68%)
Set Range of Parameter r To : (-20,100)
Doing initial fit: 

 --- MultiDimFit ---
best fit parameter values and profile-likelihood uncertainties: 
   r :   +14.978   -9.272/+9.547 (68%)
Set Range of Parameter r To : (-20,100)
Doing initial fit: 

 --- MultiDimFit ---
best fit parameter values and profile-likelihood uncertainties: 
   r :    -7.694   -9.375/+7.968 (68%)
Set Range of Parameter r To : (-20,100)
Doing initial fit: 

 --- MultiDimFit ---
best fit parameter values and profile-likelihood uncertainties: 
   r :    -1.226   -9.528/+10.126 (68%)
Set Range of Parameter r To : (-20,100)
Doing initial fit: 

 --- MultiDimFit ---
best fit parameter values and profile-likelihood uncertainties: 
   r :   -16.564   -3.436/+9.614 (68%)
Set Range of Parameter r To : (-20,100)
Doing initial fit: 

 --- MultiDimFit ---
best fit parameter values and profile-likelihood uncertainties: 
   r :    +2.783   -8.384/+7.898 (68%)
Set Range of Parameter r To : (-20,100)
Doing initial fit: 

 --- MultiDimFit ---
best fit parameter values and profile-likelihood uncertainties: 
   r :    +0.543   -6.970/+7.775 (68%)
Set Range of Parameter r To : (-20,100)
Doing initial fit: 

 --- MultiDimFit ---
best fit parameter values and profile-likelihood uncertainties: 
   r :    -8.587   -7.879/+7.642 (68%)
Set Range of Parameter r To : (-20,100)
Doing initial fit: 

 --- MultiDimFit ---
best fit parameter values and profile-likelihood uncertainties: 
   r :    -0.484   -9.596/+10.665 (68%)
Set Range of Parameter r To : (-20,100)
Doing initial fit: 

 --- MultiDimFit ---
best fit parameter values and profile-likelihood uncertainties: 
   r :    +7.311   -9.306/+7.945 (68%)
Set Range of Parameter r To : (-20,100)
Doing initial fit: 

 --- MultiDimFit ---
best fit parameter values and profile-likelihood uncertainties: 
   r :    -7.796   -8.967/+8.552 (68%)
Set Range of Parameter r To : (-20,100)
Doing initial fit: 

 --- MultiDimFit ---
best fit parameter values and profile-likelihood uncertainties: 
   r :    -6.088   -9.190/+9.128 (68%)
Set Range of Parameter r To : (-20,100)
Doing initial fit: 

 --- MultiDimFit ---
best fit parameter values and profile-likelihood uncertainties: 
   r :    +8.735   -10.308/+7.691 (68%)
Set Range of Parameter r To : (-20,100)
Doing initial fit: 

 --- MultiDimFit ---
best fit parameter values and profile-likelihood uncertainties: 
   r :    -5.303   -9.190/+9.360 (68%)
Set Range of Parameter r To : (-20,100)
Doing initial fit: 

 --- MultiDimFit ---
best fit parameter values and profile-likelihood uncertainties: 
   r :    +8.577   -9.776/+11.565 (68%)
Set Range of Parameter r To : (-20,100)
Doing initial fit: 

 --- MultiDimFit ---
best fit parameter values and profile-likelihood uncertainties: 
   r :    +4.051   -9.689/+10.890 (68%)
Set Range of Parameter r To : (-20,100)
Doing initial fit: 

 --- MultiDimFit ---
best fit parameter values and profile-likelihood uncertainties: 
   r :    +7.116   -9.523/+8.642 (68%)
Set Range of Parameter r To : (-20,100)
Doing initial fit: 

 --- MultiDimFit ---
best fit parameter values and profile-likelihood uncertainties: 
   r :    +2.487   -9.367/+9.049 (68%)
Set Range of Parameter r To : (-20,100)
Doing initial fit: 

 --- MultiDimFit ---
best fit parameter values and profile-likelihood uncertainties: 
   r :    +1.535   -9.586/+9.287 (68%)
Set Range of Parameter r To : (-20,100)
Doing initial fit: 

 --- MultiDimFit ---
best fit parameter values and profile-likelihood uncertainties: 
   r :   +12.183   -8.593/+7.563 (68%)
Set Range of Parameter r To : (-20,100)
Doing initial fit: 

 --- MultiDimFit ---
best fit parameter values and profile-likelihood uncertainties: 
   r :    -8.483   -11.517/+7.457 (68%)
Set Range of Parameter r To : (-20,100)
Doing initial fit: 

 --- MultiDimFit ---
best fit parameter values and profile-likelihood uncertainties: 
   r :    -1.230   -9.150/+8.753 (68%)
Set Range of Parameter r To : (-20,100)
Doing initial fit: 

 

 ---------------------------

 WARNING: MultiDimFit failed

 ---------------------------

 
Set Range of Parameter r To : (-20,100)
Doing initial fit: 

 --- MultiDimFit ---
best fit parameter values and profile-likelihood uncertainties: 
   r :    +5.242   -9.152/+8.640 (68%)
Set Range of Parameter r To : (-20,100)
Doing initial fit: 

 --- MultiDimFit ---
best fit parameter values and profile-likelihood uncertainties: 
   r :    +3.079   -11.029/+9.140 (68%)
Set Range of Parameter r To : (-20,100)
Doing initial fit: 

 --- MultiDimFit ---
best fit parameter values and profile-likelihood uncertainties: 
   r :    +3.426   -8.955/+8.277 (68%)
Set Range of Parameter r To : (-20,100)
Doing initial fit: 

 --- MultiDimFit ---
best fit parameter values and profile-likelihood uncertainties: 
   r :    +2.773   -7.531/+7.919 (68%)
Set Range of Parameter r To : (-20,100)
Doing initial fit: 

 --- MultiDimFit ---
best fit parameter values and profile-likelihood uncertainties: 
   r :    -1.801   -9.400/+8.203 (68%)
Set Range of Parameter r To : (-20,100)
Doing initial fit: 

 --- MultiDimFit ---
best fit parameter values and profile-likelihood uncertainties: 
   r :    -6.445   -9.487/+8.780 (68%)
Set Range of Parameter r To : (-20,100)
Doing initial fit: 

 --- MultiDimFit ---
best fit parameter values and profile-likelihood uncertainties: 
   r :    +0.622   -10.404/+11.855 (68%)
Set Range of Parameter r To : (-20,100)
Doing initial fit: 

 --- MultiDimFit ---
best fit parameter values and profile-likelihood uncertainties: 
   r :    +3.666   -8.942/+8.111 (68%)
Set Range of Parameter r To : (-20,100)
Doing initial fit: 

 --- MultiDimFit ---
best fit parameter values and profile-likelihood uncertainties: 
 Warning - No valid low-error found, will report difference to minimum of range for : r
   r :   -19.996   -0.004/+7.490 (68%)
Set Range of Parameter r To : (-20,100)
Doing initial fit: 

 --- MultiDimFit ---
best fit parameter values and profile-likelihood uncertainties: 
   r :    +3.976   -10.019/+7.716 (68%)
Set Range of Parameter r To : (-20,100)
Doing initial fit: 

 --- MultiDimFit ---
best fit parameter values and profile-likelihood uncertainties: 
   r :    -5.145   -9.287/+8.259 (68%)
Set Range of Parameter r To : (-20,100)
Doing initial fit: 

 --- MultiDimFit ---
best fit parameter values and profile-likelihood uncertainties: 
   r :    +2.724   -9.458/+11.368 (68%)
Set Range of Parameter r To : (-20,100)
Doing initial fit: 

 --- MultiDimFit ---
best fit parameter values and profile-likelihood uncertainties: 
   r :    -4.650   -7.157/+7.164 (68%)
Set Range of Parameter r To : (-20,100)
Doing initial fit: 

 --- MultiDimFit ---
best fit parameter values and profile-likelihood uncertainties: 
   r :   -12.649   -7.351/+9.949 (68%)
Set Range of Parameter r To : (-20,100)
Doing initial fit: 

 --- MultiDimFit ---
best fit parameter values and profile-likelihood uncertainties: 
   r :   -13.244   -6.322/+7.647 (68%)
Set Range of Parameter r To : (-20,100)
Doing initial fit: 

 --- MultiDimFit ---
best fit parameter values and profile-likelihood uncertainties: 
   r :    -5.606   -8.360/+7.928 (68%)
Set Range of Parameter r To : (-20,100)
Doing initial fit: 

 --- MultiDimFit ---
best fit parameter values and profile-likelihood uncertainties: 
   r :    +2.108   -9.883/+10.201 (68%)
Set Range of Parameter r To : (-20,100)
Doing initial fit: 

 --- MultiDimFit ---
best fit parameter values and profile-likelihood uncertainties: 
   r :    +4.465   -9.483/+8.988 (68%)
Set Range of Parameter r To : (-20,100)
Doing initial fit: 

 --- MultiDimFit ---
best fit parameter values and profile-likelihood uncertainties: 
   r :   +10.737   -8.494/+7.413 (68%)
Set Range of Parameter r To : (-20,100)
Doing initial fit: 

 --- MultiDimFit ---
best fit parameter values and profile-likelihood uncertainties: 
   r :    -8.635   -6.407/+7.055 (68%)
Set Range of Parameter r To : (-20,100)
Doing initial fit: 

 --- MultiDimFit ---
best fit parameter values and profile-likelihood uncertainties: 
   r :   -13.979   -6.021/+9.964 (68%)
Set Range of Parameter r To : (-20,100)
Doing initial fit: 

 --- MultiDimFit ---
best fit parameter values and profile-likelihood uncertainties: 
   r :    +9.794   -9.317/+7.904 (68%)
Set Range of Parameter r To : (-20,100)
Doing initial fit: 

 --- MultiDimFit ---
best fit parameter values and profile-likelihood uncertainties: 
   r :    -2.452   -10.218/+7.959 (68%)
Set Range of Parameter r To : (-20,100)
Doing initial fit: 

 --- MultiDimFit ---
best fit parameter values and profile-likelihood uncertainties: 
   r :   +11.014   -9.719/+9.673 (68%)
Set Range of Parameter r To : (-20,100)
Doing initial fit: 

 --- MultiDimFit ---
best fit parameter values and profile-likelihood uncertainties: 
   r :    -4.147   -10.042/+10.163 (68%)
Set Range of Parameter r To : (-20,100)
Doing initial fit: 

 --- MultiDimFit ---
best fit parameter values and profile-likelihood uncertainties: 
   r :    +3.821   -8.336/+7.388 (68%)
Set Range of Parameter r To : (-20,100)
Doing initial fit: 

 --- MultiDimFit ---
best fit parameter values and profile-likelihood uncertainties: 
   r :   -14.208   -5.792/+7.594 (68%)
Set Range of Parameter r To : (-20,100)
Doing initial fit: 

 --- MultiDimFit ---
best fit parameter values and profile-likelihood uncertainties: 
   r :    -3.063   -9.997/+9.448 (68%)
Set Range of Parameter r To : (-20,100)
Doing initial fit: 

 --- MultiDimFit ---
best fit parameter values and profile-likelihood uncertainties: 
   r :    +0.952   -9.053/+8.264 (68%)
Set Range of Parameter r To : (-20,100)
Doing initial fit: 

 --- MultiDimFit ---
best fit parameter values and profile-likelihood uncertainties: 
   r :   -14.276   -5.724/+9.518 (68%)
Set Range of Parameter r To : (-20,100)
Doing initial fit: 

 --- MultiDimFit ---
best fit parameter values and profile-likelihood uncertainties: 
   r :    -0.088   -9.709/+9.391 (68%)
Set Range of Parameter r To : (-20,100)
Doing initial fit: 

 --- MultiDimFit ---
best fit parameter values and profile-likelihood uncertainties: 
   r :    +1.439   -8.790/+7.095 (68%)
Set Range of Parameter r To : (-20,100)
Doing initial fit: 

 --- MultiDimFit ---
best fit parameter values and profile-likelihood uncertainties: 
   r :    +3.595   -6.407/+7.972 (68%)
Set Range of Parameter r To : (-20,100)
Doing initial fit: 

 --- MultiDimFit ---
best fit parameter values and profile-likelihood uncertainties: 
   r :   +16.080   -8.242/+7.952 (68%)
Set Range of Parameter r To : (-20,100)
Doing initial fit: 

 --- MultiDimFit ---
best fit parameter values and profile-likelihood uncertainties: 
   r :    -5.124   -10.159/+10.100 (68%)
Set Range of Parameter r To : (-20,100)
Doing initial fit: 

 --- MultiDimFit ---
best fit parameter values and profile-likelihood uncertainties: 
   r :   -18.298   -1.702/+7.485 (68%)
Set Range of Parameter r To : (-20,100)
Doing initial fit: 

 --- MultiDimFit ---
best fit parameter values and profile-likelihood uncertainties: 
   r :   +11.728   -7.290/+7.146 (68%)
Set Range of Parameter r To : (-20,100)
Doing initial fit: 

 --- MultiDimFit ---
best fit parameter values and profile-likelihood uncertainties: 
   r :    -3.621   -9.452/+8.565 (68%)
Set Range of Parameter r To : (-20,100)
Doing initial fit: 

 --- MultiDimFit ---
best fit parameter values and profile-likelihood uncertainties: 
   r :    -2.150   -9.339/+9.359 (68%)
Set Range of Parameter r To : (-20,100)
Doing initial fit: 

 --- MultiDimFit ---
best fit parameter values and profile-likelihood uncertainties: 
   r :    +2.191   -9.433/+8.796 (68%)
Set Range of Parameter r To : (-20,100)
Doing initial fit: 

 --- MultiDimFit ---
best fit parameter values and profile-likelihood uncertainties: 
   r :   -10.986   -9.014/+9.284 (68%)
Set Range of Parameter r To : (-20,100)
Doing initial fit: 

 --- MultiDimFit ---
best fit parameter values and profile-likelihood uncertainties: 
   r :   -14.853   -5.147/+8.419 (68%)
Set Range of Parameter r To : (-20,100)
Doing initial fit: 

 --- MultiDimFit ---
best fit parameter values and profile-likelihood uncertainties: 
   r :    +2.674   -10.119/+10.050 (68%)
Set Range of Parameter r To : (-20,100)
Doing initial fit: 

 --- MultiDimFit ---
best fit parameter values and profile-likelihood uncertainties: 
   r :    +3.227   -8.683/+7.906 (68%)
Set Range of Parameter r To : (-20,100)
Doing initial fit: 

 --- MultiDimFit ---
best fit parameter values and profile-likelihood uncertainties: 
   r :   -10.355   -9.645/+9.770 (68%)
Set Range of Parameter r To : (-20,100)
Doing initial fit: 

 --- MultiDimFit ---
best fit parameter values and profile-likelihood uncertainties: 
   r :   -13.041   -6.959/+10.157 (68%)
Set Range of Parameter r To : (-20,100)
Doing initial fit: 

 --- MultiDimFit ---
best fit parameter values and profile-likelihood uncertainties: 
   r :    +1.901   -9.299/+8.135 (68%)
Set Range of Parameter r To : (-20,100)
Doing initial fit: 

 --- MultiDimFit ---
best fit parameter values and profile-likelihood uncertainties: 
   r :    +5.962   -7.821/+7.854 (68%)
Set Range of Parameter r To : (-20,100)
Doing initial fit: 

 --- MultiDimFit ---
best fit parameter values and profile-likelihood uncertainties: 
   r :    +5.749   -8.438/+7.822 (68%)
Set Range of Parameter r To : (-20,100)
Doing initial fit: 

 --- MultiDimFit ---
best fit parameter values and profile-likelihood uncertainties: 
   r :    -4.833   -9.393/+9.965 (68%)
Set Range of Parameter r To : (-20,100)
Doing initial fit: 

 --- MultiDimFit ---
best fit parameter values and profile-likelihood uncertainties: 
   r :    -8.369   -8.420/+7.933 (68%)
Set Range of Parameter r To : (-20,100)
Doing initial fit: 

 --- MultiDimFit ---
best fit parameter values and profile-likelihood uncertainties: 
   r :    +0.698   -9.742/+9.800 (68%)
Set Range of Parameter r To : (-20,100)
Doing initial fit: 

 --- MultiDimFit ---
best fit parameter values and profile-likelihood uncertainties: 
   r :   -11.635   -8.365/+9.308 (68%)
Set Range of Parameter r To : (-20,100)
Doing initial fit: 

 --- MultiDimFit ---
best fit parameter values and profile-likelihood uncertainties: 
   r :    +0.338   -8.984/+7.580 (68%)
Set Range of Parameter r To : (-20,100)
Doing initial fit: 

 --- MultiDimFit ---
best fit parameter values and profile-likelihood uncertainties: 
   r :    -1.915   -9.741/+7.809 (68%)
Set Range of Parameter r To : (-20,100)
Doing initial fit: 

 --- MultiDimFit ---
best fit parameter values and profile-likelihood uncertainties: 
   r :    +7.420   -7.780/+7.655 (68%)
Set Range of Parameter r To : (-20,100)
Doing initial fit: 

 --- MultiDimFit ---
best fit parameter values and profile-likelihood uncertainties: 
   r :    -3.767   -9.789/+7.734 (68%)
Set Range of Parameter r To : (-20,100)
Doing initial fit: 

 --- MultiDimFit ---
best fit parameter values and profile-likelihood uncertainties: 
   r :    +2.075   -9.134/+7.902 (68%)
Set Range of Parameter r To : (-20,100)
Doing initial fit: 

 --- MultiDimFit ---
best fit parameter values and profile-likelihood uncertainties: 
   r :   -13.345   -6.655/+7.687 (68%)
Set Range of Parameter r To : (-20,100)
Doing initial fit: 

 --- MultiDimFit ---
best fit parameter values and profile-likelihood uncertainties: 
   r :    -1.241   -7.155/+8.115 (68%)
Set Range of Parameter r To : (-20,100)
Doing initial fit: 

 --- MultiDimFit ---
best fit parameter values and profile-likelihood uncertainties: 
   r :    -1.284   -9.032/+8.044 (68%)
Set Range of Parameter r To : (-20,100)
Doing initial fit: 

 --- MultiDimFit ---
best fit parameter values and profile-likelihood uncertainties: 
   r :    +3.751   -10.521/+8.071 (68%)
Set Range of Parameter r To : (-20,100)
Doing initial fit: 

 --- MultiDimFit ---
best fit parameter values and profile-likelihood uncertainties: 
   r :    -3.093   -8.408/+7.880 (68%)
Set Range of Parameter r To : (-20,100)
Doing initial fit: 

 --- MultiDimFit ---
best fit parameter values and profile-likelihood uncertainties: 
   r :   +13.790   -8.589/+8.074 (68%)
Set Range of Parameter r To : (-20,100)
Doing initial fit: 

 --- MultiDimFit ---
best fit parameter values and profile-likelihood uncertainties: 
   r :    +1.003   -9.411/+9.355 (68%)
Set Range of Parameter r To : (-20,100)
Doing initial fit: 

 --- MultiDimFit ---
best fit parameter values and profile-likelihood uncertainties: 
   r :   +14.592   -10.123/+9.904 (68%)
Set Range of Parameter r To : (-20,100)
Doing initial fit: 

 --- MultiDimFit ---
best fit parameter values and profile-likelihood uncertainties: 
   r :   +12.137   -9.160/+8.700 (68%)
Set Range of Parameter r To : (-20,100)
Doing initial fit: 

 --- MultiDimFit ---
best fit parameter values and profile-likelihood uncertainties: 
   r :    +7.830   -9.430/+10.724 (68%)
Set Range of Parameter r To : (-20,100)
Doing initial fit: 

 --- MultiDimFit ---
best fit parameter values and profile-likelihood uncertainties: 
   r :    -7.091   -10.064/+9.712 (68%)
Set Range of Parameter r To : (-20,100)
Doing initial fit: 

 --- MultiDimFit ---
best fit parameter values and profile-likelihood uncertainties: 
   r :   -11.006   -8.994/+9.991 (68%)
Set Range of Parameter r To : (-20,100)
Doing initial fit: 

 --- MultiDimFit ---
best fit parameter values and profile-likelihood uncertainties: 
   r :    +3.440   -9.833/+9.668 (68%)
Set Range of Parameter r To : (-20,100)
Doing initial fit: 

 --- MultiDimFit ---
best fit parameter values and profile-likelihood uncertainties: 
   r :    +5.151   -9.922/+7.565 (68%)
Set Range of Parameter r To : (-20,100)
Doing initial fit: 

 --- MultiDimFit ---
best fit parameter values and profile-likelihood uncertainties: 
   r :   +12.372   -9.047/+7.641 (68%)
Set Range of Parameter r To : (-20,100)
Doing initial fit: 

 --- MultiDimFit ---
best fit parameter values and profile-likelihood uncertainties: 
   r :    +0.717   -7.563/+7.523 (68%)
Set Range of Parameter r To : (-20,100)
Doing initial fit: 

 --- MultiDimFit ---
best fit parameter values and profile-likelihood uncertainties: 
   r :    +3.148   -9.854/+10.540 (68%)
Set Range of Parameter r To : (-20,100)
Doing initial fit: 

 --- MultiDimFit ---
best fit parameter values and profile-likelihood uncertainties: 
   r :    -1.263   -7.844/+7.839 (68%)
Set Range of Parameter r To : (-20,100)
Doing initial fit: 

 --- MultiDimFit ---
best fit parameter values and profile-likelihood uncertainties: 
   r :    -2.978   -9.128/+11.032 (68%)
Set Range of Parameter r To : (-20,100)
Doing initial fit: 

 --- MultiDimFit ---
best fit parameter values and profile-likelihood uncertainties: 
   r :   +11.638   -9.730/+8.081 (68%)
Set Range of Parameter r To : (-20,100)
Doing initial fit: 

 --- MultiDimFit ---
best fit parameter values and profile-likelihood uncertainties: 
   r :    +6.578   -8.908/+7.607 (68%)
Set Range of Parameter r To : (-20,100)
Doing initial fit: 

 --- MultiDimFit ---
best fit parameter values and profile-likelihood uncertainties: 
   r :   +12.791   -8.111/+8.035 (68%)
Set Range of Parameter r To : (-20,100)
Doing initial fit: 

 --- MultiDimFit ---
best fit parameter values and profile-likelihood uncertainties: 
   r :    +6.269   -8.621/+7.915 (68%)
Set Range of Parameter r To : (-20,100)
Doing initial fit: 

 --- MultiDimFit ---
best fit parameter values and profile-likelihood uncertainties: 
   r :    +5.209   -9.352/+9.720 (68%)
Set Range of Parameter r To : (-20,100)
Doing initial fit: 

 --- MultiDimFit ---
best fit parameter values and profile-likelihood uncertainties: 
   r :    -6.303   -9.006/+9.219 (68%)
Set Range of Parameter r To : (-20,100)
Doing initial fit: 

 --- MultiDimFit ---
best fit parameter values and profile-likelihood uncertainties: 
   r :    -8.483   -9.411/+8.628 (68%)
Set Range of Parameter r To : (-20,100)
Doing initial fit: 

 --- MultiDimFit ---
best fit parameter values and profile-likelihood uncertainties: 
   r :    -6.389   -7.484/+7.687 (68%)
Set Range of Parameter r To : (-20,100)
Doing initial fit: 

 --- MultiDimFit ---
best fit parameter values and profile-likelihood uncertainties: 
   r :   +12.792   -9.474/+9.390 (68%)
Set Range of Parameter r To : (-20,100)
Doing initial fit: 

 --- MultiDimFit ---
best fit parameter values and profile-likelihood uncertainties: 
   r :   -11.381   -8.619/+9.437 (68%)
Set Range of Parameter r To : (-20,100)
Doing initial fit: 

 --- MultiDimFit ---
best fit parameter values and profile-likelihood uncertainties: 
   r :    -1.213   -9.635/+8.615 (68%)
Set Range of Parameter r To : (-20,100)
Doing initial fit: 

 --- MultiDimFit ---
best fit parameter values and profile-likelihood uncertainties: 
   r :    -4.112   -9.076/+8.297 (68%)
Set Range of Parameter r To : (-20,100)
Doing initial fit: 

 --- MultiDimFit ---
best fit parameter values and profile-likelihood uncertainties: 
   r :    -0.279   -8.331/+7.653 (68%)
Set Range of Parameter r To : (-20,100)
Doing initial fit: 

 --- MultiDimFit ---
best fit parameter values and profile-likelihood uncertainties: 
   r :    +4.136   -9.140/+8.671 (68%)
Set Range of Parameter r To : (-20,100)
Doing initial fit: 

 --- MultiDimFit ---
best fit parameter values and profile-likelihood uncertainties: 
   r :   -15.426   -4.574/+8.518 (68%)
Set Range of Parameter r To : (-20,100)
Doing initial fit: 

 --- MultiDimFit ---
best fit parameter values and profile-likelihood uncertainties: 
   r :    -0.888   -10.022/+11.176 (68%)
Set Range of Parameter r To : (-20,100)
Doing initial fit: 

 --- MultiDimFit ---
best fit parameter values and profile-likelihood uncertainties: 
   r :   -13.103   -6.897/+8.570 (68%)
Set Range of Parameter r To : (-20,100)
Doing initial fit: 

 --- MultiDimFit ---
best fit parameter values and profile-likelihood uncertainties: 
   r :   +11.244   -9.324/+10.067 (68%)
Set Range of Parameter r To : (-20,100)
Doing initial fit: 

 --- MultiDimFit ---
best fit parameter values and profile-likelihood uncertainties: 
   r :    -2.536   -9.406/+10.012 (68%)
Set Range of Parameter r To : (-20,100)
Doing initial fit: 

 --- MultiDimFit ---
best fit parameter values and profile-likelihood uncertainties: 
   r :    +4.020   -9.124/+8.786 (68%)
Set Range of Parameter r To : (-20,100)
Doing initial fit: 

 

 ---------------------------

 WARNING: MultiDimFit failed

 ---------------------------

 
Set Range of Parameter r To : (-20,100)
Doing initial fit: 

 --- MultiDimFit ---
best fit parameter values and profile-likelihood uncertainties: 
   r :    +7.000   -8.043/+7.616 (68%)
Set Range of Parameter r To : (-20,100)
Doing initial fit: 

 --- MultiDimFit ---
best fit parameter values and profile-likelihood uncertainties: 
   r :    -7.037   -6.746/+7.722 (68%)
Set Range of Parameter r To : (-20,100)
Doing initial fit: 

 --- MultiDimFit ---
best fit parameter values and profile-likelihood uncertainties: 
   r :    +6.213   -8.858/+8.043 (68%)
Set Range of Parameter r To : (-20,100)
Doing initial fit: 

 --- MultiDimFit ---
best fit parameter values and profile-likelihood uncertainties: 
   r :    -3.509   -9.703/+9.270 (68%)
Set Range of Parameter r To : (-20,100)
Doing initial fit: 

 --- MultiDimFit ---
best fit parameter values and profile-likelihood uncertainties: 
   r :    -4.227   -7.943/+7.469 (68%)
Set Range of Parameter r To : (-20,100)
Doing initial fit: 

 --- MultiDimFit ---
best fit parameter values and profile-likelihood uncertainties: 
   r :    -0.311   -9.007/+8.089 (68%)
Set Range of Parameter r To : (-20,100)
Doing initial fit: 

 --- MultiDimFit ---
best fit parameter values and profile-likelihood uncertainties: 
   r :    +0.932   -8.599/+7.256 (68%)
Set Range of Parameter r To : (-20,100)
Doing initial fit: 

 --- MultiDimFit ---
best fit parameter values and profile-likelihood uncertainties: 
   r :    +2.954   -9.039/+8.202 (68%)
Set Range of Parameter r To : (-20,100)
Doing initial fit: 

 --- MultiDimFit ---
best fit parameter values and profile-likelihood uncertainties: 
   r :    +7.366   -9.449/+9.602 (68%)
Set Range of Parameter r To : (-20,100)
Doing initial fit: 

 

 ---------------------------

 WARNING: MultiDimFit failed

 ---------------------------

 
Set Range of Parameter r To : (-20,100)
Doing initial fit: 

 --- MultiDimFit ---
best fit parameter values and profile-likelihood uncertainties: 
   r :   +13.986   -9.275/+9.811 (68%)
Set Range of Parameter r To : (-20,100)
Doing initial fit: 

 --- MultiDimFit ---
best fit parameter values and profile-likelihood uncertainties: 
   r :    -9.638   -9.546/+8.938 (68%)
Set Range of Parameter r To : (-20,100)
Doing initial fit: 

 --- MultiDimFit ---
best fit parameter values and profile-likelihood uncertainties: 
   r :    +9.665   -8.949/+8.105 (68%)
Set Range of Parameter r To : (-20,100)
Doing initial fit: 

 --- MultiDimFit ---
best fit parameter values and profile-likelihood uncertainties: 
   r :    -6.870   -8.005/+7.908 (68%)
Set Range of Parameter r To : (-20,100)
Doing initial fit: 

 --- MultiDimFit ---
best fit parameter values and profile-likelihood uncertainties: 
   r :    +4.477   -8.309/+7.889 (68%)
Set Range of Parameter r To : (-20,100)
Doing initial fit: 

 --- MultiDimFit ---
best fit parameter values and profile-likelihood uncertainties: 
   r :    -0.835   -10.212/+9.893 (68%)
Set Range of Parameter r To : (-20,100)
Doing initial fit: 

 --- MultiDimFit ---
best fit parameter values and profile-likelihood uncertainties: 
   r :   +16.415   -9.693/+8.160 (68%)
Set Range of Parameter r To : (-20,100)
Doing initial fit: 

 --- MultiDimFit ---
best fit parameter values and profile-likelihood uncertainties: 
   r :    +8.419   -9.740/+8.308 (68%)
Set Range of Parameter r To : (-20,100)
Doing initial fit: 

 --- MultiDimFit ---
best fit parameter values and profile-likelihood uncertainties: 
   r :   +13.710   -9.934/+7.943 (68%)
Set Range of Parameter r To : (-20,100)
Doing initial fit: 

 --- MultiDimFit ---
best fit parameter values and profile-likelihood uncertainties: 
   r :    +1.341   -8.988/+7.817 (68%)
Set Range of Parameter r To : (-20,100)
Doing initial fit: 

 --- MultiDimFit ---
best fit parameter values and profile-likelihood uncertainties: 
   r :    -9.722   -6.702/+6.537 (68%)
Set Range of Parameter r To : (-20,100)
Doing initial fit: 

 --- MultiDimFit ---
best fit parameter values and profile-likelihood uncertainties: 
   r :    -5.133   -9.784/+7.571 (68%)
Set Range of Parameter r To : (-20,100)
Doing initial fit: 

 --- MultiDimFit ---
best fit parameter values and profile-likelihood uncertainties: 
   r :    +1.780   -9.989/+9.343 (68%)
Set Range of Parameter r To : (-20,100)
Doing initial fit: 

 --- MultiDimFit ---
best fit parameter values and profile-likelihood uncertainties: 
   r :    +6.064   -9.491/+9.431 (68%)
Set Range of Parameter r To : (-20,100)
Doing initial fit: 

 --- MultiDimFit ---
best fit parameter values and profile-likelihood uncertainties: 
   r :    -5.395   -9.077/+9.030 (68%)
Set Range of Parameter r To : (-20,100)
Doing initial fit: 

 --- MultiDimFit ---
best fit parameter values and profile-likelihood uncertainties: 
   r :   -11.858   -8.142/+9.383 (68%)
Set Range of Parameter r To : (-20,100)
Doing initial fit: 

 --- MultiDimFit ---
best fit parameter values and profile-likelihood uncertainties: 
   r :    +0.651   -9.025/+10.961 (68%)
Set Range of Parameter r To : (-20,100)
Doing initial fit: 

 --- MultiDimFit ---
best fit parameter values and profile-likelihood uncertainties: 
   r :    -0.208   -7.506/+6.552 (68%)
Set Range of Parameter r To : (-20,100)
Doing initial fit: 

 --- MultiDimFit ---
best fit parameter values and profile-likelihood uncertainties: 
   r :    -3.747   -8.334/+7.522 (68%)
Set Range of Parameter r To : (-20,100)
Doing initial fit: 

 --- MultiDimFit ---
best fit parameter values and profile-likelihood uncertainties: 
   r :   -10.680   -8.609/+7.850 (68%)
Set Range of Parameter r To : (-20,100)
Doing initial fit: 

 --- MultiDimFit ---
best fit parameter values and profile-likelihood uncertainties: 
   r :    -2.706   -9.726/+9.888 (68%)
Set Range of Parameter r To : (-20,100)
Doing initial fit: 

 --- MultiDimFit ---
best fit parameter values and profile-likelihood uncertainties: 
   r :    -5.928   -7.893/+7.155 (68%)
Set Range of Parameter r To : (-20,100)
Doing initial fit: 

 --- MultiDimFit ---
best fit parameter values and profile-likelihood uncertainties: 
   r :   +15.083   -8.846/+6.927 (68%)
Set Range of Parameter r To : (-20,100)
Doing initial fit: 

 --- MultiDimFit ---
best fit parameter values and profile-likelihood uncertainties: 
   r :    -6.409   -9.172/+9.427 (68%)
Set Range of Parameter r To : (-20,100)
Doing initial fit: 

 --- MultiDimFit ---
best fit parameter values and profile-likelihood uncertainties: 
   r :    +2.674   -8.654/+7.724 (68%)
Set Range of Parameter r To : (-20,100)
Doing initial fit: 

 --- MultiDimFit ---
best fit parameter values and profile-likelihood uncertainties: 
   r :    +0.529   -10.032/+10.078 (68%)
Set Range of Parameter r To : (-20,100)
Doing initial fit: 

 --- MultiDimFit ---
best fit parameter values and profile-likelihood uncertainties: 
   r :    +9.194   -10.200/+7.940 (68%)
Set Range of Parameter r To : (-20,100)
Doing initial fit: 

 --- MultiDimFit ---
best fit parameter values and profile-likelihood uncertainties: 
   r :    +4.934   -9.993/+10.235 (68%)
Set Range of Parameter r To : (-20,100)
Doing initial fit: 

 --- MultiDimFit ---
best fit parameter values and profile-likelihood uncertainties: 
   r :    +2.525   -7.105/+7.860 (68%)
Set Range of Parameter r To : (-20,100)
Doing initial fit: 

 --- MultiDimFit ---
best fit parameter values and profile-likelihood uncertainties: 
   r :   -17.754   -2.246/+7.600 (68%)
Set Range of Parameter r To : (-20,100)
Doing initial fit: 

 --- MultiDimFit ---
best fit parameter values and profile-likelihood uncertainties: 
   r :    +2.899   -9.328/+9.601 (68%)
Set Range of Parameter r To : (-20,100)
Doing initial fit: 

 --- MultiDimFit ---
best fit parameter values and profile-likelihood uncertainties: 
   r :    +5.809   -9.075/+8.429 (68%)
Set Range of Parameter r To : (-20,100)
Doing initial fit: 

 --- MultiDimFit ---
best fit parameter values and profile-likelihood uncertainties: 
   r :   -13.680   -6.320/+7.936 (68%)
Set Range of Parameter r To : (-20,100)
Doing initial fit: 

 --- MultiDimFit ---
best fit parameter values and profile-likelihood uncertainties: 
   r :    -7.102   -7.563/+7.795 (68%)
Set Range of Parameter r To : (-20,100)
Doing initial fit: 

 --- MultiDimFit ---
best fit parameter values and profile-likelihood uncertainties: 
   r :   +17.257   -8.464/+8.079 (68%)
Set Range of Parameter r To : (-20,100)
Doing initial fit: 

 --- MultiDimFit ---
best fit parameter values and profile-likelihood uncertainties: 
   r :    +6.171   -8.098/+7.982 (68%)
Set Range of Parameter r To : (-20,100)
Doing initial fit: 

 --- MultiDimFit ---
best fit parameter values and profile-likelihood uncertainties: 
   r :   +16.207   -10.357/+9.886 (68%)
Set Range of Parameter r To : (-20,100)
Doing initial fit: 

 --- MultiDimFit ---
best fit parameter values and profile-likelihood uncertainties: 
   r :    +3.215   -7.568/+7.996 (68%)
Set Range of Parameter r To : (-20,100)
Doing initial fit: 

 --- MultiDimFit ---
best fit parameter values and profile-likelihood uncertainties: 
   r :    -4.831   -9.852/+10.126 (68%)
Set Range of Parameter r To : (-20,100)
Doing initial fit: 

 --- MultiDimFit ---
best fit parameter values and profile-likelihood uncertainties: 
   r :   -12.747   -7.253/+7.855 (68%)
Set Range of Parameter r To : (-20,100)
Doing initial fit: 

 --- MultiDimFit ---
best fit parameter values and profile-likelihood uncertainties: 
   r :    -7.266   -9.073/+7.609 (68%)
Set Range of Parameter r To : (-20,100)
Doing initial fit: 

 --- MultiDimFit ---
best fit parameter values and profile-likelihood uncertainties: 
   r :    -6.210   -6.729/+7.583 (68%)
Set Range of Parameter r To : (-20,100)
Doing initial fit: 

 --- MultiDimFit ---
best fit parameter values and profile-likelihood uncertainties: 
   r :    -3.649   -9.394/+9.566 (68%)
Set Range of Parameter r To : (-20,100)
Doing initial fit: 

 --- MultiDimFit ---
best fit parameter values and profile-likelihood uncertainties: 
   r :    +1.914   -9.284/+8.617 (68%)
Set Range of Parameter r To : (-20,100)
Doing initial fit: 

 --- MultiDimFit ---
best fit parameter values and profile-likelihood uncertainties: 
   r :    -0.680   -9.293/+10.286 (68%)
Set Range of Parameter r To : (-20,100)
Doing initial fit: 

 --- MultiDimFit ---
best fit parameter values and profile-likelihood uncertainties: 
   r :   +11.221   -10.173/+10.248 (68%)
Set Range of Parameter r To : (-20,100)
Doing initial fit: 

 --- MultiDimFit ---
best fit parameter values and profile-likelihood uncertainties: 
   r :    +3.782   -7.174/+7.863 (68%)
Set Range of Parameter r To : (-20,100)
Doing initial fit: 

 --- MultiDimFit ---
best fit parameter values and profile-likelihood uncertainties: 
   r :   +13.027   -9.727/+12.477 (68%)
Set Range of Parameter r To : (-20,100)
Doing initial fit: 

 --- MultiDimFit ---
best fit parameter values and profile-likelihood uncertainties: 
   r :   -11.456   -8.544/+7.922 (68%)
Set Range of Parameter r To : (-20,100)
Doing initial fit: 

 --- MultiDimFit ---
best fit parameter values and profile-likelihood uncertainties: 
   r :    -3.368   -11.150/+7.635 (68%)
Set Range of Parameter r To : (-20,100)
Doing initial fit: 

 --- MultiDimFit ---
best fit parameter values and profile-likelihood uncertainties: 
   r :    +0.261   -8.218/+7.685 (68%)
Set Range of Parameter r To : (-20,100)
Doing initial fit: 

 --- MultiDimFit ---
best fit parameter values and profile-likelihood uncertainties: 
   r :    -2.262   -9.961/+9.365 (68%)
Set Range of Parameter r To : (-20,100)
Doing initial fit: 

 --- MultiDimFit ---
best fit parameter values and profile-likelihood uncertainties: 
   r :   +12.155   -8.715/+7.938 (68%)
Set Range of Parameter r To : (-20,100)
Doing initial fit: 

 --- MultiDimFit ---
best fit parameter values and profile-likelihood uncertainties: 
   r :    +5.958   -9.324/+11.196 (68%)
Set Range of Parameter r To : (-20,100)
Doing initial fit: 

 --- MultiDimFit ---
best fit parameter values and profile-likelihood uncertainties: 
   r :    +4.370   -9.339/+8.187 (68%)
Set Range of Parameter r To : (-20,100)
Doing initial fit: 

 --- MultiDimFit ---
best fit parameter values and profile-likelihood uncertainties: 
   r :    -0.049   -8.744/+7.627 (68%)
Set Range of Parameter r To : (-20,100)
Doing initial fit: 

 --- MultiDimFit ---
best fit parameter values and profile-likelihood uncertainties: 
   r :    +5.078   -9.752/+10.028 (68%)
Set Range of Parameter r To : (-20,100)
Doing initial fit: 

 --- MultiDimFit ---
best fit parameter values and profile-likelihood uncertainties: 
   r :    +6.591   -9.959/+8.177 (68%)
Set Range of Parameter r To : (-20,100)
Doing initial fit: 

 --- MultiDimFit ---
best fit parameter values and profile-likelihood uncertainties: 
   r :   +10.678   -7.223/+8.035 (68%)
Set Range of Parameter r To : (-20,100)
Doing initial fit: 

 --- MultiDimFit ---
best fit parameter values and profile-likelihood uncertainties: 
   r :   +22.140   -9.373/+8.401 (68%)
Set Range of Parameter r To : (-20,100)
Doing initial fit: 

 --- MultiDimFit ---
best fit parameter values and profile-likelihood uncertainties: 
   r :    +2.590   -9.207/+8.856 (68%)
Set Range of Parameter r To : (-20,100)
Doing initial fit: 

 --- MultiDimFit ---
best fit parameter values and profile-likelihood uncertainties: 
   r :    +0.795   -9.238/+8.139 (68%)
Set Range of Parameter r To : (-20,100)
Doing initial fit: 

 --- MultiDimFit ---
best fit parameter values and profile-likelihood uncertainties: 
   r :    -7.758   -6.899/+8.264 (68%)
Set Range of Parameter r To : (-20,100)
Doing initial fit: 

 --- MultiDimFit ---
best fit parameter values and profile-likelihood uncertainties: 
   r :    +4.017   -10.932/+7.860 (68%)
Set Range of Parameter r To : (-20,100)
Doing initial fit: 

 --- MultiDimFit ---
best fit parameter values and profile-likelihood uncertainties: 
   r :    +3.746   -9.409/+8.190 (68%)
Set Range of Parameter r To : (-20,100)
Doing initial fit: 

 --- MultiDimFit ---
best fit parameter values and profile-likelihood uncertainties: 
   r :    -8.855   -7.949/+7.849 (68%)
Set Range of Parameter r To : (-20,100)
Doing initial fit: 

 --- MultiDimFit ---
best fit parameter values and profile-likelihood uncertainties: 
   r :    -6.623   -8.030/+7.561 (68%)
Set Range of Parameter r To : (-20,100)
Doing initial fit: 

 --- MultiDimFit ---
best fit parameter values and profile-likelihood uncertainties: 
   r :    -2.909   -9.799/+10.229 (68%)
Set Range of Parameter r To : (-20,100)
Doing initial fit: 

 --- MultiDimFit ---
best fit parameter values and profile-likelihood uncertainties: 
   r :    -1.583   -7.690/+7.984 (68%)
Set Range of Parameter r To : (-20,100)
Doing initial fit: 

 --- MultiDimFit ---
best fit parameter values and profile-likelihood uncertainties: 
   r :   +16.253   -9.291/+7.785 (68%)
Set Range of Parameter r To : (-20,100)
Doing initial fit: 

 --- MultiDimFit ---
best fit parameter values and profile-likelihood uncertainties: 
   r :    +8.672   -9.486/+9.887 (68%)
Set Range of Parameter r To : (-20,100)
Doing initial fit: 

 --- MultiDimFit ---
best fit parameter values and profile-likelihood uncertainties: 
   r :    +0.719   -7.506/+7.016 (68%)
Set Range of Parameter r To : (-20,100)
Doing initial fit: 

 --- MultiDimFit ---
best fit parameter values and profile-likelihood uncertainties: 
   r :    +0.057   -8.412/+12.091 (68%)
mean   expected limit: r < 3.12228e-316 +/- 0 @ 95%CL (500 toyMC)
median expected limit: r < 3.12228e-316 @ 95%CL (500 toyMC)
   68% expected band : 3.12228e-316 < r < 3.12228e-316
   95% expected band : 3.12228e-316 < r < 3.12228e-316
[RUN] (cd /data6/Users/joonblee/higgs_combine/CMSSW_14_1_0_pre4/src/NIsoMuon/review_outputs/Run2Run3/M20/bias && combine -M GenerateOnly /data6/Users/joonblee/higgs_combine/CMSSW_14_1_0_pre4/src/NIsoMuon/review_outputs/Run2Run3/M20/workspace_Run2Run3_M20.root -m 20 -t 500 --expectSignal 15.5 --setParameters r=15.5 --setParameterRanges r=0,100 --saveToys -s 12345 -n .ReviewBiasGen_Run2Run3_M20_r15p5)
 <<< Combine >>> 
 <<< v11.0.0 >>>
>>> Random number generator seed is 12345
>>> Method used is GenerateOnly
Set Range of Parameter r To : (0,100)
Set Default Value of Parameter r To : 15.5
Warning: A value of r is specified in both the --setParameters and --expectSignal options. The argument of --expectSignal will take precedence
Set Range of Parameter r To : (0,100)
Generate toy 1/500
Set Range of Parameter r To : (0,100)
Generate toy 2/500
Set Range of Parameter r To : (0,100)
Generate toy 3/500
Set Range of Parameter r To : (0,100)
Generate toy 4/500
Set Range of Parameter r To : (0,100)
Generate toy 5/500
Set Range of Parameter r To : (0,100)
Generate toy 6/500
Set Range of Parameter r To : (0,100)
Generate toy 7/500
Set Range of Parameter r To : (0,100)
Generate toy 8/500
Set Range of Parameter r To : (0,100)
Generate toy 9/500
Set Range of Parameter r To : (0,100)
Generate toy 10/500
Set Range of Parameter r To : (0,100)
Generate toy 11/500
Set Range of Parameter r To : (0,100)
Generate toy 12/500
Set Range of Parameter r To : (0,100)
Generate toy 13/500
Set Range of Parameter r To : (0,100)
Generate toy 14/500
Set Range of Parameter r To : (0,100)
Generate toy 15/500
Set Range of Parameter r To : (0,100)
Generate toy 16/500
Set Range of Parameter r To : (0,100)
Generate toy 17/500
Set Range of Parameter r To : (0,100)
Generate toy 18/500
Set Range of Parameter r To : (0,100)
Generate toy 19/500
Set Range of Parameter r To : (0,100)
Generate toy 20/500
Set Range of Parameter r To : (0,100)
Generate toy 21/500
Set Range of Parameter r To : (0,100)
Generate toy 22/500
Set Range of Parameter r To : (0,100)
Generate toy 23/500
Set Range of Parameter r To : (0,100)
Generate toy 24/500
Set Range of Parameter r To : (0,100)
Generate toy 25/500
Set Range of Parameter r To : (0,100)
Generate toy 26/500
Set Range of Parameter r To : (0,100)
Generate toy 27/500
Set Range of Parameter r To : (0,100)
Generate toy 28/500
Set Range of Parameter r To : (0,100)
Generate toy 29/500
Set Range of Parameter r To : (0,100)
Generate toy 30/500
Set Range of Parameter r To : (0,100)
Generate toy 31/500
Set Range of Parameter r To : (0,100)
Generate toy 32/500
Set Range of Parameter r To : (0,100)
Generate toy 33/500
Set Range of Parameter r To : (0,100)
Generate toy 34/500
Set Range of Parameter r To : (0,100)
Generate toy 35/500
Set Range of Parameter r To : (0,100)
Generate toy 36/500
Set Range of Parameter r To : (0,100)
Generate toy 37/500
Set Range of Parameter r To : (0,100)
Generate toy 38/500
Set Range of Parameter r To : (0,100)
Generate toy 39/500
Set Range of Parameter r To : (0,100)
Generate toy 40/500
Set Range of Parameter r To : (0,100)
Generate toy 41/500
Set Range of Parameter r To : (0,100)
Generate toy 42/500
Set Range of Parameter r To : (0,100)
Generate toy 43/500
Set Range of Parameter r To : (0,100)
Generate toy 44/500
Set Range of Parameter r To : (0,100)
Generate toy 45/500
Set Range of Parameter r To : (0,100)
Generate toy 46/500
Set Range of Parameter r To : (0,100)
Generate toy 47/500
Set Range of Parameter r To : (0,100)
Generate toy 48/500
Set Range of Parameter r To : (0,100)
Generate toy 49/500
Set Range of Parameter r To : (0,100)
Generate toy 50/500
Set Range of Parameter r To : (0,100)
Generate toy 51/500
Set Range of Parameter r To : (0,100)
Generate toy 52/500
Set Range of Parameter r To : (0,100)
Generate toy 53/500
Set Range of Parameter r To : (0,100)
Generate toy 54/500
Set Range of Parameter r To : (0,100)
Generate toy 55/500
Set Range of Parameter r To : (0,100)
Generate toy 56/500
Set Range of Parameter r To : (0,100)
Generate toy 57/500
Set Range of Parameter r To : (0,100)
Generate toy 58/500
Set Range of Parameter r To : (0,100)
Generate toy 59/500
Set Range of Parameter r To : (0,100)
Generate toy 60/500
Set Range of Parameter r To : (0,100)
Generate toy 61/500
Set Range of Parameter r To : (0,100)
Generate toy 62/500
Set Range of Parameter r To : (0,100)
Generate toy 63/500
Set Range of Parameter r To : (0,100)
Generate toy 64/500
Set Range of Parameter r To : (0,100)
Generate toy 65/500
Set Range of Parameter r To : (0,100)
Generate toy 66/500
Set Range of Parameter r To : (0,100)
Generate toy 67/500
Set Range of Parameter r To : (0,100)
Generate toy 68/500
Set Range of Parameter r To : (0,100)
Generate toy 69/500
Set Range of Parameter r To : (0,100)
Generate toy 70/500
Set Range of Parameter r To : (0,100)
Generate toy 71/500
Set Range of Parameter r To : (0,100)
Generate toy 72/500
Set Range of Parameter r To : (0,100)
Generate toy 73/500
Set Range of Parameter r To : (0,100)
Generate toy 74/500
Set Range of Parameter r To : (0,100)
Generate toy 75/500
Set Range of Parameter r To : (0,100)
Generate toy 76/500
Set Range of Parameter r To : (0,100)
Generate toy 77/500
Set Range of Parameter r To : (0,100)
Generate toy 78/500
Set Range of Parameter r To : (0,100)
Generate toy 79/500
Set Range of Parameter r To : (0,100)
Generate toy 80/500
Set Range of Parameter r To : (0,100)
Generate toy 81/500
Set Range of Parameter r To : (0,100)
Generate toy 82/500
Set Range of Parameter r To : (0,100)
Generate toy 83/500
Set Range of Parameter r To : (0,100)
Generate toy 84/500
Set Range of Parameter r To : (0,100)
Generate toy 85/500
Set Range of Parameter r To : (0,100)
Generate toy 86/500
Set Range of Parameter r To : (0,100)
Generate toy 87/500
Set Range of Parameter r To : (0,100)
Generate toy 88/500
Set Range of Parameter r To : (0,100)
Generate toy 89/500
Set Range of Parameter r To : (0,100)
Generate toy 90/500
Set Range of Parameter r To : (0,100)
Generate toy 91/500
Set Range of Parameter r To : (0,100)
Generate toy 92/500
Set Range of Parameter r To : (0,100)
Generate toy 93/500
Set Range of Parameter r To : (0,100)
Generate toy 94/500
Set Range of Parameter r To : (0,100)
Generate toy 95/500
Set Range of Parameter r To : (0,100)
Generate toy 96/500
Set Range of Parameter r To : (0,100)
Generate toy 97/500
Set Range of Parameter r To : (0,100)
Generate toy 98/500
Set Range of Parameter r To : (0,100)
Generate toy 99/500
Set Range of Parameter r To : (0,100)
Generate toy 100/500
Set Range of Parameter r To : (0,100)
Generate toy 101/500
Set Range of Parameter r To : (0,100)
Generate toy 102/500
Set Range of Parameter r To : (0,100)
Generate toy 103/500
Set Range of Parameter r To : (0,100)
Generate toy 104/500
Set Range of Parameter r To : (0,100)
Generate toy 105/500
Set Range of Parameter r To : (0,100)
Generate toy 106/500
Set Range of Parameter r To : (0,100)
Generate toy 107/500
Set Range of Parameter r To : (0,100)
Generate toy 108/500
Set Range of Parameter r To : (0,100)
Generate toy 109/500
Set Range of Parameter r To : (0,100)
Generate toy 110/500
Set Range of Parameter r To : (0,100)
Generate toy 111/500
Set Range of Parameter r To : (0,100)
Generate toy 112/500
Set Range of Parameter r To : (0,100)
Generate toy 113/500
Set Range of Parameter r To : (0,100)
Generate toy 114/500
Set Range of Parameter r To : (0,100)
Generate toy 115/500
Set Range of Parameter r To : (0,100)
Generate toy 116/500
Set Range of Parameter r To : (0,100)
Generate toy 117/500
Set Range of Parameter r To : (0,100)
Generate toy 118/500
Set Range of Parameter r To : (0,100)
Generate toy 119/500
Set Range of Parameter r To : (0,100)
Generate toy 120/500
Set Range of Parameter r To : (0,100)
Generate toy 121/500
Set Range of Parameter r To : (0,100)
Generate toy 122/500
Set Range of Parameter r To : (0,100)
Generate toy 123/500
Set Range of Parameter r To : (0,100)
Generate toy 124/500
Set Range of Parameter r To : (0,100)
Generate toy 125/500
Set Range of Parameter r To : (0,100)
Generate toy 126/500
Set Range of Parameter r To : (0,100)
Generate toy 127/500
Set Range of Parameter r To : (0,100)
Generate toy 128/500
Set Range of Parameter r To : (0,100)
Generate toy 129/500
Set Range of Parameter r To : (0,100)
Generate toy 130/500
Set Range of Parameter r To : (0,100)
Generate toy 131/500
Set Range of Parameter r To : (0,100)
Generate toy 132/500
Set Range of Parameter r To : (0,100)
Generate toy 133/500
Set Range of Parameter r To : (0,100)
Generate toy 134/500
Set Range of Parameter r To : (0,100)
Generate toy 135/500
Set Range of Parameter r To : (0,100)
Generate toy 136/500
Set Range of Parameter r To : (0,100)
Generate toy 137/500
Set Range of Parameter r To : (0,100)
Generate toy 138/500
Set Range of Parameter r To : (0,100)
Generate toy 139/500
Set Range of Parameter r To : (0,100)
Generate toy 140/500
Set Range of Parameter r To : (0,100)
Generate toy 141/500
Set Range of Parameter r To : (0,100)
Generate toy 142/500
Set Range of Parameter r To : (0,100)
Generate toy 143/500
Set Range of Parameter r To : (0,100)
Generate toy 144/500
Set Range of Parameter r To : (0,100)
Generate toy 145/500
Set Range of Parameter r To : (0,100)
Generate toy 146/500
Set Range of Parameter r To : (0,100)
Generate toy 147/500
Set Range of Parameter r To : (0,100)
Generate toy 148/500
Set Range of Parameter r To : (0,100)
Generate toy 149/500
Set Range of Parameter r To : (0,100)
Generate toy 150/500
Set Range of Parameter r To : (0,100)
Generate toy 151/500
Set Range of Parameter r To : (0,100)
Generate toy 152/500
Set Range of Parameter r To : (0,100)
Generate toy 153/500
Set Range of Parameter r To : (0,100)
Generate toy 154/500
Set Range of Parameter r To : (0,100)
Generate toy 155/500
Set Range of Parameter r To : (0,100)
Generate toy 156/500
Set Range of Parameter r To : (0,100)
Generate toy 157/500
Set Range of Parameter r To : (0,100)
Generate toy 158/500
Set Range of Parameter r To : (0,100)
Generate toy 159/500
Set Range of Parameter r To : (0,100)
Generate toy 160/500
Set Range of Parameter r To : (0,100)
Generate toy 161/500
Set Range of Parameter r To : (0,100)
Generate toy 162/500
Set Range of Parameter r To : (0,100)
Generate toy 163/500
Set Range of Parameter r To : (0,100)
Generate toy 164/500
Set Range of Parameter r To : (0,100)
Generate toy 165/500
Set Range of Parameter r To : (0,100)
Generate toy 166/500
Set Range of Parameter r To : (0,100)
Generate toy 167/500
Set Range of Parameter r To : (0,100)
Generate toy 168/500
Set Range of Parameter r To : (0,100)
Generate toy 169/500
Set Range of Parameter r To : (0,100)
Generate toy 170/500
Set Range of Parameter r To : (0,100)
Generate toy 171/500
Set Range of Parameter r To : (0,100)
Generate toy 172/500
Set Range of Parameter r To : (0,100)
Generate toy 173/500
Set Range of Parameter r To : (0,100)
Generate toy 174/500
Set Range of Parameter r To : (0,100)
Generate toy 175/500
Set Range of Parameter r To : (0,100)
Generate toy 176/500
Set Range of Parameter r To : (0,100)
Generate toy 177/500
Set Range of Parameter r To : (0,100)
Generate toy 178/500
Set Range of Parameter r To : (0,100)
Generate toy 179/500
Set Range of Parameter r To : (0,100)
Generate toy 180/500
Set Range of Parameter r To : (0,100)
Generate toy 181/500
Set Range of Parameter r To : (0,100)
Generate toy 182/500
Set Range of Parameter r To : (0,100)
Generate toy 183/500
Set Range of Parameter r To : (0,100)
Generate toy 184/500
Set Range of Parameter r To : (0,100)
Generate toy 185/500
Set Range of Parameter r To : (0,100)
Generate toy 186/500
Set Range of Parameter r To : (0,100)
Generate toy 187/500
Set Range of Parameter r To : (0,100)
Generate toy 188/500
Set Range of Parameter r To : (0,100)
Generate toy 189/500
Set Range of Parameter r To : (0,100)
Generate toy 190/500
Set Range of Parameter r To : (0,100)
Generate toy 191/500
Set Range of Parameter r To : (0,100)
Generate toy 192/500
Set Range of Parameter r To : (0,100)
Generate toy 193/500
Set Range of Parameter r To : (0,100)
Generate toy 194/500
Set Range of Parameter r To : (0,100)
Generate toy 195/500
Set Range of Parameter r To : (0,100)
Generate toy 196/500
Set Range of Parameter r To : (0,100)
Generate toy 197/500
Set Range of Parameter r To : (0,100)
Generate toy 198/500
Set Range of Parameter r To : (0,100)
Generate toy 199/500
Set Range of Parameter r To : (0,100)
Generate toy 200/500
Set Range of Parameter r To : (0,100)
Generate toy 201/500
Set Range of Parameter r To : (0,100)
Generate toy 202/500
Set Range of Parameter r To : (0,100)
Generate toy 203/500
Set Range of Parameter r To : (0,100)
Generate toy 204/500
Set Range of Parameter r To : (0,100)
Generate toy 205/500
Set Range of Parameter r To : (0,100)
Generate toy 206/500
Set Range of Parameter r To : (0,100)
Generate toy 207/500
Set Range of Parameter r To : (0,100)
Generate toy 208/500
Set Range of Parameter r To : (0,100)
Generate toy 209/500
Set Range of Parameter r To : (0,100)
Generate toy 210/500
Set Range of Parameter r To : (0,100)
Generate toy 211/500
Set Range of Parameter r To : (0,100)
Generate toy 212/500
Set Range of Parameter r To : (0,100)
Generate toy 213/500
Set Range of Parameter r To : (0,100)
Generate toy 214/500
Set Range of Parameter r To : (0,100)
Generate toy 215/500
Set Range of Parameter r To : (0,100)
Generate toy 216/500
Set Range of Parameter r To : (0,100)
Generate toy 217/500
Set Range of Parameter r To : (0,100)
Generate toy 218/500
Set Range of Parameter r To : (0,100)
Generate toy 219/500
Set Range of Parameter r To : (0,100)
Generate toy 220/500
Set Range of Parameter r To : (0,100)
Generate toy 221/500
Set Range of Parameter r To : (0,100)
Generate toy 222/500
Set Range of Parameter r To : (0,100)
Generate toy 223/500
Set Range of Parameter r To : (0,100)
Generate toy 224/500
Set Range of Parameter r To : (0,100)
Generate toy 225/500
Set Range of Parameter r To : (0,100)
Generate toy 226/500
Set Range of Parameter r To : (0,100)
Generate toy 227/500
Set Range of Parameter r To : (0,100)
Generate toy 228/500
Set Range of Parameter r To : (0,100)
Generate toy 229/500
Set Range of Parameter r To : (0,100)
Generate toy 230/500
Set Range of Parameter r To : (0,100)
Generate toy 231/500
Set Range of Parameter r To : (0,100)
Generate toy 232/500
Set Range of Parameter r To : (0,100)
Generate toy 233/500
Set Range of Parameter r To : (0,100)
Generate toy 234/500
Set Range of Parameter r To : (0,100)
Generate toy 235/500
Set Range of Parameter r To : (0,100)
Generate toy 236/500
Set Range of Parameter r To : (0,100)
Generate toy 237/500
Set Range of Parameter r To : (0,100)
Generate toy 238/500
Set Range of Parameter r To : (0,100)
Generate toy 239/500
Set Range of Parameter r To : (0,100)
Generate toy 240/500
Set Range of Parameter r To : (0,100)
Generate toy 241/500
Set Range of Parameter r To : (0,100)
Generate toy 242/500
Set Range of Parameter r To : (0,100)
Generate toy 243/500
Set Range of Parameter r To : (0,100)
Generate toy 244/500
Set Range of Parameter r To : (0,100)
Generate toy 245/500
Set Range of Parameter r To : (0,100)
Generate toy 246/500
Set Range of Parameter r To : (0,100)
Generate toy 247/500
Set Range of Parameter r To : (0,100)
Generate toy 248/500
Set Range of Parameter r To : (0,100)
Generate toy 249/500
Set Range of Parameter r To : (0,100)
Generate toy 250/500
Set Range of Parameter r To : (0,100)
Generate toy 251/500
Set Range of Parameter r To : (0,100)
Generate toy 252/500
Set Range of Parameter r To : (0,100)
Generate toy 253/500
Set Range of Parameter r To : (0,100)
Generate toy 254/500
Set Range of Parameter r To : (0,100)
Generate toy 255/500
Set Range of Parameter r To : (0,100)
Generate toy 256/500
Set Range of Parameter r To : (0,100)
Generate toy 257/500
Set Range of Parameter r To : (0,100)
Generate toy 258/500
Set Range of Parameter r To : (0,100)
Generate toy 259/500
Set Range of Parameter r To : (0,100)
Generate toy 260/500
Set Range of Parameter r To : (0,100)
Generate toy 261/500
Set Range of Parameter r To : (0,100)
Generate toy 262/500
Set Range of Parameter r To : (0,100)
Generate toy 263/500
Set Range of Parameter r To : (0,100)
Generate toy 264/500
Set Range of Parameter r To : (0,100)
Generate toy 265/500
Set Range of Parameter r To : (0,100)
Generate toy 266/500
Set Range of Parameter r To : (0,100)
Generate toy 267/500
Set Range of Parameter r To : (0,100)
Generate toy 268/500
Set Range of Parameter r To : (0,100)
Generate toy 269/500
Set Range of Parameter r To : (0,100)
Generate toy 270/500
Set Range of Parameter r To : (0,100)
Generate toy 271/500
Set Range of Parameter r To : (0,100)
Generate toy 272/500
Set Range of Parameter r To : (0,100)
Generate toy 273/500
Set Range of Parameter r To : (0,100)
Generate toy 274/500
Set Range of Parameter r To : (0,100)
Generate toy 275/500
Set Range of Parameter r To : (0,100)
Generate toy 276/500
Set Range of Parameter r To : (0,100)
Generate toy 277/500
Set Range of Parameter r To : (0,100)
Generate toy 278/500
Set Range of Parameter r To : (0,100)
Generate toy 279/500
Set Range of Parameter r To : (0,100)
Generate toy 280/500
Set Range of Parameter r To : (0,100)
Generate toy 281/500
Set Range of Parameter r To : (0,100)
Generate toy 282/500
Set Range of Parameter r To : (0,100)
Generate toy 283/500
Set Range of Parameter r To : (0,100)
Generate toy 284/500
Set Range of Parameter r To : (0,100)
Generate toy 285/500
Set Range of Parameter r To : (0,100)
Generate toy 286/500
Set Range of Parameter r To : (0,100)
Generate toy 287/500
Set Range of Parameter r To : (0,100)
Generate toy 288/500
Set Range of Parameter r To : (0,100)
Generate toy 289/500
Set Range of Parameter r To : (0,100)
Generate toy 290/500
Set Range of Parameter r To : (0,100)
Generate toy 291/500
Set Range of Parameter r To : (0,100)
Generate toy 292/500
Set Range of Parameter r To : (0,100)
Generate toy 293/500
Set Range of Parameter r To : (0,100)
Generate toy 294/500
Set Range of Parameter r To : (0,100)
Generate toy 295/500
Set Range of Parameter r To : (0,100)
Generate toy 296/500
Set Range of Parameter r To : (0,100)
Generate toy 297/500
Set Range of Parameter r To : (0,100)
Generate toy 298/500
Set Range of Parameter r To : (0,100)
Generate toy 299/500
Set Range of Parameter r To : (0,100)
Generate toy 300/500
Set Range of Parameter r To : (0,100)
Generate toy 301/500
Set Range of Parameter r To : (0,100)
Generate toy 302/500
Set Range of Parameter r To : (0,100)
Generate toy 303/500
Set Range of Parameter r To : (0,100)
Generate toy 304/500
Set Range of Parameter r To : (0,100)
Generate toy 305/500
Set Range of Parameter r To : (0,100)
Generate toy 306/500
Set Range of Parameter r To : (0,100)
Generate toy 307/500
Set Range of Parameter r To : (0,100)
Generate toy 308/500
Set Range of Parameter r To : (0,100)
Generate toy 309/500
Set Range of Parameter r To : (0,100)
Generate toy 310/500
Set Range of Parameter r To : (0,100)
Generate toy 311/500
Set Range of Parameter r To : (0,100)
Generate toy 312/500
Set Range of Parameter r To : (0,100)
Generate toy 313/500
Set Range of Parameter r To : (0,100)
Generate toy 314/500
Set Range of Parameter r To : (0,100)
Generate toy 315/500
Set Range of Parameter r To : (0,100)
Generate toy 316/500
Set Range of Parameter r To : (0,100)
Generate toy 317/500
Set Range of Parameter r To : (0,100)
Generate toy 318/500
Set Range of Parameter r To : (0,100)
Generate toy 319/500
Set Range of Parameter r To : (0,100)
Generate toy 320/500
Set Range of Parameter r To : (0,100)
Generate toy 321/500
Set Range of Parameter r To : (0,100)
Generate toy 322/500
Set Range of Parameter r To : (0,100)
Generate toy 323/500
Set Range of Parameter r To : (0,100)
Generate toy 324/500
Set Range of Parameter r To : (0,100)
Generate toy 325/500
Set Range of Parameter r To : (0,100)
Generate toy 326/500
Set Range of Parameter r To : (0,100)
Generate toy 327/500
Set Range of Parameter r To : (0,100)
Generate toy 328/500
Set Range of Parameter r To : (0,100)
Generate toy 329/500
Set Range of Parameter r To : (0,100)
Generate toy 330/500
Set Range of Parameter r To : (0,100)
Generate toy 331/500
Set Range of Parameter r To : (0,100)
Generate toy 332/500
Set Range of Parameter r To : (0,100)
Generate toy 333/500
Set Range of Parameter r To : (0,100)
Generate toy 334/500
Set Range of Parameter r To : (0,100)
Generate toy 335/500
Set Range of Parameter r To : (0,100)
Generate toy 336/500
Set Range of Parameter r To : (0,100)
Generate toy 337/500
Set Range of Parameter r To : (0,100)
Generate toy 338/500
Set Range of Parameter r To : (0,100)
Generate toy 339/500
Set Range of Parameter r To : (0,100)
Generate toy 340/500
Set Range of Parameter r To : (0,100)
Generate toy 341/500
Set Range of Parameter r To : (0,100)
Generate toy 342/500
Set Range of Parameter r To : (0,100)
Generate toy 343/500
Set Range of Parameter r To : (0,100)
Generate toy 344/500
Set Range of Parameter r To : (0,100)
Generate toy 345/500
Set Range of Parameter r To : (0,100)
Generate toy 346/500
Set Range of Parameter r To : (0,100)
Generate toy 347/500
Set Range of Parameter r To : (0,100)
Generate toy 348/500
Set Range of Parameter r To : (0,100)
Generate toy 349/500
Set Range of Parameter r To : (0,100)
Generate toy 350/500
Set Range of Parameter r To : (0,100)
Generate toy 351/500
Set Range of Parameter r To : (0,100)
Generate toy 352/500
Set Range of Parameter r To : (0,100)
Generate toy 353/500
Set Range of Parameter r To : (0,100)
Generate toy 354/500
Set Range of Parameter r To : (0,100)
Generate toy 355/500
Set Range of Parameter r To : (0,100)
Generate toy 356/500
Set Range of Parameter r To : (0,100)
Generate toy 357/500
Set Range of Parameter r To : (0,100)
Generate toy 358/500
Set Range of Parameter r To : (0,100)
Generate toy 359/500
Set Range of Parameter r To : (0,100)
Generate toy 360/500
Set Range of Parameter r To : (0,100)
Generate toy 361/500
Set Range of Parameter r To : (0,100)
Generate toy 362/500
Set Range of Parameter r To : (0,100)
Generate toy 363/500
Set Range of Parameter r To : (0,100)
Generate toy 364/500
Set Range of Parameter r To : (0,100)
Generate toy 365/500
Set Range of Parameter r To : (0,100)
Generate toy 366/500
Set Range of Parameter r To : (0,100)
Generate toy 367/500
Set Range of Parameter r To : (0,100)
Generate toy 368/500
Set Range of Parameter r To : (0,100)
Generate toy 369/500
Set Range of Parameter r To : (0,100)
Generate toy 370/500
Set Range of Parameter r To : (0,100)
Generate toy 371/500
Set Range of Parameter r To : (0,100)
Generate toy 372/500
Set Range of Parameter r To : (0,100)
Generate toy 373/500
Set Range of Parameter r To : (0,100)
Generate toy 374/500
Set Range of Parameter r To : (0,100)
Generate toy 375/500
Set Range of Parameter r To : (0,100)
Generate toy 376/500
Set Range of Parameter r To : (0,100)
Generate toy 377/500
Set Range of Parameter r To : (0,100)
Generate toy 378/500
Set Range of Parameter r To : (0,100)
Generate toy 379/500
Set Range of Parameter r To : (0,100)
Generate toy 380/500
Set Range of Parameter r To : (0,100)
Generate toy 381/500
Set Range of Parameter r To : (0,100)
Generate toy 382/500
Set Range of Parameter r To : (0,100)
Generate toy 383/500
Set Range of Parameter r To : (0,100)
Generate toy 384/500
Set Range of Parameter r To : (0,100)
Generate toy 385/500
Set Range of Parameter r To : (0,100)
Generate toy 386/500
Set Range of Parameter r To : (0,100)
Generate toy 387/500
Set Range of Parameter r To : (0,100)
Generate toy 388/500
Set Range of Parameter r To : (0,100)
Generate toy 389/500
Set Range of Parameter r To : (0,100)
Generate toy 390/500
Set Range of Parameter r To : (0,100)
Generate toy 391/500
Set Range of Parameter r To : (0,100)
Generate toy 392/500
Set Range of Parameter r To : (0,100)
Generate toy 393/500
Set Range of Parameter r To : (0,100)
Generate toy 394/500
Set Range of Parameter r To : (0,100)
Generate toy 395/500
Set Range of Parameter r To : (0,100)
Generate toy 396/500
Set Range of Parameter r To : (0,100)
Generate toy 397/500
Set Range of Parameter r To : (0,100)
Generate toy 398/500
Set Range of Parameter r To : (0,100)
Generate toy 399/500
Set Range of Parameter r To : (0,100)
Generate toy 400/500
Set Range of Parameter r To : (0,100)
Generate toy 401/500
Set Range of Parameter r To : (0,100)
Generate toy 402/500
Set Range of Parameter r To : (0,100)
Generate toy 403/500
Set Range of Parameter r To : (0,100)
Generate toy 404/500
Set Range of Parameter r To : (0,100)
Generate toy 405/500
Set Range of Parameter r To : (0,100)
Generate toy 406/500
Set Range of Parameter r To : (0,100)
Generate toy 407/500
Set Range of Parameter r To : (0,100)
Generate toy 408/500
Set Range of Parameter r To : (0,100)
Generate toy 409/500
Set Range of Parameter r To : (0,100)
Generate toy 410/500
Set Range of Parameter r To : (0,100)
Generate toy 411/500
Set Range of Parameter r To : (0,100)
Generate toy 412/500
Set Range of Parameter r To : (0,100)
Generate toy 413/500
Set Range of Parameter r To : (0,100)
Generate toy 414/500
Set Range of Parameter r To : (0,100)
Generate toy 415/500
Set Range of Parameter r To : (0,100)
Generate toy 416/500
Set Range of Parameter r To : (0,100)
Generate toy 417/500
Set Range of Parameter r To : (0,100)
Generate toy 418/500
Set Range of Parameter r To : (0,100)
Generate toy 419/500
Set Range of Parameter r To : (0,100)
Generate toy 420/500
Set Range of Parameter r To : (0,100)
Generate toy 421/500
Set Range of Parameter r To : (0,100)
Generate toy 422/500
Set Range of Parameter r To : (0,100)
Generate toy 423/500
Set Range of Parameter r To : (0,100)
Generate toy 424/500
Set Range of Parameter r To : (0,100)
Generate toy 425/500
Set Range of Parameter r To : (0,100)
Generate toy 426/500
Set Range of Parameter r To : (0,100)
Generate toy 427/500
Set Range of Parameter r To : (0,100)
Generate toy 428/500
Set Range of Parameter r To : (0,100)
Generate toy 429/500
Set Range of Parameter r To : (0,100)
Generate toy 430/500
Set Range of Parameter r To : (0,100)
Generate toy 431/500
Set Range of Parameter r To : (0,100)
Generate toy 432/500
Set Range of Parameter r To : (0,100)
Generate toy 433/500
Set Range of Parameter r To : (0,100)
Generate toy 434/500
Set Range of Parameter r To : (0,100)
Generate toy 435/500
Set Range of Parameter r To : (0,100)
Generate toy 436/500
Set Range of Parameter r To : (0,100)
Generate toy 437/500
Set Range of Parameter r To : (0,100)
Generate toy 438/500
Set Range of Parameter r To : (0,100)
Generate toy 439/500
Set Range of Parameter r To : (0,100)
Generate toy 440/500
Set Range of Parameter r To : (0,100)
Generate toy 441/500
Set Range of Parameter r To : (0,100)
Generate toy 442/500
Set Range of Parameter r To : (0,100)
Generate toy 443/500
Set Range of Parameter r To : (0,100)
Generate toy 444/500
Set Range of Parameter r To : (0,100)
Generate toy 445/500
Set Range of Parameter r To : (0,100)
Generate toy 446/500
Set Range of Parameter r To : (0,100)
Generate toy 447/500
Set Range of Parameter r To : (0,100)
Generate toy 448/500
Set Range of Parameter r To : (0,100)
Generate toy 449/500
Set Range of Parameter r To : (0,100)
Generate toy 450/500
Set Range of Parameter r To : (0,100)
Generate toy 451/500
Set Range of Parameter r To : (0,100)
Generate toy 452/500
Set Range of Parameter r To : (0,100)
Generate toy 453/500
Set Range of Parameter r To : (0,100)
Generate toy 454/500
Set Range of Parameter r To : (0,100)
Generate toy 455/500
Set Range of Parameter r To : (0,100)
Generate toy 456/500
Set Range of Parameter r To : (0,100)
Generate toy 457/500
Set Range of Parameter r To : (0,100)
Generate toy 458/500
Set Range of Parameter r To : (0,100)
Generate toy 459/500
Set Range of Parameter r To : (0,100)
Generate toy 460/500
Set Range of Parameter r To : (0,100)
Generate toy 461/500
Set Range of Parameter r To : (0,100)
Generate toy 462/500
Set Range of Parameter r To : (0,100)
Generate toy 463/500
Set Range of Parameter r To : (0,100)
Generate toy 464/500
Set Range of Parameter r To : (0,100)
Generate toy 465/500
Set Range of Parameter r To : (0,100)
Generate toy 466/500
Set Range of Parameter r To : (0,100)
Generate toy 467/500
Set Range of Parameter r To : (0,100)
Generate toy 468/500
Set Range of Parameter r To : (0,100)
Generate toy 469/500
Set Range of Parameter r To : (0,100)
Generate toy 470/500
Set Range of Parameter r To : (0,100)
Generate toy 471/500
Set Range of Parameter r To : (0,100)
Generate toy 472/500
Set Range of Parameter r To : (0,100)
Generate toy 473/500
Set Range of Parameter r To : (0,100)
Generate toy 474/500
Set Range of Parameter r To : (0,100)
Generate toy 475/500
Set Range of Parameter r To : (0,100)
Generate toy 476/500
Set Range of Parameter r To : (0,100)
Generate toy 477/500
Set Range of Parameter r To : (0,100)
Generate toy 478/500
Set Range of Parameter r To : (0,100)
Generate toy 479/500
Set Range of Parameter r To : (0,100)
Generate toy 480/500
Set Range of Parameter r To : (0,100)
Generate toy 481/500
Set Range of Parameter r To : (0,100)
Generate toy 482/500
Set Range of Parameter r To : (0,100)
Generate toy 483/500
Set Range of Parameter r To : (0,100)
Generate toy 484/500
Set Range of Parameter r To : (0,100)
Generate toy 485/500
Set Range of Parameter r To : (0,100)
Generate toy 486/500
Set Range of Parameter r To : (0,100)
Generate toy 487/500
Set Range of Parameter r To : (0,100)
Generate toy 488/500
Set Range of Parameter r To : (0,100)
Generate toy 489/500
Set Range of Parameter r To : (0,100)
Generate toy 490/500
Set Range of Parameter r To : (0,100)
Generate toy 491/500
Set Range of Parameter r To : (0,100)
Generate toy 492/500
Set Range of Parameter r To : (0,100)
Generate toy 493/500
Set Range of Parameter r To : (0,100)
Generate toy 494/500
Set Range of Parameter r To : (0,100)
Generate toy 495/500
Set Range of Parameter r To : (0,100)
Generate toy 496/500
Set Range of Parameter r To : (0,100)
Generate toy 497/500
Set Range of Parameter r To : (0,100)
Generate toy 498/500
Set Range of Parameter r To : (0,100)
Generate toy 499/500
Set Range of Parameter r To : (0,100)
Generate toy 500/500
mean   expected limit: r < 2.59137e-316 +/- 0 @ 95%CL (500 toyMC)
median expected limit: r < 2.59137e-316 @ 95%CL (500 toyMC)
   68% expected band : 2.59137e-316 < r < 2.59137e-316
   95% expected band : 2.59137e-316 < r < 2.59137e-316
[RUN] (cd /data6/Users/joonblee/higgs_combine/CMSSW_14_1_0_pre4/src/NIsoMuon/review_outputs/Run2Run3/M20/bias && combine -M MultiDimFit /data6/Users/joonblee/higgs_combine/CMSSW_14_1_0_pre4/src/NIsoMuon/review_outputs/Run2Run3/M20/workspace_Run2Run3_M20.root -m 20 -t 500 --toysFile /data6/Users/joonblee/higgs_combine/CMSSW_14_1_0_pre4/src/NIsoMuon/review_outputs/Run2Run3/M20/bias/higgsCombine.ReviewBiasGen_Run2Run3_M20_r15p5.GenerateOnly.mH20.12345.root --algo singles --setParameters r=15.5 --rMin -20 --rMax 100 --setParameterRanges r=-20,100 -n .ReviewBiasFit_Run2Run3_M20_r15p5)
 <<< Combine >>> 
 <<< v11.0.0 >>>
>>> Random number generator seed is 123456
>>> Method used is MultiDimFit
Set Range of Parameter r To : (-20,100)
Set Default Value of Parameter r To : 15.5
Set Range of Parameter r To : (-20,100)
Doing initial fit: 

 --- MultiDimFit ---
best fit parameter values and profile-likelihood uncertainties: 
   r :   +18.101   -7.764/+8.096 (68%)
Set Range of Parameter r To : (-20,100)
Doing initial fit: 

 --- MultiDimFit ---
best fit parameter values and profile-likelihood uncertainties: 
   r :    +6.769   -8.839/+8.045 (68%)
Set Range of Parameter r To : (-20,100)
Doing initial fit: 

 --- MultiDimFit ---
best fit parameter values and profile-likelihood uncertainties: 
   r :   +24.705   -9.093/+8.223 (68%)
Set Range of Parameter r To : (-20,100)
Doing initial fit: 

 --- MultiDimFit ---
best fit parameter values and profile-likelihood uncertainties: 
   r :   +15.128   -7.434/+6.863 (68%)
Set Range of Parameter r To : (-20,100)
Doing initial fit: 

 --- MultiDimFit ---
best fit parameter values and profile-likelihood uncertainties: 
   r :   +20.263   -10.056/+10.373 (68%)
Set Range of Parameter r To : (-20,100)
Doing initial fit: 

 --- MultiDimFit ---
best fit parameter values and profile-likelihood uncertainties: 
   r :   +15.707   -7.742/+7.627 (68%)
Set Range of Parameter r To : (-20,100)
Doing initial fit: 

 --- MultiDimFit ---
best fit parameter values and profile-likelihood uncertainties: 
   r :   +16.891   -6.990/+6.541 (68%)
Set Range of Parameter r To : (-20,100)
Doing initial fit: 

 --- MultiDimFit ---
best fit parameter values and profile-likelihood uncertainties: 
   r :   +13.715   -10.502/+10.279 (68%)
Set Range of Parameter r To : (-20,100)
Doing initial fit: 

 --- MultiDimFit ---
best fit parameter values and profile-likelihood uncertainties: 
   r :   +33.922   -9.981/+8.953 (68%)
Set Range of Parameter r To : (-20,100)
Doing initial fit: 

 --- MultiDimFit ---
best fit parameter values and profile-likelihood uncertainties: 
   r :    +4.483   -9.009/+8.154 (68%)
Set Range of Parameter r To : (-20,100)
Doing initial fit: 

 --- MultiDimFit ---
best fit parameter values and profile-likelihood uncertainties: 
   r :    +6.522   -9.747/+9.926 (68%)
Set Range of Parameter r To : (-20,100)
Doing initial fit: 

 --- MultiDimFit ---
best fit parameter values and profile-likelihood uncertainties: 
   r :   +18.017   -9.546/+10.855 (68%)
Set Range of Parameter r To : (-20,100)
Doing initial fit: 

 --- MultiDimFit ---
best fit parameter values and profile-likelihood uncertainties: 
   r :   +11.564   -9.591/+9.369 (68%)
Set Range of Parameter r To : (-20,100)
Doing initial fit: 

 --- MultiDimFit ---
best fit parameter values and profile-likelihood uncertainties: 
   r :   +12.665   -9.425/+9.027 (68%)
Set Range of Parameter r To : (-20,100)
Doing initial fit: 

 --- MultiDimFit ---
best fit parameter values and profile-likelihood uncertainties: 
   r :   +12.404   -8.830/+8.064 (68%)
Set Range of Parameter r To : (-20,100)
Doing initial fit: 

 --- MultiDimFit ---
best fit parameter values and profile-likelihood uncertainties: 
   r :   +26.366   -8.030/+7.596 (68%)
Set Range of Parameter r To : (-20,100)
Doing initial fit: 

 --- MultiDimFit ---
best fit parameter values and profile-likelihood uncertainties: 
   r :   +25.111   -10.052/+7.923 (68%)
Set Range of Parameter r To : (-20,100)
Doing initial fit: 

 --- MultiDimFit ---
best fit parameter values and profile-likelihood uncertainties: 
   r :    +6.536   -10.962/+8.964 (68%)
Set Range of Parameter r To : (-20,100)
Doing initial fit: 

 --- MultiDimFit ---
best fit parameter values and profile-likelihood uncertainties: 
   r :   +13.986   -9.766/+9.486 (68%)
Set Range of Parameter r To : (-20,100)
Doing initial fit: 

 --- MultiDimFit ---
best fit parameter values and profile-likelihood uncertainties: 
   r :    -9.267   -9.701/+9.458 (68%)
Set Range of Parameter r To : (-20,100)
Doing initial fit: 

 --- MultiDimFit ---
best fit parameter values and profile-likelihood uncertainties: 
   r :   +19.474   -9.760/+8.635 (68%)
Set Range of Parameter r To : (-20,100)
Doing initial fit: 

 --- MultiDimFit ---
best fit parameter values and profile-likelihood uncertainties: 
   r :    +3.261   -10.302/+10.515 (68%)
Set Range of Parameter r To : (-20,100)
Doing initial fit: 

 --- MultiDimFit ---
best fit parameter values and profile-likelihood uncertainties: 
   r :    +5.913   -9.215/+8.334 (68%)
Set Range of Parameter r To : (-20,100)
Doing initial fit: 

 --- MultiDimFit ---
best fit parameter values and profile-likelihood uncertainties: 
   r :   +21.307   -7.406/+7.554 (68%)
Set Range of Parameter r To : (-20,100)
Doing initial fit: 

 --- MultiDimFit ---
best fit parameter values and profile-likelihood uncertainties: 
   r :   +16.916   -9.500/+9.638 (68%)
Set Range of Parameter r To : (-20,100)
Doing initial fit: 

 --- MultiDimFit ---
best fit parameter values and profile-likelihood uncertainties: 
   r :   +34.134   -9.885/+8.373 (68%)
Set Range of Parameter r To : (-20,100)
Doing initial fit: 

 --- MultiDimFit ---
best fit parameter values and profile-likelihood uncertainties: 
   r :   +22.470   -8.877/+8.060 (68%)
Set Range of Parameter r To : (-20,100)
Doing initial fit: 

 --- MultiDimFit ---
best fit parameter values and profile-likelihood uncertainties: 
   r :   +14.628   -9.595/+9.144 (68%)
Set Range of Parameter r To : (-20,100)
Doing initial fit: 

 --- MultiDimFit ---
best fit parameter values and profile-likelihood uncertainties: 
   r :   +28.654   -10.509/+9.692 (68%)
Set Range of Parameter r To : (-20,100)
Doing initial fit: 

 --- MultiDimFit ---
best fit parameter values and profile-likelihood uncertainties: 
   r :   +14.985   -7.910/+7.894 (68%)
Set Range of Parameter r To : (-20,100)
Doing initial fit: 

 --- MultiDimFit ---
best fit parameter values and profile-likelihood uncertainties: 
   r :   +17.117   -8.503/+7.934 (68%)
Set Range of Parameter r To : (-20,100)
Doing initial fit: 

 --- MultiDimFit ---
best fit parameter values and profile-likelihood uncertainties: 
   r :    +7.768   -7.805/+7.667 (68%)
Set Range of Parameter r To : (-20,100)
Doing initial fit: 

 --- MultiDimFit ---
best fit parameter values and profile-likelihood uncertainties: 
   r :   +17.016   -11.451/+7.872 (68%)
Set Range of Parameter r To : (-20,100)
Doing initial fit: 

 

 ---------------------------

 WARNING: MultiDimFit failed

 ---------------------------

 
Set Range of Parameter r To : (-20,100)
Doing initial fit: 

 --- MultiDimFit ---
best fit parameter values and profile-likelihood uncertainties: 
   r :   +14.057   -9.379/+8.432 (68%)
Set Range of Parameter r To : (-20,100)
Doing initial fit: 

 --- MultiDimFit ---
best fit parameter values and profile-likelihood uncertainties: 
   r :    +3.468   -9.397/+9.075 (68%)
Set Range of Parameter r To : (-20,100)
Doing initial fit: 

 --- MultiDimFit ---
best fit parameter values and profile-likelihood uncertainties: 
   r :   +27.274   -9.254/+8.324 (68%)
Set Range of Parameter r To : (-20,100)
Doing initial fit: 

 --- MultiDimFit ---
best fit parameter values and profile-likelihood uncertainties: 
   r :    +0.206   -8.067/+7.725 (68%)
Set Range of Parameter r To : (-20,100)
Doing initial fit: 

 --- MultiDimFit ---
best fit parameter values and profile-likelihood uncertainties: 
   r :    +7.892   -7.258/+7.737 (68%)
Set Range of Parameter r To : (-20,100)
Doing initial fit: 

 --- MultiDimFit ---
best fit parameter values and profile-likelihood uncertainties: 
   r :   +10.735   -10.508/+9.447 (68%)
Set Range of Parameter r To : (-20,100)
Doing initial fit: 

 --- MultiDimFit ---
best fit parameter values and profile-likelihood uncertainties: 
   r :   +17.204   -8.706/+7.747 (68%)
Set Range of Parameter r To : (-20,100)
Doing initial fit: 

 --- MultiDimFit ---
best fit parameter values and profile-likelihood uncertainties: 
   r :   +22.089   -10.251/+9.920 (68%)
Set Range of Parameter r To : (-20,100)
Doing initial fit: 

 --- MultiDimFit ---
best fit parameter values and profile-likelihood uncertainties: 
   r :   +39.777   -9.707/+8.291 (68%)
Set Range of Parameter r To : (-20,100)
Doing initial fit: 

 --- MultiDimFit ---
best fit parameter values and profile-likelihood uncertainties: 
   r :   +14.534   -11.219/+7.770 (68%)
Set Range of Parameter r To : (-20,100)
Doing initial fit: 

 --- MultiDimFit ---
best fit parameter values and profile-likelihood uncertainties: 
   r :   +10.413   -6.432/+6.829 (68%)
Set Range of Parameter r To : (-20,100)
Doing initial fit: 

 --- MultiDimFit ---
best fit parameter values and profile-likelihood uncertainties: 
   r :   +16.296   -9.383/+9.174 (68%)
Set Range of Parameter r To : (-20,100)
Doing initial fit: 

 --- MultiDimFit ---
best fit parameter values and profile-likelihood uncertainties: 
   r :   +17.276   -9.272/+9.046 (68%)
Set Range of Parameter r To : (-20,100)
Doing initial fit: 

 --- MultiDimFit ---
best fit parameter values and profile-likelihood uncertainties: 
   r :   +10.086   -12.585/+7.708 (68%)
Set Range of Parameter r To : (-20,100)
Doing initial fit: 

 --- MultiDimFit ---
best fit parameter values and profile-likelihood uncertainties: 
   r :    +5.055   -9.243/+8.121 (68%)
Set Range of Parameter r To : (-20,100)
Doing initial fit: 
RooAbsMinimizerFcn: Minimized function has error status.
Returning maximum FCN so far (0.263049) to force MIGRAD to back out of this region. Error log follows.
Parameter values: 	CMS_NPS26009_LightJetStat_DY_BJetOS_2016postVFP=-0.0932778	CMS_NPS26009_LightJetStat_DY_BJetOS_2016preVFP=-0.243787	CMS_NPS26009_LightJetStat_DY_BJetOS_2017=-0.0755522	CMS_NPS26009_LightJetStat_DY_BJetOS_2018=-0.355165	CMS_NPS26009_LightJetStat_DY_BJetOS_2022=-0.269852	CMS_NPS26009_LightJetStat_DY_BJetOS_2022EE=-0.601955	CMS_NPS26009_LightJetStat_DY_BJetOS_2023=-0.438452	CMS_NPS26009_LightJetStat_DY_BJetOS_2023BPix=-0.321049	CMS_NPS26009_MCstat_other_BJetOS_2016postVFP=1.15471	CMS_NPS26009_MCstat_other_BJetOS_2016preVFP=-0.0458604	CMS_NPS26009_MCstat_other_BJetOS_2017=-0.0289682	CMS_NPS26009_MCstat_other_BJetOS_2018=-0.0727896	CMS_NPS26009_MCstat_other_BJetOS_2022=-0.09146	CMS_NPS26009_MCstat_other_BJetOS_2022EE=-0.12892	CMS_NPS26009_MCstat_other_BJetOS_2023=-0.0694748	CMS_NPS26009_MCstat_other_BJetOS_2023BPix=-0.107153	CMS_NPS26009_MCstat_signal_BJetOS_2016postVFP=-0.0519555	CMS_NPS26009_MCstat_signal_BJetOS_2016preVFP=-0.0628111	CMS_NPS26009_MCstat_signal_BJetOS_2017=-0.292218	CMS_NPS26009_MCstat_signal_BJetOS_2018=-0.248157	CMS_NPS26009_MCstat_signal_BJetOS_2022=-0.00814861	CMS_NPS26009_MCstat_signal_BJetOS_2022EE=-0.0855717	CMS_NPS26009_MCstat_signal_BJetOS_2023=-0.0909968	CMS_NPS26009_MCstat_signal_BJetOS_2023BPix=-0.0578636	CMS_NPS26009_MCstat_singleTop_BJetOS_2016postVFP=-0.0202006	CMS_NPS26009_MCstat_singleTop_BJetOS_2016preVFP=-0.0661095	CMS_NPS26009_MCstat_singleTop_BJetOS_2017=-0.03889	CMS_NPS26009_MCstat_singleTop_BJetOS_2018=-0.0947043	CMS_NPS26009_MCstat_singleTop_BJetOS_2022=-0.146738	CMS_NPS26009_MCstat_singleTop_BJetOS_2022EE=-0.27618	CMS_NPS26009_MCstat_singleTop_BJetOS_2023=-0.147519	CMS_NPS26009_MCstat_singleTop_BJetOS_2023BPix=-0.059836	CMS_NPS26009_MCstat_ttbar_BJetOS_2016postVFP=-0.0440684	CMS_NPS26009_MCstat_ttbar_BJetOS_2016preVFP=-0.176372	CMS_NPS26009_MCstat_ttbar_BJetOS_2017=0.056321	CMS_NPS26009_MCstat_ttbar_BJetOS_2018=-0.209495	CMS_NPS26009_MCstat_ttbar_BJetOS_2022=-0.478092	CMS_NPS26009_MCstat_ttbar_BJetOS_2022EE=-0.797381	CMS_NPS26009_MCstat_ttbar_BJetOS_2023=-0.470813	CMS_NPS26009_MCstat_ttbar_BJetOS_2023BPix=-0.28874	CMS_NPS26009_NFModel_DY_BJetOS_13TeV=-1.40177	CMS_NPS26009_NFModel_DY_BJetOS_13p6TeV=-6.26726	CMS_NPS26009_NFStat_DY_BJetOS_2016postVFP=0.0560117	CMS_NPS26009_NFStat_DY_BJetOS_2016preVFP=0.0721192	CMS_NPS26009_NFStat_DY_BJetOS_2017=0.0908141	CMS_NPS26009_NFStat_DY_BJetOS_2018=0.140559	CMS_NPS26009_NFStat_DY_BJetOS_2022=0.0626736	CMS_NPS26009_NFStat_DY_BJetOS_2022EE=0.0436376	CMS_NPS26009_NFStat_DY_BJetOS_2023=0.0649794	CMS_NPS26009_NFStat_DY_BJetOS_2023BPix=0.109152	CMS_NPS26009_QCDscale_fac_singleTop=-0.0459873	CMS_NPS26009_QCDscale_ren_singleTop=0.461847	CMS_NPS26009_bckgNorm_QCD_BJetOS_2016postVFP=-0.000319026	CMS_NPS26009_bckgNorm_QCD_BJetOS_2016preVFP=-0.12985	CMS_NPS26009_bckgNorm_QCD_BJetOS_2017=-0.187835	CMS_NPS26009_bckgNorm_QCD_BJetOS_2018=-0.306037	CMS_NPS26009_bckgNorm_QCD_BJetOS_2022=-0.0995124	CMS_NPS26009_bckgNorm_QCD_BJetOS_2022EE=-0.0285271	CMS_NPS26009_bckgNorm_QCD_BJetOS_2023=-1.95005	CMS_NPS26009_bckgNorm_QCD_BJetOS_2023BPix=-0.183338	CMS_NPS26009_bckgShape_QCD_BJetOS_2016postVFP=5.28369	CMS_NPS26009_bckgShape_QCD_BJetOS_2016preVFP=-20.5668	CMS_NPS26009_bckgShape_QCD_BJetOS_2017=18.6667	CMS_NPS26009_bckgShape_QCD_BJetOS_2018=59.9377	CMS_NPS26009_bckgShape_QCD_BJetOS_2022=-4.19113	CMS_NPS26009_bckgShape_QCD_BJetOS_2022EE=-25.1293	CMS_NPS26009_bckgShape_QCD_BJetOS_2023=-23.5507	CMS_NPS26009_bckgShape_QCD_BJetOS_2023BPix=-0.0651789	CMS_NPS26009_btag_fixedWP_comb_bc_correlated_13TeV=-1.21795	CMS_NPS26009_btag_fixedWP_comb_bc_correlated_13p6TeV=-2.77114	CMS_NPS26009_btag_fixedWP_incl_light_correlated_13TeV=-0.19446	CMS_NPS26009_btag_fixedWP_incl_light_correlated_13p6TeV=-0.435909	CMS_NPS26009_eff_m_id_Run2=-0.106369	CMS_NPS26009_eff_m_id_Run3=-0.20077	CMS_NPS26009_eff_m_trigger_2016postVFP=-0.01786	CMS_NPS26009_eff_m_trigger_2016preVFP=-0.053374	CMS_NPS26009_eff_m_trigger_2017=-0.0539668	CMS_NPS26009_eff_m_trigger_2018=-0.0817344	CMS_NPS26009_eff_m_trigger_2022=-0.0507068	CMS_NPS26009_eff_m_trigger_2022EE=-0.0940526	CMS_NPS26009_eff_m_trigger_2023=-0.0540603	CMS_NPS26009_eff_m_trigger_2023BPix=-0.0335529	CMS_NPS26009_lumi_2016=-0.304106	CMS_NPS26009_lumi_2017=-0.58626	CMS_NPS26009_lumi_2018=-1.31861	CMS_NPS26009_lumi_2022=-1.27056	CMS_NPS26009_lumi_2023=-0.540688	CMS_NPS26009_pdf_NNPDF31=-1.54844	CMS_NPS26009_topmass_ttbar_BJetOS=-3.99532	CMS_btag_fixedWP_comb_bc_uncorrelated_2016postVFP=-0.0969967	CMS_btag_fixedWP_comb_bc_uncorrelated_2016preVFP=-0.20069	CMS_btag_fixedWP_comb_bc_uncorrelated_2017=-0.423092	CMS_btag_fixedWP_comb_bc_uncorrelated_2018=-0.469854	CMS_btag_fixedWP_comb_bc_uncorrelated_2022=-0.381784	CMS_btag_fixedWP_comb_bc_uncorrelated_2022EE=-0.897918	CMS_btag_fixedWP_comb_bc_uncorrelated_2023=-0.643116	CMS_btag_fixedWP_comb_bc_uncorrelated_2023BPix=-0.328439	CMS_btag_fixedWP_incl_light_uncorrelated_2016postVFP=0.00111407	CMS_btag_fixedWP_incl_light_uncorrelated_2016preVFP=-0.0228371	CMS_btag_fixedWP_incl_light_uncorrelated_2017=-0.00310874	CMS_btag_fixedWP_incl_light_uncorrelated_2018=-0.0605359	CMS_btag_fixedWP_incl_light_uncorrelated_2022=-0.0261008	CMS_btag_fixedWP_incl_light_uncorrelated_2022EE=-0.099476	CMS_btag_fixedWP_incl_light_uncorrelated_2023=-0.0390371	CMS_btag_fixedWP_incl_light_uncorrelated_2023BPix=-0.0169796	CMS_l1_prefiring_2016postVFP=0.0791294	CMS_l1_prefiring_2016preVFP=0.159223	CMS_l1_prefiring_2017=0.165181	CMS_l1_prefiring_2018=0.086877	CMS_pileup_13TeV=0.32714	CMS_pileup_13p6TeV=0.612671	CMS_res_j_2016postVFP=-0.00331242	CMS_res_j_2016preVFP=0.000422712	CMS_res_j_2017=-0.00775709	CMS_res_j_2018=0.00196656	CMS_res_j_2022=0.0148544	CMS_res_j_2022EE=0.0398657	CMS_res_j_2023=0.0296555	CMS_res_j_2023BPix=0.021553	CMS_scale_j_2016postVFP=-0.0162162	CMS_scale_j_2016preVFP=-0.038763	CMS_scale_j_2017=-0.0841473	CMS_scale_j_2018=-0.250669	CMS_scale_j_2022=-0.134685	CMS_scale_j_2022EE=-0.513002	CMS_scale_j_2023=-0.252397	CMS_scale_j_2023BPix=-0.0725546	CMS_scale_m_13TeV=-0.099366	CMS_scale_m_13p6TeV=-0.162023	QCDscale_fac_ttbar=0.329111	QCDscale_ren_ttbar=16.5886	pdf_alphas=-4.74929	r=12.1229
RooFit::Detail::RooFixedProdPdf::model_s[ ]
     getLogVal() top-level p.d.f not greater than zero @ !servers=(modelObs_s = 0)


 --- MultiDimFit ---
best fit parameter values and profile-likelihood uncertainties: 
   r :   +21.558   -10.196/+11.014 (68%)
Set Range of Parameter r To : (-20,100)
Doing initial fit: 

 --- MultiDimFit ---
best fit parameter values and profile-likelihood uncertainties: 
   r :   +38.976   -12.156/+7.906 (68%)
Set Range of Parameter r To : (-20,100)
Doing initial fit: 

 --- MultiDimFit ---
best fit parameter values and profile-likelihood uncertainties: 
   r :    +1.123   -10.302/+10.464 (68%)
Set Range of Parameter r To : (-20,100)
Doing initial fit: 

 --- MultiDimFit ---
best fit parameter values and profile-likelihood uncertainties: 
   r :   +12.049   -7.385/+7.381 (68%)
Set Range of Parameter r To : (-20,100)
Doing initial fit: 

 --- MultiDimFit ---
best fit parameter values and profile-likelihood uncertainties: 
   r :    +9.547   -8.857/+7.930 (68%)
Set Range of Parameter r To : (-20,100)
Doing initial fit: 

 --- MultiDimFit ---
best fit parameter values and profile-likelihood uncertainties: 
   r :   +19.590   -7.462/+8.198 (68%)
Set Range of Parameter r To : (-20,100)
Doing initial fit: 

 --- MultiDimFit ---
best fit parameter values and profile-likelihood uncertainties: 
   r :    +0.269   -9.821/+9.250 (68%)
Set Range of Parameter r To : (-20,100)
Doing initial fit: 

 --- MultiDimFit ---
best fit parameter values and profile-likelihood uncertainties: 
   r :   +25.529   -10.140/+10.942 (68%)
Set Range of Parameter r To : (-20,100)
Doing initial fit: 

 --- MultiDimFit ---
best fit parameter values and profile-likelihood uncertainties: 
   r :   +19.096   -10.420/+9.674 (68%)
Set Range of Parameter r To : (-20,100)
Doing initial fit: 

 --- MultiDimFit ---
best fit parameter values and profile-likelihood uncertainties: 
   r :    -0.109   -8.912/+7.857 (68%)
Set Range of Parameter r To : (-20,100)
Doing initial fit: 

 --- MultiDimFit ---
best fit parameter values and profile-likelihood uncertainties: 
   r :   +24.254   -7.627/+7.285 (68%)
Set Range of Parameter r To : (-20,100)
Doing initial fit: 

 --- MultiDimFit ---
best fit parameter values and profile-likelihood uncertainties: 
   r :   +29.519   -8.284/+7.825 (68%)
Set Range of Parameter r To : (-20,100)
Doing initial fit: 

 --- MultiDimFit ---
best fit parameter values and profile-likelihood uncertainties: 
   r :   +22.865   -9.350/+7.516 (68%)
Set Range of Parameter r To : (-20,100)
Doing initial fit: 

 --- MultiDimFit ---
best fit parameter values and profile-likelihood uncertainties: 
   r :   +18.503   -9.043/+8.074 (68%)
Set Range of Parameter r To : (-20,100)
Doing initial fit: 

 --- MultiDimFit ---
best fit parameter values and profile-likelihood uncertainties: 
   r :   +17.069   -7.812/+7.679 (68%)
Set Range of Parameter r To : (-20,100)
Doing initial fit: 

 --- MultiDimFit ---
best fit parameter values and profile-likelihood uncertainties: 
   r :   +19.416   -9.755/+10.520 (68%)
Set Range of Parameter r To : (-20,100)
Doing initial fit: 

 --- MultiDimFit ---
best fit parameter values and profile-likelihood uncertainties: 
   r :   +14.158   -9.495/+9.656 (68%)
Set Range of Parameter r To : (-20,100)
Doing initial fit: 

 --- MultiDimFit ---
best fit parameter values and profile-likelihood uncertainties: 
   r :   +14.422   -7.963/+7.935 (68%)
Set Range of Parameter r To : (-20,100)
Doing initial fit: 

 --- MultiDimFit ---
best fit parameter values and profile-likelihood uncertainties: 
   r :   +15.195   -9.930/+10.248 (68%)
Set Range of Parameter r To : (-20,100)
Doing initial fit: 
RooAbsMinimizerFcn: Minimized function has error status.
Returning maximum FCN so far (0.0409548) to force MIGRAD to back out of this region. Error log follows.
Parameter values: 	CMS_NPS26009_LightJetStat_DY_BJetOS_2016postVFP=-0.493309	CMS_NPS26009_LightJetStat_DY_BJetOS_2016preVFP=-0.562575	CMS_NPS26009_LightJetStat_DY_BJetOS_2017=-1.63738	CMS_NPS26009_LightJetStat_DY_BJetOS_2018=-1.04048	CMS_NPS26009_LightJetStat_DY_BJetOS_2022=-1.58304	CMS_NPS26009_LightJetStat_DY_BJetOS_2022EE=-3.76101	CMS_NPS26009_LightJetStat_DY_BJetOS_2023=-2.83406	CMS_NPS26009_LightJetStat_DY_BJetOS_2023BPix=-2.02866	CMS_NPS26009_MCstat_other_BJetOS_2016postVFP=1.21286	CMS_NPS26009_MCstat_other_BJetOS_2016preVFP=-0.243012	CMS_NPS26009_MCstat_other_BJetOS_2017=-0.383157	CMS_NPS26009_MCstat_other_BJetOS_2018=-0.259819	CMS_NPS26009_MCstat_other_BJetOS_2022=-0.483711	CMS_NPS26009_MCstat_other_BJetOS_2022EE=-0.679168	CMS_NPS26009_MCstat_other_BJetOS_2023=-0.474024	CMS_NPS26009_MCstat_other_BJetOS_2023BPix=-0.88651	CMS_NPS26009_MCstat_signal_BJetOS_2016postVFP=-0.689444	CMS_NPS26009_MCstat_signal_BJetOS_2016preVFP=-0.750068	CMS_NPS26009_MCstat_signal_BJetOS_2017=-1.71149	CMS_NPS26009_MCstat_signal_BJetOS_2018=-1.24722	CMS_NPS26009_MCstat_signal_BJetOS_2022=0.0542988	CMS_NPS26009_MCstat_signal_BJetOS_2022EE=0.968938	CMS_NPS26009_MCstat_signal_BJetOS_2023=0.812505	CMS_NPS26009_MCstat_signal_BJetOS_2023BPix=0.390634	CMS_NPS26009_MCstat_singleTop_BJetOS_2016postVFP=-0.178973	CMS_NPS26009_MCstat_singleTop_BJetOS_2016preVFP=-0.285259	CMS_NPS26009_MCstat_singleTop_BJetOS_2017=-0.536316	CMS_NPS26009_MCstat_singleTop_BJetOS_2018=-0.321107	CMS_NPS26009_MCstat_singleTop_BJetOS_2022=-0.756292	CMS_NPS26009_MCstat_singleTop_BJetOS_2022EE=-1.53043	CMS_NPS26009_MCstat_singleTop_BJetOS_2023=-1.01708	CMS_NPS26009_MCstat_singleTop_BJetOS_2023BPix=-0.538897	CMS_NPS26009_MCstat_ttbar_BJetOS_2016postVFP=-0.0611285	CMS_NPS26009_MCstat_ttbar_BJetOS_2016preVFP=-0.241379	CMS_NPS26009_MCstat_ttbar_BJetOS_2017=-0.259643	CMS_NPS26009_MCstat_ttbar_BJetOS_2018=-0.373772	CMS_NPS26009_MCstat_ttbar_BJetOS_2022=-2.21126	CMS_NPS26009_MCstat_ttbar_BJetOS_2022EE=-5.06392	CMS_NPS26009_MCstat_ttbar_BJetOS_2023=-4.53737	CMS_NPS26009_MCstat_ttbar_BJetOS_2023BPix=-3.83289	CMS_NPS26009_NFModel_DY_BJetOS_13TeV=-10.2278	CMS_NPS26009_NFModel_DY_BJetOS_13p6TeV=-39.9216	CMS_NPS26009_NFStat_DY_BJetOS_2016postVFP=0.0955226	CMS_NPS26009_NFStat_DY_BJetOS_2016preVFP=0.142277	CMS_NPS26009_NFStat_DY_BJetOS_2017=0.136007	CMS_NPS26009_NFStat_DY_BJetOS_2018=0.118862	CMS_NPS26009_NFStat_DY_BJetOS_2022=0.112764	CMS_NPS26009_NFStat_DY_BJetOS_2022EE=0.0821307	CMS_NPS26009_NFStat_DY_BJetOS_2023=0.109831	CMS_NPS26009_NFStat_DY_BJetOS_2023BPix=0.0486629	CMS_NPS26009_QCDscale_fac_singleTop=-0.345787	CMS_NPS26009_QCDscale_ren_singleTop=3.5982	CMS_NPS26009_bckgNorm_QCD_BJetOS_2016postVFP=-0.00211934	CMS_NPS26009_bckgNorm_QCD_BJetOS_2016preVFP=0.245539	CMS_NPS26009_bckgNorm_QCD_BJetOS_2017=-2.17299	CMS_NPS26009_bckgNorm_QCD_BJetOS_2018=-0.901617	CMS_NPS26009_bckgNorm_QCD_BJetOS_2022=-0.613116	CMS_NPS26009_bckgNorm_QCD_BJetOS_2022EE=-0.160483	CMS_NPS26009_bckgNorm_QCD_BJetOS_2023=-11.9963	CMS_NPS26009_bckgNorm_QCD_BJetOS_2023BPix=-1.8684	CMS_NPS26009_bckgShape_QCD_BJetOS_2016postVFP=21.8894	CMS_NPS26009_bckgShape_QCD_BJetOS_2016preVFP=-22.6544	CMS_NPS26009_bckgShape_QCD_BJetOS_2017=23.5815	CMS_NPS26009_bckgShape_QCD_BJetOS_2018=34.1425	CMS_NPS26009_bckgShape_QCD_BJetOS_2022=-4.3172	CMS_NPS26009_bckgShape_QCD_BJetOS_2022EE=26.3161	CMS_NPS26009_bckgShape_QCD_BJetOS_2023=41.4308	CMS_NPS26009_bckgShape_QCD_BJetOS_2023BPix=1.08731	CMS_NPS26009_btag_fixedWP_comb_bc_correlated_13TeV=-7.45986	CMS_NPS26009_btag_fixedWP_comb_bc_correlated_13p6TeV=-15.5076	CMS_NPS26009_btag_fixedWP_incl_light_correlated_13TeV=-0.692422	CMS_NPS26009_btag_fixedWP_incl_light_correlated_13p6TeV=-3.15272	CMS_NPS26009_eff_m_id_Run2=-0.582675	CMS_NPS26009_eff_m_id_Run3=-1.00043	CMS_NPS26009_eff_m_trigger_2016postVFP=-0.155688	CMS_NPS26009_eff_m_trigger_2016preVFP=-0.315909	CMS_NPS26009_eff_m_trigger_2017=-0.425284	CMS_NPS26009_eff_m_trigger_2018=-0.289024	CMS_NPS26009_eff_m_trigger_2022=-0.222761	CMS_NPS26009_eff_m_trigger_2022EE=-0.43258	CMS_NPS26009_eff_m_trigger_2023=-0.280963	CMS_NPS26009_eff_m_trigger_2023BPix=-0.220395	CMS_NPS26009_lumi_2016=-1.9464	CMS_NPS26009_lumi_2017=-4.94188	CMS_NPS26009_lumi_2018=-4.53197	CMS_NPS26009_lumi_2022=-6.00857	CMS_NPS26009_lumi_2023=-3.33964	CMS_NPS26009_pdf_NNPDF31=-9.83996	CMS_NPS26009_topmass_ttbar_BJetOS=-24.4509	CMS_btag_fixedWP_comb_bc_uncorrelated_2016postVFP=-0.77377	CMS_btag_fixedWP_comb_bc_uncorrelated_2016preVFP=-1.05217	CMS_btag_fixedWP_comb_bc_uncorrelated_2017=-3.60594	CMS_btag_fixedWP_comb_bc_uncorrelated_2018=-1.58746	CMS_btag_fixedWP_comb_bc_uncorrelated_2022=-1.6922	CMS_btag_fixedWP_comb_bc_uncorrelated_2022EE=-4.69596	CMS_btag_fixedWP_comb_bc_uncorrelated_2023=-3.66872	CMS_btag_fixedWP_comb_bc_uncorrelated_2023BPix=-2.37925	CMS_btag_fixedWP_incl_light_uncorrelated_2016postVFP=-0.0449683	CMS_btag_fixedWP_incl_light_uncorrelated_2016preVFP=-0.0515992	CMS_btag_fixedWP_incl_light_uncorrelated_2017=-0.141837	CMS_btag_fixedWP_incl_light_uncorrelated_2018=-0.140119	CMS_btag_fixedWP_incl_light_uncorrelated_2022=-0.122213	CMS_btag_fixedWP_incl_light_uncorrelated_2022EE=-0.593126	CMS_btag_fixedWP_incl_light_uncorrelated_2023=-0.35203	CMS_btag_fixedWP_incl_light_uncorrelated_2023BPix=-0.200563	CMS_l1_prefiring_2016postVFP=0.677332	CMS_l1_prefiring_2016preVFP=0.872798	CMS_l1_prefiring_2017=1.45011	CMS_l1_prefiring_2018=0.297747	CMS_pileup_13TeV=1.22954	CMS_pileup_13p6TeV=5.23733	CMS_res_j_2016postVFP=-0.0272064	CMS_res_j_2016preVFP=0.00503294	CMS_res_j_2017=0.00845212	CMS_res_j_2018=-0.0140396	CMS_res_j_2022=0.0698562	CMS_res_j_2022EE=0.231749	CMS_res_j_2023=0.191362	CMS_res_j_2023BPix=0.243327	CMS_scale_j_2016postVFP=-0.163285	CMS_scale_j_2016preVFP=-0.192108	CMS_scale_j_2017=-0.814607	CMS_scale_j_2018=-0.929276	CMS_scale_j_2022=-0.613799	CMS_scale_j_2022EE=-2.8255	CMS_scale_j_2023=-2.13414	CMS_scale_j_2023BPix=-0.738556	CMS_scale_m_13TeV=-0.300602	CMS_scale_m_13p6TeV=-1.11351	QCDscale_fac_ttbar=2.15224	QCDscale_ren_ttbar=91.0876	pdf_alphas=-25.8544	r=4.32183
RooFit::Detail::RooFixedProdPdf::model_s[ ]
     getLogVal() top-level p.d.f not greater than zero @ !servers=(modelObs_s = 0)

RooAbsMinimizerFcn: Minimized function has error status.
Returning maximum FCN so far (0.0409548) to force MIGRAD to back out of this region. Error log follows.
Parameter values: 	CMS_NPS26009_LightJetStat_DY_BJetOS_2016postVFP=-0.285843	CMS_NPS26009_LightJetStat_DY_BJetOS_2016preVFP=-0.39853	CMS_NPS26009_LightJetStat_DY_BJetOS_2017=-0.741827	CMS_NPS26009_LightJetStat_DY_BJetOS_2018=-0.422964	CMS_NPS26009_LightJetStat_DY_BJetOS_2022=-0.6966	CMS_NPS26009_LightJetStat_DY_BJetOS_2022EE=-1.76891	CMS_NPS26009_LightJetStat_DY_BJetOS_2023=-1.29895	CMS_NPS26009_LightJetStat_DY_BJetOS_2023BPix=-0.836561	CMS_NPS26009_MCstat_other_BJetOS_2016postVFP=0.513841	CMS_NPS26009_MCstat_other_BJetOS_2016preVFP=-0.141971	CMS_NPS26009_MCstat_other_BJetOS_2017=-0.174884	CMS_NPS26009_MCstat_other_BJetOS_2018=-0.110857	CMS_NPS26009_MCstat_other_BJetOS_2022=-0.212142	CMS_NPS26009_MCstat_other_BJetOS_2022EE=-0.320289	CMS_NPS26009_MCstat_other_BJetOS_2023=-0.217131	CMS_NPS26009_MCstat_other_BJetOS_2023BPix=-0.372627	CMS_NPS26009_MCstat_signal_BJetOS_2016postVFP=-0.322154	CMS_NPS26009_MCstat_signal_BJetOS_2016preVFP=-0.35278	CMS_NPS26009_MCstat_signal_BJetOS_2017=-0.794385	CMS_NPS26009_MCstat_signal_BJetOS_2018=-0.576647	CMS_NPS26009_MCstat_signal_BJetOS_2022=0.0264104	CMS_NPS26009_MCstat_signal_BJetOS_2022EE=0.449089	CMS_NPS26009_MCstat_signal_BJetOS_2023=0.378293	CMS_NPS26009_MCstat_signal_BJetOS_2023BPix=0.185189	CMS_NPS26009_MCstat_singleTop_BJetOS_2016postVFP=-0.0997378	CMS_NPS26009_MCstat_singleTop_BJetOS_2016preVFP=-0.174879	CMS_NPS26009_MCstat_singleTop_BJetOS_2017=-0.244659	CMS_NPS26009_MCstat_singleTop_BJetOS_2018=-0.135407	CMS_NPS26009_MCstat_singleTop_BJetOS_2022=-0.331576	CMS_NPS26009_MCstat_singleTop_BJetOS_2022EE=-0.721179	CMS_NPS26009_MCstat_singleTop_BJetOS_2023=-0.465977	CMS_NPS26009_MCstat_singleTop_BJetOS_2023BPix=-0.226904	CMS_NPS26009_MCstat_ttbar_BJetOS_2016postVFP=-0.0745681	CMS_NPS26009_MCstat_ttbar_BJetOS_2016preVFP=-0.226937	CMS_NPS26009_MCstat_ttbar_BJetOS_2017=-0.107666	CMS_NPS26009_MCstat_ttbar_BJetOS_2018=-0.134684	CMS_NPS26009_MCstat_ttbar_BJetOS_2022=-0.969386	CMS_NPS26009_MCstat_ttbar_BJetOS_2022EE=-2.37988	CMS_NPS26009_MCstat_ttbar_BJetOS_2023=-2.08528	CMS_NPS26009_MCstat_ttbar_BJetOS_2023BPix=-1.63439	CMS_NPS26009_NFModel_DY_BJetOS_13TeV=-4.53725	CMS_NPS26009_NFModel_DY_BJetOS_13p6TeV=-18.1009	CMS_NPS26009_NFStat_DY_BJetOS_2016postVFP=0.152978	CMS_NPS26009_NFStat_DY_BJetOS_2016preVFP=0.161831	CMS_NPS26009_NFStat_DY_BJetOS_2017=0.0630328	CMS_NPS26009_NFStat_DY_BJetOS_2018=0.157597	CMS_NPS26009_NFStat_DY_BJetOS_2022=0.0236528	CMS_NPS26009_NFStat_DY_BJetOS_2022EE=0.0768995	CMS_NPS26009_NFStat_DY_BJetOS_2023=0.112201	CMS_NPS26009_NFStat_DY_BJetOS_2023BPix=0.0963351	CMS_NPS26009_QCDscale_fac_singleTop=-0.15712	CMS_NPS26009_QCDscale_ren_singleTop=1.66949	CMS_NPS26009_bckgNorm_QCD_BJetOS_2016postVFP=-0.00116259	CMS_NPS26009_bckgNorm_QCD_BJetOS_2016preVFP=0.0679559	CMS_NPS26009_bckgNorm_QCD_BJetOS_2017=-0.992088	CMS_NPS26009_bckgNorm_QCD_BJetOS_2018=-0.370974	CMS_NPS26009_bckgNorm_QCD_BJetOS_2022=-0.269449	CMS_NPS26009_bckgNorm_QCD_BJetOS_2022EE=-0.0751307	CMS_NPS26009_bckgNorm_QCD_BJetOS_2023=-5.51108	CMS_NPS26009_bckgNorm_QCD_BJetOS_2023BPix=-0.790171	CMS_NPS26009_bckgShape_QCD_BJetOS_2016postVFP=-1.22909	CMS_NPS26009_bckgShape_QCD_BJetOS_2016preVFP=37.7232	CMS_NPS26009_bckgShape_QCD_BJetOS_2017=84.1132	CMS_NPS26009_bckgShape_QCD_BJetOS_2018=23.1184	CMS_NPS26009_bckgShape_QCD_BJetOS_2022=4.93275	CMS_NPS26009_bckgShape_QCD_BJetOS_2022EE=25.5282	CMS_NPS26009_bckgShape_QCD_BJetOS_2023=11.1637	CMS_NPS26009_bckgShape_QCD_BJetOS_2023BPix=-1.05787	CMS_NPS26009_btag_fixedWP_comb_bc_correlated_13TeV=-3.53664	CMS_NPS26009_btag_fixedWP_comb_bc_correlated_13p6TeV=-7.04604	CMS_NPS26009_btag_fixedWP_incl_light_correlated_13TeV=-0.34464	CMS_NPS26009_btag_fixedWP_incl_light_correlated_13p6TeV=-1.43831	CMS_NPS26009_eff_m_id_Run2=-0.277521	CMS_NPS26009_eff_m_id_Run3=-0.449695	CMS_NPS26009_eff_m_trigger_2016postVFP=-0.0786177	CMS_NPS26009_eff_m_trigger_2016preVFP=-0.168048	CMS_NPS26009_eff_m_trigger_2017=-0.195128	CMS_NPS26009_eff_m_trigger_2018=-0.126871	CMS_NPS26009_eff_m_trigger_2022=-0.0971908	CMS_NPS26009_eff_m_trigger_2022EE=-0.203979	CMS_NPS26009_eff_m_trigger_2023=-0.128431	CMS_NPS26009_eff_m_trigger_2023BPix=-0.0903002	CMS_NPS26009_lumi_2016=-1.03192	CMS_NPS26009_lumi_2017=-2.2625	CMS_NPS26009_lumi_2018=-1.97586	CMS_NPS26009_lumi_2022=-2.78866	CMS_NPS26009_lumi_2023=-1.47201	CMS_NPS26009_pdf_NNPDF31=-4.54973	CMS_NPS26009_topmass_ttbar_BJetOS=-11.2998	CMS_btag_fixedWP_comb_bc_uncorrelated_2016postVFP=-0.397496	CMS_btag_fixedWP_comb_bc_uncorrelated_2016preVFP=-0.578424	CMS_btag_fixedWP_comb_bc_uncorrelated_2017=-1.65072	CMS_btag_fixedWP_comb_bc_uncorrelated_2018=-0.690275	CMS_btag_fixedWP_comb_bc_uncorrelated_2022=-0.739296	CMS_btag_fixedWP_comb_bc_uncorrelated_2022EE=-2.21128	CMS_btag_fixedWP_comb_bc_uncorrelated_2023=-1.6786	CMS_btag_fixedWP_comb_bc_uncorrelated_2023BPix=-0.982059	CMS_btag_fixedWP_incl_light_uncorrelated_2016postVFP=-0.0297535	CMS_btag_fixedWP_incl_light_uncorrelated_2016preVFP=-0.0378028	CMS_btag_fixedWP_incl_light_uncorrelated_2017=-0.063308	CMS_btag_fixedWP_incl_light_uncorrelated_2018=-0.0554173	CMS_btag_fixedWP_incl_light_uncorrelated_2022=-0.0535454	CMS_btag_fixedWP_incl_light_uncorrelated_2022EE=-0.278904	CMS_btag_fixedWP_incl_light_uncorrelated_2023=-0.161716	CMS_btag_fixedWP_incl_light_uncorrelated_2023BPix=-0.0850561	CMS_l1_prefiring_2016postVFP=0.348704	CMS_l1_prefiring_2016preVFP=0.476358	CMS_l1_prefiring_2017=0.663026	CMS_l1_prefiring_2018=0.12977	CMS_pileup_13TeV=0.642396	CMS_pileup_13p6TeV=2.37776	CMS_res_j_2016postVFP=-0.0134399	CMS_res_j_2016preVFP=0.00246693	CMS_res_j_2017=0.00278072	CMS_res_j_2018=-0.00753243	CMS_res_j_2022=0.0306186	CMS_res_j_2022EE=0.109078	CMS_res_j_2023=0.0876787	CMS_res_j_2023BPix=0.103032	CMS_scale_j_2016postVFP=-0.0862573	CMS_scale_j_2016preVFP=-0.106816	CMS_scale_j_2017=-0.372066	CMS_scale_j_2018=-0.404302	CMS_scale_j_2022=-0.268717	CMS_scale_j_2022EE=-1.32979	CMS_scale_j_2023=-0.980265	CMS_scale_j_2023BPix=-0.310759	CMS_scale_m_13TeV=-0.149566	CMS_scale_m_13p6TeV=-0.512862	QCDscale_fac_ttbar=0.913037	QCDscale_ren_ttbar=42.1083	pdf_alphas=-11.9263	r=4.32183
RooFit::Detail::RooFixedProdPdf::model_s[ ]
     getLogVal() top-level p.d.f not greater than zero @ !servers=(modelObs_s = 0)

RooAbsMinimizerFcn: Minimized function has error status.
Returning maximum FCN so far (0.0409548) to force MIGRAD to back out of this region. Error log follows.
Parameter values: 	CMS_NPS26009_LightJetStat_DY_BJetOS_2016postVFP=-0.183074	CMS_NPS26009_LightJetStat_DY_BJetOS_2016preVFP=-0.31727	CMS_NPS26009_LightJetStat_DY_BJetOS_2017=-0.298213	CMS_NPS26009_LightJetStat_DY_BJetOS_2018=-0.117077	CMS_NPS26009_LightJetStat_DY_BJetOS_2022=-0.257499	CMS_NPS26009_LightJetStat_DY_BJetOS_2022EE=-0.782123	CMS_NPS26009_LightJetStat_DY_BJetOS_2023=-0.538534	CMS_NPS26009_LightJetStat_DY_BJetOS_2023BPix=-0.246052	CMS_NPS26009_MCstat_other_BJetOS_2016postVFP=0.167578	CMS_NPS26009_MCstat_other_BJetOS_2016preVFP=-0.0919203	CMS_NPS26009_MCstat_other_BJetOS_2017=-0.0717154	CMS_NPS26009_MCstat_other_BJetOS_2018=-0.0370687	CMS_NPS26009_MCstat_other_BJetOS_2022=-0.0776188	CMS_NPS26009_MCstat_other_BJetOS_2022EE=-0.142518	CMS_NPS26009_MCstat_other_BJetOS_2023=-0.0898784	CMS_NPS26009_MCstat_other_BJetOS_2023BPix=-0.118073	CMS_NPS26009_MCstat_signal_BJetOS_2016postVFP=-0.140215	CMS_NPS26009_MCstat_signal_BJetOS_2016preVFP=-0.155982	CMS_NPS26009_MCstat_signal_BJetOS_2017=-0.340093	CMS_NPS26009_MCstat_signal_BJetOS_2018=-0.244478	CMS_NPS26009_MCstat_signal_BJetOS_2022=0.0125959	CMS_NPS26009_MCstat_signal_BJetOS_2022EE=0.191581	CMS_NPS26009_MCstat_signal_BJetOS_2023=0.163205	CMS_NPS26009_MCstat_signal_BJetOS_2023BPix=0.0834214	CMS_NPS26009_MCstat_singleTop_BJetOS_2016postVFP=-0.0604882	CMS_NPS26009_MCstat_singleTop_BJetOS_2016preVFP=-0.120202	CMS_NPS26009_MCstat_singleTop_BJetOS_2017=-0.100185	CMS_NPS26009_MCstat_singleTop_BJetOS_2018=-0.0434202	CMS_NPS26009_MCstat_singleTop_BJetOS_2022=-0.121192	CMS_NPS26009_MCstat_singleTop_BJetOS_2022EE=-0.320316	CMS_NPS26009_MCstat_singleTop_BJetOS_2023=-0.192989	CMS_NPS26009_MCstat_singleTop_BJetOS_2023BPix=-0.0723572	CMS_NPS26009_MCstat_ttbar_BJetOS_2016postVFP=-0.0812255	CMS_NPS26009_MCstat_ttbar_BJetOS_2016preVFP=-0.219783	CMS_NPS26009_MCstat_ttbar_BJetOS_2017=-0.0323838	CMS_NPS26009_MCstat_ttbar_BJetOS_2018=-0.0162501	CMS_NPS26009_MCstat_ttbar_BJetOS_2022=-0.354219	CMS_NPS26009_MCstat_ttbar_BJetOS_2022EE=-1.05033	CMS_NPS26009_MCstat_ttbar_BJetOS_2023=-0.870633	CMS_NPS26009_MCstat_ttbar_BJetOS_2023BPix=-0.545354	CMS_NPS26009_NFModel_DY_BJetOS_13TeV=-1.71843	CMS_NPS26009_NFModel_DY_BJetOS_13p6TeV=-7.29193	CMS_NPS26009_NFStat_DY_BJetOS_2016postVFP=0.0572794	CMS_NPS26009_NFStat_DY_BJetOS_2016preVFP=0.111803	CMS_NPS26009_NFStat_DY_BJetOS_2017=0.11199	CMS_NPS26009_NFStat_DY_BJetOS_2018=0.166007	CMS_NPS26009_NFStat_DY_BJetOS_2022=0.0893978	CMS_NPS26009_NFStat_DY_BJetOS_2022EE=0.078045	CMS_NPS26009_NFStat_DY_BJetOS_2023=0.0398507	CMS_NPS26009_NFStat_DY_BJetOS_2023BPix=0.108252	CMS_NPS26009_QCDscale_fac_singleTop=-0.0636633	CMS_NPS26009_QCDscale_ren_singleTop=0.714102	CMS_NPS26009_bckgNorm_QCD_BJetOS_2016postVFP=-0.000688659	CMS_NPS26009_bckgNorm_QCD_BJetOS_2016preVFP=-0.0200103	CMS_NPS26009_bckgNorm_QCD_BJetOS_2017=-0.407125	CMS_NPS26009_bckgNorm_QCD_BJetOS_2018=-0.108118	CMS_NPS26009_bckgNorm_QCD_BJetOS_2022=-0.0992119	CMS_NPS26009_bckgNorm_QCD_BJetOS_2022EE=-0.0328509	CMS_NPS26009_bckgNorm_QCD_BJetOS_2023=-2.29862	CMS_NPS26009_bckgNorm_QCD_BJetOS_2023BPix=-0.256067	CMS_NPS26009_bckgShape_QCD_BJetOS_2016postVFP=3.81079	CMS_NPS26009_bckgShape_QCD_BJetOS_2016preVFP=-22.6655	CMS_NPS26009_bckgShape_QCD_BJetOS_2017=100.568	CMS_NPS26009_bckgShape_QCD_BJetOS_2018=61.2363	CMS_NPS26009_bckgShape_QCD_BJetOS_2022=-4.34242	CMS_NPS26009_bckgShape_QCD_BJetOS_2022EE=-21.435	CMS_NPS26009_bckgShape_QCD_BJetOS_2023=78.7448	CMS_NPS26009_bckgShape_QCD_BJetOS_2023BPix=11.7308	CMS_NPS26009_btag_fixedWP_comb_bc_correlated_13TeV=-1.59326	CMS_NPS26009_btag_fixedWP_comb_bc_correlated_13p6TeV=-2.85459	CMS_NPS26009_btag_fixedWP_incl_light_correlated_13TeV=-0.172364	CMS_NPS26009_btag_fixedWP_incl_light_correlated_13p6TeV=-0.589075	CMS_NPS26009_eff_m_id_Run2=-0.126362	CMS_NPS26009_eff_m_id_Run3=-0.176887	CMS_NPS26009_eff_m_trigger_2016postVFP=-0.0404408	CMS_NPS26009_eff_m_trigger_2016preVFP=-0.0948043	CMS_NPS26009_eff_m_trigger_2017=-0.0811197	CMS_NPS26009_eff_m_trigger_2018=-0.0465483	CMS_NPS26009_eff_m_trigger_2022=-0.0349893	CMS_NPS26009_eff_m_trigger_2022EE=-0.0907413	CMS_NPS26009_eff_m_trigger_2023=-0.0528735	CMS_NPS26009_eff_m_trigger_2023BPix=-0.0258575	CMS_NPS26009_lumi_2016=-0.57893	CMS_NPS26009_lumi_2017=-0.935265	CMS_NPS26009_lumi_2018=-0.709682	CMS_NPS26009_lumi_2022=-1.19367	CMS_NPS26009_lumi_2023=-0.546871	CMS_NPS26009_pdf_NNPDF31=-1.92919	CMS_NPS26009_topmass_ttbar_BJetOS=-4.78535	CMS_btag_fixedWP_comb_bc_uncorrelated_2016postVFP=-0.211107	CMS_btag_fixedWP_comb_bc_uncorrelated_2016preVFP=-0.343754	CMS_btag_fixedWP_comb_bc_uncorrelated_2017=-0.682195	CMS_btag_fixedWP_comb_bc_uncorrelated_2018=-0.245852	CMS_btag_fixedWP_comb_bc_uncorrelated_2022=-0.267271	CMS_btag_fixedWP_comb_bc_uncorrelated_2022EE=-0.980481	CMS_btag_fixedWP_comb_bc_uncorrelated_2023=-0.692792	CMS_btag_fixedWP_comb_bc_uncorrelated_2023BPix=-0.289954	CMS_btag_fixedWP_incl_light_uncorrelated_2016postVFP=-0.0222168	CMS_btag_fixedWP_incl_light_uncorrelated_2016preVFP=-0.0309687	CMS_btag_fixedWP_incl_light_uncorrelated_2017=-0.0244086	CMS_btag_fixedWP_incl_light_uncorrelated_2018=-0.0134598	CMS_btag_fixedWP_incl_light_uncorrelated_2022=-0.0195309	CMS_btag_fixedWP_incl_light_uncorrelated_2022EE=-0.123253	CMS_btag_fixedWP_incl_light_uncorrelated_2023=-0.0674435	CMS_btag_fixedWP_incl_light_uncorrelated_2023BPix=-0.0278392	CMS_l1_prefiring_2016postVFP=0.185916	CMS_l1_prefiring_2016preVFP=0.27998	CMS_l1_prefiring_2017=0.273139	CMS_l1_prefiring_2018=0.0465617	CMS_pileup_13TeV=0.35155	CMS_pileup_13p6TeV=0.961265	CMS_res_j_2016postVFP=-0.00662066	CMS_res_j_2016preVFP=0.00119585	CMS_res_j_2017=-2.86242e-05	CMS_res_j_2018=-0.00430908	CMS_res_j_2022=0.0111822	CMS_res_j_2022EE=0.0483118	CMS_res_j_2023=0.0363188	CMS_res_j_2023BPix=0.0335362	CMS_scale_j_2016postVFP=-0.0481012	CMS_scale_j_2016preVFP=-0.0645661	CMS_scale_j_2017=-0.152852	CMS_scale_j_2018=-0.144255	CMS_scale_j_2022=-0.0977801	CMS_scale_j_2022EE=-0.588894	CMS_scale_j_2023=-0.408692	CMS_scale_j_2023BPix=-0.0988483	CMS_scale_m_13TeV=-0.0747498	CMS_scale_m_13p6TeV=-0.215328	QCDscale_fac_ttbar=0.299196	QCDscale_ren_ttbar=17.8462	pdf_alphas=-5.027	r=4.32183
RooFit::Detail::RooFixedProdPdf::model_s[ ]
     getLogVal() top-level p.d.f not greater than zero @ !servers=(modelObs_s = 0)

RooAbsMinimizerFcn: Minimized function has error status.
Returning maximum FCN so far (765.912) to force MIGRAD to back out of this region. Error log follows.
Parameter values: 	CMS_NPS26009_LightJetStat_DY_BJetOS_2016postVFP=0.152726	CMS_NPS26009_LightJetStat_DY_BJetOS_2016preVFP=0.330531	CMS_NPS26009_LightJetStat_DY_BJetOS_2017=0.180037	CMS_NPS26009_LightJetStat_DY_BJetOS_2018=0.927392	CMS_NPS26009_LightJetStat_DY_BJetOS_2022=-1.2234	CMS_NPS26009_LightJetStat_DY_BJetOS_2022EE=-2.56407	CMS_NPS26009_LightJetStat_DY_BJetOS_2023=-0.612171	CMS_NPS26009_LightJetStat_DY_BJetOS_2023BPix=-1.42807	CMS_NPS26009_MCstat_other_BJetOS_2016postVFP=1.71723	CMS_NPS26009_MCstat_other_BJetOS_2016preVFP=-0.0603204	CMS_NPS26009_MCstat_other_BJetOS_2017=-0.0807249	CMS_NPS26009_MCstat_other_BJetOS_2018=0.0649622	CMS_NPS26009_MCstat_other_BJetOS_2022=-0.358926	CMS_NPS26009_MCstat_other_BJetOS_2022EE=-0.422021	CMS_NPS26009_MCstat_other_BJetOS_2023=-0.0817261	CMS_NPS26009_MCstat_other_BJetOS_2023BPix=-0.613399	CMS_NPS26009_MCstat_signal_BJetOS_2016postVFP=-0.665997	CMS_NPS26009_MCstat_signal_BJetOS_2016preVFP=-0.719993	CMS_NPS26009_MCstat_signal_BJetOS_2017=-1.64271	CMS_NPS26009_MCstat_signal_BJetOS_2018=-1.15207	CMS_NPS26009_MCstat_signal_BJetOS_2022=0.0655455	CMS_NPS26009_MCstat_signal_BJetOS_2022EE=1.02197	CMS_NPS26009_MCstat_signal_BJetOS_2023=0.907446	CMS_NPS26009_MCstat_signal_BJetOS_2023BPix=0.413381	CMS_NPS26009_MCstat_singleTop_BJetOS_2016postVFP=0.0088103	CMS_NPS26009_MCstat_singleTop_BJetOS_2016preVFP=-0.0178518	CMS_NPS26009_MCstat_singleTop_BJetOS_2017=-0.100487	CMS_NPS26009_MCstat_singleTop_BJetOS_2018=0.132157	CMS_NPS26009_MCstat_singleTop_BJetOS_2022=-0.559255	CMS_NPS26009_MCstat_singleTop_BJetOS_2022EE=-0.980573	CMS_NPS26009_MCstat_singleTop_BJetOS_2023=-0.187858	CMS_NPS26009_MCstat_singleTop_BJetOS_2023BPix=-0.378479	CMS_NPS26009_MCstat_ttbar_BJetOS_2016postVFP=0.482732	CMS_NPS26009_MCstat_ttbar_BJetOS_2016preVFP=0.542814	CMS_NPS26009_MCstat_ttbar_BJetOS_2017=0.988741	CMS_NPS26009_MCstat_ttbar_BJetOS_2018=0.885758	CMS_NPS26009_MCstat_ttbar_BJetOS_2022=-1.66121	CMS_NPS26009_MCstat_ttbar_BJetOS_2022EE=-3.57451	CMS_NPS26009_MCstat_ttbar_BJetOS_2023=-1.66089	CMS_NPS26009_MCstat_ttbar_BJetOS_2023BPix=-2.89892	CMS_NPS26009_NFModel_DY_BJetOS_13TeV=15.6398	CMS_NPS26009_NFModel_DY_BJetOS_13p6TeV=-22.0995	CMS_NPS26009_NFStat_DY_BJetOS_2016postVFP=0.104482	CMS_NPS26009_NFStat_DY_BJetOS_2016preVFP=0.0821998	CMS_NPS26009_NFStat_DY_BJetOS_2017=0.147005	CMS_NPS26009_NFStat_DY_BJetOS_2018=0.165527	CMS_NPS26009_NFStat_DY_BJetOS_2022=0.0318527	CMS_NPS26009_NFStat_DY_BJetOS_2022EE=0.0559941	CMS_NPS26009_NFStat_DY_BJetOS_2023=0.0397496	CMS_NPS26009_NFStat_DY_BJetOS_2023BPix=0.0410622	CMS_NPS26009_QCDscale_fac_singleTop=-0.117429	CMS_NPS26009_QCDscale_ren_singleTop=1.32028	CMS_NPS26009_bckgNorm_QCD_BJetOS_2016postVFP=-8.90442e-05	CMS_NPS26009_bckgNorm_QCD_BJetOS_2016preVFP=0.593771	CMS_NPS26009_bckgNorm_QCD_BJetOS_2017=-0.515349	CMS_NPS26009_bckgNorm_QCD_BJetOS_2018=0.646763	CMS_NPS26009_bckgNorm_QCD_BJetOS_2022=-0.475469	CMS_NPS26009_bckgNorm_QCD_BJetOS_2022EE=-0.116009	CMS_NPS26009_bckgNorm_QCD_BJetOS_2023=-4.95283	CMS_NPS26009_bckgNorm_QCD_BJetOS_2023BPix=-1.46285	CMS_NPS26009_bckgShape_QCD_BJetOS_2016postVFP=25.3391	CMS_NPS26009_bckgShape_QCD_BJetOS_2016preVFP=30.9091	CMS_NPS26009_bckgShape_QCD_BJetOS_2017=28.9889	CMS_NPS26009_bckgShape_QCD_BJetOS_2018=139.736	CMS_NPS26009_bckgShape_QCD_BJetOS_2022=1.08335	CMS_NPS26009_bckgShape_QCD_BJetOS_2022EE=-5.69622	CMS_NPS26009_bckgShape_QCD_BJetOS_2023=-24.3103	CMS_NPS26009_bckgShape_QCD_BJetOS_2023BPix=-3.46476	CMS_NPS26009_btag_fixedWP_comb_bc_correlated_13TeV=-2.30482	CMS_NPS26009_btag_fixedWP_comb_bc_correlated_13p6TeV=-9.28858	CMS_NPS26009_btag_fixedWP_incl_light_correlated_13TeV=0.707374	CMS_NPS26009_btag_fixedWP_incl_light_correlated_13p6TeV=-1.86475	CMS_NPS26009_eff_m_id_Run2=-0.223616	CMS_NPS26009_eff_m_id_Run3=-0.462618	CMS_NPS26009_eff_m_trigger_2016postVFP=-0.0814928	CMS_NPS26009_eff_m_trigger_2016preVFP=-0.171044	CMS_NPS26009_eff_m_trigger_2017=-0.189665	CMS_NPS26009_eff_m_trigger_2018=-0.0485047	CMS_NPS26009_eff_m_trigger_2022=-0.162807	CMS_NPS26009_eff_m_trigger_2022EE=-0.26868	CMS_NPS26009_eff_m_trigger_2023=-0.0160836	CMS_NPS26009_eff_m_trigger_2023BPix=-0.143084	CMS_NPS26009_lumi_2016=-0.890702	CMS_NPS26009_lumi_2017=-1.73246	CMS_NPS26009_lumi_2018=-0.326138	CMS_NPS26009_lumi_2022=-3.93829	CMS_NPS26009_lumi_2023=-1.07342	CMS_NPS26009_pdf_NNPDF31=-2.67879	CMS_NPS26009_topmass_ttbar_BJetOS=-6.67402	CMS_btag_fixedWP_comb_bc_uncorrelated_2016postVFP=-0.325847	CMS_btag_fixedWP_comb_bc_uncorrelated_2016preVFP=-0.442681	CMS_btag_fixedWP_comb_bc_uncorrelated_2017=-1.24731	CMS_btag_fixedWP_comb_bc_uncorrelated_2018=-0.0541782	CMS_btag_fixedWP_comb_bc_uncorrelated_2022=-1.24645	CMS_btag_fixedWP_comb_bc_uncorrelated_2022EE=-3.08235	CMS_btag_fixedWP_comb_bc_uncorrelated_2023=-0.409573	CMS_btag_fixedWP_comb_bc_uncorrelated_2023BPix=-1.59028	CMS_btag_fixedWP_incl_light_uncorrelated_2016postVFP=0.0598041	CMS_btag_fixedWP_incl_light_uncorrelated_2016preVFP=0.0426231	CMS_btag_fixedWP_incl_light_uncorrelated_2017=0.107389	CMS_btag_fixedWP_incl_light_uncorrelated_2018=0.173295	CMS_btag_fixedWP_incl_light_uncorrelated_2022=-0.0914339	CMS_btag_fixedWP_incl_light_uncorrelated_2022EE=-0.41036	CMS_btag_fixedWP_incl_light_uncorrelated_2023=-0.120098	CMS_btag_fixedWP_incl_light_uncorrelated_2023BPix=-0.148703	CMS_l1_prefiring_2016postVFP=0.275895	CMS_l1_prefiring_2016preVFP=0.390339	CMS_l1_prefiring_2017=0.423782	CMS_l1_prefiring_2018=0.0199058	CMS_pileup_13TeV=0.651509	CMS_pileup_13p6TeV=3.23272	CMS_res_j_2016postVFP=-0.0177207	CMS_res_j_2016preVFP=0.00413813	CMS_res_j_2017=-0.102039	CMS_res_j_2018=-0.0471867	CMS_res_j_2022=0.0524761	CMS_res_j_2022EE=0.154948	CMS_res_j_2023=0.0366888	CMS_res_j_2023BPix=0.178664	CMS_scale_j_2016postVFP=-0.040316	CMS_scale_j_2016preVFP=-0.0719713	CMS_scale_j_2017=-0.199947	CMS_scale_j_2018=-0.037777	CMS_scale_j_2022=-0.45706	CMS_scale_j_2022EE=-1.89223	CMS_scale_j_2023=-0.715414	CMS_scale_j_2023BPix=-0.531203	CMS_scale_m_13TeV=0.12442	CMS_scale_m_13p6TeV=-0.422945	QCDscale_fac_ttbar=-0.832945	QCDscale_ren_ttbar=24.1107	pdf_alphas=-9.00152	r=4.32183
RooFit::Detail::RooFixedProdPdf::model_s[ ]
     getLogVal() top-level p.d.f not greater than zero @ !servers=(modelObs_s = 0)

RooAbsMinimizerFcn: Minimized function has error status.
Returning maximum FCN so far (765.912) to force MIGRAD to back out of this region. Error log follows.
Parameter values: 	CMS_NPS26009_LightJetStat_DY_BJetOS_2016postVFP=0.30102	CMS_NPS26009_LightJetStat_DY_BJetOS_2016preVFP=0.429712	CMS_NPS26009_LightJetStat_DY_BJetOS_2017=-0.0975792	CMS_NPS26009_LightJetStat_DY_BJetOS_2018=0.450859	CMS_NPS26009_LightJetStat_DY_BJetOS_2022=-0.932712	CMS_NPS26009_LightJetStat_DY_BJetOS_2022EE=-1.69874	CMS_NPS26009_LightJetStat_DY_BJetOS_2023=-0.480971	CMS_NPS26009_LightJetStat_DY_BJetOS_2023BPix=-0.953113	CMS_NPS26009_MCstat_other_BJetOS_2016postVFP=1.72672	CMS_NPS26009_MCstat_other_BJetOS_2016preVFP=-0.0273908	CMS_NPS26009_MCstat_other_BJetOS_2017=-0.125125	CMS_NPS26009_MCstat_other_BJetOS_2018=-0.0160369	CMS_NPS26009_MCstat_other_BJetOS_2022=-0.259219	CMS_NPS26009_MCstat_other_BJetOS_2022EE=-0.240787	CMS_NPS26009_MCstat_other_BJetOS_2023=-0.0591379	CMS_NPS26009_MCstat_other_BJetOS_2023BPix=-0.391352	CMS_NPS26009_MCstat_signal_BJetOS_2016postVFP=-0.634062	CMS_NPS26009_MCstat_signal_BJetOS_2016preVFP=-0.686708	CMS_NPS26009_MCstat_signal_BJetOS_2017=-1.59357	CMS_NPS26009_MCstat_signal_BJetOS_2018=-1.12909	CMS_NPS26009_MCstat_signal_BJetOS_2022=0.0709387	CMS_NPS26009_MCstat_signal_BJetOS_2022EE=1.01841	CMS_NPS26009_MCstat_signal_BJetOS_2023=0.875702	CMS_NPS26009_MCstat_signal_BJetOS_2023BPix=0.414799	CMS_NPS26009_MCstat_singleTop_BJetOS_2016postVFP=0.0576488	CMS_NPS26009_MCstat_singleTop_BJetOS_2016preVFP=0.0286026	CMS_NPS26009_MCstat_singleTop_BJetOS_2017=-0.165297	CMS_NPS26009_MCstat_singleTop_BJetOS_2018=0.0168349	CMS_NPS26009_MCstat_singleTop_BJetOS_2022=-0.401611	CMS_NPS26009_MCstat_singleTop_BJetOS_2022EE=-0.59021	CMS_NPS26009_MCstat_singleTop_BJetOS_2023=-0.139789	CMS_NPS26009_MCstat_singleTop_BJetOS_2023BPix=-0.248547	CMS_NPS26009_MCstat_ttbar_BJetOS_2016postVFP=0.611897	CMS_NPS26009_MCstat_ttbar_BJetOS_2016preVFP=0.676683	CMS_NPS26009_MCstat_ttbar_BJetOS_2017=0.751421	CMS_NPS26009_MCstat_ttbar_BJetOS_2018=0.528757	CMS_NPS26009_MCstat_ttbar_BJetOS_2022=-1.21593	CMS_NPS26009_MCstat_ttbar_BJetOS_2022EE=-2.4846	CMS_NPS26009_MCstat_ttbar_BJetOS_2023=-1.45953	CMS_NPS26009_MCstat_ttbar_BJetOS_2023BPix=-2.10843	CMS_NPS26009_NFModel_DY_BJetOS_13TeV=11.333	CMS_NPS26009_NFModel_DY_BJetOS_13p6TeV=-15.2763	CMS_NPS26009_NFStat_DY_BJetOS_2016postVFP=0.0851064	CMS_NPS26009_NFStat_DY_BJetOS_2016preVFP=0.102981	CMS_NPS26009_NFStat_DY_BJetOS_2017=0.107387	CMS_NPS26009_NFStat_DY_BJetOS_2018=0.0794065	CMS_NPS26009_NFStat_DY_BJetOS_2022=0.116098	CMS_NPS26009_NFStat_DY_BJetOS_2022EE=0.077237	CMS_NPS26009_NFStat_DY_BJetOS_2023=0.0463959	CMS_NPS26009_NFStat_DY_BJetOS_2023BPix=0.0618046	CMS_NPS26009_QCDscale_fac_singleTop=-0.1086	CMS_NPS26009_QCDscale_ren_singleTop=1.11208	CMS_NPS26009_bckgNorm_QCD_BJetOS_2016postVFP=0.000422012	CMS_NPS26009_bckgNorm_QCD_BJetOS_2016preVFP=0.57352	CMS_NPS26009_bckgNorm_QCD_BJetOS_2017=-0.755588	CMS_NPS26009_bckgNorm_QCD_BJetOS_2018=0.269428	CMS_NPS26009_bckgNorm_QCD_BJetOS_2022=-0.363878	CMS_NPS26009_bckgNorm_QCD_BJetOS_2022EE=-0.085377	CMS_NPS26009_bckgNorm_QCD_BJetOS_2023=-4.25948	CMS_NPS26009_bckgNorm_QCD_BJetOS_2023BPix=-1.12272	CMS_NPS26009_bckgShape_QCD_BJetOS_2016postVFP=29.19	CMS_NPS26009_bckgShape_QCD_BJetOS_2016preVFP=40.9082	CMS_NPS26009_bckgShape_QCD_BJetOS_2017=-14.2786	CMS_NPS26009_bckgShape_QCD_BJetOS_2018=-0.0997704	CMS_NPS26009_bckgShape_QCD_BJetOS_2022=5.92619	CMS_NPS26009_bckgShape_QCD_BJetOS_2022EE=19.1558	CMS_NPS26009_bckgShape_QCD_BJetOS_2023=60.5289	CMS_NPS26009_bckgShape_QCD_BJetOS_2023BPix=14.8597	CMS_NPS26009_btag_fixedWP_comb_bc_correlated_13TeV=-2.74422	CMS_NPS26009_btag_fixedWP_comb_bc_correlated_13p6TeV=-6.16106	CMS_NPS26009_btag_fixedWP_incl_light_correlated_13TeV=0.52781	CMS_NPS26009_btag_fixedWP_incl_light_correlated_13p6TeV=-1.35479	CMS_NPS26009_eff_m_id_Run2=-0.248245	CMS_NPS26009_eff_m_id_Run3=-0.267583	CMS_NPS26009_eff_m_trigger_2016postVFP=-0.0583025	CMS_NPS26009_eff_m_trigger_2016preVFP=-0.136262	CMS_NPS26009_eff_m_trigger_2017=-0.220587	CMS_NPS26009_eff_m_trigger_2018=-0.107554	CMS_NPS26009_eff_m_trigger_2022=-0.115006	CMS_NPS26009_eff_m_trigger_2022EE=-0.153322	CMS_NPS26009_eff_m_trigger_2023=-0.00299879	CMS_NPS26009_eff_m_trigger_2023BPix=-0.0812793	CMS_NPS26009_lumi_2016=-0.61725	CMS_NPS26009_lumi_2017=-2.18504	CMS_NPS26009_lumi_2018=-1.38026	CMS_NPS26009_lumi_2022=-2.44327	CMS_NPS26009_lumi_2023=-0.642907	CMS_NPS26009_pdf_NNPDF31=-1.82143	CMS_NPS26009_topmass_ttbar_BJetOS=-4.34534	CMS_btag_fixedWP_comb_bc_uncorrelated_2016postVFP=-0.192377	CMS_btag_fixedWP_comb_bc_uncorrelated_2016preVFP=-0.306969	CMS_btag_fixedWP_comb_bc_uncorrelated_2017=-1.58051	CMS_btag_fixedWP_comb_bc_uncorrelated_2018=-0.440909	CMS_btag_fixedWP_comb_bc_uncorrelated_2022=-0.88952	CMS_btag_fixedWP_comb_bc_uncorrelated_2022EE=-1.93061	CMS_btag_fixedWP_comb_bc_uncorrelated_2023=-0.240018	CMS_btag_fixedWP_comb_bc_uncorrelated_2023BPix=-0.954562	CMS_btag_fixedWP_incl_light_uncorrelated_2016postVFP=0.0862475	CMS_btag_fixedWP_incl_light_uncorrelated_2016preVFP=0.05946	CMS_btag_fixedWP_incl_light_uncorrelated_2017=0.0634382	CMS_btag_fixedWP_incl_light_uncorrelated_2018=0.0866319	CMS_btag_fixedWP_incl_light_uncorrelated_2022=-0.0666027	CMS_btag_fixedWP_incl_light_uncorrelated_2022EE=-0.277637	CMS_btag_fixedWP_incl_light_uncorrelated_2023=-0.104402	CMS_btag_fixedWP_incl_light_uncorrelated_2023BPix=-0.105275	CMS_l1_prefiring_2016postVFP=0.156658	CMS_l1_prefiring_2016preVFP=0.281334	CMS_l1_prefiring_2017=0.573243	CMS_l1_prefiring_2018=0.089609	CMS_pileup_13TeV=0.508765	CMS_pileup_13p6TeV=2.52669	CMS_res_j_2016postVFP=-0.0144638	CMS_res_j_2016preVFP=0.00380249	CMS_res_j_2017=-0.0805225	CMS_res_j_2018=-0.0372264	CMS_res_j_2022=0.0384304	CMS_res_j_2022EE=0.0998587	CMS_res_j_2023=0.0279992	CMS_res_j_2023BPix=0.124547	CMS_scale_j_2016postVFP=-0.00538977	CMS_scale_j_2016preVFP=-0.0455725	CMS_scale_j_2017=-0.291187	CMS_scale_j_2018=-0.261717	CMS_scale_j_2022=-0.330805	CMS_scale_j_2022EE=-1.22207	CMS_scale_j_2023=-0.621466	CMS_scale_j_2023BPix=-0.359237	CMS_scale_m_13TeV=0.0776287	CMS_scale_m_13p6TeV=-0.339043	QCDscale_fac_ttbar=-0.547017	QCDscale_ren_ttbar=15.8228	pdf_alphas=-6.18659	r=4.32183
RooFit::Detail::RooFixedProdPdf::model_s[ ]
     getLogVal() top-level p.d.f not greater than zero @ !servers=(modelObs_s = 0)

RooAbsMinimizerFcn: Minimized function has error status.
Returning maximum FCN so far (765.912) to force MIGRAD to back out of this region. Error log follows.
Parameter values: 	CMS_NPS26009_LightJetStat_DY_BJetOS_2016postVFP=0.343951	CMS_NPS26009_LightJetStat_DY_BJetOS_2016preVFP=0.395228	CMS_NPS26009_LightJetStat_DY_BJetOS_2017=-0.00540658	CMS_NPS26009_LightJetStat_DY_BJetOS_2018=0.872384	CMS_NPS26009_LightJetStat_DY_BJetOS_2022=-0.686784	CMS_NPS26009_LightJetStat_DY_BJetOS_2022EE=-1.26321	CMS_NPS26009_LightJetStat_DY_BJetOS_2023=-0.55456	CMS_NPS26009_LightJetStat_DY_BJetOS_2023BPix=-0.632337	CMS_NPS26009_MCstat_other_BJetOS_2016postVFP=1.5928	CMS_NPS26009_MCstat_other_BJetOS_2016preVFP=-0.0175586	CMS_NPS26009_MCstat_other_BJetOS_2017=-0.104517	CMS_NPS26009_MCstat_other_BJetOS_2018=0.0568381	CMS_NPS26009_MCstat_other_BJetOS_2022=-0.180781	CMS_NPS26009_MCstat_other_BJetOS_2022EE=-0.153886	CMS_NPS26009_MCstat_other_BJetOS_2023=-0.0731946	CMS_NPS26009_MCstat_other_BJetOS_2023BPix=-0.250127	CMS_NPS26009_MCstat_signal_BJetOS_2016postVFP=-0.59091	CMS_NPS26009_MCstat_signal_BJetOS_2016preVFP=-0.641538	CMS_NPS26009_MCstat_signal_BJetOS_2017=-1.49053	CMS_NPS26009_MCstat_signal_BJetOS_2018=-1.03664	CMS_NPS26009_MCstat_signal_BJetOS_2022=0.0722115	CMS_NPS26009_MCstat_signal_BJetOS_2022EE=0.969376	CMS_NPS26009_MCstat_signal_BJetOS_2023=0.814817	CMS_NPS26009_MCstat_signal_BJetOS_2023BPix=0.398571	CMS_NPS26009_MCstat_singleTop_BJetOS_2016postVFP=0.0779338	CMS_NPS26009_MCstat_singleTop_BJetOS_2016preVFP=0.0399291	CMS_NPS26009_MCstat_singleTop_BJetOS_2017=-0.136787	CMS_NPS26009_MCstat_singleTop_BJetOS_2018=0.115692	CMS_NPS26009_MCstat_singleTop_BJetOS_2022=-0.277521	CMS_NPS26009_MCstat_singleTop_BJetOS_2022EE=-0.399734	CMS_NPS26009_MCstat_singleTop_BJetOS_2023=-0.168878	CMS_NPS26009_MCstat_singleTop_BJetOS_2023BPix=-0.166685	CMS_NPS26009_MCstat_ttbar_BJetOS_2016postVFP=0.649842	CMS_NPS26009_MCstat_ttbar_BJetOS_2016preVFP=0.697864	CMS_NPS26009_MCstat_ttbar_BJetOS_2017=0.75263	CMS_NPS26009_MCstat_ttbar_BJetOS_2018=0.76705	CMS_NPS26009_MCstat_ttbar_BJetOS_2022=-0.867337	CMS_NPS26009_MCstat_ttbar_BJetOS_2022EE=-1.91048	CMS_NPS26009_MCstat_ttbar_BJetOS_2023=-1.50403	CMS_NPS26009_MCstat_ttbar_BJetOS_2023BPix=-1.60273	CMS_NPS26009_NFModel_DY_BJetOS_13TeV=13.1312	CMS_NPS26009_NFModel_DY_BJetOS_13p6TeV=-11.9798	CMS_NPS26009_NFStat_DY_BJetOS_2016postVFP=0.148194	CMS_NPS26009_NFStat_DY_BJetOS_2016preVFP=0.170929	CMS_NPS26009_NFStat_DY_BJetOS_2017=0.0930292	CMS_NPS26009_NFStat_DY_BJetOS_2018=0.0860269	CMS_NPS26009_NFStat_DY_BJetOS_2022=0.060742	CMS_NPS26009_NFStat_DY_BJetOS_2022EE=0.102296	CMS_NPS26009_NFStat_DY_BJetOS_2023=0.0346516	CMS_NPS26009_NFStat_DY_BJetOS_2023BPix=0.0206349	CMS_NPS26009_QCDscale_fac_singleTop=-0.0665296	CMS_NPS26009_QCDscale_ren_singleTop=0.748148	CMS_NPS26009_bckgNorm_QCD_BJetOS_2016postVFP=0.000615257	CMS_NPS26009_bckgNorm_QCD_BJetOS_2016preVFP=0.484137	CMS_NPS26009_bckgNorm_QCD_BJetOS_2017=-0.639685	CMS_NPS26009_bckgNorm_QCD_BJetOS_2018=0.600836	CMS_NPS26009_bckgNorm_QCD_BJetOS_2022=-0.264164	CMS_NPS26009_bckgNorm_QCD_BJetOS_2022EE=-0.0756932	CMS_NPS26009_bckgNorm_QCD_BJetOS_2023=-4.13351	CMS_NPS26009_bckgNorm_QCD_BJetOS_2023BPix=-0.821562	CMS_NPS26009_bckgShape_QCD_BJetOS_2016postVFP=20.9034	CMS_NPS26009_bckgShape_QCD_BJetOS_2016preVFP=22.0207	CMS_NPS26009_bckgShape_QCD_BJetOS_2017=67.4909	CMS_NPS26009_bckgShape_QCD_BJetOS_2018=98.2248	CMS_NPS26009_bckgShape_QCD_BJetOS_2022=8.48878	CMS_NPS26009_bckgShape_QCD_BJetOS_2022EE=-8.33795	CMS_NPS26009_bckgShape_QCD_BJetOS_2023=28.0159	CMS_NPS26009_bckgShape_QCD_BJetOS_2023BPix=0.639799	CMS_NPS26009_btag_fixedWP_comb_bc_correlated_13TeV=-2.03305	CMS_NPS26009_btag_fixedWP_comb_bc_correlated_13p6TeV=-4.50925	CMS_NPS26009_btag_fixedWP_incl_light_correlated_13TeV=0.68496	CMS_NPS26009_btag_fixedWP_incl_light_correlated_13p6TeV=-1.09984	CMS_NPS26009_eff_m_id_Run2=-0.18725	CMS_NPS26009_eff_m_id_Run3=-0.179906	CMS_NPS26009_eff_m_trigger_2016postVFP=-0.0443459	CMS_NPS26009_eff_m_trigger_2016preVFP=-0.116417	CMS_NPS26009_eff_m_trigger_2017=-0.197476	CMS_NPS26009_eff_m_trigger_2018=-0.0486897	CMS_NPS26009_eff_m_trigger_2022=-0.0781217	CMS_NPS26009_eff_m_trigger_2022EE=-0.0976594	CMS_NPS26009_eff_m_trigger_2023=-0.0155497	CMS_NPS26009_eff_m_trigger_2023BPix=-0.0451041	CMS_NPS26009_lumi_2016=-0.469037	CMS_NPS26009_lumi_2017=-1.92206	CMS_NPS26009_lumi_2018=-0.382927	CMS_NPS26009_lumi_2022=-1.6378	CMS_NPS26009_lumi_2023=-0.524864	CMS_NPS26009_pdf_NNPDF31=-0.689672	CMS_NPS26009_topmass_ttbar_BJetOS=-1.48849	CMS_btag_fixedWP_comb_bc_uncorrelated_2016postVFP=-0.118378	CMS_btag_fixedWP_comb_bc_uncorrelated_2016preVFP=-0.240173	CMS_btag_fixedWP_comb_bc_uncorrelated_2017=-1.38844	CMS_btag_fixedWP_comb_bc_uncorrelated_2018=-0.0811326	CMS_btag_fixedWP_comb_bc_uncorrelated_2022=-0.612997	CMS_btag_fixedWP_comb_bc_uncorrelated_2022EE=-1.3564	CMS_btag_fixedWP_comb_bc_uncorrelated_2023=-0.381254	CMS_btag_fixedWP_comb_bc_uncorrelated_2023BPix=-0.577376	CMS_btag_fixedWP_incl_light_uncorrelated_2016postVFP=0.095994	CMS_btag_fixedWP_incl_light_uncorrelated_2016preVFP=0.0632247	CMS_btag_fixedWP_incl_light_uncorrelated_2017=0.0692242	CMS_btag_fixedWP_incl_light_uncorrelated_2018=0.148887	CMS_btag_fixedWP_incl_light_uncorrelated_2022=-0.0472034	CMS_btag_fixedWP_incl_light_uncorrelated_2022EE=-0.208873	CMS_btag_fixedWP_incl_light_uncorrelated_2023=-0.108836	CMS_btag_fixedWP_incl_light_uncorrelated_2023BPix=-0.0779296	CMS_l1_prefiring_2016postVFP=0.090966	CMS_l1_prefiring_2016preVFP=0.225998	CMS_l1_prefiring_2017=0.496986	CMS_l1_prefiring_2018=0.0238126	CMS_pileup_13TeV=0.405328	CMS_pileup_13p6TeV=2.16346	CMS_res_j_2016postVFP=-0.0122228	CMS_res_j_2016preVFP=0.00349143	CMS_res_j_2017=-0.079745	CMS_res_j_2018=-0.0421283	CMS_res_j_2022=0.0274559	CMS_res_j_2022EE=0.0721	CMS_res_j_2023=0.033685	CMS_res_j_2023BPix=0.0903429	CMS_scale_j_2016postVFP=0.0122353	CMS_scale_j_2016preVFP=-0.0330605	CMS_scale_j_2017=-0.248548	CMS_scale_j_2018=-0.0514101	CMS_scale_j_2022=-0.232339	CMS_scale_j_2022EE=-0.883363	CMS_scale_j_2023=-0.651372	CMS_scale_j_2023BPix=-0.252617	CMS_scale_m_13TeV=0.151341	CMS_scale_m_13p6TeV=-0.329396	QCDscale_fac_ttbar=-0.950531	QCDscale_ren_ttbar=5.12508	pdf_alphas=-3.32445	r=4.32183
RooFit::Detail::RooFixedProdPdf::model_s[ ]
     getLogVal() top-level p.d.f not greater than zero @ !servers=(modelObs_s = 0)

RooAbsMinimizerFcn: Minimized function has error status.
Returning maximum FCN so far (765.912) to force MIGRAD to back out of this region. Error log follows.
Parameter values: 	CMS_NPS26009_LightJetStat_DY_BJetOS_2016postVFP=0.339827	CMS_NPS26009_LightJetStat_DY_BJetOS_2016preVFP=0.34012	CMS_NPS26009_LightJetStat_DY_BJetOS_2017=-0.119493	CMS_NPS26009_LightJetStat_DY_BJetOS_2018=0.814206	CMS_NPS26009_LightJetStat_DY_BJetOS_2022=-0.365977	CMS_NPS26009_LightJetStat_DY_BJetOS_2022EE=-0.798508	CMS_NPS26009_LightJetStat_DY_BJetOS_2023=-0.178316	CMS_NPS26009_LightJetStat_DY_BJetOS_2023BPix=-0.244868	CMS_NPS26009_MCstat_other_BJetOS_2016postVFP=1.25737	CMS_NPS26009_MCstat_other_BJetOS_2016preVFP=-0.00308007	CMS_NPS26009_MCstat_other_BJetOS_2017=-0.112433	CMS_NPS26009_MCstat_other_BJetOS_2018=0.053576	CMS_NPS26009_MCstat_other_BJetOS_2022=-0.083957	CMS_NPS26009_MCstat_other_BJetOS_2022EE=-0.0678729	CMS_NPS26009_MCstat_other_BJetOS_2023=-0.00859815	CMS_NPS26009_MCstat_other_BJetOS_2023BPix=-0.0818741	CMS_NPS26009_MCstat_signal_BJetOS_2016postVFP=-0.509652	CMS_NPS26009_MCstat_signal_BJetOS_2016preVFP=-0.553901	CMS_NPS26009_MCstat_signal_BJetOS_2017=-1.29966	CMS_NPS26009_MCstat_signal_BJetOS_2018=-0.897088	CMS_NPS26009_MCstat_signal_BJetOS_2022=0.0693971	CMS_NPS26009_MCstat_signal_BJetOS_2022EE=0.854365	CMS_NPS26009_MCstat_signal_BJetOS_2023=0.719427	CMS_NPS26009_MCstat_signal_BJetOS_2023BPix=0.356941	CMS_NPS26009_MCstat_singleTop_BJetOS_2016postVFP=0.0884541	CMS_NPS26009_MCstat_singleTop_BJetOS_2016preVFP=0.0543234	CMS_NPS26009_MCstat_singleTop_BJetOS_2017=-0.150418	CMS_NPS26009_MCstat_singleTop_BJetOS_2018=0.105549	CMS_NPS26009_MCstat_singleTop_BJetOS_2022=-0.124045	CMS_NPS26009_MCstat_singleTop_BJetOS_2022EE=-0.206685	CMS_NPS26009_MCstat_singleTop_BJetOS_2023=-0.0309432	CMS_NPS26009_MCstat_singleTop_BJetOS_2023BPix=-0.0694739	CMS_NPS26009_MCstat_ttbar_BJetOS_2016postVFP=0.634545	CMS_NPS26009_MCstat_ttbar_BJetOS_2016preVFP=0.695028	CMS_NPS26009_MCstat_ttbar_BJetOS_2017=0.557957	CMS_NPS26009_MCstat_ttbar_BJetOS_2018=0.666471	CMS_NPS26009_MCstat_ttbar_BJetOS_2022=-0.43473	CMS_NPS26009_MCstat_ttbar_BJetOS_2022EE=-1.2727	CMS_NPS26009_MCstat_ttbar_BJetOS_2023=-0.910275	CMS_NPS26009_MCstat_ttbar_BJetOS_2023BPix=-0.976151	CMS_NPS26009_NFModel_DY_BJetOS_13TeV=10.765	CMS_NPS26009_NFModel_DY_BJetOS_13p6TeV=-6.26272	CMS_NPS26009_NFStat_DY_BJetOS_2016postVFP=0.0836426	CMS_NPS26009_NFStat_DY_BJetOS_2016preVFP=0.120681	CMS_NPS26009_NFStat_DY_BJetOS_2017=0.134435	CMS_NPS26009_NFStat_DY_BJetOS_2018=0.0764567	CMS_NPS26009_NFStat_DY_BJetOS_2022=0.117953	CMS_NPS26009_NFStat_DY_BJetOS_2022EE=0.0613073	CMS_NPS26009_NFStat_DY_BJetOS_2023=0.0893884	CMS_NPS26009_NFStat_DY_BJetOS_2023BPix=0.0970188	CMS_NPS26009_QCDscale_fac_singleTop=-0.0374344	CMS_NPS26009_QCDscale_ren_singleTop=0.4394	CMS_NPS26009_bckgNorm_QCD_BJetOS_2016postVFP=0.000704055	CMS_NPS26009_bckgNorm_QCD_BJetOS_2016preVFP=0.362953	CMS_NPS26009_bckgNorm_QCD_BJetOS_2017=-0.677715	CMS_NPS26009_bckgNorm_QCD_BJetOS_2018=0.558688	CMS_NPS26009_bckgNorm_QCD_BJetOS_2022=-0.129451	CMS_NPS26009_bckgNorm_QCD_BJetOS_2022EE=-0.0680991	CMS_NPS26009_bckgNorm_QCD_BJetOS_2023=-2.39178	CMS_NPS26009_bckgNorm_QCD_BJetOS_2023BPix=-0.381932	CMS_NPS26009_bckgShape_QCD_BJetOS_2016postVFP=3.61541	CMS_NPS26009_bckgShape_QCD_BJetOS_2016preVFP=-21.8976	CMS_NPS26009_bckgShape_QCD_BJetOS_2017=3.04376	CMS_NPS26009_bckgShape_QCD_BJetOS_2018=60.0352	CMS_NPS26009_bckgShape_QCD_BJetOS_2022=6.56411	CMS_NPS26009_bckgShape_QCD_BJetOS_2022EE=-27.2752	CMS_NPS26009_bckgShape_QCD_BJetOS_2023=81.1219	CMS_NPS26009_bckgShape_QCD_BJetOS_2023BPix=15.3829	CMS_NPS26009_btag_fixedWP_comb_bc_correlated_13TeV=-1.81926	CMS_NPS26009_btag_fixedWP_comb_bc_correlated_13p6TeV=-2.20452	CMS_NPS26009_btag_fixedWP_incl_light_correlated_13TeV=0.608162	CMS_NPS26009_btag_fixedWP_incl_light_correlated_13p6TeV=-0.656721	CMS_NPS26009_eff_m_id_Run2=-0.159527	CMS_NPS26009_eff_m_id_Run3=-0.0270091	CMS_NPS26009_eff_m_trigger_2016postVFP=-0.0290698	CMS_NPS26009_eff_m_trigger_2016preVFP=-0.0851872	CMS_NPS26009_eff_m_trigger_2017=-0.18945	CMS_NPS26009_eff_m_trigger_2018=-0.0414761	CMS_NPS26009_eff_m_trigger_2022=-0.0331792	CMS_NPS26009_eff_m_trigger_2022EE=-0.0423729	CMS_NPS26009_eff_m_trigger_2023=0.0227414	CMS_NPS26009_eff_m_trigger_2023BPix=-0.00456937	CMS_NPS26009_lumi_2016=-0.283344	CMS_NPS26009_lumi_2017=-1.91411	CMS_NPS26009_lumi_2018=-0.319972	CMS_NPS26009_lumi_2022=-0.780769	CMS_NPS26009_lumi_2023=-0.0168433	CMS_NPS26009_pdf_NNPDF31=0.163748	CMS_NPS26009_topmass_ttbar_BJetOS=0.702584	CMS_btag_fixedWP_comb_bc_uncorrelated_2016postVFP=-0.0463372	CMS_btag_fixedWP_comb_bc_uncorrelated_2016preVFP=-0.141725	CMS_btag_fixedWP_comb_bc_uncorrelated_2017=-1.38497	CMS_btag_fixedWP_comb_bc_uncorrelated_2018=-0.0657607	CMS_btag_fixedWP_comb_bc_uncorrelated_2022=-0.274301	CMS_btag_fixedWP_comb_bc_uncorrelated_2022EE=-0.760148	CMS_btag_fixedWP_comb_bc_uncorrelated_2023=0.115377	CMS_btag_fixedWP_comb_bc_uncorrelated_2023BPix=-0.147829	CMS_btag_fixedWP_incl_light_uncorrelated_2016postVFP=0.097808	CMS_btag_fixedWP_incl_light_uncorrelated_2016preVFP=0.0653851	CMS_btag_fixedWP_incl_light_uncorrelated_2017=0.0411658	CMS_btag_fixedWP_incl_light_uncorrelated_2018=0.129726	CMS_btag_fixedWP_incl_light_uncorrelated_2022=-0.0232062	CMS_btag_fixedWP_incl_light_uncorrelated_2022EE=-0.133951	CMS_btag_fixedWP_incl_light_uncorrelated_2023=-0.0626325	CMS_btag_fixedWP_incl_light_uncorrelated_2023BPix=-0.0445939	CMS_l1_prefiring_2016postVFP=0.0277327	CMS_l1_prefiring_2016preVFP=0.143288	CMS_l1_prefiring_2017=0.509797	CMS_l1_prefiring_2018=0.0198358	CMS_pileup_13TeV=0.280587	CMS_pileup_13p6TeV=1.4491	CMS_res_j_2016postVFP=-0.00937556	CMS_res_j_2016preVFP=0.00292999	CMS_res_j_2017=-0.0607683	CMS_res_j_2018=-0.0367678	CMS_res_j_2022=0.0138652	CMS_res_j_2022EE=0.0428692	CMS_res_j_2023=0.00810304	CMS_res_j_2023BPix=0.0486297	CMS_scale_j_2016postVFP=0.0266632	CMS_scale_j_2016preVFP=-0.0151842	CMS_scale_j_2017=-0.262173	CMS_scale_j_2018=-0.0404834	CMS_scale_j_2022=-0.110787	CMS_scale_j_2022EE=-0.525421	CMS_scale_j_2023=-0.373718	CMS_scale_j_2023BPix=-0.12487	CMS_scale_m_13TeV=0.154078	CMS_scale_m_13p6TeV=-0.180566	QCDscale_fac_ttbar=-0.943952	QCDscale_ren_ttbar=-2.78815	pdf_alphas=-0.756853	r=4.32183
RooFit::Detail::RooFixedProdPdf::model_s[ ]
     getLogVal() top-level p.d.f not greater than zero @ !servers=(modelObs_s = 0)

RooAbsMinimizerFcn: Minimized function has error status.
Returning maximum FCN so far (765.912) to force MIGRAD to back out of this region. Error log follows.
Parameter values: 	CMS_NPS26009_LightJetStat_DY_BJetOS_2016postVFP=3.02916	CMS_NPS26009_LightJetStat_DY_BJetOS_2016preVFP=3.35705	CMS_NPS26009_LightJetStat_DY_BJetOS_2017=2.14484	CMS_NPS26009_LightJetStat_DY_BJetOS_2018=7.45481	CMS_NPS26009_LightJetStat_DY_BJetOS_2022=-2.33667	CMS_NPS26009_LightJetStat_DY_BJetOS_2022EE=-8.8371	CMS_NPS26009_LightJetStat_DY_BJetOS_2023=3.24597	CMS_NPS26009_LightJetStat_DY_BJetOS_2023BPix=5.89666	CMS_NPS26009_MCstat_other_BJetOS_2016postVFP=-1.17819	CMS_NPS26009_MCstat_other_BJetOS_2016preVFP=2.37471	CMS_NPS26009_MCstat_other_BJetOS_2017=0.965124	CMS_NPS26009_MCstat_other_BJetOS_2018=1.60522	CMS_NPS26009_MCstat_other_BJetOS_2022=-0.994646	CMS_NPS26009_MCstat_other_BJetOS_2022EE=-2.90982	CMS_NPS26009_MCstat_other_BJetOS_2023=0.37157	CMS_NPS26009_MCstat_other_BJetOS_2023BPix=0.15293	CMS_NPS26009_MCstat_signal_BJetOS_2016postVFP=3.3817	CMS_NPS26009_MCstat_signal_BJetOS_2016preVFP=6.24497	CMS_NPS26009_MCstat_signal_BJetOS_2017=1.47104	CMS_NPS26009_MCstat_signal_BJetOS_2018=-9.46011	CMS_NPS26009_MCstat_signal_BJetOS_2022=-3.81484	CMS_NPS26009_MCstat_signal_BJetOS_2022EE=-12.4268	CMS_NPS26009_MCstat_signal_BJetOS_2023=-12.1121	CMS_NPS26009_MCstat_signal_BJetOS_2023BPix=-11.1318	CMS_NPS26009_MCstat_singleTop_BJetOS_2016postVFP=1.38328	CMS_NPS26009_MCstat_singleTop_BJetOS_2016preVFP=2.82745	CMS_NPS26009_MCstat_singleTop_BJetOS_2017=1.21716	CMS_NPS26009_MCstat_singleTop_BJetOS_2018=1.91521	CMS_NPS26009_MCstat_singleTop_BJetOS_2022=-1.55622	CMS_NPS26009_MCstat_singleTop_BJetOS_2022EE=-5.8357	CMS_NPS26009_MCstat_singleTop_BJetOS_2023=0.944319	CMS_NPS26009_MCstat_singleTop_BJetOS_2023BPix=1.43859	CMS_NPS26009_MCstat_ttbar_BJetOS_2016postVFP=-2.92508	CMS_NPS26009_MCstat_ttbar_BJetOS_2016preVFP=-5.84393	CMS_NPS26009_MCstat_ttbar_BJetOS_2017=-5.33794	CMS_NPS26009_MCstat_ttbar_BJetOS_2018=4.49414	CMS_NPS26009_MCstat_ttbar_BJetOS_2022=-0.519233	CMS_NPS26009_MCstat_ttbar_BJetOS_2022EE=-10.1194	CMS_NPS26009_MCstat_ttbar_BJetOS_2023=12.853	CMS_NPS26009_MCstat_ttbar_BJetOS_2023BPix=24.2008	CMS_NPS26009_NFModel_DY_BJetOS_13TeV=-5.24907	CMS_NPS26009_NFModel_DY_BJetOS_13p6TeV=-2.46635	CMS_NPS26009_NFStat_DY_BJetOS_2016postVFP=0.141918	CMS_NPS26009_NFStat_DY_BJetOS_2016preVFP=0.0766084	CMS_NPS26009_NFStat_DY_BJetOS_2017=0.14703	CMS_NPS26009_NFStat_DY_BJetOS_2018=0.0960769	CMS_NPS26009_NFStat_DY_BJetOS_2022=0.119264	CMS_NPS26009_NFStat_DY_BJetOS_2022EE=0.10517	CMS_NPS26009_NFStat_DY_BJetOS_2023=0.0751801	CMS_NPS26009_NFStat_DY_BJetOS_2023BPix=0.0414141	CMS_NPS26009_QCDscale_fac_singleTop=1.35181	CMS_NPS26009_QCDscale_ren_singleTop=-8.31053	CMS_NPS26009_bckgNorm_QCD_BJetOS_2016postVFP=0.0153139	CMS_NPS26009_bckgNorm_QCD_BJetOS_2016preVFP=-3.94481	CMS_NPS26009_bckgNorm_QCD_BJetOS_2017=5.38733	CMS_NPS26009_bckgNorm_QCD_BJetOS_2018=5.86748	CMS_NPS26009_bckgNorm_QCD_BJetOS_2022=-1.30807	CMS_NPS26009_bckgNorm_QCD_BJetOS_2022EE=0.367322	CMS_NPS26009_bckgNorm_QCD_BJetOS_2023=26.7332	CMS_NPS26009_bckgNorm_QCD_BJetOS_2023BPix=6.22966	CMS_NPS26009_bckgShape_QCD_BJetOS_2016postVFP=28.822	CMS_NPS26009_bckgShape_QCD_BJetOS_2016preVFP=-5.91087	CMS_NPS26009_bckgShape_QCD_BJetOS_2017=-6.57094	CMS_NPS26009_bckgShape_QCD_BJetOS_2018=37.5617	CMS_NPS26009_bckgShape_QCD_BJetOS_2022=-4.17425	CMS_NPS26009_bckgShape_QCD_BJetOS_2022EE=14.4886	CMS_NPS26009_bckgShape_QCD_BJetOS_2023=59.3882	CMS_NPS26009_bckgShape_QCD_BJetOS_2023BPix=4.7365	CMS_NPS26009_btag_fixedWP_comb_bc_correlated_13TeV=-4.94242	CMS_NPS26009_btag_fixedWP_comb_bc_correlated_13p6TeV=-31.4975	CMS_NPS26009_btag_fixedWP_incl_light_correlated_13TeV=-1.41057	CMS_NPS26009_btag_fixedWP_incl_light_correlated_13p6TeV=1.9327	CMS_NPS26009_eff_m_id_Run2=-0.135405	CMS_NPS26009_eff_m_id_Run3=-3.42188	CMS_NPS26009_eff_m_trigger_2016postVFP=0.376444	CMS_NPS26009_eff_m_trigger_2016preVFP=1.35436	CMS_NPS26009_eff_m_trigger_2017=-0.512811	CMS_NPS26009_eff_m_trigger_2018=-0.850565	CMS_NPS26009_eff_m_trigger_2022=-0.81311	CMS_NPS26009_eff_m_trigger_2022EE=-2.40743	CMS_NPS26009_eff_m_trigger_2023=-0.595448	CMS_NPS26009_eff_m_trigger_2023BPix=-0.301617	CMS_NPS26009_lumi_2016=5.50685	CMS_NPS26009_lumi_2017=-8.1228	CMS_NPS26009_lumi_2018=-10.1598	CMS_NPS26009_lumi_2022=-27.7842	CMS_NPS26009_lumi_2023=-2.44599	CMS_NPS26009_pdf_NNPDF31=4.6558	CMS_NPS26009_topmass_ttbar_BJetOS=-0.216006	CMS_btag_fixedWP_comb_bc_uncorrelated_2016postVFP=1.45351	CMS_btag_fixedWP_comb_bc_uncorrelated_2016preVFP=3.27848	CMS_btag_fixedWP_comb_bc_uncorrelated_2017=-5.54537	CMS_btag_fixedWP_comb_bc_uncorrelated_2018=-3.13324	CMS_btag_fixedWP_comb_bc_uncorrelated_2022=-4.41588	CMS_btag_fixedWP_comb_bc_uncorrelated_2022EE=-19.0093	CMS_btag_fixedWP_comb_bc_uncorrelated_2023=-4.68274	CMS_btag_fixedWP_comb_bc_uncorrelated_2023BPix=0.0632986	CMS_btag_fixedWP_incl_light_uncorrelated_2016postVFP=-0.448826	CMS_btag_fixedWP_incl_light_uncorrelated_2016preVFP=-0.493041	CMS_btag_fixedWP_incl_light_uncorrelated_2017=-0.791497	CMS_btag_fixedWP_incl_light_uncorrelated_2018=0.777338	CMS_btag_fixedWP_incl_light_uncorrelated_2022=-0.118383	CMS_btag_fixedWP_incl_light_uncorrelated_2022EE=-1.51544	CMS_btag_fixedWP_incl_light_uncorrelated_2023=0.867115	CMS_btag_fixedWP_incl_light_uncorrelated_2023BPix=1.07515	CMS_l1_prefiring_2016postVFP=-1.1362	CMS_l1_prefiring_2016preVFP=-2.86142	CMS_l1_prefiring_2017=2.67821	CMS_l1_prefiring_2018=0.666376	CMS_pileup_13TeV=6.29018	CMS_pileup_13p6TeV=-6.81969	CMS_res_j_2016postVFP=0.0896396	CMS_res_j_2016preVFP=-0.0316406	CMS_res_j_2017=0.397433	CMS_res_j_2018=-0.568506	CMS_res_j_2022=0.0582789	CMS_res_j_2022EE=0.789359	CMS_res_j_2023=0.0239891	CMS_res_j_2023BPix=-1.28881	CMS_scale_j_2016postVFP=0.106987	CMS_scale_j_2016preVFP=0.428887	CMS_scale_j_2017=-1.32107	CMS_scale_j_2018=0.979196	CMS_scale_j_2022=-0.844295	CMS_scale_j_2022EE=-9.8731	CMS_scale_j_2023=4.40851	CMS_scale_j_2023BPix=2.86589	CMS_scale_m_13TeV=1.97246	CMS_scale_m_13p6TeV=1.16694	QCDscale_fac_ttbar=-0.792876	QCDscale_ren_ttbar=-7.46606	pdf_alphas=4.79642	r=-2.83012
RooFit::Detail::RooFixedProdPdf::model_s[ ]
     getLogVal() top-level p.d.f not greater than zero @ !servers=(modelObs_s = 0)

RooAbsMinimizerFcn: Minimized function has error status.
Returning maximum FCN so far (765.912) to force MIGRAD to back out of this region. Error log follows.
Parameter values: 	CMS_NPS26009_LightJetStat_DY_BJetOS_2016postVFP=1.57716	CMS_NPS26009_LightJetStat_DY_BJetOS_2016preVFP=1.81399	CMS_NPS26009_LightJetStat_DY_BJetOS_2017=1.79541	CMS_NPS26009_LightJetStat_DY_BJetOS_2018=4.56531	CMS_NPS26009_LightJetStat_DY_BJetOS_2022=-1.32637	CMS_NPS26009_LightJetStat_DY_BJetOS_2022EE=-5.5569	CMS_NPS26009_LightJetStat_DY_BJetOS_2023=1.61987	CMS_NPS26009_LightJetStat_DY_BJetOS_2023BPix=3.62122	CMS_NPS26009_MCstat_other_BJetOS_2016postVFP=-0.805378	CMS_NPS26009_MCstat_other_BJetOS_2016preVFP=1.5041	CMS_NPS26009_MCstat_other_BJetOS_2017=0.705414	CMS_NPS26009_MCstat_other_BJetOS_2018=0.979315	CMS_NPS26009_MCstat_other_BJetOS_2022=-0.617987	CMS_NPS26009_MCstat_other_BJetOS_2022EE=-1.85086	CMS_NPS26009_MCstat_other_BJetOS_2023=0.186187	CMS_NPS26009_MCstat_other_BJetOS_2023BPix=-0.151652	CMS_NPS26009_MCstat_signal_BJetOS_2016postVFP=2.23765	CMS_NPS26009_MCstat_signal_BJetOS_2016preVFP=4.17932	CMS_NPS26009_MCstat_signal_BJetOS_2017=0.85739	CMS_NPS26009_MCstat_signal_BJetOS_2018=-6.52335	CMS_NPS26009_MCstat_signal_BJetOS_2022=-2.5874	CMS_NPS26009_MCstat_signal_BJetOS_2022EE=-8.3509	CMS_NPS26009_MCstat_signal_BJetOS_2023=-8.12285	CMS_NPS26009_MCstat_signal_BJetOS_2023BPix=-7.50473	CMS_NPS26009_MCstat_singleTop_BJetOS_2016postVFP=0.807065	CMS_NPS26009_MCstat_singleTop_BJetOS_2016preVFP=1.78081	CMS_NPS26009_MCstat_singleTop_BJetOS_2017=0.916459	CMS_NPS26009_MCstat_singleTop_BJetOS_2018=1.21317	CMS_NPS26009_MCstat_singleTop_BJetOS_2022=-0.916978	CMS_NPS26009_MCstat_singleTop_BJetOS_2022EE=-3.74961	CMS_NPS26009_MCstat_singleTop_BJetOS_2023=0.501435	CMS_NPS26009_MCstat_singleTop_BJetOS_2023BPix=0.939873	CMS_NPS26009_MCstat_ttbar_BJetOS_2016postVFP=-2.34662	CMS_NPS26009_MCstat_ttbar_BJetOS_2016preVFP=-4.39173	CMS_NPS26009_MCstat_ttbar_BJetOS_2017=-3.20679	CMS_NPS26009_MCstat_ttbar_BJetOS_2018=2.92167	CMS_NPS26009_MCstat_ttbar_BJetOS_2022=-0.0135135	CMS_NPS26009_MCstat_ttbar_BJetOS_2022EE=-6.42407	CMS_NPS26009_MCstat_ttbar_BJetOS_2023=8.19816	CMS_NPS26009_MCstat_ttbar_BJetOS_2023BPix=16.5566	CMS_NPS26009_NFModel_DY_BJetOS_13TeV=-3.87851	CMS_NPS26009_NFModel_DY_BJetOS_13p6TeV=-3.20591	CMS_NPS26009_NFStat_DY_BJetOS_2016postVFP=0.0604138	CMS_NPS26009_NFStat_DY_BJetOS_2016preVFP=0.0891335	CMS_NPS26009_NFStat_DY_BJetOS_2017=0.102628	CMS_NPS26009_NFStat_DY_BJetOS_2018=0.102767	CMS_NPS26009_NFStat_DY_BJetOS_2022=0.0508104	CMS_NPS26009_NFStat_DY_BJetOS_2022EE=0.0544678	CMS_NPS26009_NFStat_DY_BJetOS_2023=0.0375438	CMS_NPS26009_NFStat_DY_BJetOS_2023BPix=0.0598322	CMS_NPS26009_QCDscale_fac_singleTop=0.734042	CMS_NPS26009_QCDscale_ren_singleTop=-4.68449	CMS_NPS26009_bckgNorm_QCD_BJetOS_2016postVFP=0.00833787	CMS_NPS26009_bckgNorm_QCD_BJetOS_2016preVFP=-2.73973	CMS_NPS26009_bckgNorm_QCD_BJetOS_2017=3.89951	CMS_NPS26009_bckgNorm_QCD_BJetOS_2018=3.70224	CMS_NPS26009_bckgNorm_QCD_BJetOS_2022=-0.872823	CMS_NPS26009_bckgNorm_QCD_BJetOS_2022EE=0.259702	CMS_NPS26009_bckgNorm_QCD_BJetOS_2023=18.7212	CMS_NPS26009_bckgNorm_QCD_BJetOS_2023BPix=4.26104	CMS_NPS26009_bckgShape_QCD_BJetOS_2016postVFP=29.3834	CMS_NPS26009_bckgShape_QCD_BJetOS_2016preVFP=-1.15455	CMS_NPS26009_bckgShape_QCD_BJetOS_2017=47.2802	CMS_NPS26009_bckgShape_QCD_BJetOS_2018=68.5153	CMS_NPS26009_bckgShape_QCD_BJetOS_2022=6.46079	CMS_NPS26009_bckgShape_QCD_BJetOS_2022EE=-27.7584	CMS_NPS26009_bckgShape_QCD_BJetOS_2023=-16.3968	CMS_NPS26009_bckgShape_QCD_BJetOS_2023BPix=3.21493	CMS_NPS26009_btag_fixedWP_comb_bc_correlated_13TeV=-3.88682	CMS_NPS26009_btag_fixedWP_comb_bc_correlated_13p6TeV=-20.2743	CMS_NPS26009_btag_fixedWP_incl_light_correlated_13TeV=-1.12441	CMS_NPS26009_btag_fixedWP_incl_light_correlated_13p6TeV=1.37651	CMS_NPS26009_eff_m_id_Run2=-0.164194	CMS_NPS26009_eff_m_id_Run3=-2.27187	CMS_NPS26009_eff_m_trigger_2016postVFP=0.196097	CMS_NPS26009_eff_m_trigger_2016preVFP=0.824295	CMS_NPS26009_eff_m_trigger_2017=-0.308681	CMS_NPS26009_eff_m_trigger_2018=-0.615755	CMS_NPS26009_eff_m_trigger_2022=-0.518446	CMS_NPS26009_eff_m_trigger_2022EE=-1.57911	CMS_NPS26009_eff_m_trigger_2023=-0.431751	CMS_NPS26009_eff_m_trigger_2023BPix=-0.189317	CMS_NPS26009_lumi_2016=2.99958	CMS_NPS26009_lumi_2017=-4.90243	CMS_NPS26009_lumi_2018=-7.5318	CMS_NPS26009_lumi_2022=-18.1021	CMS_NPS26009_lumi_2023=-1.79195	CMS_NPS26009_pdf_NNPDF31=3.03856	CMS_NPS26009_topmass_ttbar_BJetOS=0.0495767	CMS_btag_fixedWP_comb_bc_uncorrelated_2016postVFP=0.636866	CMS_btag_fixedWP_comb_bc_uncorrelated_2016preVFP=1.84002	CMS_btag_fixedWP_comb_bc_uncorrelated_2017=-3.24351	CMS_btag_fixedWP_comb_bc_uncorrelated_2018=-2.33739	CMS_btag_fixedWP_comb_bc_uncorrelated_2022=-2.72505	CMS_btag_fixedWP_comb_bc_uncorrelated_2022EE=-12.3583	CMS_btag_fixedWP_comb_bc_uncorrelated_2023=-3.52195	CMS_btag_fixedWP_comb_bc_uncorrelated_2023BPix=0.182531	CMS_btag_fixedWP_incl_light_uncorrelated_2016postVFP=-0.379733	CMS_btag_fixedWP_incl_light_uncorrelated_2016preVFP=-0.387812	CMS_btag_fixedWP_incl_light_uncorrelated_2017=-0.466043	CMS_btag_fixedWP_incl_light_uncorrelated_2018=0.495509	CMS_btag_fixedWP_incl_light_uncorrelated_2022=-0.0627842	CMS_btag_fixedWP_incl_light_uncorrelated_2022EE=-0.973838	CMS_btag_fixedWP_incl_light_uncorrelated_2023=0.551502	CMS_btag_fixedWP_incl_light_uncorrelated_2023BPix=0.735205	CMS_l1_prefiring_2016postVFP=-0.457515	CMS_l1_prefiring_2016preVFP=-1.63242	CMS_l1_prefiring_2017=1.59853	CMS_l1_prefiring_2018=0.491377	CMS_pileup_13TeV=4.77962	CMS_pileup_13p6TeV=-4.94363	CMS_res_j_2016postVFP=0.053532	CMS_res_j_2016preVFP=-0.0206129	CMS_res_j_2017=0.223755	CMS_res_j_2018=-0.345882	CMS_res_j_2022=0.0302899	CMS_res_j_2022EE=0.500762	CMS_res_j_2023=0.0348825	CMS_res_j_2023BPix=-0.840874	CMS_scale_j_2016postVFP=-0.0180072	CMS_scale_j_2016preVFP=0.216381	CMS_scale_j_2017=-0.698927	CMS_scale_j_2018=0.531069	CMS_scale_j_2022=-0.473372	CMS_scale_j_2022EE=-6.3913	CMS_scale_j_2023=2.92566	CMS_scale_j_2023BPix=1.90041	CMS_scale_m_13TeV=1.34996	CMS_scale_m_13p6TeV=0.757651	QCDscale_fac_ttbar=-0.586971	QCDscale_ren_ttbar=-5.80925	pdf_alphas=3.89259	r=-2.83012
RooFit::Detail::RooFixedProdPdf::model_s[ ]
     getLogVal() top-level p.d.f not greater than zero @ !servers=(modelObs_s = 0)

RooAbsMinimizerFcn: Minimized function has error status.
Returning maximum FCN so far (765.912) to force MIGRAD to back out of this region. Error log follows.
Parameter values: 	CMS_NPS26009_LightJetStat_DY_BJetOS_2016postVFP=-0.659309	CMS_NPS26009_LightJetStat_DY_BJetOS_2016preVFP=-0.122114	CMS_NPS26009_LightJetStat_DY_BJetOS_2017=1.72277	CMS_NPS26009_LightJetStat_DY_BJetOS_2018=0.380702	CMS_NPS26009_LightJetStat_DY_BJetOS_2022=2.9667	CMS_NPS26009_LightJetStat_DY_BJetOS_2022EE=2.02413	CMS_NPS26009_LightJetStat_DY_BJetOS_2023=0.413309	CMS_NPS26009_LightJetStat_DY_BJetOS_2023BPix=2.71045	CMS_NPS26009_MCstat_other_BJetOS_2016postVFP=-0.00255812	CMS_NPS26009_MCstat_other_BJetOS_2016preVFP=0.965112	CMS_NPS26009_MCstat_other_BJetOS_2017=0.251165	CMS_NPS26009_MCstat_other_BJetOS_2018=-0.674602	CMS_NPS26009_MCstat_other_BJetOS_2022=-0.14512	CMS_NPS26009_MCstat_other_BJetOS_2022EE=1.0502	CMS_NPS26009_MCstat_other_BJetOS_2023=0.0844305	CMS_NPS26009_MCstat_other_BJetOS_2023BPix=10.9136	CMS_NPS26009_MCstat_signal_BJetOS_2016postVFP=-0.57024	CMS_NPS26009_MCstat_signal_BJetOS_2016preVFP=-0.491792	CMS_NPS26009_MCstat_signal_BJetOS_2017=-1.42973	CMS_NPS26009_MCstat_signal_BJetOS_2018=-1.95601	CMS_NPS26009_MCstat_signal_BJetOS_2022=-0.230977	CMS_NPS26009_MCstat_signal_BJetOS_2022EE=0.0999958	CMS_NPS26009_MCstat_signal_BJetOS_2023=-0.0591851	CMS_NPS26009_MCstat_signal_BJetOS_2023BPix=0.0477444	CMS_NPS26009_MCstat_singleTop_BJetOS_2016postVFP=0.173987	CMS_NPS26009_MCstat_singleTop_BJetOS_2016preVFP=1.0355	CMS_NPS26009_MCstat_singleTop_BJetOS_2017=0.1016	CMS_NPS26009_MCstat_singleTop_BJetOS_2018=-0.372019	CMS_NPS26009_MCstat_singleTop_BJetOS_2022=-0.257166	CMS_NPS26009_MCstat_singleTop_BJetOS_2022EE=1.26493	CMS_NPS26009_MCstat_singleTop_BJetOS_2023=-0.118255	CMS_NPS26009_MCstat_singleTop_BJetOS_2023BPix=-2.44702	CMS_NPS26009_MCstat_ttbar_BJetOS_2016postVFP=0.37288	CMS_NPS26009_MCstat_ttbar_BJetOS_2016preVFP=1.57701	CMS_NPS26009_MCstat_ttbar_BJetOS_2017=1.14361	CMS_NPS26009_MCstat_ttbar_BJetOS_2018=-0.335042	CMS_NPS26009_MCstat_ttbar_BJetOS_2022=1.37329	CMS_NPS26009_MCstat_ttbar_BJetOS_2022EE=2.42862	CMS_NPS26009_MCstat_ttbar_BJetOS_2023=-0.514221	CMS_NPS26009_MCstat_ttbar_BJetOS_2023BPix=-13.2984	CMS_NPS26009_NFModel_DY_BJetOS_13TeV=1.63751	CMS_NPS26009_NFModel_DY_BJetOS_13p6TeV=2.26987	CMS_NPS26009_NFStat_DY_BJetOS_2016postVFP=0.0851597	CMS_NPS26009_NFStat_DY_BJetOS_2016preVFP=0.126571	CMS_NPS26009_NFStat_DY_BJetOS_2017=0.115975	CMS_NPS26009_NFStat_DY_BJetOS_2018=0.139713	CMS_NPS26009_NFStat_DY_BJetOS_2022=0.0348816	CMS_NPS26009_NFStat_DY_BJetOS_2022EE=0.0731623	CMS_NPS26009_NFStat_DY_BJetOS_2023=0.113383	CMS_NPS26009_NFStat_DY_BJetOS_2023BPix=0.101634	CMS_NPS26009_QCDscale_fac_singleTop=4.3189	CMS_NPS26009_QCDscale_ren_singleTop=-3.69582	CMS_NPS26009_bckgNorm_QCD_BJetOS_2016postVFP=-0.00297886	CMS_NPS26009_bckgNorm_QCD_BJetOS_2016preVFP=-0.150375	CMS_NPS26009_bckgNorm_QCD_BJetOS_2017=3.31469	CMS_NPS26009_bckgNorm_QCD_BJetOS_2018=2.38076	CMS_NPS26009_bckgNorm_QCD_BJetOS_2022=1.19397	CMS_NPS26009_bckgNorm_QCD_BJetOS_2022EE=0.206087	CMS_NPS26009_bckgNorm_QCD_BJetOS_2023=11.8502	CMS_NPS26009_bckgNorm_QCD_BJetOS_2023BPix=-7.4543	CMS_NPS26009_bckgShape_QCD_BJetOS_2016postVFP=29.9499	CMS_NPS26009_bckgShape_QCD_BJetOS_2016preVFP=8.57499	CMS_NPS26009_bckgShape_QCD_BJetOS_2017=10.9857	CMS_NPS26009_bckgShape_QCD_BJetOS_2018=113.188	CMS_NPS26009_bckgShape_QCD_BJetOS_2022=-3.68161	CMS_NPS26009_bckgShape_QCD_BJetOS_2022EE=-8.63325	CMS_NPS26009_bckgShape_QCD_BJetOS_2023=-43.3384	CMS_NPS26009_bckgShape_QCD_BJetOS_2023BPix=6.28122	CMS_NPS26009_btag_fixedWP_comb_bc_correlated_13TeV=-2.22162	CMS_NPS26009_btag_fixedWP_comb_bc_correlated_13p6TeV=-3.06631	CMS_NPS26009_btag_fixedWP_incl_light_correlated_13TeV=0.525427	CMS_NPS26009_btag_fixedWP_incl_light_correlated_13p6TeV=-1.11439	CMS_NPS26009_eff_m_id_Run2=-0.295692	CMS_NPS26009_eff_m_id_Run3=-0.617872	CMS_NPS26009_eff_m_trigger_2016postVFP=-0.100419	CMS_NPS26009_eff_m_trigger_2016preVFP=0.0642956	CMS_NPS26009_eff_m_trigger_2017=-0.16116	CMS_NPS26009_eff_m_trigger_2018=-0.339832	CMS_NPS26009_eff_m_trigger_2022=0.196737	CMS_NPS26009_eff_m_trigger_2022EE=0.252129	CMS_NPS26009_eff_m_trigger_2023=-0.00635389	CMS_NPS26009_eff_m_trigger_2023BPix=-1.07644	CMS_NPS26009_lumi_2016=-0.0665621	CMS_NPS26009_lumi_2017=-1.65655	CMS_NPS26009_lumi_2018=-5.14384	CMS_NPS26009_lumi_2022=3.73701	CMS_NPS26009_lumi_2023=-5.87873	CMS_NPS26009_pdf_NNPDF31=-1.38607	CMS_NPS26009_topmass_ttbar_BJetOS=0.328918	CMS_btag_fixedWP_comb_bc_uncorrelated_2016postVFP=-0.417497	CMS_btag_fixedWP_comb_bc_uncorrelated_2016preVFP=0.572449	CMS_btag_fixedWP_comb_bc_uncorrelated_2017=0.0233096	CMS_btag_fixedWP_comb_bc_uncorrelated_2018=-1.40782	CMS_btag_fixedWP_comb_bc_uncorrelated_2022=1.43944	CMS_btag_fixedWP_comb_bc_uncorrelated_2022EE=2.88612	CMS_btag_fixedWP_comb_bc_uncorrelated_2023=0.818764	CMS_btag_fixedWP_comb_bc_uncorrelated_2023BPix=-11.7591	CMS_btag_fixedWP_incl_light_uncorrelated_2016postVFP=0.00934611	CMS_btag_fixedWP_incl_light_uncorrelated_2016preVFP=0.152078	CMS_btag_fixedWP_incl_light_uncorrelated_2017=0.118448	CMS_btag_fixedWP_incl_light_uncorrelated_2018=-0.0740189	CMS_btag_fixedWP_incl_light_uncorrelated_2022=0.124948	CMS_btag_fixedWP_incl_light_uncorrelated_2022EE=0.282152	CMS_btag_fixedWP_incl_light_uncorrelated_2023=-0.00395932	CMS_btag_fixedWP_incl_light_uncorrelated_2023BPix=-0.753553	CMS_l1_prefiring_2016postVFP=0.346028	CMS_l1_prefiring_2016preVFP=-0.549331	CMS_l1_prefiring_2017=0.178573	CMS_l1_prefiring_2018=0.28335	CMS_pileup_13TeV=0.456659	CMS_pileup_13p6TeV=0.402992	CMS_res_j_2016postVFP=-0.0191626	CMS_res_j_2016preVFP=0.00211376	CMS_res_j_2017=-0.242021	CMS_res_j_2018=0.108594	CMS_res_j_2022=-0.0986401	CMS_res_j_2022EE=-0.253838	CMS_res_j_2023=-0.0136326	CMS_res_j_2023BPix=0.712155	CMS_scale_j_2016postVFP=0.12863	CMS_scale_j_2016preVFP=-0.00275751	CMS_scale_j_2017=0.290209	CMS_scale_j_2018=-0.640294	CMS_scale_j_2022=0.377255	CMS_scale_j_2022EE=1.68956	CMS_scale_j_2023=1.67556	CMS_scale_j_2023BPix=-1.93935	CMS_scale_m_13TeV=6.84027	CMS_scale_m_13p6TeV=0.915054	QCDscale_fac_ttbar=-0.156006	QCDscale_ren_ttbar=-0.329966	pdf_alphas=3.17115	r=-2.83012
RooFit::Detail::RooFixedProdPdf::model_s[ ]
     getLogVal() top-level p.d.f not greater than zero @ !servers=(modelObs_s = 0)

RooAbsMinimizerFcn: Minimized function has error status.
Returning maximum FCN so far (765.912) to force MIGRAD to back out of this region. Error log follows.
Parameter values: 	CMS_NPS26009_LightJetStat_DY_BJetOS_2016postVFP=-0.715841	CMS_NPS26009_LightJetStat_DY_BJetOS_2016preVFP=-0.181991	CMS_NPS26009_LightJetStat_DY_BJetOS_2017=1.70551	CMS_NPS26009_LightJetStat_DY_BJetOS_2018=0.390605	CMS_NPS26009_LightJetStat_DY_BJetOS_2022=2.93193	CMS_NPS26009_LightJetStat_DY_BJetOS_2022EE=1.95719	CMS_NPS26009_LightJetStat_DY_BJetOS_2023=0.446861	CMS_NPS26009_LightJetStat_DY_BJetOS_2023BPix=2.73611	CMS_NPS26009_MCstat_other_BJetOS_2016postVFP=-0.00241458	CMS_NPS26009_MCstat_other_BJetOS_2016preVFP=0.937314	CMS_NPS26009_MCstat_other_BJetOS_2017=0.250526	CMS_NPS26009_MCstat_other_BJetOS_2018=-0.668989	CMS_NPS26009_MCstat_other_BJetOS_2022=-0.151777	CMS_NPS26009_MCstat_other_BJetOS_2022EE=1.04041	CMS_NPS26009_MCstat_other_BJetOS_2023=0.093787	CMS_NPS26009_MCstat_other_BJetOS_2023BPix=10.5872	CMS_NPS26009_MCstat_signal_BJetOS_2016postVFP=-0.595852	CMS_NPS26009_MCstat_signal_BJetOS_2016preVFP=-0.529077	CMS_NPS26009_MCstat_signal_BJetOS_2017=-1.45564	CMS_NPS26009_MCstat_signal_BJetOS_2018=-1.93336	CMS_NPS26009_MCstat_signal_BJetOS_2022=-0.212368	CMS_NPS26009_MCstat_signal_BJetOS_2022EE=0.167205	CMS_NPS26009_MCstat_signal_BJetOS_2023=0.0080979	CMS_NPS26009_MCstat_signal_BJetOS_2023BPix=0.0945538	CMS_NPS26009_MCstat_singleTop_BJetOS_2016postVFP=0.148639	CMS_NPS26009_MCstat_singleTop_BJetOS_2016preVFP=0.996475	CMS_NPS26009_MCstat_singleTop_BJetOS_2017=0.0986461	CMS_NPS26009_MCstat_singleTop_BJetOS_2018=-0.374598	CMS_NPS26009_MCstat_singleTop_BJetOS_2022=-0.272557	CMS_NPS26009_MCstat_singleTop_BJetOS_2022EE=1.2513	CMS_NPS26009_MCstat_singleTop_BJetOS_2023=-0.101776	CMS_NPS26009_MCstat_singleTop_BJetOS_2023BPix=-2.42581	CMS_NPS26009_MCstat_ttbar_BJetOS_2016postVFP=0.333613	CMS_NPS26009_MCstat_ttbar_BJetOS_2016preVFP=1.52651	CMS_NPS26009_MCstat_ttbar_BJetOS_2017=1.2079	CMS_NPS26009_MCstat_ttbar_BJetOS_2018=-0.305539	CMS_NPS26009_MCstat_ttbar_BJetOS_2022=1.32198	CMS_NPS26009_MCstat_ttbar_BJetOS_2022EE=2.35408	CMS_NPS26009_MCstat_ttbar_BJetOS_2023=-0.496114	CMS_NPS26009_MCstat_ttbar_BJetOS_2023BPix=-13.2138	CMS_NPS26009_NFModel_DY_BJetOS_13TeV=1.53012	CMS_NPS26009_NFModel_DY_BJetOS_13p6TeV=2.15319	CMS_NPS26009_NFStat_DY_BJetOS_2016postVFP=0.119979	CMS_NPS26009_NFStat_DY_BJetOS_2016preVFP=0.124513	CMS_NPS26009_NFStat_DY_BJetOS_2017=0.0992365	CMS_NPS26009_NFStat_DY_BJetOS_2018=0.149906	CMS_NPS26009_NFStat_DY_BJetOS_2022=0.0416544	CMS_NPS26009_NFStat_DY_BJetOS_2022EE=0.0680873	CMS_NPS26009_NFStat_DY_BJetOS_2023=0.036653	CMS_NPS26009_NFStat_DY_BJetOS_2023BPix=0.0943721	CMS_NPS26009_QCDscale_fac_singleTop=4.30781	CMS_NPS26009_QCDscale_ren_singleTop=-3.76778	CMS_NPS26009_bckgNorm_QCD_BJetOS_2016postVFP=-0.00326258	CMS_NPS26009_bckgNorm_QCD_BJetOS_2016preVFP=-0.129144	CMS_NPS26009_bckgNorm_QCD_BJetOS_2017=3.31968	CMS_NPS26009_bckgNorm_QCD_BJetOS_2018=2.38892	CMS_NPS26009_bckgNorm_QCD_BJetOS_2022=1.10146	CMS_NPS26009_bckgNorm_QCD_BJetOS_2022EE=0.201002	CMS_NPS26009_bckgNorm_QCD_BJetOS_2023=11.8426	CMS_NPS26009_bckgNorm_QCD_BJetOS_2023BPix=-7.39866	CMS_NPS26009_bckgShape_QCD_BJetOS_2016postVFP=2.55854	CMS_NPS26009_bckgShape_QCD_BJetOS_2016preVFP=10.1254	CMS_NPS26009_bckgShape_QCD_BJetOS_2017=51.6631	CMS_NPS26009_bckgShape_QCD_BJetOS_2018=73.874	CMS_NPS26009_bckgShape_QCD_BJetOS_2022=-1.98273	CMS_NPS26009_bckgShape_QCD_BJetOS_2022EE=-3.32388	CMS_NPS26009_bckgShape_QCD_BJetOS_2023=33.3065	CMS_NPS26009_bckgShape_QCD_BJetOS_2023BPix=9.90435	CMS_NPS26009_btag_fixedWP_comb_bc_correlated_13TeV=-2.2468	CMS_NPS26009_btag_fixedWP_comb_bc_correlated_13p6TeV=-3.00987	CMS_NPS26009_btag_fixedWP_incl_light_correlated_13TeV=0.530242	CMS_NPS26009_btag_fixedWP_incl_light_correlated_13p6TeV=-1.11557	CMS_NPS26009_eff_m_id_Run2=-0.301962	CMS_NPS26009_eff_m_id_Run3=-0.593202	CMS_NPS26009_eff_m_trigger_2016postVFP=-0.111182	CMS_NPS26009_eff_m_trigger_2016preVFP=0.0420933	CMS_NPS26009_eff_m_trigger_2017=-0.155462	CMS_NPS26009_eff_m_trigger_2018=-0.331423	CMS_NPS26009_eff_m_trigger_2022=0.194466	CMS_NPS26009_eff_m_trigger_2022EE=0.251677	CMS_NPS26009_eff_m_trigger_2023=0.00378488	CMS_NPS26009_eff_m_trigger_2023BPix=-1.05949	CMS_NPS26009_lumi_2016=-0.210883	CMS_NPS26009_lumi_2017=-1.56106	CMS_NPS26009_lumi_2018=-5.00774	CMS_NPS26009_lumi_2022=3.70768	CMS_NPS26009_lumi_2023=-5.7319	CMS_NPS26009_pdf_NNPDF31=-1.40065	CMS_NPS26009_topmass_ttbar_BJetOS=0.338837	CMS_btag_fixedWP_comb_bc_uncorrelated_2016postVFP=-0.476265	CMS_btag_fixedWP_comb_bc_uncorrelated_2016preVFP=0.490708	CMS_btag_fixedWP_comb_bc_uncorrelated_2017=0.0783752	CMS_btag_fixedWP_comb_bc_uncorrelated_2018=-1.35819	CMS_btag_fixedWP_comb_bc_uncorrelated_2022=1.41456	CMS_btag_fixedWP_comb_bc_uncorrelated_2022EE=2.85193	CMS_btag_fixedWP_comb_bc_uncorrelated_2023=0.931548	CMS_btag_fixedWP_comb_bc_uncorrelated_2023BPix=-11.5973	CMS_btag_fixedWP_incl_light_uncorrelated_2016postVFP=0.000403102	CMS_btag_fixedWP_incl_light_uncorrelated_2016preVFP=0.145016	CMS_btag_fixedWP_incl_light_uncorrelated_2017=0.129387	CMS_btag_fixedWP_incl_light_uncorrelated_2018=-0.0669066	CMS_btag_fixedWP_incl_light_uncorrelated_2022=0.122186	CMS_btag_fixedWP_incl_light_uncorrelated_2022EE=0.274865	CMS_btag_fixedWP_incl_light_uncorrelated_2023=-0.00252266	CMS_btag_fixedWP_incl_light_uncorrelated_2023BPix=-0.747038	CMS_l1_prefiring_2016postVFP=0.39765	CMS_l1_prefiring_2016preVFP=-0.481696	CMS_l1_prefiring_2017=0.148351	CMS_l1_prefiring_2018=0.274118	CMS_pileup_13TeV=0.426228	CMS_pileup_13p6TeV=0.300879	CMS_res_j_2016postVFP=-0.0207343	CMS_res_j_2016preVFP=0.00239074	CMS_res_j_2017=-0.244529	CMS_res_j_2018=0.106148	CMS_res_j_2022=-0.0971831	CMS_res_j_2022EE=-0.250793	CMS_res_j_2023=-0.0178866	CMS_res_j_2023BPix=0.697961	CMS_scale_j_2016postVFP=0.118177	CMS_scale_j_2016preVFP=-0.0163804	CMS_scale_j_2017=0.292857	CMS_scale_j_2018=-0.560472	CMS_scale_j_2022=0.365334	CMS_scale_j_2022EE=1.66296	CMS_scale_j_2023=1.67484	CMS_scale_j_2023BPix=-1.90585	CMS_scale_m_13TeV=6.90476	CMS_scale_m_13p6TeV=0.916415	QCDscale_fac_ttbar=-0.15481	QCDscale_ren_ttbar=-0.367419	pdf_alphas=3.06388	r=-2.83012
RooFit::Detail::RooFixedProdPdf::model_s[ ]
     getLogVal() top-level p.d.f not greater than zero @ !servers=(modelObs_s = 0)


 --- MultiDimFit ---
best fit parameter values and profile-likelihood uncertainties: 
   r :   +12.993   -13.175/+7.584 (68%)
Set Range of Parameter r To : (-20,100)
Doing initial fit: 

 --- MultiDimFit ---
best fit parameter values and profile-likelihood uncertainties: 
   r :   +14.963   -8.982/+7.845 (68%)
Set Range of Parameter r To : (-20,100)
Doing initial fit: 

 --- MultiDimFit ---
best fit parameter values and profile-likelihood uncertainties: 
   r :   +11.759   -9.552/+10.084 (68%)
Set Range of Parameter r To : (-20,100)
Doing initial fit: 

 --- MultiDimFit ---
best fit parameter values and profile-likelihood uncertainties: 
   r :    +8.447   -7.672/+7.479 (68%)
Set Range of Parameter r To : (-20,100)
Doing initial fit: 

 --- MultiDimFit ---
best fit parameter values and profile-likelihood uncertainties: 
   r :   +19.145   -9.560/+9.339 (68%)
Set Range of Parameter r To : (-20,100)
Doing initial fit: 

 --- MultiDimFit ---
best fit parameter values and profile-likelihood uncertainties: 
   r :   +12.733   -7.658/+7.295 (68%)
Set Range of Parameter r To : (-20,100)
Doing initial fit: 

 --- MultiDimFit ---
best fit parameter values and profile-likelihood uncertainties: 
   r :   +27.330   -9.436/+10.050 (68%)
Set Range of Parameter r To : (-20,100)
Doing initial fit: 

 --- MultiDimFit ---
best fit parameter values and profile-likelihood uncertainties: 
   r :   +21.826   -8.641/+8.000 (68%)
Set Range of Parameter r To : (-20,100)
Doing initial fit: 

 --- MultiDimFit ---
best fit parameter values and profile-likelihood uncertainties: 
   r :    +8.373   -8.909/+8.155 (68%)
Set Range of Parameter r To : (-20,100)
Doing initial fit: 

 --- MultiDimFit ---
best fit parameter values and profile-likelihood uncertainties: 
   r :   +15.028   -9.235/+8.327 (68%)
Set Range of Parameter r To : (-20,100)
Doing initial fit: 

 --- MultiDimFit ---
best fit parameter values and profile-likelihood uncertainties: 
   r :   +26.094   -9.948/+10.028 (68%)
Set Range of Parameter r To : (-20,100)
Doing initial fit: 

 --- MultiDimFit ---
best fit parameter values and profile-likelihood uncertainties: 
   r :   +27.226   -9.194/+7.806 (68%)
Set Range of Parameter r To : (-20,100)
Doing initial fit: 

 --- MultiDimFit ---
best fit parameter values and profile-likelihood uncertainties: 
   r :    +6.059   -8.459/+7.804 (68%)
Set Range of Parameter r To : (-20,100)
Doing initial fit: 

 --- MultiDimFit ---
best fit parameter values and profile-likelihood uncertainties: 
   r :   +11.491   -9.813/+8.172 (68%)
Set Range of Parameter r To : (-20,100)
Doing initial fit: 

 --- MultiDimFit ---
best fit parameter values and profile-likelihood uncertainties: 
   r :   +12.695   -10.664/+9.086 (68%)
Set Range of Parameter r To : (-20,100)
Doing initial fit: 

 --- MultiDimFit ---
best fit parameter values and profile-likelihood uncertainties: 
   r :    +8.729   -8.568/+7.626 (68%)
Set Range of Parameter r To : (-20,100)
Doing initial fit: 

 --- MultiDimFit ---
best fit parameter values and profile-likelihood uncertainties: 
   r :   +21.491   -8.183/+8.102 (68%)
Set Range of Parameter r To : (-20,100)
Doing initial fit: 

 --- MultiDimFit ---
best fit parameter values and profile-likelihood uncertainties: 
   r :   +14.417   -8.764/+7.123 (68%)
Set Range of Parameter r To : (-20,100)
Doing initial fit: 

 --- MultiDimFit ---
best fit parameter values and profile-likelihood uncertainties: 
   r :   +19.562   -9.666/+10.967 (68%)
Set Range of Parameter r To : (-20,100)
Doing initial fit: 

 --- MultiDimFit ---
best fit parameter values and profile-likelihood uncertainties: 
   r :   +12.079   -7.210/+8.034 (68%)
Set Range of Parameter r To : (-20,100)
Doing initial fit: 

 --- MultiDimFit ---
best fit parameter values and profile-likelihood uncertainties: 
   r :   +18.245   -10.417/+10.234 (68%)
Set Range of Parameter r To : (-20,100)
Doing initial fit: 

 --- MultiDimFit ---
best fit parameter values and profile-likelihood uncertainties: 
   r :   +10.778   -8.338/+7.853 (68%)
Set Range of Parameter r To : (-20,100)
Doing initial fit: 

 --- MultiDimFit ---
best fit parameter values and profile-likelihood uncertainties: 
   r :    +6.001   -10.241/+7.636 (68%)
Set Range of Parameter r To : (-20,100)
Doing initial fit: 

 --- MultiDimFit ---
best fit parameter values and profile-likelihood uncertainties: 
   r :    +3.589   -7.079/+7.483 (68%)
Set Range of Parameter r To : (-20,100)
Doing initial fit: 

 --- MultiDimFit ---
best fit parameter values and profile-likelihood uncertainties: 
   r :   +24.649   -9.472/+8.646 (68%)
Set Range of Parameter r To : (-20,100)
Doing initial fit: 

 --- MultiDimFit ---
best fit parameter values and profile-likelihood uncertainties: 
   r :    -0.659   -9.280/+9.624 (68%)
Set Range of Parameter r To : (-20,100)
Doing initial fit: 

 --- MultiDimFit ---
best fit parameter values and profile-likelihood uncertainties: 
   r :    +9.590   -9.956/+9.659 (68%)
Set Range of Parameter r To : (-20,100)
Doing initial fit: 

 --- MultiDimFit ---
best fit parameter values and profile-likelihood uncertainties: 
   r :   +23.005   -9.525/+10.180 (68%)
Set Range of Parameter r To : (-20,100)
Doing initial fit: 

 --- MultiDimFit ---
best fit parameter values and profile-likelihood uncertainties: 
   r :   +10.547   -8.069/+7.945 (68%)
Set Range of Parameter r To : (-20,100)
Doing initial fit: 

 --- MultiDimFit ---
best fit parameter values and profile-likelihood uncertainties: 
   r :   +13.790   -9.431/+7.682 (68%)
Set Range of Parameter r To : (-20,100)
Doing initial fit: 

 --- MultiDimFit ---
best fit parameter values and profile-likelihood uncertainties: 
   r :   +34.209   -9.589/+10.211 (68%)
Set Range of Parameter r To : (-20,100)
Doing initial fit: 

 --- MultiDimFit ---
best fit parameter values and profile-likelihood uncertainties: 
   r :   +10.194   -8.164/+7.634 (68%)
Set Range of Parameter r To : (-20,100)
Doing initial fit: 

 --- MultiDimFit ---
best fit parameter values and profile-likelihood uncertainties: 
   r :   +19.948   -8.597/+7.858 (68%)
Set Range of Parameter r To : (-20,100)
Doing initial fit: 

 --- MultiDimFit ---
best fit parameter values and profile-likelihood uncertainties: 
   r :   +25.681   -7.194/+7.019 (68%)
Set Range of Parameter r To : (-20,100)
Doing initial fit: 

 --- MultiDimFit ---
best fit parameter values and profile-likelihood uncertainties: 
   r :    +9.578   -8.829/+7.788 (68%)
Set Range of Parameter r To : (-20,100)
Doing initial fit: 

 --- MultiDimFit ---
best fit parameter values and profile-likelihood uncertainties: 
   r :    +3.813   -9.354/+9.225 (68%)
Set Range of Parameter r To : (-20,100)
Doing initial fit: 

 --- MultiDimFit ---
best fit parameter values and profile-likelihood uncertainties: 
   r :   +31.691   -9.331/+8.133 (68%)
Set Range of Parameter r To : (-20,100)
Doing initial fit: 

 --- MultiDimFit ---
best fit parameter values and profile-likelihood uncertainties: 
   r :   +24.478   -8.538/+8.095 (68%)
Set Range of Parameter r To : (-20,100)
Doing initial fit: 

 --- MultiDimFit ---
best fit parameter values and profile-likelihood uncertainties: 
   r :   +19.389   -10.474/+9.798 (68%)
Set Range of Parameter r To : (-20,100)
Doing initial fit: 

 --- MultiDimFit ---
best fit parameter values and profile-likelihood uncertainties: 
   r :    +1.034   -8.961/+7.533 (68%)
Set Range of Parameter r To : (-20,100)
Doing initial fit: 

 --- MultiDimFit ---
best fit parameter values and profile-likelihood uncertainties: 
   r :   +14.720   -9.421/+9.033 (68%)
Set Range of Parameter r To : (-20,100)
Doing initial fit: 

 --- MultiDimFit ---
best fit parameter values and profile-likelihood uncertainties: 
   r :   +12.495   -8.553/+7.835 (68%)
Set Range of Parameter r To : (-20,100)
Doing initial fit: 

 --- MultiDimFit ---
best fit parameter values and profile-likelihood uncertainties: 
   r :   +24.519   -9.504/+8.736 (68%)
Set Range of Parameter r To : (-20,100)
Doing initial fit: 

 --- MultiDimFit ---
best fit parameter values and profile-likelihood uncertainties: 
   r :   +22.129   -12.450/+7.809 (68%)
Set Range of Parameter r To : (-20,100)
Doing initial fit: 

 --- MultiDimFit ---
best fit parameter values and profile-likelihood uncertainties: 
   r :    +7.130   -9.304/+8.884 (68%)
Set Range of Parameter r To : (-20,100)
Doing initial fit: 

 --- MultiDimFit ---
best fit parameter values and profile-likelihood uncertainties: 
   r :   +16.706   -7.338/+6.788 (68%)
Set Range of Parameter r To : (-20,100)
Doing initial fit: 

 --- MultiDimFit ---
best fit parameter values and profile-likelihood uncertainties: 
   r :    +5.969   -8.388/+8.023 (68%)
Set Range of Parameter r To : (-20,100)
Doing initial fit: 

 --- MultiDimFit ---
best fit parameter values and profile-likelihood uncertainties: 
   r :   +22.282   -10.406/+12.051 (68%)
Set Range of Parameter r To : (-20,100)
Doing initial fit: 

 --- MultiDimFit ---
best fit parameter values and profile-likelihood uncertainties: 
   r :   +16.785   -9.740/+9.852 (68%)
Set Range of Parameter r To : (-20,100)
Doing initial fit: 

 --- MultiDimFit ---
best fit parameter values and profile-likelihood uncertainties: 
   r :   +23.630   -9.434/+8.233 (68%)
Set Range of Parameter r To : (-20,100)
Doing initial fit: 

 --- MultiDimFit ---
best fit parameter values and profile-likelihood uncertainties: 
   r :   +16.112   -8.747/+8.019 (68%)
Set Range of Parameter r To : (-20,100)
Doing initial fit: 

 --- MultiDimFit ---
best fit parameter values and profile-likelihood uncertainties: 
   r :   +23.479   -7.105/+7.598 (68%)
Set Range of Parameter r To : (-20,100)
Doing initial fit: 

 --- MultiDimFit ---
best fit parameter values and profile-likelihood uncertainties: 
   r :    +4.818   -8.614/+7.896 (68%)
Set Range of Parameter r To : (-20,100)
Doing initial fit: 

 --- MultiDimFit ---
best fit parameter values and profile-likelihood uncertainties: 
   r :   +15.682   -9.193/+7.761 (68%)
Set Range of Parameter r To : (-20,100)
Doing initial fit: 

 --- MultiDimFit ---
best fit parameter values and profile-likelihood uncertainties: 
   r :    +6.707   -8.562/+7.898 (68%)
Set Range of Parameter r To : (-20,100)
Doing initial fit: 

 --- MultiDimFit ---
best fit parameter values and profile-likelihood uncertainties: 
   r :   +15.479   -7.826/+7.986 (68%)
Set Range of Parameter r To : (-20,100)
Doing initial fit: 

 --- MultiDimFit ---
best fit parameter values and profile-likelihood uncertainties: 
   r :   +18.029   -9.469/+8.333 (68%)
Set Range of Parameter r To : (-20,100)
Doing initial fit: 

 --- MultiDimFit ---
best fit parameter values and profile-likelihood uncertainties: 
   r :    +3.011   -9.462/+8.639 (68%)
Set Range of Parameter r To : (-20,100)
Doing initial fit: 

 --- MultiDimFit ---
best fit parameter values and profile-likelihood uncertainties: 
   r :    +3.961   -9.698/+8.872 (68%)
Set Range of Parameter r To : (-20,100)
Doing initial fit: 

 --- MultiDimFit ---
best fit parameter values and profile-likelihood uncertainties: 
   r :    +4.139   -9.242/+8.492 (68%)
Set Range of Parameter r To : (-20,100)
Doing initial fit: 

 --- MultiDimFit ---
best fit parameter values and profile-likelihood uncertainties: 
   r :   +10.911   -8.181/+7.881 (68%)
Set Range of Parameter r To : (-20,100)
Doing initial fit: 

 --- MultiDimFit ---
best fit parameter values and profile-likelihood uncertainties: 
   r :   +30.320   -9.238/+8.515 (68%)
Set Range of Parameter r To : (-20,100)
Doing initial fit: 

 --- MultiDimFit ---
best fit parameter values and profile-likelihood uncertainties: 
   r :    +8.078   -9.652/+8.867 (68%)
Set Range of Parameter r To : (-20,100)
Doing initial fit: 

 --- MultiDimFit ---
best fit parameter values and profile-likelihood uncertainties: 
   r :    +7.268   -9.213/+9.549 (68%)
Set Range of Parameter r To : (-20,100)
Doing initial fit: 

 --- MultiDimFit ---
best fit parameter values and profile-likelihood uncertainties: 
   r :   +20.227   -9.150/+8.299 (68%)
Set Range of Parameter r To : (-20,100)
Doing initial fit: 

 --- MultiDimFit ---
best fit parameter values and profile-likelihood uncertainties: 
   r :   +28.152   -9.671/+8.339 (68%)
Set Range of Parameter r To : (-20,100)
Doing initial fit: 

 --- MultiDimFit ---
best fit parameter values and profile-likelihood uncertainties: 
   r :    +5.679   -9.501/+10.344 (68%)
Set Range of Parameter r To : (-20,100)
Doing initial fit: 

 --- MultiDimFit ---
best fit parameter values and profile-likelihood uncertainties: 
   r :    +9.785   -9.522/+11.219 (68%)
Set Range of Parameter r To : (-20,100)
Doing initial fit: 

 --- MultiDimFit ---
best fit parameter values and profile-likelihood uncertainties: 
   r :   +14.062   -9.475/+8.187 (68%)
Set Range of Parameter r To : (-20,100)
Doing initial fit: 

 --- MultiDimFit ---
best fit parameter values and profile-likelihood uncertainties: 
   r :   +14.590   -9.354/+9.362 (68%)
Set Range of Parameter r To : (-20,100)
Doing initial fit: 

 --- MultiDimFit ---
best fit parameter values and profile-likelihood uncertainties: 
   r :   +14.977   -7.190/+8.339 (68%)
Set Range of Parameter r To : (-20,100)
Doing initial fit: 

 --- MultiDimFit ---
best fit parameter values and profile-likelihood uncertainties: 
   r :   +17.025   -9.725/+9.628 (68%)
Set Range of Parameter r To : (-20,100)
Doing initial fit: 

 --- MultiDimFit ---
best fit parameter values and profile-likelihood uncertainties: 
   r :   +39.246   -10.145/+9.555 (68%)
Set Range of Parameter r To : (-20,100)
Doing initial fit: 

 --- MultiDimFit ---
best fit parameter values and profile-likelihood uncertainties: 
   r :   +11.065   -10.160/+9.879 (68%)
Set Range of Parameter r To : (-20,100)
Doing initial fit: 

 --- MultiDimFit ---
best fit parameter values and profile-likelihood uncertainties: 
   r :   +14.912   -11.184/+8.484 (68%)
Set Range of Parameter r To : (-20,100)
Doing initial fit: 

 --- MultiDimFit ---
best fit parameter values and profile-likelihood uncertainties: 
   r :   +17.263   -8.522/+7.874 (68%)
Set Range of Parameter r To : (-20,100)
Doing initial fit: 

 --- MultiDimFit ---
best fit parameter values and profile-likelihood uncertainties: 
   r :    -1.497   -10.079/+9.544 (68%)
Set Range of Parameter r To : (-20,100)
Doing initial fit: 

 --- MultiDimFit ---
best fit parameter values and profile-likelihood uncertainties: 
   r :   +19.843   -9.637/+10.214 (68%)
Set Range of Parameter r To : (-20,100)
Doing initial fit: 

 --- MultiDimFit ---
best fit parameter values and profile-likelihood uncertainties: 
   r :   +27.392   -10.121/+9.042 (68%)
Set Range of Parameter r To : (-20,100)
Doing initial fit: 

 --- MultiDimFit ---
best fit parameter values and profile-likelihood uncertainties: 
   r :   +10.620   -7.589/+7.655 (68%)
Set Range of Parameter r To : (-20,100)
Doing initial fit: 

 --- MultiDimFit ---
best fit parameter values and profile-likelihood uncertainties: 
   r :   +15.872   -9.491/+9.626 (68%)
Set Range of Parameter r To : (-20,100)
Doing initial fit: 

 --- MultiDimFit ---
best fit parameter values and profile-likelihood uncertainties: 
   r :   +26.812   -8.924/+7.988 (68%)
Set Range of Parameter r To : (-20,100)
Doing initial fit: 

 --- MultiDimFit ---
best fit parameter values and profile-likelihood uncertainties: 
   r :    +7.801   -9.797/+7.768 (68%)
Set Range of Parameter r To : (-20,100)
Doing initial fit: 

 --- MultiDimFit ---
best fit parameter values and profile-likelihood uncertainties: 
   r :    +8.825   -8.519/+7.733 (68%)
Set Range of Parameter r To : (-20,100)
Doing initial fit: 

 --- MultiDimFit ---
best fit parameter values and profile-likelihood uncertainties: 
   r :   +26.371   -7.672/+8.072 (68%)
Set Range of Parameter r To : (-20,100)
Doing initial fit: 

 --- MultiDimFit ---
best fit parameter values and profile-likelihood uncertainties: 
   r :   +12.762   -9.961/+10.422 (68%)
Set Range of Parameter r To : (-20,100)
Doing initial fit: 

 --- MultiDimFit ---
best fit parameter values and profile-likelihood uncertainties: 
   r :   +17.987   -9.807/+10.204 (68%)
Set Range of Parameter r To : (-20,100)
Doing initial fit: 

 --- MultiDimFit ---
best fit parameter values and profile-likelihood uncertainties: 
   r :    -1.712   -9.760/+9.827 (68%)
Set Range of Parameter r To : (-20,100)
Doing initial fit: 

 --- MultiDimFit ---
best fit parameter values and profile-likelihood uncertainties: 
   r :    +0.787   -8.619/+7.375 (68%)
Set Range of Parameter r To : (-20,100)
Doing initial fit: 

 --- MultiDimFit ---
best fit parameter values and profile-likelihood uncertainties: 
   r :   +24.232   -9.908/+8.060 (68%)
Set Range of Parameter r To : (-20,100)
Doing initial fit: 

 --- MultiDimFit ---
best fit parameter values and profile-likelihood uncertainties: 
   r :   +11.885   -7.140/+7.925 (68%)
Set Range of Parameter r To : (-20,100)
Doing initial fit: 

 --- MultiDimFit ---
best fit parameter values and profile-likelihood uncertainties: 
   r :   +11.824   -7.762/+7.990 (68%)
Set Range of Parameter r To : (-20,100)
Doing initial fit: 

 --- MultiDimFit ---
best fit parameter values and profile-likelihood uncertainties: 
   r :    +9.769   -10.049/+9.569 (68%)
Set Range of Parameter r To : (-20,100)
Doing initial fit: 

 --- MultiDimFit ---
best fit parameter values and profile-likelihood uncertainties: 
   r :   +10.195   -9.482/+9.418 (68%)
Set Range of Parameter r To : (-20,100)
Doing initial fit: 

 --- MultiDimFit ---
best fit parameter values and profile-likelihood uncertainties: 
   r :   +12.849   -9.566/+10.528 (68%)
Set Range of Parameter r To : (-20,100)
Doing initial fit: 

 --- MultiDimFit ---
best fit parameter values and profile-likelihood uncertainties: 
   r :    +0.910   -10.686/+8.918 (68%)
Set Range of Parameter r To : (-20,100)
Doing initial fit: 

 --- MultiDimFit ---
best fit parameter values and profile-likelihood uncertainties: 
   r :   +15.337   -8.534/+7.915 (68%)
Set Range of Parameter r To : (-20,100)
Doing initial fit: 

 --- MultiDimFit ---
best fit parameter values and profile-likelihood uncertainties: 
   r :   +26.162   -9.362/+8.274 (68%)
Set Range of Parameter r To : (-20,100)
Doing initial fit: 

 --- MultiDimFit ---
best fit parameter values and profile-likelihood uncertainties: 
   r :   +37.627   -9.883/+8.028 (68%)
Set Range of Parameter r To : (-20,100)
Doing initial fit: 

 --- MultiDimFit ---
best fit parameter values and profile-likelihood uncertainties: 
   r :   +20.979   -9.726/+9.130 (68%)
Set Range of Parameter r To : (-20,100)
Doing initial fit: 

 --- MultiDimFit ---
best fit parameter values and profile-likelihood uncertainties: 
   r :    +1.611   -8.454/+7.811 (68%)
Set Range of Parameter r To : (-20,100)
Doing initial fit: 

 --- MultiDimFit ---
best fit parameter values and profile-likelihood uncertainties: 
   r :   +16.787   -10.459/+7.885 (68%)
Set Range of Parameter r To : (-20,100)
Doing initial fit: 

 --- MultiDimFit ---
best fit parameter values and profile-likelihood uncertainties: 
   r :    +5.888   -7.845/+7.801 (68%)
Set Range of Parameter r To : (-20,100)
Doing initial fit: 

 --- MultiDimFit ---
best fit parameter values and profile-likelihood uncertainties: 
   r :   +14.574   -8.991/+7.921 (68%)
Set Range of Parameter r To : (-20,100)
Doing initial fit: 

 --- MultiDimFit ---
best fit parameter values and profile-likelihood uncertainties: 
   r :    +6.205   -7.424/+8.053 (68%)
Set Range of Parameter r To : (-20,100)
Doing initial fit: 

 --- MultiDimFit ---
best fit parameter values and profile-likelihood uncertainties: 
   r :   +32.506   -9.877/+8.020 (68%)
Set Range of Parameter r To : (-20,100)
Doing initial fit: 

 --- MultiDimFit ---
best fit parameter values and profile-likelihood uncertainties: 
   r :   +16.485   -7.518/+7.877 (68%)
Set Range of Parameter r To : (-20,100)
Doing initial fit: 

 --- MultiDimFit ---
best fit parameter values and profile-likelihood uncertainties: 
   r :   +12.581   -9.175/+8.635 (68%)
Set Range of Parameter r To : (-20,100)
Doing initial fit: 

 --- MultiDimFit ---
best fit parameter values and profile-likelihood uncertainties: 
   r :    +6.815   -10.213/+9.726 (68%)
Set Range of Parameter r To : (-20,100)
Doing initial fit: 

 --- MultiDimFit ---
best fit parameter values and profile-likelihood uncertainties: 
   r :   +10.521   -9.368/+9.009 (68%)
Set Range of Parameter r To : (-20,100)
Doing initial fit: 

 --- MultiDimFit ---
best fit parameter values and profile-likelihood uncertainties: 
   r :   +29.990   -7.709/+8.245 (68%)
Set Range of Parameter r To : (-20,100)
Doing initial fit: 

 --- MultiDimFit ---
best fit parameter values and profile-likelihood uncertainties: 
   r :    +8.982   -8.571/+7.945 (68%)
Set Range of Parameter r To : (-20,100)
Doing initial fit: 

 --- MultiDimFit ---
best fit parameter values and profile-likelihood uncertainties: 
   r :   +14.977   -8.842/+8.027 (68%)
Set Range of Parameter r To : (-20,100)
Doing initial fit: 

 --- MultiDimFit ---
best fit parameter values and profile-likelihood uncertainties: 
   r :   +18.444   -7.743/+7.966 (68%)
Set Range of Parameter r To : (-20,100)
Doing initial fit: 

 --- MultiDimFit ---
best fit parameter values and profile-likelihood uncertainties: 
   r :   +14.908   -8.380/+7.938 (68%)
Set Range of Parameter r To : (-20,100)
Doing initial fit: 

 --- MultiDimFit ---
best fit parameter values and profile-likelihood uncertainties: 
   r :    +5.587   -10.409/+9.823 (68%)
Set Range of Parameter r To : (-20,100)
Doing initial fit: 

 --- MultiDimFit ---
best fit parameter values and profile-likelihood uncertainties: 
   r :    +2.423   -9.030/+7.676 (68%)
Set Range of Parameter r To : (-20,100)
Doing initial fit: 

 --- MultiDimFit ---
best fit parameter values and profile-likelihood uncertainties: 
   r :   +10.225   -9.635/+10.323 (68%)
Set Range of Parameter r To : (-20,100)
Doing initial fit: 

 --- MultiDimFit ---
best fit parameter values and profile-likelihood uncertainties: 
   r :   +26.656   -9.474/+8.419 (68%)
Set Range of Parameter r To : (-20,100)
Doing initial fit: 

 --- MultiDimFit ---
best fit parameter values and profile-likelihood uncertainties: 
   r :   +26.346   -8.953/+8.122 (68%)
Set Range of Parameter r To : (-20,100)
Doing initial fit: 

 --- MultiDimFit ---
best fit parameter values and profile-likelihood uncertainties: 
   r :   +16.721   -11.965/+7.494 (68%)
Set Range of Parameter r To : (-20,100)
Doing initial fit: 

 --- MultiDimFit ---
best fit parameter values and profile-likelihood uncertainties: 
   r :   +11.942   -6.670/+7.055 (68%)
Set Range of Parameter r To : (-20,100)
Doing initial fit: 

 --- MultiDimFit ---
best fit parameter values and profile-likelihood uncertainties: 
   r :   +23.733   -7.863/+7.556 (68%)
Set Range of Parameter r To : (-20,100)
Doing initial fit: 

 --- MultiDimFit ---
best fit parameter values and profile-likelihood uncertainties: 
   r :   +13.454   -9.466/+7.598 (68%)
Set Range of Parameter r To : (-20,100)
Doing initial fit: 

 

 ---------------------------

 WARNING: MultiDimFit failed

 ---------------------------

 
Set Range of Parameter r To : (-20,100)
Doing initial fit: 

 --- MultiDimFit ---
best fit parameter values and profile-likelihood uncertainties: 
   r :    +0.359   -10.093/+10.249 (68%)
Set Range of Parameter r To : (-20,100)
Doing initial fit: 

 --- MultiDimFit ---
best fit parameter values and profile-likelihood uncertainties: 
   r :   +19.359   -8.071/+7.922 (68%)
Set Range of Parameter r To : (-20,100)
Doing initial fit: 

 --- MultiDimFit ---
best fit parameter values and profile-likelihood uncertainties: 
   r :   +29.045   -9.261/+8.454 (68%)
Set Range of Parameter r To : (-20,100)
Doing initial fit: 

 --- MultiDimFit ---
best fit parameter values and profile-likelihood uncertainties: 
   r :   +18.225   -10.272/+9.792 (68%)
Set Range of Parameter r To : (-20,100)
Doing initial fit: 

 --- MultiDimFit ---
best fit parameter values and profile-likelihood uncertainties: 
   r :    +7.363   -7.947/+7.707 (68%)
Set Range of Parameter r To : (-20,100)
Doing initial fit: 

 --- MultiDimFit ---
best fit parameter values and profile-likelihood uncertainties: 
   r :   +23.721   -11.134/+7.763 (68%)
Set Range of Parameter r To : (-20,100)
Doing initial fit: 

 --- MultiDimFit ---
best fit parameter values and profile-likelihood uncertainties: 
   r :   +13.165   -8.637/+7.756 (68%)
Set Range of Parameter r To : (-20,100)
Doing initial fit: 

 --- MultiDimFit ---
best fit parameter values and profile-likelihood uncertainties: 
   r :   +19.632   -7.157/+7.553 (68%)
Set Range of Parameter r To : (-20,100)
Doing initial fit: 

 --- MultiDimFit ---
best fit parameter values and profile-likelihood uncertainties: 
   r :   +26.189   -7.505/+7.906 (68%)
Set Range of Parameter r To : (-20,100)
Doing initial fit: 

 --- MultiDimFit ---
best fit parameter values and profile-likelihood uncertainties: 
   r :   +29.246   -9.524/+7.703 (68%)
Set Range of Parameter r To : (-20,100)
Doing initial fit: 

 --- MultiDimFit ---
best fit parameter values and profile-likelihood uncertainties: 
   r :   +14.577   -6.816/+7.212 (68%)
Set Range of Parameter r To : (-20,100)
Doing initial fit: 

 --- MultiDimFit ---
best fit parameter values and profile-likelihood uncertainties: 
   r :   +13.807   -9.684/+9.404 (68%)
Set Range of Parameter r To : (-20,100)
Doing initial fit: 

 --- MultiDimFit ---
best fit parameter values and profile-likelihood uncertainties: 
   r :   +14.581   -8.014/+7.960 (68%)
Set Range of Parameter r To : (-20,100)
Doing initial fit: 

 --- MultiDimFit ---
best fit parameter values and profile-likelihood uncertainties: 
   r :   +16.567   -9.336/+8.944 (68%)
Set Range of Parameter r To : (-20,100)
Doing initial fit: 

 --- MultiDimFit ---
best fit parameter values and profile-likelihood uncertainties: 
   r :   +20.962   -9.747/+9.054 (68%)
Set Range of Parameter r To : (-20,100)
Doing initial fit: 

 --- MultiDimFit ---
best fit parameter values and profile-likelihood uncertainties: 
   r :   +27.161   -7.281/+7.539 (68%)
Set Range of Parameter r To : (-20,100)
Doing initial fit: 

 --- MultiDimFit ---
best fit parameter values and profile-likelihood uncertainties: 
   r :   +21.581   -9.146/+8.147 (68%)
Set Range of Parameter r To : (-20,100)
Doing initial fit: 

 --- MultiDimFit ---
best fit parameter values and profile-likelihood uncertainties: 
   r :   +18.889   -8.516/+7.241 (68%)
Set Range of Parameter r To : (-20,100)
Doing initial fit: 

 --- MultiDimFit ---
best fit parameter values and profile-likelihood uncertainties: 
   r :   +13.680   -8.508/+7.793 (68%)
Set Range of Parameter r To : (-20,100)
Doing initial fit: 

 --- MultiDimFit ---
best fit parameter values and profile-likelihood uncertainties: 
   r :   +27.522   -9.895/+10.841 (68%)
Set Range of Parameter r To : (-20,100)
Doing initial fit: 

 --- MultiDimFit ---
best fit parameter values and profile-likelihood uncertainties: 
   r :   +25.060   -9.358/+7.773 (68%)
Set Range of Parameter r To : (-20,100)
Doing initial fit: 

 --- MultiDimFit ---
best fit parameter values and profile-likelihood uncertainties: 
   r :   +12.624   -14.085/+6.788 (68%)
Set Range of Parameter r To : (-20,100)
Doing initial fit: 

 --- MultiDimFit ---
best fit parameter values and profile-likelihood uncertainties: 
   r :   +11.995   -9.072/+8.265 (68%)
Set Range of Parameter r To : (-20,100)
Doing initial fit: 

 --- MultiDimFit ---
best fit parameter values and profile-likelihood uncertainties: 
   r :   +25.598   -9.281/+8.415 (68%)
Set Range of Parameter r To : (-20,100)
Doing initial fit: 

 --- MultiDimFit ---
best fit parameter values and profile-likelihood uncertainties: 
   r :   +18.513   -9.514/+8.972 (68%)
Set Range of Parameter r To : (-20,100)
Doing initial fit: 

 --- MultiDimFit ---
best fit parameter values and profile-likelihood uncertainties: 
   r :   +14.918   -10.258/+10.202 (68%)
Set Range of Parameter r To : (-20,100)
Doing initial fit: 

 --- MultiDimFit ---
best fit parameter values and profile-likelihood uncertainties: 
   r :   +16.742   -9.227/+7.841 (68%)
Set Range of Parameter r To : (-20,100)
Doing initial fit: 

 --- MultiDimFit ---
best fit parameter values and profile-likelihood uncertainties: 
   r :   +10.901   -8.647/+8.046 (68%)
Set Range of Parameter r To : (-20,100)
Doing initial fit: 

 --- MultiDimFit ---
best fit parameter values and profile-likelihood uncertainties: 
   r :    -0.171   -9.979/+10.204 (68%)
Set Range of Parameter r To : (-20,100)
Doing initial fit: 

 --- MultiDimFit ---
best fit parameter values and profile-likelihood uncertainties: 
   r :   +16.087   -9.661/+8.242 (68%)
Set Range of Parameter r To : (-20,100)
Doing initial fit: 

 --- MultiDimFit ---
best fit parameter values and profile-likelihood uncertainties: 
   r :   +24.264   -10.747/+9.883 (68%)
Set Range of Parameter r To : (-20,100)
Doing initial fit: 

 --- MultiDimFit ---
best fit parameter values and profile-likelihood uncertainties: 
   r :    +2.890   -8.571/+7.838 (68%)
Set Range of Parameter r To : (-20,100)
Doing initial fit: 

 --- MultiDimFit ---
best fit parameter values and profile-likelihood uncertainties: 
   r :   +19.031   -9.244/+8.503 (68%)
Set Range of Parameter r To : (-20,100)
Doing initial fit: 

 --- MultiDimFit ---
best fit parameter values and profile-likelihood uncertainties: 
   r :   +18.886   -8.533/+7.450 (68%)
Set Range of Parameter r To : (-20,100)
Doing initial fit: 

 --- MultiDimFit ---
best fit parameter values and profile-likelihood uncertainties: 
   r :   +28.219   -9.852/+9.891 (68%)
Set Range of Parameter r To : (-20,100)
Doing initial fit: 

 --- MultiDimFit ---
best fit parameter values and profile-likelihood uncertainties: 
   r :   +12.251   -10.222/+10.060 (68%)
Set Range of Parameter r To : (-20,100)
Doing initial fit: 

 --- MultiDimFit ---
best fit parameter values and profile-likelihood uncertainties: 
   r :   +15.805   -8.176/+7.724 (68%)
Set Range of Parameter r To : (-20,100)
Doing initial fit: 

 --- MultiDimFit ---
best fit parameter values and profile-likelihood uncertainties: 
   r :   +24.794   -9.359/+9.258 (68%)
Set Range of Parameter r To : (-20,100)
Doing initial fit: 

 --- MultiDimFit ---
best fit parameter values and profile-likelihood uncertainties: 
   r :    +8.907   -9.165/+7.827 (68%)
Set Range of Parameter r To : (-20,100)
Doing initial fit: 

 --- MultiDimFit ---
best fit parameter values and profile-likelihood uncertainties: 
   r :    -1.820   -9.514/+9.478 (68%)
Set Range of Parameter r To : (-20,100)
Doing initial fit: 

 --- MultiDimFit ---
best fit parameter values and profile-likelihood uncertainties: 
   r :   +20.000   -9.773/+9.139 (68%)
Set Range of Parameter r To : (-20,100)
Doing initial fit: 

 --- MultiDimFit ---
best fit parameter values and profile-likelihood uncertainties: 
   r :    +7.561   -8.737/+7.969 (68%)
Set Range of Parameter r To : (-20,100)
Doing initial fit: 

 --- MultiDimFit ---
best fit parameter values and profile-likelihood uncertainties: 
   r :   +12.369   -8.235/+7.273 (68%)
Set Range of Parameter r To : (-20,100)
Doing initial fit: 

 --- MultiDimFit ---
best fit parameter values and profile-likelihood uncertainties: 
   r :   +14.805   -6.845/+8.094 (68%)
Set Range of Parameter r To : (-20,100)
Doing initial fit: 

 --- MultiDimFit ---
best fit parameter values and profile-likelihood uncertainties: 
   r :   +10.892   -9.017/+8.238 (68%)
Set Range of Parameter r To : (-20,100)
Doing initial fit: 

 --- MultiDimFit ---
best fit parameter values and profile-likelihood uncertainties: 
   r :   +11.654   -9.567/+10.307 (68%)
Set Range of Parameter r To : (-20,100)
Doing initial fit: 

 --- MultiDimFit ---
best fit parameter values and profile-likelihood uncertainties: 
   r :   +12.939   -9.140/+8.713 (68%)
Set Range of Parameter r To : (-20,100)
Doing initial fit: 

 --- MultiDimFit ---
best fit parameter values and profile-likelihood uncertainties: 
   r :   +11.528   -9.453/+7.908 (68%)
Set Range of Parameter r To : (-20,100)
Doing initial fit: 

 --- MultiDimFit ---
best fit parameter values and profile-likelihood uncertainties: 
   r :   +18.931   -9.729/+10.679 (68%)
Set Range of Parameter r To : (-20,100)
Doing initial fit: 

 --- MultiDimFit ---
best fit parameter values and profile-likelihood uncertainties: 
   r :   +14.809   -8.573/+7.998 (68%)
Set Range of Parameter r To : (-20,100)
Doing initial fit: 

 --- MultiDimFit ---
best fit parameter values and profile-likelihood uncertainties: 
   r :   +14.893   -8.861/+7.976 (68%)
Set Range of Parameter r To : (-20,100)
Doing initial fit: 

 --- MultiDimFit ---
best fit parameter values and profile-likelihood uncertainties: 
   r :   +28.536   -8.185/+8.168 (68%)
Set Range of Parameter r To : (-20,100)
Doing initial fit: 

 --- MultiDimFit ---
best fit parameter values and profile-likelihood uncertainties: 
   r :    +3.941   -9.578/+9.231 (68%)
Set Range of Parameter r To : (-20,100)
Doing initial fit: 

 --- MultiDimFit ---
best fit parameter values and profile-likelihood uncertainties: 
   r :    +8.595   -9.823/+7.833 (68%)
Set Range of Parameter r To : (-20,100)
Doing initial fit: 

 --- MultiDimFit ---
best fit parameter values and profile-likelihood uncertainties: 
   r :   +16.048   -9.874/+8.541 (68%)
Set Range of Parameter r To : (-20,100)
Doing initial fit: 

 --- MultiDimFit ---
best fit parameter values and profile-likelihood uncertainties: 
   r :   +23.748   -10.201/+9.680 (68%)
Set Range of Parameter r To : (-20,100)
Doing initial fit: 

 --- MultiDimFit ---
best fit parameter values and profile-likelihood uncertainties: 
   r :   +21.488   -10.315/+10.123 (68%)
Set Range of Parameter r To : (-20,100)
Doing initial fit: 

 

 ---------------------------

 WARNING: MultiDimFit failed

 ---------------------------

 
Set Range of Parameter r To : (-20,100)
Doing initial fit: 

 --- MultiDimFit ---
best fit parameter values and profile-likelihood uncertainties: 
   r :   +17.386   -8.182/+7.866 (68%)
Set Range of Parameter r To : (-20,100)
Doing initial fit: 

 --- MultiDimFit ---
best fit parameter values and profile-likelihood uncertainties: 
   r :   +13.315   -10.160/+9.546 (68%)
Set Range of Parameter r To : (-20,100)
Doing initial fit: 

 --- MultiDimFit ---
best fit parameter values and profile-likelihood uncertainties: 
   r :    +4.317   -8.108/+8.077 (68%)
Set Range of Parameter r To : (-20,100)
Doing initial fit: 

 --- MultiDimFit ---
best fit parameter values and profile-likelihood uncertainties: 
   r :   +26.965   -10.046/+10.728 (68%)
Set Range of Parameter r To : (-20,100)
Doing initial fit: 

 --- MultiDimFit ---
best fit parameter values and profile-likelihood uncertainties: 
   r :   +13.279   -10.609/+9.611 (68%)
Set Range of Parameter r To : (-20,100)
Doing initial fit: 

 --- MultiDimFit ---
best fit parameter values and profile-likelihood uncertainties: 
   r :   +29.159   -9.707/+8.433 (68%)
Set Range of Parameter r To : (-20,100)
Doing initial fit: 

 --- MultiDimFit ---
best fit parameter values and profile-likelihood uncertainties: 
   r :   +14.159   -10.366/+9.410 (68%)
Set Range of Parameter r To : (-20,100)
Doing initial fit: 

 --- MultiDimFit ---
best fit parameter values and profile-likelihood uncertainties: 
   r :   +36.555   -9.251/+8.146 (68%)
Set Range of Parameter r To : (-20,100)
Doing initial fit: 

 --- MultiDimFit ---
best fit parameter values and profile-likelihood uncertainties: 
   r :    +5.468   -7.724/+8.043 (68%)
Set Range of Parameter r To : (-20,100)
Doing initial fit: 

 --- MultiDimFit ---
best fit parameter values and profile-likelihood uncertainties: 
   r :    +8.401   -9.354/+8.512 (68%)
Set Range of Parameter r To : (-20,100)
Doing initial fit: 

 --- MultiDimFit ---
best fit parameter values and profile-likelihood uncertainties: 
   r :   +16.666   -9.401/+10.212 (68%)
Set Range of Parameter r To : (-20,100)
Doing initial fit: 

 --- MultiDimFit ---
best fit parameter values and profile-likelihood uncertainties: 
   r :   +24.350   -9.955/+9.955 (68%)
Set Range of Parameter r To : (-20,100)
Doing initial fit: 

 --- MultiDimFit ---
best fit parameter values and profile-likelihood uncertainties: 
   r :   +11.909   -9.470/+9.967 (68%)
Set Range of Parameter r To : (-20,100)
Doing initial fit: 

 --- MultiDimFit ---
best fit parameter values and profile-likelihood uncertainties: 
   r :   +18.063   -9.223/+8.273 (68%)
Set Range of Parameter r To : (-20,100)
Doing initial fit: 

 --- MultiDimFit ---
best fit parameter values and profile-likelihood uncertainties: 
   r :    +5.756   -9.723/+10.198 (68%)
Set Range of Parameter r To : (-20,100)
Doing initial fit: 

 --- MultiDimFit ---
best fit parameter values and profile-likelihood uncertainties: 
   r :   +13.330   -9.832/+9.524 (68%)
Set Range of Parameter r To : (-20,100)
Doing initial fit: 

 

 ---------------------------

 WARNING: MultiDimFit failed

 ---------------------------

 
Set Range of Parameter r To : (-20,100)
Doing initial fit: 

 --- MultiDimFit ---
best fit parameter values and profile-likelihood uncertainties: 
   r :   +13.957   -8.275/+7.702 (68%)
Set Range of Parameter r To : (-20,100)
Doing initial fit: 

 --- MultiDimFit ---
best fit parameter values and profile-likelihood uncertainties: 
   r :    +3.133   -9.298/+8.059 (68%)
Set Range of Parameter r To : (-20,100)
Doing initial fit: 

 --- MultiDimFit ---
best fit parameter values and profile-likelihood uncertainties: 
   r :   +11.105   -8.801/+7.998 (68%)
Set Range of Parameter r To : (-20,100)
Doing initial fit: 

 --- MultiDimFit ---
best fit parameter values and profile-likelihood uncertainties: 
   r :   +16.168   -9.091/+9.033 (68%)
Set Range of Parameter r To : (-20,100)
Doing initial fit: 

 --- MultiDimFit ---
best fit parameter values and profile-likelihood uncertainties: 
   r :   +15.299   -9.401/+8.411 (68%)
Set Range of Parameter r To : (-20,100)
Doing initial fit: 

 --- MultiDimFit ---
best fit parameter values and profile-likelihood uncertainties: 
   r :   +19.994   -10.085/+9.281 (68%)
Set Range of Parameter r To : (-20,100)
Doing initial fit: 

 --- MultiDimFit ---
best fit parameter values and profile-likelihood uncertainties: 
   r :   +11.332   -7.667/+7.912 (68%)
Set Range of Parameter r To : (-20,100)
Doing initial fit: 

 --- MultiDimFit ---
best fit parameter values and profile-likelihood uncertainties: 
   r :   +10.415   -9.465/+8.056 (68%)
Set Range of Parameter r To : (-20,100)
Doing initial fit: 

 --- MultiDimFit ---
best fit parameter values and profile-likelihood uncertainties: 
   r :   +23.179   -9.437/+9.480 (68%)
Set Range of Parameter r To : (-20,100)
Doing initial fit: 

 --- MultiDimFit ---
best fit parameter values and profile-likelihood uncertainties: 
   r :   +20.778   -8.271/+7.609 (68%)
Set Range of Parameter r To : (-20,100)
Doing initial fit: 

 --- MultiDimFit ---
best fit parameter values and profile-likelihood uncertainties: 
   r :   +25.953   -9.685/+10.589 (68%)
Set Range of Parameter r To : (-20,100)
Doing initial fit: 

 --- MultiDimFit ---
best fit parameter values and profile-likelihood uncertainties: 
   r :   +23.558   -9.311/+8.988 (68%)
Set Range of Parameter r To : (-20,100)
Doing initial fit: 

 --- MultiDimFit ---
best fit parameter values and profile-likelihood uncertainties: 
   r :   +29.642   -11.430/+7.737 (68%)
Set Range of Parameter r To : (-20,100)
Doing initial fit: 

 --- MultiDimFit ---
best fit parameter values and profile-likelihood uncertainties: 
   r :    -3.803   -9.968/+10.138 (68%)
Set Range of Parameter r To : (-20,100)
Doing initial fit: 

 --- MultiDimFit ---
best fit parameter values and profile-likelihood uncertainties: 
   r :   +18.924   -9.391/+8.683 (68%)
Set Range of Parameter r To : (-20,100)
Doing initial fit: 

 --- MultiDimFit ---
best fit parameter values and profile-likelihood uncertainties: 
   r :   +10.168   -9.466/+10.301 (68%)
Set Range of Parameter r To : (-20,100)
Doing initial fit: 

 --- MultiDimFit ---
best fit parameter values and profile-likelihood uncertainties: 
   r :   +27.366   -9.512/+10.506 (68%)
Set Range of Parameter r To : (-20,100)
Doing initial fit: 

 --- MultiDimFit ---
best fit parameter values and profile-likelihood uncertainties: 
   r :   +10.557   -9.768/+9.464 (68%)
Set Range of Parameter r To : (-20,100)
Doing initial fit: 

 --- MultiDimFit ---
best fit parameter values and profile-likelihood uncertainties: 
   r :   +15.263   -9.689/+10.281 (68%)
Set Range of Parameter r To : (-20,100)
Doing initial fit: 

 --- MultiDimFit ---
best fit parameter values and profile-likelihood uncertainties: 
   r :   +31.839   -8.657/+8.075 (68%)
Set Range of Parameter r To : (-20,100)
Doing initial fit: 

 --- MultiDimFit ---
best fit parameter values and profile-likelihood uncertainties: 
   r :    +1.058   -8.652/+7.830 (68%)
Set Range of Parameter r To : (-20,100)
Doing initial fit: 

 --- MultiDimFit ---
best fit parameter values and profile-likelihood uncertainties: 
   r :    +8.581   -9.202/+8.264 (68%)
Set Range of Parameter r To : (-20,100)
Doing initial fit: 

 --- MultiDimFit ---
best fit parameter values and profile-likelihood uncertainties: 
   r :   +18.518   -9.207/+9.164 (68%)
Set Range of Parameter r To : (-20,100)
Doing initial fit: 

 --- MultiDimFit ---
best fit parameter values and profile-likelihood uncertainties: 
   r :   +22.739   -9.679/+8.922 (68%)
Set Range of Parameter r To : (-20,100)
Doing initial fit: 

 --- MultiDimFit ---
best fit parameter values and profile-likelihood uncertainties: 
   r :   +14.608   -10.294/+10.278 (68%)
Set Range of Parameter r To : (-20,100)
Doing initial fit: 

 --- MultiDimFit ---
best fit parameter values and profile-likelihood uncertainties: 
   r :   +17.648   -8.927/+8.039 (68%)
Set Range of Parameter r To : (-20,100)
Doing initial fit: 

 --- MultiDimFit ---
best fit parameter values and profile-likelihood uncertainties: 
   r :   +17.941   -11.657/+7.745 (68%)
Set Range of Parameter r To : (-20,100)
Doing initial fit: 

 --- MultiDimFit ---
best fit parameter values and profile-likelihood uncertainties: 
   r :    +3.542   -9.541/+8.238 (68%)
Set Range of Parameter r To : (-20,100)
Doing initial fit: 

 --- MultiDimFit ---
best fit parameter values and profile-likelihood uncertainties: 
   r :   +30.503   -7.187/+7.731 (68%)
Set Range of Parameter r To : (-20,100)
Doing initial fit: 

 --- MultiDimFit ---
best fit parameter values and profile-likelihood uncertainties: 
   r :   +31.786   -9.919/+9.737 (68%)
Set Range of Parameter r To : (-20,100)
Doing initial fit: 

 --- MultiDimFit ---
best fit parameter values and profile-likelihood uncertainties: 
   r :    +2.084   -10.724/+8.947 (68%)
Set Range of Parameter r To : (-20,100)
Doing initial fit: 

 --- MultiDimFit ---
best fit parameter values and profile-likelihood uncertainties: 
   r :   +12.345   -10.176/+9.909 (68%)
Set Range of Parameter r To : (-20,100)
Doing initial fit: 

 --- MultiDimFit ---
best fit parameter values and profile-likelihood uncertainties: 
   r :    +2.008   -9.386/+9.391 (68%)
Set Range of Parameter r To : (-20,100)
Doing initial fit: 

 --- MultiDimFit ---
best fit parameter values and profile-likelihood uncertainties: 
   r :   +21.531   -8.064/+7.795 (68%)
Set Range of Parameter r To : (-20,100)
Doing initial fit: 

 --- MultiDimFit ---
best fit parameter values and profile-likelihood uncertainties: 
   r :   +16.702   -6.869/+8.443 (68%)
Set Range of Parameter r To : (-20,100)
Doing initial fit: 

 --- MultiDimFit ---
best fit parameter values and profile-likelihood uncertainties: 
   r :    +4.915   -8.575/+7.810 (68%)
Set Range of Parameter r To : (-20,100)
Doing initial fit: 

 --- MultiDimFit ---
best fit parameter values and profile-likelihood uncertainties: 
   r :   +12.548   -9.563/+10.831 (68%)
Set Range of Parameter r To : (-20,100)
Doing initial fit: 

 --- MultiDimFit ---
best fit parameter values and profile-likelihood uncertainties: 
   r :   +20.005   -8.310/+7.937 (68%)
Set Range of Parameter r To : (-20,100)
Doing initial fit: 

 --- MultiDimFit ---
best fit parameter values and profile-likelihood uncertainties: 
   r :   +16.680   -8.958/+7.848 (68%)
Set Range of Parameter r To : (-20,100)
Doing initial fit: 

 --- MultiDimFit ---
best fit parameter values and profile-likelihood uncertainties: 
   r :   +10.601   -9.678/+8.314 (68%)
Set Range of Parameter r To : (-20,100)
Doing initial fit: 

 --- MultiDimFit ---
best fit parameter values and profile-likelihood uncertainties: 
   r :   +25.583   -8.490/+7.918 (68%)
Set Range of Parameter r To : (-20,100)
Doing initial fit: 

 --- MultiDimFit ---
best fit parameter values and profile-likelihood uncertainties: 
   r :    +7.465   -8.230/+7.971 (68%)
Set Range of Parameter r To : (-20,100)
Doing initial fit: 

 --- MultiDimFit ---
best fit parameter values and profile-likelihood uncertainties: 
   r :   +32.601   -9.739/+10.149 (68%)
Set Range of Parameter r To : (-20,100)
Doing initial fit: 

 --- MultiDimFit ---
best fit parameter values and profile-likelihood uncertainties: 
   r :   +20.643   -12.065/+7.660 (68%)
Set Range of Parameter r To : (-20,100)
Doing initial fit: 

 --- MultiDimFit ---
best fit parameter values and profile-likelihood uncertainties: 
   r :   +39.629   -9.838/+8.175 (68%)
Set Range of Parameter r To : (-20,100)
Doing initial fit: 

 --- MultiDimFit ---
best fit parameter values and profile-likelihood uncertainties: 
   r :   +15.473   -7.991/+7.409 (68%)
Set Range of Parameter r To : (-20,100)
Doing initial fit: 

 --- MultiDimFit ---
best fit parameter values and profile-likelihood uncertainties: 
   r :   +19.464   -9.407/+9.059 (68%)
Set Range of Parameter r To : (-20,100)
Doing initial fit: 

 --- MultiDimFit ---
best fit parameter values and profile-likelihood uncertainties: 
   r :   +26.508   -9.161/+8.136 (68%)
Set Range of Parameter r To : (-20,100)
Doing initial fit: 
RooAbsMinimizerFcn: Minimized function has error status.
Returning maximum FCN so far (176.764) to force MIGRAD to back out of this region. Error log follows.
Parameter values: 	CMS_NPS26009_LightJetStat_DY_BJetOS_2016postVFP=-0.449799	CMS_NPS26009_LightJetStat_DY_BJetOS_2016preVFP=-0.116451	CMS_NPS26009_LightJetStat_DY_BJetOS_2017=-1.73186	CMS_NPS26009_LightJetStat_DY_BJetOS_2018=-1.29109	CMS_NPS26009_LightJetStat_DY_BJetOS_2022=-0.516111	CMS_NPS26009_LightJetStat_DY_BJetOS_2022EE=-1.61192	CMS_NPS26009_LightJetStat_DY_BJetOS_2023=-1.32022	CMS_NPS26009_LightJetStat_DY_BJetOS_2023BPix=-1.48856	CMS_NPS26009_MCstat_other_BJetOS_2016postVFP=-1.20457	CMS_NPS26009_MCstat_other_BJetOS_2016preVFP=0.0181752	CMS_NPS26009_MCstat_other_BJetOS_2017=-0.277312	CMS_NPS26009_MCstat_other_BJetOS_2018=-0.269108	CMS_NPS26009_MCstat_other_BJetOS_2022=-0.193032	CMS_NPS26009_MCstat_other_BJetOS_2022EE=-0.35163	CMS_NPS26009_MCstat_other_BJetOS_2023=-0.114677	CMS_NPS26009_MCstat_other_BJetOS_2023BPix=-0.172867	CMS_NPS26009_MCstat_signal_BJetOS_2016postVFP=-0.186487	CMS_NPS26009_MCstat_signal_BJetOS_2016preVFP=-0.49558	CMS_NPS26009_MCstat_signal_BJetOS_2017=-0.834653	CMS_NPS26009_MCstat_signal_BJetOS_2018=-1.80329	CMS_NPS26009_MCstat_signal_BJetOS_2022=-0.051696	CMS_NPS26009_MCstat_signal_BJetOS_2022EE=-1.13295	CMS_NPS26009_MCstat_signal_BJetOS_2023=-1.37817	CMS_NPS26009_MCstat_signal_BJetOS_2023BPix=-1.20156	CMS_NPS26009_MCstat_singleTop_BJetOS_2016postVFP=-0.0984821	CMS_NPS26009_MCstat_singleTop_BJetOS_2016preVFP=-0.0022566	CMS_NPS26009_MCstat_singleTop_BJetOS_2017=-0.43473	CMS_NPS26009_MCstat_singleTop_BJetOS_2018=-0.352689	CMS_NPS26009_MCstat_singleTop_BJetOS_2022=-0.33592	CMS_NPS26009_MCstat_singleTop_BJetOS_2022EE=-0.850417	CMS_NPS26009_MCstat_singleTop_BJetOS_2023=-0.221311	CMS_NPS26009_MCstat_singleTop_BJetOS_2023BPix=-0.0324225	CMS_NPS26009_MCstat_ttbar_BJetOS_2016postVFP=-0.58899	CMS_NPS26009_MCstat_ttbar_BJetOS_2016preVFP=0.0380038	CMS_NPS26009_MCstat_ttbar_BJetOS_2017=-1.54587	CMS_NPS26009_MCstat_ttbar_BJetOS_2018=-0.854879	CMS_NPS26009_MCstat_ttbar_BJetOS_2022=-1.20169	CMS_NPS26009_MCstat_ttbar_BJetOS_2022EE=-1.80502	CMS_NPS26009_MCstat_ttbar_BJetOS_2023=0.468504	CMS_NPS26009_MCstat_ttbar_BJetOS_2023BPix=1.61568	CMS_NPS26009_NFModel_DY_BJetOS_13TeV=-26.8938	CMS_NPS26009_NFModel_DY_BJetOS_13p6TeV=-17.8485	CMS_NPS26009_NFStat_DY_BJetOS_2016postVFP=0.131705	CMS_NPS26009_NFStat_DY_BJetOS_2016preVFP=0.148969	CMS_NPS26009_NFStat_DY_BJetOS_2017=0.131882	CMS_NPS26009_NFStat_DY_BJetOS_2018=0.11202	CMS_NPS26009_NFStat_DY_BJetOS_2022=0.100311	CMS_NPS26009_NFStat_DY_BJetOS_2022EE=0.0486325	CMS_NPS26009_NFStat_DY_BJetOS_2023=0.106788	CMS_NPS26009_NFStat_DY_BJetOS_2023BPix=0.108405	CMS_NPS26009_QCDscale_fac_singleTop=-0.132718	CMS_NPS26009_QCDscale_ren_singleTop=1.61073	CMS_NPS26009_bckgNorm_QCD_BJetOS_2016postVFP=-0.00137054	CMS_NPS26009_bckgNorm_QCD_BJetOS_2016preVFP=-0.265269	CMS_NPS26009_bckgNorm_QCD_BJetOS_2017=-1.51802	CMS_NPS26009_bckgNorm_QCD_BJetOS_2018=-1.10106	CMS_NPS26009_bckgNorm_QCD_BJetOS_2022=-0.215629	CMS_NPS26009_bckgNorm_QCD_BJetOS_2022EE=-0.217189	CMS_NPS26009_bckgNorm_QCD_BJetOS_2023=-0.694413	CMS_NPS26009_bckgNorm_QCD_BJetOS_2023BPix=0.0262083	CMS_NPS26009_bckgShape_QCD_BJetOS_2016postVFP=0.136839	CMS_NPS26009_bckgShape_QCD_BJetOS_2016preVFP=-20.7613	CMS_NPS26009_bckgShape_QCD_BJetOS_2017=96.15	CMS_NPS26009_bckgShape_QCD_BJetOS_2018=142.387	CMS_NPS26009_bckgShape_QCD_BJetOS_2022=0.284077	CMS_NPS26009_bckgShape_QCD_BJetOS_2022EE=-29.1137	CMS_NPS26009_bckgShape_QCD_BJetOS_2023=24.8043	CMS_NPS26009_bckgShape_QCD_BJetOS_2023BPix=8.05458	CMS_NPS26009_btag_fixedWP_comb_bc_correlated_13TeV=-7.69183	CMS_NPS26009_btag_fixedWP_comb_bc_correlated_13p6TeV=-6.85818	CMS_NPS26009_btag_fixedWP_incl_light_correlated_13TeV=-1.20712	CMS_NPS26009_btag_fixedWP_incl_light_correlated_13p6TeV=-0.437021	CMS_NPS26009_eff_m_id_Run2=-0.636092	CMS_NPS26009_eff_m_id_Run3=-0.602703	CMS_NPS26009_eff_m_trigger_2016postVFP=-0.114879	CMS_NPS26009_eff_m_trigger_2016preVFP=-0.168775	CMS_NPS26009_eff_m_trigger_2017=-0.448217	CMS_NPS26009_eff_m_trigger_2018=-0.477652	CMS_NPS26009_eff_m_trigger_2022=-0.132618	CMS_NPS26009_eff_m_trigger_2022EE=-0.317049	CMS_NPS26009_eff_m_trigger_2023=-0.157909	CMS_NPS26009_eff_m_trigger_2023BPix=-0.096483	CMS_NPS26009_lumi_2016=-1.22138	CMS_NPS26009_lumi_2017=-5.75271	CMS_NPS26009_lumi_2018=-7.38481	CMS_NPS26009_lumi_2022=-3.90692	CMS_NPS26009_lumi_2023=-1.25446	CMS_NPS26009_pdf_NNPDF31=-4.547	CMS_NPS26009_topmass_ttbar_BJetOS=-11.4891	CMS_btag_fixedWP_comb_bc_uncorrelated_2016postVFP=-0.632943	CMS_btag_fixedWP_comb_bc_uncorrelated_2016preVFP=-0.507167	CMS_btag_fixedWP_comb_bc_uncorrelated_2017=-4.2034	CMS_btag_fixedWP_comb_bc_uncorrelated_2018=-2.63224	CMS_btag_fixedWP_comb_bc_uncorrelated_2022=-0.988622	CMS_btag_fixedWP_comb_bc_uncorrelated_2022EE=-2.66238	CMS_btag_fixedWP_comb_bc_uncorrelated_2023=-1.60897	CMS_btag_fixedWP_comb_bc_uncorrelated_2023BPix=-0.62293	CMS_btag_fixedWP_incl_light_uncorrelated_2016postVFP=-0.116705	CMS_btag_fixedWP_incl_light_uncorrelated_2016preVFP=-0.0100266	CMS_btag_fixedWP_incl_light_uncorrelated_2017=-0.32706	CMS_btag_fixedWP_incl_light_uncorrelated_2018=-0.275633	CMS_btag_fixedWP_incl_light_uncorrelated_2022=-0.0658285	CMS_btag_fixedWP_incl_light_uncorrelated_2022EE=-0.249407	CMS_btag_fixedWP_incl_light_uncorrelated_2023=0.0160631	CMS_btag_fixedWP_incl_light_uncorrelated_2023BPix=0.0738393	CMS_l1_prefiring_2016postVFP=0.559444	CMS_l1_prefiring_2016preVFP=0.406385	CMS_l1_prefiring_2017=1.78173	CMS_l1_prefiring_2018=0.492404	CMS_pileup_13TeV=0.051652	CMS_pileup_13p6TeV=0.200439	CMS_res_j_2016postVFP=-0.0197356	CMS_res_j_2016preVFP=0.00277273	CMS_res_j_2017=0.116245	CMS_res_j_2018=-0.0135226	CMS_res_j_2022=0.0377426	CMS_res_j_2022EE=0.100818	CMS_res_j_2023=0.0543104	CMS_res_j_2023BPix=-0.0983307	CMS_scale_j_2016postVFP=-0.143727	CMS_scale_j_2016preVFP=-0.110831	CMS_scale_j_2017=-1.0812	CMS_scale_j_2018=-1.29561	CMS_scale_j_2022=-0.343078	CMS_scale_j_2022EE=-1.43649	CMS_scale_j_2023=-0.0917865	CMS_scale_j_2023BPix=0.21344	CMS_scale_m_13TeV=-0.326906	CMS_scale_m_13p6TeV=0.0376257	QCDscale_fac_ttbar=-0.943756	QCDscale_ren_ttbar=41.7537	pdf_alphas=-11.2481	r=-3.72875
RooFit::Detail::RooFixedProdPdf::model_s[ ]
     getLogVal() top-level p.d.f not greater than zero @ !servers=(modelObs_s = 0)


 --- MultiDimFit ---
best fit parameter values and profile-likelihood uncertainties: 
   r :   +13.441   -15.392/+7.407 (68%)
Set Range of Parameter r To : (-20,100)
Doing initial fit: 

 --- MultiDimFit ---
best fit parameter values and profile-likelihood uncertainties: 
   r :    +7.191   -9.293/+8.895 (68%)
Set Range of Parameter r To : (-20,100)
Doing initial fit: 

 --- MultiDimFit ---
best fit parameter values and profile-likelihood uncertainties: 
   r :   +13.416   -8.159/+7.859 (68%)
Set Range of Parameter r To : (-20,100)
Doing initial fit: 

 --- MultiDimFit ---
best fit parameter values and profile-likelihood uncertainties: 
   r :   +17.691   -8.117/+7.518 (68%)
Set Range of Parameter r To : (-20,100)
Doing initial fit: 

 --- MultiDimFit ---
best fit parameter values and profile-likelihood uncertainties: 
   r :   +17.272   -10.640/+11.880 (68%)
Set Range of Parameter r To : (-20,100)
Doing initial fit: 

 --- MultiDimFit ---
best fit parameter values and profile-likelihood uncertainties: 
   r :   +13.188   -9.285/+8.605 (68%)
Set Range of Parameter r To : (-20,100)
Doing initial fit: 

 --- MultiDimFit ---
best fit parameter values and profile-likelihood uncertainties: 
   r :   +16.577   -8.491/+7.893 (68%)
Set Range of Parameter r To : (-20,100)
Doing initial fit: 

 --- MultiDimFit ---
best fit parameter values and profile-likelihood uncertainties: 
   r :   +17.326   -9.455/+9.046 (68%)
Set Range of Parameter r To : (-20,100)
Doing initial fit: 

 --- MultiDimFit ---
best fit parameter values and profile-likelihood uncertainties: 
   r :   +14.817   -9.440/+11.734 (68%)
Set Range of Parameter r To : (-20,100)
Doing initial fit: 

 --- MultiDimFit ---
best fit parameter values and profile-likelihood uncertainties: 
   r :   +28.375   -10.113/+12.393 (68%)
Set Range of Parameter r To : (-20,100)
Doing initial fit: 

 --- MultiDimFit ---
best fit parameter values and profile-likelihood uncertainties: 
   r :   +16.028   -8.854/+8.067 (68%)
Set Range of Parameter r To : (-20,100)
Doing initial fit: 

 --- MultiDimFit ---
best fit parameter values and profile-likelihood uncertainties: 
   r :    +1.821   -7.780/+7.120 (68%)
Set Range of Parameter r To : (-20,100)
Doing initial fit: 

 --- MultiDimFit ---
best fit parameter values and profile-likelihood uncertainties: 
   r :   +11.519   -9.832/+10.181 (68%)
Set Range of Parameter r To : (-20,100)
Doing initial fit: 

 --- MultiDimFit ---
best fit parameter values and profile-likelihood uncertainties: 
   r :   +15.065   -11.434/+7.709 (68%)
Set Range of Parameter r To : (-20,100)
Doing initial fit: 

 --- MultiDimFit ---
best fit parameter values and profile-likelihood uncertainties: 
   r :   +12.678   -9.869/+10.695 (68%)
Set Range of Parameter r To : (-20,100)
Doing initial fit: 

 --- MultiDimFit ---
best fit parameter values and profile-likelihood uncertainties: 
   r :   +14.505   -7.614/+7.308 (68%)
Set Range of Parameter r To : (-20,100)
Doing initial fit: 

 

 ---------------------------

 WARNING: MultiDimFit failed

 ---------------------------

 
Set Range of Parameter r To : (-20,100)
Doing initial fit: 

 --- MultiDimFit ---
best fit parameter values and profile-likelihood uncertainties: 
   r :    +3.223   -9.201/+7.738 (68%)
Set Range of Parameter r To : (-20,100)
Doing initial fit: 

 --- MultiDimFit ---
best fit parameter values and profile-likelihood uncertainties: 
   r :   +10.035   -7.655/+7.801 (68%)
Set Range of Parameter r To : (-20,100)
Doing initial fit: 

 --- MultiDimFit ---
best fit parameter values and profile-likelihood uncertainties: 
   r :   +18.796   -9.947/+9.945 (68%)
Set Range of Parameter r To : (-20,100)
Doing initial fit: 

 --- MultiDimFit ---
best fit parameter values and profile-likelihood uncertainties: 
   r :   +25.271   -8.216/+7.259 (68%)
Set Range of Parameter r To : (-20,100)
Doing initial fit: 

 --- MultiDimFit ---
best fit parameter values and profile-likelihood uncertainties: 
   r :   +27.409   -7.157/+7.421 (68%)
Set Range of Parameter r To : (-20,100)
Doing initial fit: 

 

 ---------------------------

 WARNING: MultiDimFit failed

 ---------------------------

 
Set Range of Parameter r To : (-20,100)
Doing initial fit: 

 --- MultiDimFit ---
best fit parameter values and profile-likelihood uncertainties: 
   r :   +11.342   -12.093/+7.427 (68%)
Set Range of Parameter r To : (-20,100)
Doing initial fit: 

 --- MultiDimFit ---
best fit parameter values and profile-likelihood uncertainties: 
   r :   +23.186   -9.248/+8.402 (68%)
Set Range of Parameter r To : (-20,100)
Doing initial fit: 

 --- MultiDimFit ---
best fit parameter values and profile-likelihood uncertainties: 
   r :   +15.044   -9.013/+8.102 (68%)
Set Range of Parameter r To : (-20,100)
Doing initial fit: 

 --- MultiDimFit ---
best fit parameter values and profile-likelihood uncertainties: 
   r :   +26.553   -9.930/+10.054 (68%)
Set Range of Parameter r To : (-20,100)
Doing initial fit: 

 --- MultiDimFit ---
best fit parameter values and profile-likelihood uncertainties: 
   r :   +10.309   -9.792/+9.669 (68%)
Set Range of Parameter r To : (-20,100)
Doing initial fit: 

 

 ---------------------------

 WARNING: MultiDimFit failed

 ---------------------------

 
Set Range of Parameter r To : (-20,100)
Doing initial fit: 

 --- MultiDimFit ---
best fit parameter values and profile-likelihood uncertainties: 
   r :    -5.220   -9.450/+9.238 (68%)
Set Range of Parameter r To : (-20,100)
Doing initial fit: 

 --- MultiDimFit ---
best fit parameter values and profile-likelihood uncertainties: 
   r :   +19.163   -9.576/+10.018 (68%)
Set Range of Parameter r To : (-20,100)
Doing initial fit: 

 --- MultiDimFit ---
best fit parameter values and profile-likelihood uncertainties: 
   r :   +11.238   -9.535/+9.530 (68%)
Set Range of Parameter r To : (-20,100)
Doing initial fit: 

 --- MultiDimFit ---
best fit parameter values and profile-likelihood uncertainties: 
   r :    +4.257   -10.184/+10.285 (68%)
Set Range of Parameter r To : (-20,100)
Doing initial fit: 

 --- MultiDimFit ---
best fit parameter values and profile-likelihood uncertainties: 
   r :   +19.897   -9.166/+8.098 (68%)
Set Range of Parameter r To : (-20,100)
Doing initial fit: 

 --- MultiDimFit ---
best fit parameter values and profile-likelihood uncertainties: 
   r :   +16.977   -8.275/+7.987 (68%)
Set Range of Parameter r To : (-20,100)
Doing initial fit: 

 --- MultiDimFit ---
best fit parameter values and profile-likelihood uncertainties: 
   r :   +17.778   -7.582/+6.814 (68%)
Set Range of Parameter r To : (-20,100)
Doing initial fit: 

 --- MultiDimFit ---
best fit parameter values and profile-likelihood uncertainties: 
   r :   +28.575   -8.384/+7.983 (68%)
Set Range of Parameter r To : (-20,100)
Doing initial fit: 

 --- MultiDimFit ---
best fit parameter values and profile-likelihood uncertainties: 
   r :   +14.482   -9.549/+9.972 (68%)
Set Range of Parameter r To : (-20,100)
Doing initial fit: 

 --- MultiDimFit ---
best fit parameter values and profile-likelihood uncertainties: 
   r :    -2.902   -6.972/+7.579 (68%)
Set Range of Parameter r To : (-20,100)
Doing initial fit: 

 --- MultiDimFit ---
best fit parameter values and profile-likelihood uncertainties: 
   r :   +29.995   -7.600/+7.998 (68%)
Set Range of Parameter r To : (-20,100)
Doing initial fit: 

 --- MultiDimFit ---
best fit parameter values and profile-likelihood uncertainties: 
   r :   +15.706   -7.723/+7.852 (68%)
Set Range of Parameter r To : (-20,100)
Doing initial fit: 

 --- MultiDimFit ---
best fit parameter values and profile-likelihood uncertainties: 
   r :   +20.082   -7.176/+7.965 (68%)
Set Range of Parameter r To : (-20,100)
Doing initial fit: 

 --- MultiDimFit ---
best fit parameter values and profile-likelihood uncertainties: 
   r :   +14.854   -9.791/+9.305 (68%)
Set Range of Parameter r To : (-20,100)
Doing initial fit: 

 --- MultiDimFit ---
best fit parameter values and profile-likelihood uncertainties: 
   r :    +3.950   -9.155/+8.883 (68%)
Set Range of Parameter r To : (-20,100)
Doing initial fit: 

 --- MultiDimFit ---
best fit parameter values and profile-likelihood uncertainties: 
   r :    +6.146   -8.009/+7.850 (68%)
Set Range of Parameter r To : (-20,100)
Doing initial fit: 

 --- MultiDimFit ---
best fit parameter values and profile-likelihood uncertainties: 
   r :   +18.650   -9.482/+11.562 (68%)
Set Range of Parameter r To : (-20,100)
Doing initial fit: 

 --- MultiDimFit ---
best fit parameter values and profile-likelihood uncertainties: 
   r :   +20.287   -8.170/+7.721 (68%)
Set Range of Parameter r To : (-20,100)
Doing initial fit: 

 --- MultiDimFit ---
best fit parameter values and profile-likelihood uncertainties: 
   r :    +2.477   -9.775/+9.405 (68%)
Set Range of Parameter r To : (-20,100)
Doing initial fit: 

 --- MultiDimFit ---
best fit parameter values and profile-likelihood uncertainties: 
   r :    +7.079   -9.368/+9.306 (68%)
Set Range of Parameter r To : (-20,100)
Doing initial fit: 

 --- MultiDimFit ---
best fit parameter values and profile-likelihood uncertainties: 
   r :   +19.771   -9.447/+9.516 (68%)
Set Range of Parameter r To : (-20,100)
Doing initial fit: 

 --- MultiDimFit ---
best fit parameter values and profile-likelihood uncertainties: 
   r :   +17.823   -9.587/+8.577 (68%)
Set Range of Parameter r To : (-20,100)
Doing initial fit: 

 --- MultiDimFit ---
best fit parameter values and profile-likelihood uncertainties: 
   r :   +22.243   -7.412/+6.834 (68%)
Set Range of Parameter r To : (-20,100)
Doing initial fit: 

 --- MultiDimFit ---
best fit parameter values and profile-likelihood uncertainties: 
   r :   +16.037   -8.452/+7.630 (68%)
Set Range of Parameter r To : (-20,100)
Doing initial fit: 

 --- MultiDimFit ---
best fit parameter values and profile-likelihood uncertainties: 
   r :   +15.170   -7.980/+7.903 (68%)
Set Range of Parameter r To : (-20,100)
Doing initial fit: 

 --- MultiDimFit ---
best fit parameter values and profile-likelihood uncertainties: 
   r :   +22.233   -8.503/+8.044 (68%)
Set Range of Parameter r To : (-20,100)
Doing initial fit: 

 --- MultiDimFit ---
best fit parameter values and profile-likelihood uncertainties: 
   r :    +8.719   -10.584/+9.590 (68%)
Set Range of Parameter r To : (-20,100)
Doing initial fit: 

 --- MultiDimFit ---
best fit parameter values and profile-likelihood uncertainties: 
   r :   +15.426   -8.245/+7.849 (68%)
Set Range of Parameter r To : (-20,100)
Doing initial fit: 

 --- MultiDimFit ---
best fit parameter values and profile-likelihood uncertainties: 
   r :   +11.985   -10.365/+8.307 (68%)
Set Range of Parameter r To : (-20,100)
Doing initial fit: 

 --- MultiDimFit ---
best fit parameter values and profile-likelihood uncertainties: 
   r :   +23.851   -9.505/+7.932 (68%)
Set Range of Parameter r To : (-20,100)
Doing initial fit: 

 --- MultiDimFit ---
best fit parameter values and profile-likelihood uncertainties: 
   r :   +15.941   -8.663/+8.001 (68%)
Set Range of Parameter r To : (-20,100)
Doing initial fit: 

 --- MultiDimFit ---
best fit parameter values and profile-likelihood uncertainties: 
   r :   +17.432   -9.062/+8.025 (68%)
Set Range of Parameter r To : (-20,100)
Doing initial fit: 

 --- MultiDimFit ---
best fit parameter values and profile-likelihood uncertainties: 
   r :    +2.285   -10.679/+7.789 (68%)
Set Range of Parameter r To : (-20,100)
Doing initial fit: 

 --- MultiDimFit ---
best fit parameter values and profile-likelihood uncertainties: 
   r :   +14.320   -7.247/+8.239 (68%)
Set Range of Parameter r To : (-20,100)
Doing initial fit: 

 --- MultiDimFit ---
best fit parameter values and profile-likelihood uncertainties: 
   r :   +14.120   -9.145/+8.184 (68%)
Set Range of Parameter r To : (-20,100)
Doing initial fit: 

 --- MultiDimFit ---
best fit parameter values and profile-likelihood uncertainties: 
   r :   +19.768   -10.458/+8.215 (68%)
Set Range of Parameter r To : (-20,100)
Doing initial fit: 

 --- MultiDimFit ---
best fit parameter values and profile-likelihood uncertainties: 
   r :   +12.210   -8.175/+7.949 (68%)
Set Range of Parameter r To : (-20,100)
Doing initial fit: 

 --- MultiDimFit ---
best fit parameter values and profile-likelihood uncertainties: 
   r :   +28.787   -8.857/+8.126 (68%)
Set Range of Parameter r To : (-20,100)
Doing initial fit: 

 --- MultiDimFit ---
best fit parameter values and profile-likelihood uncertainties: 
   r :   +17.309   -9.716/+9.129 (68%)
Set Range of Parameter r To : (-20,100)
Doing initial fit: 

 --- MultiDimFit ---
best fit parameter values and profile-likelihood uncertainties: 
   r :   +31.173   -10.297/+9.971 (68%)
Set Range of Parameter r To : (-20,100)
Doing initial fit: 

 --- MultiDimFit ---
best fit parameter values and profile-likelihood uncertainties: 
   r :   +27.775   -9.280/+8.719 (68%)
Set Range of Parameter r To : (-20,100)
Doing initial fit: 

 --- MultiDimFit ---
best fit parameter values and profile-likelihood uncertainties: 
   r :   +23.447   -9.515/+10.794 (68%)
Set Range of Parameter r To : (-20,100)
Doing initial fit: 

 --- MultiDimFit ---
best fit parameter values and profile-likelihood uncertainties: 
   r :    +8.227   -10.230/+9.799 (68%)
Set Range of Parameter r To : (-20,100)
Doing initial fit: 

 --- MultiDimFit ---
best fit parameter values and profile-likelihood uncertainties: 
   r :    +3.986   -9.358/+10.052 (68%)
Set Range of Parameter r To : (-20,100)
Doing initial fit: 

 --- MultiDimFit ---
best fit parameter values and profile-likelihood uncertainties: 
   r :   +21.915   -9.775/+10.712 (68%)
Set Range of Parameter r To : (-20,100)
Doing initial fit: 

 --- MultiDimFit ---
best fit parameter values and profile-likelihood uncertainties: 
   r :   +14.229   -9.226/+9.507 (68%)
Set Range of Parameter r To : (-20,100)
Doing initial fit: 

 --- MultiDimFit ---
best fit parameter values and profile-likelihood uncertainties: 
   r :   +29.024   -9.140/+7.177 (68%)
Set Range of Parameter r To : (-20,100)
Doing initial fit: 

 --- MultiDimFit ---
best fit parameter values and profile-likelihood uncertainties: 
   r :   +15.641   -6.689/+7.580 (68%)
Set Range of Parameter r To : (-20,100)
Doing initial fit: 

 --- MultiDimFit ---
best fit parameter values and profile-likelihood uncertainties: 
   r :   +11.833   -10.450/+11.531 (68%)
Set Range of Parameter r To : (-20,100)
Doing initial fit: 

 --- MultiDimFit ---
best fit parameter values and profile-likelihood uncertainties: 
   r :   +12.525   -8.394/+7.945 (68%)
Set Range of Parameter r To : (-20,100)
Doing initial fit: 

 --- MultiDimFit ---
best fit parameter values and profile-likelihood uncertainties: 
   r :   +10.657   -10.068/+9.809 (68%)
Set Range of Parameter r To : (-20,100)
Doing initial fit: 

 --- MultiDimFit ---
best fit parameter values and profile-likelihood uncertainties: 
   r :   +25.183   -10.373/+10.416 (68%)
Set Range of Parameter r To : (-20,100)
Doing initial fit: 

 --- MultiDimFit ---
best fit parameter values and profile-likelihood uncertainties: 
   r :   +15.058   -9.871/+9.310 (68%)
Set Range of Parameter r To : (-20,100)
Doing initial fit: 

 --- MultiDimFit ---
best fit parameter values and profile-likelihood uncertainties: 
   r :   +29.705   -8.730/+8.146 (68%)
Set Range of Parameter r To : (-20,100)
Doing initial fit: 

 --- MultiDimFit ---
best fit parameter values and profile-likelihood uncertainties: 
   r :   +18.420   -7.277/+8.151 (68%)
Set Range of Parameter r To : (-20,100)
Doing initial fit: 

 --- MultiDimFit ---
best fit parameter values and profile-likelihood uncertainties: 
   r :   +23.845   -8.401/+7.996 (68%)
Set Range of Parameter r To : (-20,100)
Doing initial fit: 

 --- MultiDimFit ---
best fit parameter values and profile-likelihood uncertainties: 
   r :    +9.345   -9.225/+8.086 (68%)
Set Range of Parameter r To : (-20,100)
Doing initial fit: 

 --- MultiDimFit ---
best fit parameter values and profile-likelihood uncertainties: 
   r :   +13.733   -10.128/+10.134 (68%)
Set Range of Parameter r To : (-20,100)
Doing initial fit: 

 --- MultiDimFit ---
best fit parameter values and profile-likelihood uncertainties: 
   r :    +7.049   -9.169/+8.302 (68%)
Set Range of Parameter r To : (-20,100)
Doing initial fit: 

 --- MultiDimFit ---
best fit parameter values and profile-likelihood uncertainties: 
   r :   +24.762   -9.755/+10.028 (68%)
Set Range of Parameter r To : (-20,100)
Doing initial fit: 

 --- MultiDimFit ---
best fit parameter values and profile-likelihood uncertainties: 
   r :    +7.264   -11.593/+8.017 (68%)
Set Range of Parameter r To : (-20,100)
Doing initial fit: 

 --- MultiDimFit ---
best fit parameter values and profile-likelihood uncertainties: 
   r :   +13.943   -8.865/+8.033 (68%)
Set Range of Parameter r To : (-20,100)
Doing initial fit: 

 

 ---------------------------

 WARNING: MultiDimFit failed

 ---------------------------

 
Set Range of Parameter r To : (-20,100)
Doing initial fit: 

 --- MultiDimFit ---
best fit parameter values and profile-likelihood uncertainties: 
   r :   +15.989   -7.174/+7.548 (68%)
Set Range of Parameter r To : (-20,100)
Doing initial fit: 

 --- MultiDimFit ---
best fit parameter values and profile-likelihood uncertainties: 
   r :   +16.822   -9.781/+10.475 (68%)
Set Range of Parameter r To : (-20,100)
Doing initial fit: 

 --- MultiDimFit ---
best fit parameter values and profile-likelihood uncertainties: 
   r :    +1.233   -8.777/+8.009 (68%)
Set Range of Parameter r To : (-20,100)
Doing initial fit: 

 --- MultiDimFit ---
best fit parameter values and profile-likelihood uncertainties: 
   r :   +23.543   -10.648/+9.638 (68%)
Set Range of Parameter r To : (-20,100)
Doing initial fit: 

 --- MultiDimFit ---
best fit parameter values and profile-likelihood uncertainties: 
   r :    -1.240   -10.556/+8.934 (68%)
Set Range of Parameter r To : (-20,100)
Doing initial fit: 

 --- MultiDimFit ---
best fit parameter values and profile-likelihood uncertainties: 
   r :   +31.389   -9.736/+9.354 (68%)
Set Range of Parameter r To : (-20,100)
Doing initial fit: 

 --- MultiDimFit ---
best fit parameter values and profile-likelihood uncertainties: 
   r :   +16.282   -8.896/+8.019 (68%)
Set Range of Parameter r To : (-20,100)
Doing initial fit: 

 --- MultiDimFit ---
best fit parameter values and profile-likelihood uncertainties: 
   r :   +16.533   -9.007/+8.175 (68%)
Set Range of Parameter r To : (-20,100)
Doing initial fit: 

 --- MultiDimFit ---
best fit parameter values and profile-likelihood uncertainties: 
   r :    -1.579   -9.666/+10.753 (68%)
Set Range of Parameter r To : (-20,100)
Doing initial fit: 

 --- MultiDimFit ---
best fit parameter values and profile-likelihood uncertainties: 
   r :   +17.708   -7.675/+7.769 (68%)
Set Range of Parameter r To : (-20,100)
Doing initial fit: 

 --- MultiDimFit ---
best fit parameter values and profile-likelihood uncertainties: 
   r :    +6.650   -8.781/+7.709 (68%)
Set Range of Parameter r To : (-20,100)
Doing initial fit: 

 --- MultiDimFit ---
best fit parameter values and profile-likelihood uncertainties: 
   r :   +18.219   -9.693/+10.406 (68%)
Set Range of Parameter r To : (-20,100)
Doing initial fit: 

 --- MultiDimFit ---
best fit parameter values and profile-likelihood uncertainties: 
   r :   +13.916   -9.739/+9.637 (68%)
Set Range of Parameter r To : (-20,100)
Doing initial fit: 

 

 ---------------------------

 WARNING: MultiDimFit failed

 ---------------------------

 
Set Range of Parameter r To : (-20,100)
Doing initial fit: 

 --- MultiDimFit ---
best fit parameter values and profile-likelihood uncertainties: 
   r :   +18.214   -8.557/+7.936 (68%)
Set Range of Parameter r To : (-20,100)
Doing initial fit: 

 --- MultiDimFit ---
best fit parameter values and profile-likelihood uncertainties: 
   r :   +19.842   -9.255/+8.333 (68%)
Set Range of Parameter r To : (-20,100)
Doing initial fit: 

 --- MultiDimFit ---
best fit parameter values and profile-likelihood uncertainties: 
   r :    +9.439   -10.294/+10.167 (68%)
Set Range of Parameter r To : (-20,100)
Doing initial fit: 

 --- MultiDimFit ---
best fit parameter values and profile-likelihood uncertainties: 
   r :   +24.097   -7.959/+7.364 (68%)
Set Range of Parameter r To : (-20,100)
Doing initial fit: 

 --- MultiDimFit ---
best fit parameter values and profile-likelihood uncertainties: 
   r :    +8.681   -9.167/+8.546 (68%)
Set Range of Parameter r To : (-20,100)
Doing initial fit: 

 --- MultiDimFit ---
best fit parameter values and profile-likelihood uncertainties: 
   r :   +28.517   -9.762/+9.435 (68%)
Set Range of Parameter r To : (-20,100)
Doing initial fit: 

 --- MultiDimFit ---
best fit parameter values and profile-likelihood uncertainties: 
   r :   +16.094   -8.925/+7.824 (68%)
Set Range of Parameter r To : (-20,100)
Doing initial fit: 

 --- MultiDimFit ---
best fit parameter values and profile-likelihood uncertainties: 
   r :   +34.610   -9.142/+8.217 (68%)
Set Range of Parameter r To : (-20,100)
Doing initial fit: 

 

 ---------------------------

 WARNING: MultiDimFit failed

 ---------------------------

 
Set Range of Parameter r To : (-20,100)
Doing initial fit: 

 --- MultiDimFit ---
best fit parameter values and profile-likelihood uncertainties: 
   r :   +22.406   -10.673/+7.911 (68%)
Set Range of Parameter r To : (-20,100)
Doing initial fit: 

 --- MultiDimFit ---
best fit parameter values and profile-likelihood uncertainties: 
   r :   +17.609   -9.757/+10.219 (68%)
Set Range of Parameter r To : (-20,100)
Doing initial fit: 

 --- MultiDimFit ---
best fit parameter values and profile-likelihood uncertainties: 
   r :   +33.300   -8.449/+7.949 (68%)
Set Range of Parameter r To : (-20,100)
Doing initial fit: 

 --- MultiDimFit ---
best fit parameter values and profile-likelihood uncertainties: 
   r :   +16.143   -9.489/+8.975 (68%)
Set Range of Parameter r To : (-20,100)
Doing initial fit: 

 --- MultiDimFit ---
best fit parameter values and profile-likelihood uncertainties: 
   r :   +27.550   -9.671/+9.496 (68%)
Set Range of Parameter r To : (-20,100)
Doing initial fit: 

 --- MultiDimFit ---
best fit parameter values and profile-likelihood uncertainties: 
   r :   +19.082   -9.196/+8.021 (68%)
Set Range of Parameter r To : (-20,100)
Doing initial fit: 

 --- MultiDimFit ---
best fit parameter values and profile-likelihood uncertainties: 
   r :    +8.535   -6.943/+7.227 (68%)
Set Range of Parameter r To : (-20,100)
Doing initial fit: 

 --- MultiDimFit ---
best fit parameter values and profile-likelihood uncertainties: 
   r :    +0.332   -9.450/+10.191 (68%)
Set Range of Parameter r To : (-20,100)
Doing initial fit: 

 --- MultiDimFit ---
best fit parameter values and profile-likelihood uncertainties: 
   r :   +31.213   -7.748/+7.210 (68%)
Set Range of Parameter r To : (-20,100)
Doing initial fit: 

 --- MultiDimFit ---
best fit parameter values and profile-likelihood uncertainties: 
   r :   +25.928   -9.192/+7.787 (68%)
Set Range of Parameter r To : (-20,100)
Doing initial fit: 

 --- MultiDimFit ---
best fit parameter values and profile-likelihood uncertainties: 
   r :   +13.485   -9.483/+7.951 (68%)
Set Range of Parameter r To : (-20,100)
Doing initial fit: 

 --- MultiDimFit ---
best fit parameter values and profile-likelihood uncertainties: 
   r :    +3.513   -9.674/+10.090 (68%)
Set Range of Parameter r To : (-20,100)
Doing initial fit: 

 --- MultiDimFit ---
best fit parameter values and profile-likelihood uncertainties: 
   r :   +10.654   -9.363/+9.492 (68%)
Set Range of Parameter r To : (-20,100)
Doing initial fit: 

 --- MultiDimFit ---
best fit parameter values and profile-likelihood uncertainties: 
   r :   +11.789   -6.589/+7.299 (68%)
Set Range of Parameter r To : (-20,100)
Doing initial fit: 

 --- MultiDimFit ---
best fit parameter values and profile-likelihood uncertainties: 
   r :   +15.693   -6.954/+8.223 (68%)
Set Range of Parameter r To : (-20,100)
Doing initial fit: 

 --- MultiDimFit ---
best fit parameter values and profile-likelihood uncertainties: 
   r :    +9.214   -9.054/+8.250 (68%)
Set Range of Parameter r To : (-20,100)
Doing initial fit: 

 --- MultiDimFit ---
best fit parameter values and profile-likelihood uncertainties: 
   r :   +12.806   -9.258/+8.843 (68%)
Set Range of Parameter r To : (-20,100)
Doing initial fit: 

 --- MultiDimFit ---
best fit parameter values and profile-likelihood uncertainties: 
   r :   +10.960   -6.824/+7.425 (68%)
Set Range of Parameter r To : (-20,100)
Doing initial fit: 

 --- MultiDimFit ---
best fit parameter values and profile-likelihood uncertainties: 
   r :   +27.960   -9.774/+9.155 (68%)
Set Range of Parameter r To : (-20,100)
Doing initial fit: 

 --- MultiDimFit ---
best fit parameter values and profile-likelihood uncertainties: 
   r :   +17.904   -8.310/+7.819 (68%)
Set Range of Parameter r To : (-20,100)
Doing initial fit: 

 --- MultiDimFit ---
best fit parameter values and profile-likelihood uncertainties: 
   r :   +19.588   -7.503/+8.023 (68%)
Set Range of Parameter r To : (-20,100)
Doing initial fit: 

 --- MultiDimFit ---
best fit parameter values and profile-likelihood uncertainties: 
   r :   +14.031   -9.052/+7.769 (68%)
Set Range of Parameter r To : (-20,100)
Doing initial fit: 

 --- MultiDimFit ---
best fit parameter values and profile-likelihood uncertainties: 
   r :   +24.282   -8.514/+7.811 (68%)
Set Range of Parameter r To : (-20,100)
Doing initial fit: 

 --- MultiDimFit ---
best fit parameter values and profile-likelihood uncertainties: 
   r :   +18.508   -9.928/+11.759 (68%)
Set Range of Parameter r To : (-20,100)
Doing initial fit: 

 --- MultiDimFit ---
best fit parameter values and profile-likelihood uncertainties: 
   r :   +18.868   -8.369/+7.343 (68%)
Set Range of Parameter r To : (-20,100)
Doing initial fit: 

 --- MultiDimFit ---
best fit parameter values and profile-likelihood uncertainties: 
   r :    -5.919   -9.032/+7.812 (68%)
Set Range of Parameter r To : (-20,100)
Doing initial fit: 

 --- MultiDimFit ---
best fit parameter values and profile-likelihood uncertainties: 
   r :   +19.997   -9.271/+9.162 (68%)
Set Range of Parameter r To : (-20,100)
Doing initial fit: 

 --- MultiDimFit ---
best fit parameter values and profile-likelihood uncertainties: 
   r :   +19.420   -8.189/+7.789 (68%)
Set Range of Parameter r To : (-20,100)
Doing initial fit: 

 --- MultiDimFit ---
best fit parameter values and profile-likelihood uncertainties: 
   r :    +9.909   -8.263/+7.827 (68%)
Set Range of Parameter r To : (-20,100)
Doing initial fit: 

 --- MultiDimFit ---
best fit parameter values and profile-likelihood uncertainties: 
   r :    +8.157   -6.916/+7.765 (68%)
Set Range of Parameter r To : (-20,100)
Doing initial fit: 

 --- MultiDimFit ---
best fit parameter values and profile-likelihood uncertainties: 
   r :   +32.402   -8.618/+7.931 (68%)
Set Range of Parameter r To : (-20,100)
Doing initial fit: 

 --- MultiDimFit ---
best fit parameter values and profile-likelihood uncertainties: 
   r :   +30.506   -8.273/+7.976 (68%)
Set Range of Parameter r To : (-20,100)
Doing initial fit: 

 --- MultiDimFit ---
best fit parameter values and profile-likelihood uncertainties: 
   r :   +34.404   -10.385/+9.849 (68%)
Set Range of Parameter r To : (-20,100)
Doing initial fit: 

 --- MultiDimFit ---
best fit parameter values and profile-likelihood uncertainties: 
   r :   +15.839   -8.434/+7.389 (68%)
Set Range of Parameter r To : (-20,100)
Doing initial fit: 

 --- MultiDimFit ---
best fit parameter values and profile-likelihood uncertainties: 
   r :   +11.111   -9.516/+9.858 (68%)
Set Range of Parameter r To : (-20,100)
Doing initial fit: 

 --- MultiDimFit ---
best fit parameter values and profile-likelihood uncertainties: 
   r :    +7.306   -7.048/+7.267 (68%)
Set Range of Parameter r To : (-20,100)
Doing initial fit: 

 --- MultiDimFit ---
best fit parameter values and profile-likelihood uncertainties: 
   r :    +5.257   -7.405/+7.218 (68%)
Set Range of Parameter r To : (-20,100)
Doing initial fit: 

 --- MultiDimFit ---
best fit parameter values and profile-likelihood uncertainties: 
   r :   +16.032   -7.735/+7.464 (68%)
Set Range of Parameter r To : (-20,100)
Doing initial fit: 

 --- MultiDimFit ---
best fit parameter values and profile-likelihood uncertainties: 
   r :   +10.921   -9.266/+9.613 (68%)
Set Range of Parameter r To : (-20,100)
Doing initial fit: 

 --- MultiDimFit ---
best fit parameter values and profile-likelihood uncertainties: 
   r :   +15.926   -10.141/+9.556 (68%)
Set Range of Parameter r To : (-20,100)
Doing initial fit: 

 --- MultiDimFit ---
best fit parameter values and profile-likelihood uncertainties: 
   r :   +16.500   -8.205/+7.927 (68%)
Set Range of Parameter r To : (-20,100)
Doing initial fit: 

 --- MultiDimFit ---
best fit parameter values and profile-likelihood uncertainties: 
   r :   +30.615   -9.466/+9.535 (68%)
Set Range of Parameter r To : (-20,100)
Doing initial fit: 

 --- MultiDimFit ---
best fit parameter values and profile-likelihood uncertainties: 
   r :   +15.914   -8.361/+8.043 (68%)
Set Range of Parameter r To : (-20,100)
Doing initial fit: 

 --- MultiDimFit ---
best fit parameter values and profile-likelihood uncertainties: 
   r :   +20.427   -10.614/+11.978 (68%)
Set Range of Parameter r To : (-20,100)
Doing initial fit: 

 --- MultiDimFit ---
best fit parameter values and profile-likelihood uncertainties: 
   r :    +0.760   -9.263/+8.198 (68%)
Set Range of Parameter r To : (-20,100)
Doing initial fit: 

 --- MultiDimFit ---
best fit parameter values and profile-likelihood uncertainties: 
   r :   +11.560   -9.760/+8.372 (68%)
Set Range of Parameter r To : (-20,100)
Doing initial fit: 

 

 ---------------------------

 WARNING: MultiDimFit failed

 ---------------------------

 
Set Range of Parameter r To : (-20,100)
Doing initial fit: 

 --- MultiDimFit ---
best fit parameter values and profile-likelihood uncertainties: 
   r :   +19.450   -9.368/+8.343 (68%)
Set Range of Parameter r To : (-20,100)
Doing initial fit: 

 --- MultiDimFit ---
best fit parameter values and profile-likelihood uncertainties: 
   r :   +25.442   -9.956/+8.015 (68%)
Set Range of Parameter r To : (-20,100)
Doing initial fit: 

 --- MultiDimFit ---
best fit parameter values and profile-likelihood uncertainties: 
   r :   +21.868   -9.513/+10.798 (68%)
Set Range of Parameter r To : (-20,100)
Doing initial fit: 

 --- MultiDimFit ---
best fit parameter values and profile-likelihood uncertainties: 
   r :   +17.356   -9.565/+10.428 (68%)
Set Range of Parameter r To : (-20,100)
Doing initial fit: 

 --- MultiDimFit ---
best fit parameter values and profile-likelihood uncertainties: 
   r :   +15.729   -10.375/+7.780 (68%)
Set Range of Parameter r To : (-20,100)
Doing initial fit: 

 --- MultiDimFit ---
best fit parameter values and profile-likelihood uncertainties: 
   r :   +19.503   -10.100/+10.400 (68%)
Set Range of Parameter r To : (-20,100)
Doing initial fit: 

 --- MultiDimFit ---
best fit parameter values and profile-likelihood uncertainties: 
   r :   +18.155   -10.795/+9.447 (68%)
Set Range of Parameter r To : (-20,100)
Doing initial fit: 

 --- MultiDimFit ---
best fit parameter values and profile-likelihood uncertainties: 
   r :   +20.949   -9.300/+9.063 (68%)
Set Range of Parameter r To : (-20,100)
Doing initial fit: 

 --- MultiDimFit ---
best fit parameter values and profile-likelihood uncertainties: 
   r :   +38.449   -9.009/+8.102 (68%)
Set Range of Parameter r To : (-20,100)
Doing initial fit: 

 --- MultiDimFit ---
best fit parameter values and profile-likelihood uncertainties: 
   r :   +14.943   -9.370/+8.772 (68%)
Set Range of Parameter r To : (-20,100)
Doing initial fit: 

 --- MultiDimFit ---
best fit parameter values and profile-likelihood uncertainties: 
   r :   +16.149   -8.186/+7.916 (68%)
Set Range of Parameter r To : (-20,100)
Doing initial fit: 

 --- MultiDimFit ---
best fit parameter values and profile-likelihood uncertainties: 
   r :    +8.489   -7.651/+8.032 (68%)
Set Range of Parameter r To : (-20,100)
Doing initial fit: 

 --- MultiDimFit ---
best fit parameter values and profile-likelihood uncertainties: 
   r :   +22.175   -12.372/+7.636 (68%)
Set Range of Parameter r To : (-20,100)
Doing initial fit: 

 --- MultiDimFit ---
best fit parameter values and profile-likelihood uncertainties: 
   r :   +17.109   -10.205/+10.068 (68%)
Set Range of Parameter r To : (-20,100)
Doing initial fit: 

 --- MultiDimFit ---
best fit parameter values and profile-likelihood uncertainties: 
   r :    +3.443   -9.024/+7.901 (68%)
Set Range of Parameter r To : (-20,100)
Doing initial fit: 

 --- MultiDimFit ---
best fit parameter values and profile-likelihood uncertainties: 
   r :    +2.308   -9.206/+9.473 (68%)
Set Range of Parameter r To : (-20,100)
Doing initial fit: 

 --- MultiDimFit ---
best fit parameter values and profile-likelihood uncertainties: 
   r :   +17.192   -7.738/+7.955 (68%)
Set Range of Parameter r To : (-20,100)
Doing initial fit: 

 --- MultiDimFit ---
best fit parameter values and profile-likelihood uncertainties: 
   r :   +15.301   -8.677/+7.520 (68%)
Set Range of Parameter r To : (-20,100)
Doing initial fit: 

 --- MultiDimFit ---
best fit parameter values and profile-likelihood uncertainties: 
   r :   +35.844   -9.894/+7.938 (68%)
Set Range of Parameter r To : (-20,100)
Doing initial fit: 

 --- MultiDimFit ---
best fit parameter values and profile-likelihood uncertainties: 
   r :   +21.827   -9.760/+10.060 (68%)
Set Range of Parameter r To : (-20,100)
Doing initial fit: 

 --- MultiDimFit ---
best fit parameter values and profile-likelihood uncertainties: 
   r :   +14.742   -8.606/+7.887 (68%)
Set Range of Parameter r To : (-20,100)
Doing initial fit: 

 --- MultiDimFit ---
best fit parameter values and profile-likelihood uncertainties: 
   r :   +13.207   -10.533/+9.947 (68%)
mean   expected limit: r < 3.28134e-316 +/- 0 @ 95%CL (500 toyMC)
median expected limit: r < 3.28134e-316 @ 95%CL (500 toyMC)
   68% expected band : 3.28134e-316 < r < 3.28134e-316
   95% expected band : 3.28134e-316 < r < 3.28134e-316
[RUN] (cd /data6/Users/joonblee/higgs_combine/CMSSW_14_1_0_pre4/src/NIsoMuon/review_outputs/Run2Run3/M20/bias && combine -M GenerateOnly /data6/Users/joonblee/higgs_combine/CMSSW_14_1_0_pre4/src/NIsoMuon/review_outputs/Run2Run3/M20/workspace_Run2Run3_M20.root -m 20 -t 500 --expectSignal 31 --setParameters r=31 --setParameterRanges r=0,100 --saveToys -s 12345 -n .ReviewBiasGen_Run2Run3_M20_r31)
 <<< Combine >>> 
 <<< v11.0.0 >>>
>>> Random number generator seed is 12345
>>> Method used is GenerateOnly
Set Range of Parameter r To : (0,100)
Set Default Value of Parameter r To : 31
Warning: A value of r is specified in both the --setParameters and --expectSignal options. The argument of --expectSignal will take precedence
Set Range of Parameter r To : (0,100)
Generate toy 1/500
Set Range of Parameter r To : (0,100)
Generate toy 2/500
Set Range of Parameter r To : (0,100)
Generate toy 3/500
Set Range of Parameter r To : (0,100)
Generate toy 4/500
Set Range of Parameter r To : (0,100)
Generate toy 5/500
Set Range of Parameter r To : (0,100)
Generate toy 6/500
Set Range of Parameter r To : (0,100)
Generate toy 7/500
Set Range of Parameter r To : (0,100)
Generate toy 8/500
Set Range of Parameter r To : (0,100)
Generate toy 9/500
Set Range of Parameter r To : (0,100)
Generate toy 10/500
Set Range of Parameter r To : (0,100)
Generate toy 11/500
Set Range of Parameter r To : (0,100)
Generate toy 12/500
Set Range of Parameter r To : (0,100)
Generate toy 13/500
Set Range of Parameter r To : (0,100)
Generate toy 14/500
Set Range of Parameter r To : (0,100)
Generate toy 15/500
Set Range of Parameter r To : (0,100)
Generate toy 16/500
Set Range of Parameter r To : (0,100)
Generate toy 17/500
Set Range of Parameter r To : (0,100)
Generate toy 18/500
Set Range of Parameter r To : (0,100)
Generate toy 19/500
Set Range of Parameter r To : (0,100)
Generate toy 20/500
Set Range of Parameter r To : (0,100)
Generate toy 21/500
Set Range of Parameter r To : (0,100)
Generate toy 22/500
Set Range of Parameter r To : (0,100)
Generate toy 23/500
Set Range of Parameter r To : (0,100)
Generate toy 24/500
Set Range of Parameter r To : (0,100)
Generate toy 25/500
Set Range of Parameter r To : (0,100)
Generate toy 26/500
Set Range of Parameter r To : (0,100)
Generate toy 27/500
Set Range of Parameter r To : (0,100)
Generate toy 28/500
Set Range of Parameter r To : (0,100)
Generate toy 29/500
Set Range of Parameter r To : (0,100)
Generate toy 30/500
Set Range of Parameter r To : (0,100)
Generate toy 31/500
Set Range of Parameter r To : (0,100)
Generate toy 32/500
Set Range of Parameter r To : (0,100)
Generate toy 33/500
Set Range of Parameter r To : (0,100)
Generate toy 34/500
Set Range of Parameter r To : (0,100)
Generate toy 35/500
Set Range of Parameter r To : (0,100)
Generate toy 36/500
Set Range of Parameter r To : (0,100)
Generate toy 37/500
Set Range of Parameter r To : (0,100)
Generate toy 38/500
Set Range of Parameter r To : (0,100)
Generate toy 39/500
Set Range of Parameter r To : (0,100)
Generate toy 40/500
Set Range of Parameter r To : (0,100)
Generate toy 41/500
Set Range of Parameter r To : (0,100)
Generate toy 42/500
Set Range of Parameter r To : (0,100)
Generate toy 43/500
Set Range of Parameter r To : (0,100)
Generate toy 44/500
Set Range of Parameter r To : (0,100)
Generate toy 45/500
Set Range of Parameter r To : (0,100)
Generate toy 46/500
Set Range of Parameter r To : (0,100)
Generate toy 47/500
Set Range of Parameter r To : (0,100)
Generate toy 48/500
Set Range of Parameter r To : (0,100)
Generate toy 49/500
Set Range of Parameter r To : (0,100)
Generate toy 50/500
Set Range of Parameter r To : (0,100)
Generate toy 51/500
Set Range of Parameter r To : (0,100)
Generate toy 52/500
Set Range of Parameter r To : (0,100)
Generate toy 53/500
Set Range of Parameter r To : (0,100)
Generate toy 54/500
Set Range of Parameter r To : (0,100)
Generate toy 55/500
Set Range of Parameter r To : (0,100)
Generate toy 56/500
Set Range of Parameter r To : (0,100)
Generate toy 57/500
Set Range of Parameter r To : (0,100)
Generate toy 58/500
Set Range of Parameter r To : (0,100)
Generate toy 59/500
Set Range of Parameter r To : (0,100)
Generate toy 60/500
Set Range of Parameter r To : (0,100)
Generate toy 61/500
Set Range of Parameter r To : (0,100)
Generate toy 62/500
Set Range of Parameter r To : (0,100)
Generate toy 63/500
Set Range of Parameter r To : (0,100)
Generate toy 64/500
Set Range of Parameter r To : (0,100)
Generate toy 65/500
Set Range of Parameter r To : (0,100)
Generate toy 66/500
Set Range of Parameter r To : (0,100)
Generate toy 67/500
Set Range of Parameter r To : (0,100)
Generate toy 68/500
Set Range of Parameter r To : (0,100)
Generate toy 69/500
Set Range of Parameter r To : (0,100)
Generate toy 70/500
Set Range of Parameter r To : (0,100)
Generate toy 71/500
Set Range of Parameter r To : (0,100)
Generate toy 72/500
Set Range of Parameter r To : (0,100)
Generate toy 73/500
Set Range of Parameter r To : (0,100)
Generate toy 74/500
Set Range of Parameter r To : (0,100)
Generate toy 75/500
Set Range of Parameter r To : (0,100)
Generate toy 76/500
Set Range of Parameter r To : (0,100)
Generate toy 77/500
Set Range of Parameter r To : (0,100)
Generate toy 78/500
Set Range of Parameter r To : (0,100)
Generate toy 79/500
Set Range of Parameter r To : (0,100)
Generate toy 80/500
Set Range of Parameter r To : (0,100)
Generate toy 81/500
Set Range of Parameter r To : (0,100)
Generate toy 82/500
Set Range of Parameter r To : (0,100)
Generate toy 83/500
Set Range of Parameter r To : (0,100)
Generate toy 84/500
Set Range of Parameter r To : (0,100)
Generate toy 85/500
Set Range of Parameter r To : (0,100)
Generate toy 86/500
Set Range of Parameter r To : (0,100)
Generate toy 87/500
Set Range of Parameter r To : (0,100)
Generate toy 88/500
Set Range of Parameter r To : (0,100)
Generate toy 89/500
Set Range of Parameter r To : (0,100)
Generate toy 90/500
Set Range of Parameter r To : (0,100)
Generate toy 91/500
Set Range of Parameter r To : (0,100)
Generate toy 92/500
Set Range of Parameter r To : (0,100)
Generate toy 93/500
Set Range of Parameter r To : (0,100)
Generate toy 94/500
Set Range of Parameter r To : (0,100)
Generate toy 95/500
Set Range of Parameter r To : (0,100)
Generate toy 96/500
Set Range of Parameter r To : (0,100)
Generate toy 97/500
Set Range of Parameter r To : (0,100)
Generate toy 98/500
Set Range of Parameter r To : (0,100)
Generate toy 99/500
Set Range of Parameter r To : (0,100)
Generate toy 100/500
Set Range of Parameter r To : (0,100)
Generate toy 101/500
Set Range of Parameter r To : (0,100)
Generate toy 102/500
Set Range of Parameter r To : (0,100)
Generate toy 103/500
Set Range of Parameter r To : (0,100)
Generate toy 104/500
Set Range of Parameter r To : (0,100)
Generate toy 105/500
Set Range of Parameter r To : (0,100)
Generate toy 106/500
Set Range of Parameter r To : (0,100)
Generate toy 107/500
Set Range of Parameter r To : (0,100)
Generate toy 108/500
Set Range of Parameter r To : (0,100)
Generate toy 109/500
Set Range of Parameter r To : (0,100)
Generate toy 110/500
Set Range of Parameter r To : (0,100)
Generate toy 111/500
Set Range of Parameter r To : (0,100)
Generate toy 112/500
Set Range of Parameter r To : (0,100)
Generate toy 113/500
Set Range of Parameter r To : (0,100)
Generate toy 114/500
Set Range of Parameter r To : (0,100)
Generate toy 115/500
Set Range of Parameter r To : (0,100)
Generate toy 116/500
Set Range of Parameter r To : (0,100)
Generate toy 117/500
Set Range of Parameter r To : (0,100)
Generate toy 118/500
Set Range of Parameter r To : (0,100)
Generate toy 119/500
Set Range of Parameter r To : (0,100)
Generate toy 120/500
Set Range of Parameter r To : (0,100)
Generate toy 121/500
Set Range of Parameter r To : (0,100)
Generate toy 122/500
Set Range of Parameter r To : (0,100)
Generate toy 123/500
Set Range of Parameter r To : (0,100)
Generate toy 124/500
Set Range of Parameter r To : (0,100)
Generate toy 125/500
Set Range of Parameter r To : (0,100)
Generate toy 126/500
Set Range of Parameter r To : (0,100)
Generate toy 127/500
Set Range of Parameter r To : (0,100)
Generate toy 128/500
Set Range of Parameter r To : (0,100)
Generate toy 129/500
Set Range of Parameter r To : (0,100)
Generate toy 130/500
Set Range of Parameter r To : (0,100)
Generate toy 131/500
Set Range of Parameter r To : (0,100)
Generate toy 132/500
Set Range of Parameter r To : (0,100)
Generate toy 133/500
Set Range of Parameter r To : (0,100)
Generate toy 134/500
Set Range of Parameter r To : (0,100)
Generate toy 135/500
Set Range of Parameter r To : (0,100)
Generate toy 136/500
Set Range of Parameter r To : (0,100)
Generate toy 137/500
Set Range of Parameter r To : (0,100)
Generate toy 138/500
Set Range of Parameter r To : (0,100)
Generate toy 139/500
Set Range of Parameter r To : (0,100)
Generate toy 140/500
Set Range of Parameter r To : (0,100)
Generate toy 141/500
Set Range of Parameter r To : (0,100)
Generate toy 142/500
Set Range of Parameter r To : (0,100)
Generate toy 143/500
Set Range of Parameter r To : (0,100)
Generate toy 144/500
Set Range of Parameter r To : (0,100)
Generate toy 145/500
Set Range of Parameter r To : (0,100)
Generate toy 146/500
Set Range of Parameter r To : (0,100)
Generate toy 147/500
Set Range of Parameter r To : (0,100)
Generate toy 148/500
Set Range of Parameter r To : (0,100)
Generate toy 149/500
Set Range of Parameter r To : (0,100)
Generate toy 150/500
Set Range of Parameter r To : (0,100)
Generate toy 151/500
Set Range of Parameter r To : (0,100)
Generate toy 152/500
Set Range of Parameter r To : (0,100)
Generate toy 153/500
Set Range of Parameter r To : (0,100)
Generate toy 154/500
Set Range of Parameter r To : (0,100)
Generate toy 155/500
Set Range of Parameter r To : (0,100)
Generate toy 156/500
Set Range of Parameter r To : (0,100)
Generate toy 157/500
Set Range of Parameter r To : (0,100)
Generate toy 158/500
Set Range of Parameter r To : (0,100)
Generate toy 159/500
Set Range of Parameter r To : (0,100)
Generate toy 160/500
Set Range of Parameter r To : (0,100)
Generate toy 161/500
Set Range of Parameter r To : (0,100)
Generate toy 162/500
Set Range of Parameter r To : (0,100)
Generate toy 163/500
Set Range of Parameter r To : (0,100)
Generate toy 164/500
Set Range of Parameter r To : (0,100)
Generate toy 165/500
Set Range of Parameter r To : (0,100)
Generate toy 166/500
Set Range of Parameter r To : (0,100)
Generate toy 167/500
Set Range of Parameter r To : (0,100)
Generate toy 168/500
Set Range of Parameter r To : (0,100)
Generate toy 169/500
Set Range of Parameter r To : (0,100)
Generate toy 170/500
Set Range of Parameter r To : (0,100)
Generate toy 171/500
Set Range of Parameter r To : (0,100)
Generate toy 172/500
Set Range of Parameter r To : (0,100)
Generate toy 173/500
Set Range of Parameter r To : (0,100)
Generate toy 174/500
Set Range of Parameter r To : (0,100)
Generate toy 175/500
Set Range of Parameter r To : (0,100)
Generate toy 176/500
Set Range of Parameter r To : (0,100)
Generate toy 177/500
Set Range of Parameter r To : (0,100)
Generate toy 178/500
Set Range of Parameter r To : (0,100)
Generate toy 179/500
Set Range of Parameter r To : (0,100)
Generate toy 180/500
Set Range of Parameter r To : (0,100)
Generate toy 181/500
Set Range of Parameter r To : (0,100)
Generate toy 182/500
Set Range of Parameter r To : (0,100)
Generate toy 183/500
Set Range of Parameter r To : (0,100)
Generate toy 184/500
Set Range of Parameter r To : (0,100)
Generate toy 185/500
Set Range of Parameter r To : (0,100)
Generate toy 186/500
Set Range of Parameter r To : (0,100)
Generate toy 187/500
Set Range of Parameter r To : (0,100)
Generate toy 188/500
Set Range of Parameter r To : (0,100)
Generate toy 189/500
Set Range of Parameter r To : (0,100)
Generate toy 190/500
Set Range of Parameter r To : (0,100)
Generate toy 191/500
Set Range of Parameter r To : (0,100)
Generate toy 192/500
Set Range of Parameter r To : (0,100)
Generate toy 193/500
Set Range of Parameter r To : (0,100)
Generate toy 194/500
Set Range of Parameter r To : (0,100)
Generate toy 195/500
Set Range of Parameter r To : (0,100)
Generate toy 196/500
Set Range of Parameter r To : (0,100)
Generate toy 197/500
Set Range of Parameter r To : (0,100)
Generate toy 198/500
Set Range of Parameter r To : (0,100)
Generate toy 199/500
Set Range of Parameter r To : (0,100)
Generate toy 200/500
Set Range of Parameter r To : (0,100)
Generate toy 201/500
Set Range of Parameter r To : (0,100)
Generate toy 202/500
Set Range of Parameter r To : (0,100)
Generate toy 203/500
Set Range of Parameter r To : (0,100)
Generate toy 204/500
Set Range of Parameter r To : (0,100)
Generate toy 205/500
Set Range of Parameter r To : (0,100)
Generate toy 206/500
Set Range of Parameter r To : (0,100)
Generate toy 207/500
Set Range of Parameter r To : (0,100)
Generate toy 208/500
Set Range of Parameter r To : (0,100)
Generate toy 209/500
Set Range of Parameter r To : (0,100)
Generate toy 210/500
Set Range of Parameter r To : (0,100)
Generate toy 211/500
Set Range of Parameter r To : (0,100)
Generate toy 212/500
Set Range of Parameter r To : (0,100)
Generate toy 213/500
Set Range of Parameter r To : (0,100)
Generate toy 214/500
Set Range of Parameter r To : (0,100)
Generate toy 215/500
Set Range of Parameter r To : (0,100)
Generate toy 216/500
Set Range of Parameter r To : (0,100)
Generate toy 217/500
Set Range of Parameter r To : (0,100)
Generate toy 218/500
Set Range of Parameter r To : (0,100)
Generate toy 219/500
Set Range of Parameter r To : (0,100)
Generate toy 220/500
Set Range of Parameter r To : (0,100)
Generate toy 221/500
Set Range of Parameter r To : (0,100)
Generate toy 222/500
Set Range of Parameter r To : (0,100)
Generate toy 223/500
Set Range of Parameter r To : (0,100)
Generate toy 224/500
Set Range of Parameter r To : (0,100)
Generate toy 225/500
Set Range of Parameter r To : (0,100)
Generate toy 226/500
Set Range of Parameter r To : (0,100)
Generate toy 227/500
Set Range of Parameter r To : (0,100)
Generate toy 228/500
Set Range of Parameter r To : (0,100)
Generate toy 229/500
Set Range of Parameter r To : (0,100)
Generate toy 230/500
Set Range of Parameter r To : (0,100)
Generate toy 231/500
Set Range of Parameter r To : (0,100)
Generate toy 232/500
Set Range of Parameter r To : (0,100)
Generate toy 233/500
Set Range of Parameter r To : (0,100)
Generate toy 234/500
Set Range of Parameter r To : (0,100)
Generate toy 235/500
Set Range of Parameter r To : (0,100)
Generate toy 236/500
Set Range of Parameter r To : (0,100)
Generate toy 237/500
Set Range of Parameter r To : (0,100)
Generate toy 238/500
Set Range of Parameter r To : (0,100)
Generate toy 239/500
Set Range of Parameter r To : (0,100)
Generate toy 240/500
Set Range of Parameter r To : (0,100)
Generate toy 241/500
Set Range of Parameter r To : (0,100)
Generate toy 242/500
Set Range of Parameter r To : (0,100)
Generate toy 243/500
Set Range of Parameter r To : (0,100)
Generate toy 244/500
Set Range of Parameter r To : (0,100)
Generate toy 245/500
Set Range of Parameter r To : (0,100)
Generate toy 246/500
Set Range of Parameter r To : (0,100)
Generate toy 247/500
Set Range of Parameter r To : (0,100)
Generate toy 248/500
Set Range of Parameter r To : (0,100)
Generate toy 249/500
Set Range of Parameter r To : (0,100)
Generate toy 250/500
Set Range of Parameter r To : (0,100)
Generate toy 251/500
Set Range of Parameter r To : (0,100)
Generate toy 252/500
Set Range of Parameter r To : (0,100)
Generate toy 253/500
Set Range of Parameter r To : (0,100)
Generate toy 254/500
Set Range of Parameter r To : (0,100)
Generate toy 255/500
Set Range of Parameter r To : (0,100)
Generate toy 256/500
Set Range of Parameter r To : (0,100)
Generate toy 257/500
Set Range of Parameter r To : (0,100)
Generate toy 258/500
Set Range of Parameter r To : (0,100)
Generate toy 259/500
Set Range of Parameter r To : (0,100)
Generate toy 260/500
Set Range of Parameter r To : (0,100)
Generate toy 261/500
Set Range of Parameter r To : (0,100)
Generate toy 262/500
Set Range of Parameter r To : (0,100)
Generate toy 263/500
Set Range of Parameter r To : (0,100)
Generate toy 264/500
Set Range of Parameter r To : (0,100)
Generate toy 265/500
Set Range of Parameter r To : (0,100)
Generate toy 266/500
Set Range of Parameter r To : (0,100)
Generate toy 267/500
Set Range of Parameter r To : (0,100)
Generate toy 268/500
Set Range of Parameter r To : (0,100)
Generate toy 269/500
Set Range of Parameter r To : (0,100)
Generate toy 270/500
Set Range of Parameter r To : (0,100)
Generate toy 271/500
Set Range of Parameter r To : (0,100)
Generate toy 272/500
Set Range of Parameter r To : (0,100)
Generate toy 273/500
Set Range of Parameter r To : (0,100)
Generate toy 274/500
Set Range of Parameter r To : (0,100)
Generate toy 275/500
Set Range of Parameter r To : (0,100)
Generate toy 276/500
Set Range of Parameter r To : (0,100)
Generate toy 277/500
Set Range of Parameter r To : (0,100)
Generate toy 278/500
Set Range of Parameter r To : (0,100)
Generate toy 279/500
Set Range of Parameter r To : (0,100)
Generate toy 280/500
Set Range of Parameter r To : (0,100)
Generate toy 281/500
Set Range of Parameter r To : (0,100)
Generate toy 282/500
Set Range of Parameter r To : (0,100)
Generate toy 283/500
Set Range of Parameter r To : (0,100)
Generate toy 284/500
Set Range of Parameter r To : (0,100)
Generate toy 285/500
Set Range of Parameter r To : (0,100)
Generate toy 286/500
Set Range of Parameter r To : (0,100)
Generate toy 287/500
Set Range of Parameter r To : (0,100)
Generate toy 288/500
Set Range of Parameter r To : (0,100)
Generate toy 289/500
Set Range of Parameter r To : (0,100)
Generate toy 290/500
Set Range of Parameter r To : (0,100)
Generate toy 291/500
Set Range of Parameter r To : (0,100)
Generate toy 292/500
Set Range of Parameter r To : (0,100)
Generate toy 293/500
Set Range of Parameter r To : (0,100)
Generate toy 294/500
Set Range of Parameter r To : (0,100)
Generate toy 295/500
Set Range of Parameter r To : (0,100)
Generate toy 296/500
Set Range of Parameter r To : (0,100)
Generate toy 297/500
Set Range of Parameter r To : (0,100)
Generate toy 298/500
Set Range of Parameter r To : (0,100)
Generate toy 299/500
Set Range of Parameter r To : (0,100)
Generate toy 300/500
Set Range of Parameter r To : (0,100)
Generate toy 301/500
Set Range of Parameter r To : (0,100)
Generate toy 302/500
Set Range of Parameter r To : (0,100)
Generate toy 303/500
Set Range of Parameter r To : (0,100)
Generate toy 304/500
Set Range of Parameter r To : (0,100)
Generate toy 305/500
Set Range of Parameter r To : (0,100)
Generate toy 306/500
Set Range of Parameter r To : (0,100)
Generate toy 307/500
Set Range of Parameter r To : (0,100)
Generate toy 308/500
Set Range of Parameter r To : (0,100)
Generate toy 309/500
Set Range of Parameter r To : (0,100)
Generate toy 310/500
Set Range of Parameter r To : (0,100)
Generate toy 311/500
Set Range of Parameter r To : (0,100)
Generate toy 312/500
Set Range of Parameter r To : (0,100)
Generate toy 313/500
Set Range of Parameter r To : (0,100)
Generate toy 314/500
Set Range of Parameter r To : (0,100)
Generate toy 315/500
Set Range of Parameter r To : (0,100)
Generate toy 316/500
Set Range of Parameter r To : (0,100)
Generate toy 317/500
Set Range of Parameter r To : (0,100)
Generate toy 318/500
Set Range of Parameter r To : (0,100)
Generate toy 319/500
Set Range of Parameter r To : (0,100)
Generate toy 320/500
Set Range of Parameter r To : (0,100)
Generate toy 321/500
Set Range of Parameter r To : (0,100)
Generate toy 322/500
Set Range of Parameter r To : (0,100)
Generate toy 323/500
Set Range of Parameter r To : (0,100)
Generate toy 324/500
Set Range of Parameter r To : (0,100)
Generate toy 325/500
Set Range of Parameter r To : (0,100)
Generate toy 326/500
Set Range of Parameter r To : (0,100)
Generate toy 327/500
Set Range of Parameter r To : (0,100)
Generate toy 328/500
Set Range of Parameter r To : (0,100)
Generate toy 329/500
Set Range of Parameter r To : (0,100)
Generate toy 330/500
Set Range of Parameter r To : (0,100)
Generate toy 331/500
Set Range of Parameter r To : (0,100)
Generate toy 332/500
Set Range of Parameter r To : (0,100)
Generate toy 333/500
Set Range of Parameter r To : (0,100)
Generate toy 334/500
Set Range of Parameter r To : (0,100)
Generate toy 335/500
Set Range of Parameter r To : (0,100)
Generate toy 336/500
Set Range of Parameter r To : (0,100)
Generate toy 337/500
Set Range of Parameter r To : (0,100)
Generate toy 338/500
Set Range of Parameter r To : (0,100)
Generate toy 339/500
Set Range of Parameter r To : (0,100)
Generate toy 340/500
Set Range of Parameter r To : (0,100)
Generate toy 341/500
Set Range of Parameter r To : (0,100)
Generate toy 342/500
Set Range of Parameter r To : (0,100)
Generate toy 343/500
Set Range of Parameter r To : (0,100)
Generate toy 344/500
Set Range of Parameter r To : (0,100)
Generate toy 345/500
Set Range of Parameter r To : (0,100)
Generate toy 346/500
Set Range of Parameter r To : (0,100)
Generate toy 347/500
Set Range of Parameter r To : (0,100)
Generate toy 348/500
Set Range of Parameter r To : (0,100)
Generate toy 349/500
Set Range of Parameter r To : (0,100)
Generate toy 350/500
Set Range of Parameter r To : (0,100)
Generate toy 351/500
Set Range of Parameter r To : (0,100)
Generate toy 352/500
Set Range of Parameter r To : (0,100)
Generate toy 353/500
Set Range of Parameter r To : (0,100)
Generate toy 354/500
Set Range of Parameter r To : (0,100)
Generate toy 355/500
Set Range of Parameter r To : (0,100)
Generate toy 356/500
Set Range of Parameter r To : (0,100)
Generate toy 357/500
Set Range of Parameter r To : (0,100)
Generate toy 358/500
Set Range of Parameter r To : (0,100)
Generate toy 359/500
Set Range of Parameter r To : (0,100)
Generate toy 360/500
Set Range of Parameter r To : (0,100)
Generate toy 361/500
Set Range of Parameter r To : (0,100)
Generate toy 362/500
Set Range of Parameter r To : (0,100)
Generate toy 363/500
Set Range of Parameter r To : (0,100)
Generate toy 364/500
Set Range of Parameter r To : (0,100)
Generate toy 365/500
Set Range of Parameter r To : (0,100)
Generate toy 366/500
Set Range of Parameter r To : (0,100)
Generate toy 367/500
Set Range of Parameter r To : (0,100)
Generate toy 368/500
Set Range of Parameter r To : (0,100)
Generate toy 369/500
Set Range of Parameter r To : (0,100)
Generate toy 370/500
Set Range of Parameter r To : (0,100)
Generate toy 371/500
Set Range of Parameter r To : (0,100)
Generate toy 372/500
Set Range of Parameter r To : (0,100)
Generate toy 373/500
Set Range of Parameter r To : (0,100)
Generate toy 374/500
Set Range of Parameter r To : (0,100)
Generate toy 375/500
Set Range of Parameter r To : (0,100)
Generate toy 376/500
Set Range of Parameter r To : (0,100)
Generate toy 377/500
Set Range of Parameter r To : (0,100)
Generate toy 378/500
Set Range of Parameter r To : (0,100)
Generate toy 379/500
Set Range of Parameter r To : (0,100)
Generate toy 380/500
Set Range of Parameter r To : (0,100)
Generate toy 381/500
Set Range of Parameter r To : (0,100)
Generate toy 382/500
Set Range of Parameter r To : (0,100)
Generate toy 383/500
Set Range of Parameter r To : (0,100)
Generate toy 384/500
Set Range of Parameter r To : (0,100)
Generate toy 385/500
Set Range of Parameter r To : (0,100)
Generate toy 386/500
Set Range of Parameter r To : (0,100)
Generate toy 387/500
Set Range of Parameter r To : (0,100)
Generate toy 388/500
Set Range of Parameter r To : (0,100)
Generate toy 389/500
Set Range of Parameter r To : (0,100)
Generate toy 390/500
Set Range of Parameter r To : (0,100)
Generate toy 391/500
Set Range of Parameter r To : (0,100)
Generate toy 392/500
Set Range of Parameter r To : (0,100)
Generate toy 393/500
Set Range of Parameter r To : (0,100)
Generate toy 394/500
Set Range of Parameter r To : (0,100)
Generate toy 395/500
Set Range of Parameter r To : (0,100)
Generate toy 396/500
Set Range of Parameter r To : (0,100)
Generate toy 397/500
Set Range of Parameter r To : (0,100)
Generate toy 398/500
Set Range of Parameter r To : (0,100)
Generate toy 399/500
Set Range of Parameter r To : (0,100)
Generate toy 400/500
Set Range of Parameter r To : (0,100)
Generate toy 401/500
Set Range of Parameter r To : (0,100)
Generate toy 402/500
Set Range of Parameter r To : (0,100)
Generate toy 403/500
Set Range of Parameter r To : (0,100)
Generate toy 404/500
Set Range of Parameter r To : (0,100)
Generate toy 405/500
Set Range of Parameter r To : (0,100)
Generate toy 406/500
Set Range of Parameter r To : (0,100)
Generate toy 407/500
Set Range of Parameter r To : (0,100)
Generate toy 408/500
Set Range of Parameter r To : (0,100)
Generate toy 409/500
Set Range of Parameter r To : (0,100)
Generate toy 410/500
Set Range of Parameter r To : (0,100)
Generate toy 411/500
Set Range of Parameter r To : (0,100)
Generate toy 412/500
Set Range of Parameter r To : (0,100)
Generate toy 413/500
Set Range of Parameter r To : (0,100)
Generate toy 414/500
Set Range of Parameter r To : (0,100)
Generate toy 415/500
Set Range of Parameter r To : (0,100)
Generate toy 416/500
Set Range of Parameter r To : (0,100)
Generate toy 417/500
Set Range of Parameter r To : (0,100)
Generate toy 418/500
Set Range of Parameter r To : (0,100)
Generate toy 419/500
Set Range of Parameter r To : (0,100)
Generate toy 420/500
Set Range of Parameter r To : (0,100)
Generate toy 421/500
Set Range of Parameter r To : (0,100)
Generate toy 422/500
Set Range of Parameter r To : (0,100)
Generate toy 423/500
Set Range of Parameter r To : (0,100)
Generate toy 424/500
Set Range of Parameter r To : (0,100)
Generate toy 425/500
Set Range of Parameter r To : (0,100)
Generate toy 426/500
Set Range of Parameter r To : (0,100)
Generate toy 427/500
Set Range of Parameter r To : (0,100)
Generate toy 428/500
Set Range of Parameter r To : (0,100)
Generate toy 429/500
Set Range of Parameter r To : (0,100)
Generate toy 430/500
Set Range of Parameter r To : (0,100)
Generate toy 431/500
Set Range of Parameter r To : (0,100)
Generate toy 432/500
Set Range of Parameter r To : (0,100)
Generate toy 433/500
Set Range of Parameter r To : (0,100)
Generate toy 434/500
Set Range of Parameter r To : (0,100)
Generate toy 435/500
Set Range of Parameter r To : (0,100)
Generate toy 436/500
Set Range of Parameter r To : (0,100)
Generate toy 437/500
Set Range of Parameter r To : (0,100)
Generate toy 438/500
Set Range of Parameter r To : (0,100)
Generate toy 439/500
Set Range of Parameter r To : (0,100)
Generate toy 440/500
Set Range of Parameter r To : (0,100)
Generate toy 441/500
Set Range of Parameter r To : (0,100)
Generate toy 442/500
Set Range of Parameter r To : (0,100)
Generate toy 443/500
Set Range of Parameter r To : (0,100)
Generate toy 444/500
Set Range of Parameter r To : (0,100)
Generate toy 445/500
Set Range of Parameter r To : (0,100)
Generate toy 446/500
Set Range of Parameter r To : (0,100)
Generate toy 447/500
Set Range of Parameter r To : (0,100)
Generate toy 448/500
Set Range of Parameter r To : (0,100)
Generate toy 449/500
Set Range of Parameter r To : (0,100)
Generate toy 450/500
Set Range of Parameter r To : (0,100)
Generate toy 451/500
Set Range of Parameter r To : (0,100)
Generate toy 452/500
Set Range of Parameter r To : (0,100)
Generate toy 453/500
Set Range of Parameter r To : (0,100)
Generate toy 454/500
Set Range of Parameter r To : (0,100)
Generate toy 455/500
Set Range of Parameter r To : (0,100)
Generate toy 456/500
Set Range of Parameter r To : (0,100)
Generate toy 457/500
Set Range of Parameter r To : (0,100)
Generate toy 458/500
Set Range of Parameter r To : (0,100)
Generate toy 459/500
Set Range of Parameter r To : (0,100)
Generate toy 460/500
Set Range of Parameter r To : (0,100)
Generate toy 461/500
Set Range of Parameter r To : (0,100)
Generate toy 462/500
Set Range of Parameter r To : (0,100)
Generate toy 463/500
Set Range of Parameter r To : (0,100)
Generate toy 464/500
Set Range of Parameter r To : (0,100)
Generate toy 465/500
Set Range of Parameter r To : (0,100)
Generate toy 466/500
Set Range of Parameter r To : (0,100)
Generate toy 467/500
Set Range of Parameter r To : (0,100)
Generate toy 468/500
Set Range of Parameter r To : (0,100)
Generate toy 469/500
Set Range of Parameter r To : (0,100)
Generate toy 470/500
Set Range of Parameter r To : (0,100)
Generate toy 471/500
Set Range of Parameter r To : (0,100)
Generate toy 472/500
Set Range of Parameter r To : (0,100)
Generate toy 473/500
Set Range of Parameter r To : (0,100)
Generate toy 474/500
Set Range of Parameter r To : (0,100)
Generate toy 475/500
Set Range of Parameter r To : (0,100)
Generate toy 476/500
Set Range of Parameter r To : (0,100)
Generate toy 477/500
Set Range of Parameter r To : (0,100)
Generate toy 478/500
Set Range of Parameter r To : (0,100)
Generate toy 479/500
Set Range of Parameter r To : (0,100)
Generate toy 480/500
Set Range of Parameter r To : (0,100)
Generate toy 481/500
Set Range of Parameter r To : (0,100)
Generate toy 482/500
Set Range of Parameter r To : (0,100)
Generate toy 483/500
Set Range of Parameter r To : (0,100)
Generate toy 484/500
Set Range of Parameter r To : (0,100)
Generate toy 485/500
Set Range of Parameter r To : (0,100)
Generate toy 486/500
Set Range of Parameter r To : (0,100)
Generate toy 487/500
Set Range of Parameter r To : (0,100)
Generate toy 488/500
Set Range of Parameter r To : (0,100)
Generate toy 489/500
Set Range of Parameter r To : (0,100)
Generate toy 490/500
Set Range of Parameter r To : (0,100)
Generate toy 491/500
Set Range of Parameter r To : (0,100)
Generate toy 492/500
Set Range of Parameter r To : (0,100)
Generate toy 493/500
Set Range of Parameter r To : (0,100)
Generate toy 494/500
Set Range of Parameter r To : (0,100)
Generate toy 495/500
Set Range of Parameter r To : (0,100)
Generate toy 496/500
Set Range of Parameter r To : (0,100)
Generate toy 497/500
Set Range of Parameter r To : (0,100)
Generate toy 498/500
Set Range of Parameter r To : (0,100)
Generate toy 499/500
Set Range of Parameter r To : (0,100)
Generate toy 500/500
mean   expected limit: r < 2.64416e-316 +/- 0 @ 95%CL (500 toyMC)
median expected limit: r < 2.64416e-316 @ 95%CL (500 toyMC)
   68% expected band : 2.64416e-316 < r < 2.64416e-316
   95% expected band : 2.64416e-316 < r < 2.64416e-316
[RUN] (cd /data6/Users/joonblee/higgs_combine/CMSSW_14_1_0_pre4/src/NIsoMuon/review_outputs/Run2Run3/M20/bias && combine -M MultiDimFit /data6/Users/joonblee/higgs_combine/CMSSW_14_1_0_pre4/src/NIsoMuon/review_outputs/Run2Run3/M20/workspace_Run2Run3_M20.root -m 20 -t 500 --toysFile /data6/Users/joonblee/higgs_combine/CMSSW_14_1_0_pre4/src/NIsoMuon/review_outputs/Run2Run3/M20/bias/higgsCombine.ReviewBiasGen_Run2Run3_M20_r31.GenerateOnly.mH20.12345.root --algo singles --setParameters r=31 --rMin -20 --rMax 100 --setParameterRanges r=-20,100 -n .ReviewBiasFit_Run2Run3_M20_r31)
 <<< Combine >>> 
 <<< v11.0.0 >>>
>>> Random number generator seed is 123456
>>> Method used is MultiDimFit
Set Range of Parameter r To : (-20,100)
Set Default Value of Parameter r To : 31
Set Range of Parameter r To : (-20,100)
Doing initial fit: 

 --- MultiDimFit ---
best fit parameter values and profile-likelihood uncertainties: 
   r :   +33.541   -7.897/+8.137 (68%)
Set Range of Parameter r To : (-20,100)
Doing initial fit: 

 --- MultiDimFit ---
best fit parameter values and profile-likelihood uncertainties: 
   r :   +21.867   -9.039/+8.148 (68%)
Set Range of Parameter r To : (-20,100)
Doing initial fit: 

 --- MultiDimFit ---
best fit parameter values and profile-likelihood uncertainties: 
   r :   +39.852   -9.293/+8.377 (68%)
Set Range of Parameter r To : (-20,100)
Doing initial fit: 

 --- MultiDimFit ---
best fit parameter values and profile-likelihood uncertainties: 
   r :   +30.272   -7.685/+6.959 (68%)
Set Range of Parameter r To : (-20,100)
Doing initial fit: 

 --- MultiDimFit ---
best fit parameter values and profile-likelihood uncertainties: 
   r :   +36.336   -10.213/+10.417 (68%)
Set Range of Parameter r To : (-20,100)
Doing initial fit: 

 --- MultiDimFit ---
best fit parameter values and profile-likelihood uncertainties: 
   r :   +27.672   -7.319/+8.020 (68%)
Set Range of Parameter r To : (-20,100)
Doing initial fit: 

 --- MultiDimFit ---
best fit parameter values and profile-likelihood uncertainties: 
   r :   +28.814   -6.548/+6.945 (68%)
Set Range of Parameter r To : (-20,100)
Doing initial fit: 

 --- MultiDimFit ---
best fit parameter values and profile-likelihood uncertainties: 
   r :   +31.878   -9.711/+10.334 (68%)
Set Range of Parameter r To : (-20,100)
Doing initial fit: 

 --- MultiDimFit ---
best fit parameter values and profile-likelihood uncertainties: 
   r :   +39.868   -9.910/+13.494 (68%)
Set Range of Parameter r To : (-20,100)
Doing initial fit: 

 --- MultiDimFit ---
best fit parameter values and profile-likelihood uncertainties: 
   r :   +19.673   -9.487/+8.409 (68%)
Set Range of Parameter r To : (-20,100)
Doing initial fit: 

 --- MultiDimFit ---
best fit parameter values and profile-likelihood uncertainties: 
   r :   +25.908   -8.836/+8.082 (68%)
Set Range of Parameter r To : (-20,100)
Doing initial fit: 

 --- MultiDimFit ---
best fit parameter values and profile-likelihood uncertainties: 
   r :   +33.135   -10.079/+10.305 (68%)
Set Range of Parameter r To : (-20,100)
Doing initial fit: 

 --- MultiDimFit ---
best fit parameter values and profile-likelihood uncertainties: 
   r :   +30.056   -9.543/+8.979 (68%)
Set Range of Parameter r To : (-20,100)
Doing initial fit: 

 --- MultiDimFit ---
best fit parameter values and profile-likelihood uncertainties: 
   r :   +23.482   -9.688/+9.420 (68%)
Set Range of Parameter r To : (-20,100)
Doing initial fit: 

 --- MultiDimFit ---
best fit parameter values and profile-likelihood uncertainties: 
   r :   +24.494   -10.363/+10.198 (68%)
Set Range of Parameter r To : (-20,100)
Doing initial fit: 

 --- MultiDimFit ---
best fit parameter values and profile-likelihood uncertainties: 
   r :   +42.413   -9.904/+8.250 (68%)
Set Range of Parameter r To : (-20,100)
Doing initial fit: 

 --- MultiDimFit ---
best fit parameter values and profile-likelihood uncertainties: 
   r :   +37.971   -9.518/+9.986 (68%)
Set Range of Parameter r To : (-20,100)
Doing initial fit: 

 --- MultiDimFit ---
best fit parameter values and profile-likelihood uncertainties: 
   r :   +30.307   -11.384/+7.769 (68%)
Set Range of Parameter r To : (-20,100)
Doing initial fit: 

 --- MultiDimFit ---
best fit parameter values and profile-likelihood uncertainties: 
   r :   +34.830   -9.636/+8.344 (68%)
Set Range of Parameter r To : (-20,100)
Doing initial fit: 

 --- MultiDimFit ---
best fit parameter values and profile-likelihood uncertainties: 
   r :    +9.106   -7.742/+7.922 (68%)
Set Range of Parameter r To : (-20,100)
Doing initial fit: 

 --- MultiDimFit ---
best fit parameter values and profile-likelihood uncertainties: 
   r :   +33.699   -8.664/+7.435 (68%)
Set Range of Parameter r To : (-20,100)
Doing initial fit: 

 --- MultiDimFit ---
best fit parameter values and profile-likelihood uncertainties: 
   r :   +29.523   -9.210/+7.799 (68%)
Set Range of Parameter r To : (-20,100)
Doing initial fit: 

 --- MultiDimFit ---
best fit parameter values and profile-likelihood uncertainties: 
   r :   +29.307   -7.415/+7.900 (68%)
Set Range of Parameter r To : (-20,100)
Doing initial fit: 

 --- MultiDimFit ---
best fit parameter values and profile-likelihood uncertainties: 
   r :   +38.126   -9.601/+10.290 (68%)
Set Range of Parameter r To : (-20,100)
Doing initial fit: 

 --- MultiDimFit ---
best fit parameter values and profile-likelihood uncertainties: 
   r :   +36.838   -9.542/+8.573 (68%)
Set Range of Parameter r To : (-20,100)
Doing initial fit: 

 --- MultiDimFit ---
best fit parameter values and profile-likelihood uncertainties: 
   r :   +39.354   -9.648/+10.047 (68%)
Set Range of Parameter r To : (-20,100)
Doing initial fit: 

 --- MultiDimFit ---
best fit parameter values and profile-likelihood uncertainties: 
   r :   +36.472   -9.012/+8.279 (68%)
Set Range of Parameter r To : (-20,100)
Doing initial fit: 

 --- MultiDimFit ---
best fit parameter values and profile-likelihood uncertainties: 
   r :   +34.879   -9.545/+9.424 (68%)
Set Range of Parameter r To : (-20,100)
Doing initial fit: 

 --- MultiDimFit ---
best fit parameter values and profile-likelihood uncertainties: 
   r :   +47.814   -10.314/+9.929 (68%)
Set Range of Parameter r To : (-20,100)
Doing initial fit: 

 --- MultiDimFit ---
best fit parameter values and profile-likelihood uncertainties: 
   r :   +27.463   -7.268/+8.199 (68%)
Set Range of Parameter r To : (-20,100)
Doing initial fit: 

 --- MultiDimFit ---
best fit parameter values and profile-likelihood uncertainties: 
   r :   +33.030   -8.432/+8.069 (68%)
Set Range of Parameter r To : (-20,100)
Doing initial fit: 

 --- MultiDimFit ---
best fit parameter values and profile-likelihood uncertainties: 
   r :   +24.839   -8.177/+8.173 (68%)
Set Range of Parameter r To : (-20,100)
Doing initial fit: 

 --- MultiDimFit ---
best fit parameter values and profile-likelihood uncertainties: 
   r :   +29.452   -9.341/+8.157 (68%)
Set Range of Parameter r To : (-20,100)
Doing initial fit: 

 --- MultiDimFit ---
best fit parameter values and profile-likelihood uncertainties: 
   r :   +33.658   -9.348/+8.911 (68%)
Set Range of Parameter r To : (-20,100)
Doing initial fit: 

 --- MultiDimFit ---
best fit parameter values and profile-likelihood uncertainties: 
   r :   +22.948   -10.868/+9.192 (68%)
Set Range of Parameter r To : (-20,100)
Doing initial fit: 

 --- MultiDimFit ---
best fit parameter values and profile-likelihood uncertainties: 
   r :   +18.726   -8.716/+7.839 (68%)
Set Range of Parameter r To : (-20,100)
Doing initial fit: 

 --- MultiDimFit ---
best fit parameter values and profile-likelihood uncertainties: 
   r :   +46.644   -8.588/+8.171 (68%)
Set Range of Parameter r To : (-20,100)
Doing initial fit: 

 --- MultiDimFit ---
best fit parameter values and profile-likelihood uncertainties: 
   r :   +16.177   -7.609/+7.903 (68%)
Set Range of Parameter r To : (-20,100)
Doing initial fit: 

 --- MultiDimFit ---
best fit parameter values and profile-likelihood uncertainties: 
   r :   +21.541   -9.378/+8.933 (68%)
Set Range of Parameter r To : (-20,100)
Doing initial fit: 

 --- MultiDimFit ---
best fit parameter values and profile-likelihood uncertainties: 
   r :   +24.135   -10.052/+9.829 (68%)
Set Range of Parameter r To : (-20,100)
Doing initial fit: 

 --- MultiDimFit ---
best fit parameter values and profile-likelihood uncertainties: 
   r :   +38.566   -10.866/+8.414 (68%)
Set Range of Parameter r To : (-20,100)
Doing initial fit: 

 --- MultiDimFit ---
best fit parameter values and profile-likelihood uncertainties: 
   r :   +35.470   -9.697/+9.269 (68%)
Set Range of Parameter r To : (-20,100)
Doing initial fit: 

 --- MultiDimFit ---
best fit parameter values and profile-likelihood uncertainties: 
   r :   +60.049   -10.138/+9.500 (68%)
Set Range of Parameter r To : (-20,100)
Doing initial fit: 

 --- MultiDimFit ---
best fit parameter values and profile-likelihood uncertainties: 
   r :   +26.019   -9.949/+10.233 (68%)
Set Range of Parameter r To : (-20,100)
Doing initial fit: 

 --- MultiDimFit ---
best fit parameter values and profile-likelihood uncertainties: 
   r :   +27.731   -6.614/+6.659 (68%)
Set Range of Parameter r To : (-20,100)
Doing initial fit: 

 --- MultiDimFit ---
best fit parameter values and profile-likelihood uncertainties: 
   r :   +30.435   -9.907/+8.001 (68%)
Set Range of Parameter r To : (-20,100)
Doing initial fit: 

 --- MultiDimFit ---
best fit parameter values and profile-likelihood uncertainties: 
   r :   +23.704   -10.787/+8.371 (68%)
Set Range of Parameter r To : (-20,100)
Doing initial fit: 

 --- MultiDimFit ---
best fit parameter values and profile-likelihood uncertainties: 
   r :   +25.264   -12.764/+7.895 (68%)
Set Range of Parameter r To : (-20,100)
Doing initial fit: 

 --- MultiDimFit ---
best fit parameter values and profile-likelihood uncertainties: 
   r :   +22.317   -9.962/+7.943 (68%)
Set Range of Parameter r To : (-20,100)
Doing initial fit: 

 --- MultiDimFit ---
best fit parameter values and profile-likelihood uncertainties: 
   r :   +39.164   -9.683/+11.476 (68%)
Set Range of Parameter r To : (-20,100)
Doing initial fit: 

 --- MultiDimFit ---
best fit parameter values and profile-likelihood uncertainties: 
   r :   +49.942   -9.714/+9.654 (68%)
Set Range of Parameter r To : (-20,100)
Doing initial fit: 

 --- MultiDimFit ---
best fit parameter values and profile-likelihood uncertainties: 
   r :   +20.898   -10.350/+10.420 (68%)
Set Range of Parameter r To : (-20,100)
Doing initial fit: 

 --- MultiDimFit ---
best fit parameter values and profile-likelihood uncertainties: 
   r :   +26.407   -7.080/+8.200 (68%)
Set Range of Parameter r To : (-20,100)
Doing initial fit: 

 --- MultiDimFit ---
best fit parameter values and profile-likelihood uncertainties: 
   r :   +24.035   -8.764/+8.017 (68%)
Set Range of Parameter r To : (-20,100)
Doing initial fit: 

 --- MultiDimFit ---
best fit parameter values and profile-likelihood uncertainties: 
   r :   +36.414   -9.387/+8.485 (68%)
Set Range of Parameter r To : (-20,100)
Doing initial fit: 

 --- MultiDimFit ---
best fit parameter values and profile-likelihood uncertainties: 
   r :   +17.763   -11.297/+9.160 (68%)
Set Range of Parameter r To : (-20,100)
Doing initial fit: 

 --- MultiDimFit ---
best fit parameter values and profile-likelihood uncertainties: 
   r :   +31.686   -10.305/+9.707 (68%)
Set Range of Parameter r To : (-20,100)
Doing initial fit: 

 --- MultiDimFit ---
best fit parameter values and profile-likelihood uncertainties: 
   r :   +42.352   -9.518/+8.820 (68%)
Set Range of Parameter r To : (-20,100)
Doing initial fit: 

 --- MultiDimFit ---
best fit parameter values and profile-likelihood uncertainties: 
   r :   +18.098   -8.754/+8.011 (68%)
Set Range of Parameter r To : (-20,100)
Doing initial fit: 

 --- MultiDimFit ---
best fit parameter values and profile-likelihood uncertainties: 
   r :   +41.956   -7.993/+8.122 (68%)
Set Range of Parameter r To : (-20,100)
Doing initial fit: 

 --- MultiDimFit ---
best fit parameter values and profile-likelihood uncertainties: 
   r :   +40.039   -9.547/+8.684 (68%)
Set Range of Parameter r To : (-20,100)
Doing initial fit: 

 --- MultiDimFit ---
best fit parameter values and profile-likelihood uncertainties: 
   r :   +38.666   -8.858/+7.591 (68%)
Set Range of Parameter r To : (-20,100)
Doing initial fit: 

 --- MultiDimFit ---
best fit parameter values and profile-likelihood uncertainties: 
   r :   +37.467   -8.426/+8.053 (68%)
Set Range of Parameter r To : (-20,100)
Doing initial fit: 

 --- MultiDimFit ---
best fit parameter values and profile-likelihood uncertainties: 
   r :   +26.277   -9.383/+8.729 (68%)
Set Range of Parameter r To : (-20,100)
Doing initial fit: 

 --- MultiDimFit ---
best fit parameter values and profile-likelihood uncertainties: 
   r :   +37.339   -9.594/+10.190 (68%)
Set Range of Parameter r To : (-20,100)
Doing initial fit: 

 --- MultiDimFit ---
best fit parameter values and profile-likelihood uncertainties: 
   r :   +29.002   -9.459/+9.356 (68%)
Set Range of Parameter r To : (-20,100)
Doing initial fit: 

 --- MultiDimFit ---
best fit parameter values and profile-likelihood uncertainties: 
   r :   +30.156   -8.708/+7.967 (68%)
Set Range of Parameter r To : (-20,100)
Doing initial fit: 

 --- MultiDimFit ---
best fit parameter values and profile-likelihood uncertainties: 
   r :   +30.083   -10.185/+9.748 (68%)
Set Range of Parameter r To : (-20,100)
Doing initial fit: 

 --- MultiDimFit ---
best fit parameter values and profile-likelihood uncertainties: 
   r :   +26.936   -10.036/+10.683 (68%)
Set Range of Parameter r To : (-20,100)
Doing initial fit: 

 --- MultiDimFit ---
best fit parameter values and profile-likelihood uncertainties: 
   r :   +29.236   -9.531/+7.701 (68%)
Set Range of Parameter r To : (-20,100)
Doing initial fit: 

 --- MultiDimFit ---
best fit parameter values and profile-likelihood uncertainties: 
   r :   +36.401   -7.723/+7.769 (68%)
Set Range of Parameter r To : (-20,100)
Doing initial fit: 

 --- MultiDimFit ---
best fit parameter values and profile-likelihood uncertainties: 
   r :   +19.309   -8.786/+7.184 (68%)
Set Range of Parameter r To : (-20,100)
Doing initial fit: 

 --- MultiDimFit ---
best fit parameter values and profile-likelihood uncertainties: 
   r :   +33.075   -9.785/+9.633 (68%)
Set Range of Parameter r To : (-20,100)
Doing initial fit: 

 --- MultiDimFit ---
best fit parameter values and profile-likelihood uncertainties: 
   r :   +28.241   -7.822/+7.476 (68%)
Set Range of Parameter r To : (-20,100)
Doing initial fit: 

 --- MultiDimFit ---
best fit parameter values and profile-likelihood uncertainties: 
   r :   +43.474   -9.542/+10.058 (68%)
Set Range of Parameter r To : (-20,100)
Doing initial fit: 

 --- MultiDimFit ---
best fit parameter values and profile-likelihood uncertainties: 
   r :   +37.191   -8.776/+8.105 (68%)
Set Range of Parameter r To : (-20,100)
Doing initial fit: 

 --- MultiDimFit ---
best fit parameter values and profile-likelihood uncertainties: 
   r :   +23.864   -9.098/+8.285 (68%)
Set Range of Parameter r To : (-20,100)
Doing initial fit: 

 --- MultiDimFit ---
best fit parameter values and profile-likelihood uncertainties: 
   r :   +30.442   -9.307/+8.386 (68%)
Set Range of Parameter r To : (-20,100)
Doing initial fit: 

 --- MultiDimFit ---
best fit parameter values and profile-likelihood uncertainties: 
   r :   +44.085   -9.886/+11.098 (68%)
Set Range of Parameter r To : (-20,100)
Doing initial fit: 

 --- MultiDimFit ---
best fit parameter values and profile-likelihood uncertainties: 
   r :   +42.226   -7.804/+8.053 (68%)
Set Range of Parameter r To : (-20,100)
Doing initial fit: 

 --- MultiDimFit ---
best fit parameter values and profile-likelihood uncertainties: 
   r :   +20.065   -12.175/+7.576 (68%)
Set Range of Parameter r To : (-20,100)
Doing initial fit: 

 --- MultiDimFit ---
best fit parameter values and profile-likelihood uncertainties: 
   r :   +26.148   -11.889/+8.002 (68%)
Set Range of Parameter r To : (-20,100)
Doing initial fit: 

 --- MultiDimFit ---
best fit parameter values and profile-likelihood uncertainties: 
   r :   +29.209   -9.518/+10.978 (68%)
Set Range of Parameter r To : (-20,100)
Doing initial fit: 

 --- MultiDimFit ---
best fit parameter values and profile-likelihood uncertainties: 
   r :   +21.688   -8.787/+7.934 (68%)
Set Range of Parameter r To : (-20,100)
Doing initial fit: 

 

 ---------------------------

 WARNING: MultiDimFit failed

 ---------------------------

 
Set Range of Parameter r To : (-20,100)
Doing initial fit: 

 --- MultiDimFit ---
best fit parameter values and profile-likelihood uncertainties: 
   r :   +35.215   -9.415/+8.078 (68%)
Set Range of Parameter r To : (-20,100)
Doing initial fit: 

 --- MultiDimFit ---
best fit parameter values and profile-likelihood uncertainties: 
   r :   +35.376   -9.396/+8.154 (68%)
Set Range of Parameter r To : (-20,100)
Doing initial fit: 

 --- MultiDimFit ---
best fit parameter values and profile-likelihood uncertainties: 
   r :   +27.946   -7.349/+8.090 (68%)
Set Range of Parameter r To : (-20,100)
Doing initial fit: 

 --- MultiDimFit ---
best fit parameter values and profile-likelihood uncertainties: 
   r :   +33.706   -10.527/+10.389 (68%)
Set Range of Parameter r To : (-20,100)
Doing initial fit: 

 --- MultiDimFit ---
best fit parameter values and profile-likelihood uncertainties: 
   r :   +26.191   -8.333/+7.941 (68%)
Set Range of Parameter r To : (-20,100)
Doing initial fit: 

 --- MultiDimFit ---
best fit parameter values and profile-likelihood uncertainties: 
   r :   +15.514   -9.218/+8.544 (68%)
Set Range of Parameter r To : (-20,100)
Doing initial fit: 

 --- MultiDimFit ---
best fit parameter values and profile-likelihood uncertainties: 
   r :   +21.984   -6.346/+6.768 (68%)
Set Range of Parameter r To : (-20,100)
Doing initial fit: 

 --- MultiDimFit ---
best fit parameter values and profile-likelihood uncertainties: 
   r :   +40.676   -9.579/+9.001 (68%)
Set Range of Parameter r To : (-20,100)
Doing initial fit: 

 --- MultiDimFit ---
best fit parameter values and profile-likelihood uncertainties: 
   r :   +16.553   -9.692/+8.035 (68%)
Set Range of Parameter r To : (-20,100)
Doing initial fit: 

 --- MultiDimFit ---
best fit parameter values and profile-likelihood uncertainties: 
   r :   +27.715   -9.518/+10.448 (68%)
Set Range of Parameter r To : (-20,100)
Doing initial fit: 

 --- MultiDimFit ---
best fit parameter values and profile-likelihood uncertainties: 
   r :   +26.798   -10.409/+9.643 (68%)
Set Range of Parameter r To : (-20,100)
Doing initial fit: 

 --- MultiDimFit ---
best fit parameter values and profile-likelihood uncertainties: 
   r :   +27.747   -10.083/+7.861 (68%)
Set Range of Parameter r To : (-20,100)
Doing initial fit: 

 --- MultiDimFit ---
best fit parameter values and profile-likelihood uncertainties: 
   r :   +31.808   -7.680/+7.923 (68%)
Set Range of Parameter r To : (-20,100)
Doing initial fit: 

 --- MultiDimFit ---
best fit parameter values and profile-likelihood uncertainties: 
   r :   +42.456   -9.782/+9.190 (68%)
Set Range of Parameter r To : (-20,100)
Doing initial fit: 

 --- MultiDimFit ---
best fit parameter values and profile-likelihood uncertainties: 
   r :   +24.934   -8.950/+8.038 (68%)
Set Range of Parameter r To : (-20,100)
Doing initial fit: 

 --- MultiDimFit ---
best fit parameter values and profile-likelihood uncertainties: 
   r :   +44.440   -7.902/+8.119 (68%)
Set Range of Parameter r To : (-20,100)
Doing initial fit: 

 --- MultiDimFit ---
best fit parameter values and profile-likelihood uncertainties: 
   r :   +34.171   -9.426/+8.252 (68%)
Set Range of Parameter r To : (-20,100)
Doing initial fit: 

 --- MultiDimFit ---
best fit parameter values and profile-likelihood uncertainties: 
   r :   +19.469   -8.362/+7.971 (68%)
Set Range of Parameter r To : (-20,100)
Doing initial fit: 

 --- MultiDimFit ---
best fit parameter values and profile-likelihood uncertainties: 
   r :   +28.602   -8.463/+8.142 (68%)
Set Range of Parameter r To : (-20,100)
Doing initial fit: 

 --- MultiDimFit ---
best fit parameter values and profile-likelihood uncertainties: 
   r :   +41.126   -11.101/+8.040 (68%)
Set Range of Parameter r To : (-20,100)
Doing initial fit: 

 --- MultiDimFit ---
best fit parameter values and profile-likelihood uncertainties: 
   r :   +34.022   -9.793/+9.743 (68%)
Set Range of Parameter r To : (-20,100)
Doing initial fit: 

 --- MultiDimFit ---
best fit parameter values and profile-likelihood uncertainties: 
   r :   +44.361   -10.035/+8.168 (68%)
Set Range of Parameter r To : (-20,100)
Doing initial fit: 

 --- MultiDimFit ---
best fit parameter values and profile-likelihood uncertainties: 
   r :   +16.408   -9.533/+8.862 (68%)
Set Range of Parameter r To : (-20,100)
Doing initial fit: 

 --- MultiDimFit ---
best fit parameter values and profile-likelihood uncertainties: 
   r :   +33.296   -9.209/+9.671 (68%)
Set Range of Parameter r To : (-20,100)
Doing initial fit: 

 --- MultiDimFit ---
best fit parameter values and profile-likelihood uncertainties: 
   r :   +25.892   -9.049/+8.120 (68%)
Set Range of Parameter r To : (-20,100)
Doing initial fit: 

 --- MultiDimFit ---
best fit parameter values and profile-likelihood uncertainties: 
   r :   +46.211   -8.916/+8.043 (68%)
Set Range of Parameter r To : (-20,100)
Doing initial fit: 

 --- MultiDimFit ---
best fit parameter values and profile-likelihood uncertainties: 
   r :   +29.410   -8.053/+8.341 (68%)
Set Range of Parameter r To : (-20,100)
Doing initial fit: 

 --- MultiDimFit ---
best fit parameter values and profile-likelihood uncertainties: 
   r :   +24.400   -9.616/+9.543 (68%)
Set Range of Parameter r To : (-20,100)
Doing initial fit: 

 --- MultiDimFit ---
best fit parameter values and profile-likelihood uncertainties: 
   r :   +33.023   -9.202/+8.226 (68%)
Set Range of Parameter r To : (-20,100)
Doing initial fit: 

 --- MultiDimFit ---
best fit parameter values and profile-likelihood uncertainties: 
   r :   +20.582   -9.495/+8.416 (68%)
Set Range of Parameter r To : (-20,100)
Doing initial fit: 

 --- MultiDimFit ---
best fit parameter values and profile-likelihood uncertainties: 
   r :   +45.598   -10.459/+12.907 (68%)
Set Range of Parameter r To : (-20,100)
Doing initial fit: 

 --- MultiDimFit ---
best fit parameter values and profile-likelihood uncertainties: 
   r :   +36.051   -8.918/+8.063 (68%)
Set Range of Parameter r To : (-20,100)
Doing initial fit: 

 --- MultiDimFit ---
best fit parameter values and profile-likelihood uncertainties: 
   r :   +33.895   -9.600/+8.877 (68%)
Set Range of Parameter r To : (-20,100)
Doing initial fit: 

 --- MultiDimFit ---
best fit parameter values and profile-likelihood uncertainties: 
   r :   +32.868   -8.413/+7.787 (68%)
Set Range of Parameter r To : (-20,100)
Doing initial fit: 

 --- MultiDimFit ---
best fit parameter values and profile-likelihood uncertainties: 
   r :   +36.456   -8.023/+7.976 (68%)
Set Range of Parameter r To : (-20,100)
Doing initial fit: 

 --- MultiDimFit ---
best fit parameter values and profile-likelihood uncertainties: 
   r :   +16.799   -8.263/+8.135 (68%)
Set Range of Parameter r To : (-20,100)
Doing initial fit: 

 --- MultiDimFit ---
best fit parameter values and profile-likelihood uncertainties: 
   r :   +25.209   -8.997/+7.334 (68%)
Set Range of Parameter r To : (-20,100)
Doing initial fit: 

 --- MultiDimFit ---
best fit parameter values and profile-likelihood uncertainties: 
   r :   +27.902   -9.245/+8.203 (68%)
Set Range of Parameter r To : (-20,100)
Doing initial fit: 

 --- MultiDimFit ---
best fit parameter values and profile-likelihood uncertainties: 
   r :   +29.999   -9.488/+8.868 (68%)
Set Range of Parameter r To : (-20,100)
Doing initial fit: 

 --- MultiDimFit ---
best fit parameter values and profile-likelihood uncertainties: 
   r :   +33.369   -7.909/+8.175 (68%)
Set Range of Parameter r To : (-20,100)
Doing initial fit: 

 --- MultiDimFit ---
best fit parameter values and profile-likelihood uncertainties: 
   r :   +17.871   -9.408/+9.867 (68%)
Set Range of Parameter r To : (-20,100)
Doing initial fit: 

 --- MultiDimFit ---
best fit parameter values and profile-likelihood uncertainties: 
   r :   +20.313   -10.412/+10.618 (68%)
Set Range of Parameter r To : (-20,100)
Doing initial fit: 

 --- MultiDimFit ---
best fit parameter values and profile-likelihood uncertainties: 
   r :   +23.308   -9.587/+10.205 (68%)
Set Range of Parameter r To : (-20,100)
Doing initial fit: 

 --- MultiDimFit ---
best fit parameter values and profile-likelihood uncertainties: 
   r :   +23.383   -10.319/+10.339 (68%)
Set Range of Parameter r To : (-20,100)
Doing initial fit: 

 --- MultiDimFit ---
best fit parameter values and profile-likelihood uncertainties: 
   r :   +47.023   -9.887/+8.594 (68%)
Set Range of Parameter r To : (-20,100)
Doing initial fit: 

 --- MultiDimFit ---
best fit parameter values and profile-likelihood uncertainties: 
   r :   +30.762   -8.831/+11.523 (68%)
Set Range of Parameter r To : (-20,100)
Doing initial fit: 

 --- MultiDimFit ---
best fit parameter values and profile-likelihood uncertainties: 
   r :   +21.494   -8.201/+7.599 (68%)
Set Range of Parameter r To : (-20,100)
Doing initial fit: 

 --- MultiDimFit ---
best fit parameter values and profile-likelihood uncertainties: 
   r :   +29.910   -9.596/+9.254 (68%)
Set Range of Parameter r To : (-20,100)
Doing initial fit: 

 --- MultiDimFit ---
best fit parameter values and profile-likelihood uncertainties: 
   r :   +50.440   -9.685/+8.648 (68%)
Set Range of Parameter r To : (-20,100)
Doing initial fit: 

 --- MultiDimFit ---
best fit parameter values and profile-likelihood uncertainties: 
   r :   +24.337   -9.874/+10.093 (68%)
Set Range of Parameter r To : (-20,100)
Doing initial fit: 

 --- MultiDimFit ---
best fit parameter values and profile-likelihood uncertainties: 
   r :   +25.960   -10.277/+9.928 (68%)
Set Range of Parameter r To : (-20,100)
Doing initial fit: 

 --- MultiDimFit ---
best fit parameter values and profile-likelihood uncertainties: 
   r :   +32.804   -7.393/+7.709 (68%)
Set Range of Parameter r To : (-20,100)
Doing initial fit: 

 --- MultiDimFit ---
best fit parameter values and profile-likelihood uncertainties: 
   r :   +30.220   -9.504/+9.504 (68%)
Set Range of Parameter r To : (-20,100)
Doing initial fit: 

 --- MultiDimFit ---
best fit parameter values and profile-likelihood uncertainties: 
   r :   +31.450   -9.384/+8.323 (68%)
Set Range of Parameter r To : (-20,100)
Doing initial fit: 

 --- MultiDimFit ---
best fit parameter values and profile-likelihood uncertainties: 
   r :   +39.866   -11.538/+7.811 (68%)
Set Range of Parameter r To : (-20,100)
Doing initial fit: 

 --- MultiDimFit ---
best fit parameter values and profile-likelihood uncertainties: 
   r :   +50.191   -9.896/+9.310 (68%)
Set Range of Parameter r To : (-20,100)
Doing initial fit: 

 --- MultiDimFit ---
best fit parameter values and profile-likelihood uncertainties: 
   r :   +32.124   -9.663/+8.843 (68%)
Set Range of Parameter r To : (-20,100)
Doing initial fit: 

 --- MultiDimFit ---
best fit parameter values and profile-likelihood uncertainties: 
   r :   +31.315   -8.977/+8.255 (68%)
Set Range of Parameter r To : (-20,100)
Doing initial fit: 

 --- MultiDimFit ---
best fit parameter values and profile-likelihood uncertainties: 
   r :   +31.650   -9.409/+8.839 (68%)
Set Range of Parameter r To : (-20,100)
Doing initial fit: 

 --- MultiDimFit ---
best fit parameter values and profile-likelihood uncertainties: 
   r :   +26.721   -8.624/+8.125 (68%)
Set Range of Parameter r To : (-20,100)
Doing initial fit: 

 --- MultiDimFit ---
best fit parameter values and profile-likelihood uncertainties: 
   r :   +35.488   -9.964/+9.558 (68%)
Set Range of Parameter r To : (-20,100)
Doing initial fit: 

 --- MultiDimFit ---
best fit parameter values and profile-likelihood uncertainties: 
   r :   +43.365   -8.865/+8.237 (68%)
Set Range of Parameter r To : (-20,100)
Doing initial fit: 

 --- MultiDimFit ---
best fit parameter values and profile-likelihood uncertainties: 
   r :   +28.012   -7.819/+7.214 (68%)
Set Range of Parameter r To : (-20,100)
Doing initial fit: 

 --- MultiDimFit ---
best fit parameter values and profile-likelihood uncertainties: 
   r :   +28.494   -8.767/+7.924 (68%)
Set Range of Parameter r To : (-20,100)
Doing initial fit: 

 --- MultiDimFit ---
best fit parameter values and profile-likelihood uncertainties: 
   r :   +39.101   -10.523/+8.360 (68%)
Set Range of Parameter r To : (-20,100)
Doing initial fit: 

 --- MultiDimFit ---
best fit parameter values and profile-likelihood uncertainties: 
   r :   +19.540   -9.514/+10.309 (68%)
Set Range of Parameter r To : (-20,100)
Doing initial fit: 

 --- MultiDimFit ---
best fit parameter values and profile-likelihood uncertainties: 
   r :   +22.051   -10.021/+10.182 (68%)
Set Range of Parameter r To : (-20,100)
Doing initial fit: 

 --- MultiDimFit ---
best fit parameter values and profile-likelihood uncertainties: 
   r :   +45.549   -9.268/+8.529 (68%)
Set Range of Parameter r To : (-20,100)
Doing initial fit: 

 --- MultiDimFit ---
best fit parameter values and profile-likelihood uncertainties: 
   r :   +28.606   -10.091/+9.864 (68%)
Set Range of Parameter r To : (-20,100)
Doing initial fit: 

 --- MultiDimFit ---
best fit parameter values and profile-likelihood uncertainties: 
   r :   +23.516   -10.411/+9.798 (68%)
Set Range of Parameter r To : (-20,100)
Doing initial fit: 

 --- MultiDimFit ---
best fit parameter values and profile-likelihood uncertainties: 
   r :   +27.552   -9.037/+8.176 (68%)
Set Range of Parameter r To : (-20,100)
Doing initial fit: 

 --- MultiDimFit ---
best fit parameter values and profile-likelihood uncertainties: 
   r :   +15.231   -7.913/+7.981 (68%)
Set Range of Parameter r To : (-20,100)
Doing initial fit: 

 --- MultiDimFit ---
best fit parameter values and profile-likelihood uncertainties: 
   r :   +38.425   -9.157/+8.187 (68%)
Set Range of Parameter r To : (-20,100)
Doing initial fit: 

 --- MultiDimFit ---
best fit parameter values and profile-likelihood uncertainties: 
   r :   +30.157   -7.407/+8.165 (68%)
Set Range of Parameter r To : (-20,100)
Doing initial fit: 

 --- MultiDimFit ---
best fit parameter values and profile-likelihood uncertainties: 
   r :   +19.866   -8.247/+7.910 (68%)
Set Range of Parameter r To : (-20,100)
Doing initial fit: 

 --- MultiDimFit ---
best fit parameter values and profile-likelihood uncertainties: 
   r :   +31.046   -10.000/+9.462 (68%)
Set Range of Parameter r To : (-20,100)
Doing initial fit: 

 --- MultiDimFit ---
best fit parameter values and profile-likelihood uncertainties: 
   r :   +31.249   -8.849/+8.102 (68%)
Set Range of Parameter r To : (-20,100)
Doing initial fit: 

 --- MultiDimFit ---
best fit parameter values and profile-likelihood uncertainties: 
   r :   +33.940   -7.447/+8.110 (68%)
Set Range of Parameter r To : (-20,100)
Doing initial fit: 

 --- MultiDimFit ---
best fit parameter values and profile-likelihood uncertainties: 
   r :   +20.944   -9.440/+9.373 (68%)
Set Range of Parameter r To : (-20,100)
Doing initial fit: 

 --- MultiDimFit ---
best fit parameter values and profile-likelihood uncertainties: 
   r :   +29.462   -8.668/+7.986 (68%)
Set Range of Parameter r To : (-20,100)
Doing initial fit: 

 --- MultiDimFit ---
best fit parameter values and profile-likelihood uncertainties: 
   r :   +36.922   -8.922/+8.132 (68%)
Set Range of Parameter r To : (-20,100)
Doing initial fit: 

 --- MultiDimFit ---
best fit parameter values and profile-likelihood uncertainties: 
   r :   +45.420   -10.412/+8.488 (68%)
Set Range of Parameter r To : (-20,100)
Doing initial fit: 

 --- MultiDimFit ---
best fit parameter values and profile-likelihood uncertainties: 
   r :   +36.878   -9.604/+8.964 (68%)
Set Range of Parameter r To : (-20,100)
Doing initial fit: 

 --- MultiDimFit ---
best fit parameter values and profile-likelihood uncertainties: 
   r :   +17.738   -9.572/+8.029 (68%)
Set Range of Parameter r To : (-20,100)
Doing initial fit: 

 --- MultiDimFit ---
best fit parameter values and profile-likelihood uncertainties: 
   r :   +32.184   -9.359/+8.985 (68%)
Set Range of Parameter r To : (-20,100)
Doing initial fit: 

 --- MultiDimFit ---
best fit parameter values and profile-likelihood uncertainties: 
   r :   +22.899   -8.061/+8.222 (68%)
Set Range of Parameter r To : (-20,100)
Doing initial fit: 

 --- MultiDimFit ---
best fit parameter values and profile-likelihood uncertainties: 
   r :   +24.750   -9.572/+9.437 (68%)
Set Range of Parameter r To : (-20,100)
Doing initial fit: 

 --- MultiDimFit ---
best fit parameter values and profile-likelihood uncertainties: 
   r :   +21.182   -8.100/+8.157 (68%)
Set Range of Parameter r To : (-20,100)
Doing initial fit: 

 --- MultiDimFit ---
best fit parameter values and profile-likelihood uncertainties: 
   r :   +44.392   -9.795/+10.201 (68%)
Set Range of Parameter r To : (-20,100)
Doing initial fit: 

 --- MultiDimFit ---
best fit parameter values and profile-likelihood uncertainties: 
   r :   +33.937   -8.753/+8.153 (68%)
Set Range of Parameter r To : (-20,100)
Doing initial fit: 

 --- MultiDimFit ---
best fit parameter values and profile-likelihood uncertainties: 
   r :   +35.671   -7.687/+7.331 (68%)
Set Range of Parameter r To : (-20,100)
Doing initial fit: 

 --- MultiDimFit ---
best fit parameter values and profile-likelihood uncertainties: 
   r :   +19.646   -10.817/+9.197 (68%)
Set Range of Parameter r To : (-20,100)
Doing initial fit: 

 --- MultiDimFit ---
best fit parameter values and profile-likelihood uncertainties: 
   r :   +22.174   -9.444/+10.014 (68%)
Set Range of Parameter r To : (-20,100)
Doing initial fit: 

 --- MultiDimFit ---
best fit parameter values and profile-likelihood uncertainties: 
   r :   +40.449   -7.281/+7.957 (68%)
Set Range of Parameter r To : (-20,100)
Doing initial fit: 

 --- MultiDimFit ---
best fit parameter values and profile-likelihood uncertainties: 
   r :   +20.230   -9.254/+7.791 (68%)
Set Range of Parameter r To : (-20,100)
Doing initial fit: 

 --- MultiDimFit ---
best fit parameter values and profile-likelihood uncertainties: 
   r :   +34.030   -9.516/+9.228 (68%)
Set Range of Parameter r To : (-20,100)
Doing initial fit: 

 --- MultiDimFit ---
best fit parameter values and profile-likelihood uncertainties: 
   r :   +30.940   -9.489/+9.349 (68%)
Set Range of Parameter r To : (-20,100)
Doing initial fit: 

 --- MultiDimFit ---
best fit parameter values and profile-likelihood uncertainties: 
   r :   +20.218   -8.405/+7.673 (68%)
Set Range of Parameter r To : (-20,100)
Doing initial fit: 

 --- MultiDimFit ---
best fit parameter values and profile-likelihood uncertainties: 
   r :   +25.040   -10.752/+9.673 (68%)
Set Range of Parameter r To : (-20,100)
Doing initial fit: 

 --- MultiDimFit ---
best fit parameter values and profile-likelihood uncertainties: 
   r :   +20.392   -8.181/+7.861 (68%)
Set Range of Parameter r To : (-20,100)
Doing initial fit: 

 --- MultiDimFit ---
best fit parameter values and profile-likelihood uncertainties: 
   r :   +28.007   -9.601/+11.883 (68%)
Set Range of Parameter r To : (-20,100)
Doing initial fit: 

 --- MultiDimFit ---
best fit parameter values and profile-likelihood uncertainties: 
   r :   +42.328   -8.919/+7.849 (68%)
Set Range of Parameter r To : (-20,100)
Doing initial fit: 

 --- MultiDimFit ---
best fit parameter values and profile-likelihood uncertainties: 
   r :   +41.296   -8.722/+8.052 (68%)
Set Range of Parameter r To : (-20,100)
Doing initial fit: 

 --- MultiDimFit ---
best fit parameter values and profile-likelihood uncertainties: 
   r :   +35.373   -11.579/+7.957 (68%)
Set Range of Parameter r To : (-20,100)
Doing initial fit: 

 --- MultiDimFit ---
best fit parameter values and profile-likelihood uncertainties: 
   r :   +23.761   -6.586/+7.842 (68%)
Set Range of Parameter r To : (-20,100)
Doing initial fit: 

 --- MultiDimFit ---
best fit parameter values and profile-likelihood uncertainties: 
   r :   +35.997   -7.804/+7.894 (68%)
Set Range of Parameter r To : (-20,100)
Doing initial fit: 

 --- MultiDimFit ---
best fit parameter values and profile-likelihood uncertainties: 
   r :   +31.629   -9.515/+10.887 (68%)
Set Range of Parameter r To : (-20,100)
Doing initial fit: 

 --- MultiDimFit ---
best fit parameter values and profile-likelihood uncertainties: 
   r :   +29.077   -7.437/+7.400 (68%)
Set Range of Parameter r To : (-20,100)
Doing initial fit: 

 --- MultiDimFit ---
best fit parameter values and profile-likelihood uncertainties: 
   r :   +18.580   -10.192/+10.498 (68%)
Set Range of Parameter r To : (-20,100)
Doing initial fit: 

 --- MultiDimFit ---
best fit parameter values and profile-likelihood uncertainties: 
   r :   +31.287   -9.003/+8.170 (68%)
Set Range of Parameter r To : (-20,100)
Doing initial fit: 

 --- MultiDimFit ---
best fit parameter values and profile-likelihood uncertainties: 
   r :   +37.435   -9.881/+9.369 (68%)
Set Range of Parameter r To : (-20,100)
Doing initial fit: 

 --- MultiDimFit ---
best fit parameter values and profile-likelihood uncertainties: 
   r :   +38.879   -10.256/+9.969 (68%)
Set Range of Parameter r To : (-20,100)
Doing initial fit: 

 --- MultiDimFit ---
best fit parameter values and profile-likelihood uncertainties: 
   r :   +25.089   -9.442/+7.842 (68%)
Set Range of Parameter r To : (-20,100)
Doing initial fit: 

 --- MultiDimFit ---
best fit parameter values and profile-likelihood uncertainties: 
   r :   +36.314   -10.004/+8.296 (68%)
Set Range of Parameter r To : (-20,100)
Doing initial fit: 

 --- MultiDimFit ---
best fit parameter values and profile-likelihood uncertainties: 
   r :   +35.831   -7.801/+6.947 (68%)
Set Range of Parameter r To : (-20,100)
Doing initial fit: 

 --- MultiDimFit ---
best fit parameter values and profile-likelihood uncertainties: 
   r :   +35.379   -7.040/+7.696 (68%)
Set Range of Parameter r To : (-20,100)
Doing initial fit: 

 --- MultiDimFit ---
best fit parameter values and profile-likelihood uncertainties: 
   r :   +33.743   -7.652/+7.352 (68%)
Set Range of Parameter r To : (-20,100)
Doing initial fit: 

 --- MultiDimFit ---
best fit parameter values and profile-likelihood uncertainties: 
   r :   +43.415   -9.835/+8.876 (68%)
Set Range of Parameter r To : (-20,100)
Doing initial fit: 

 --- MultiDimFit ---
best fit parameter values and profile-likelihood uncertainties: 
   r :   +35.121   -8.021/+8.091 (68%)
Set Range of Parameter r To : (-20,100)
Doing initial fit: 

 --- MultiDimFit ---
best fit parameter values and profile-likelihood uncertainties: 
   r :   +32.312   -8.217/+7.323 (68%)
Set Range of Parameter r To : (-20,100)
Doing initial fit: 

 --- MultiDimFit ---
best fit parameter values and profile-likelihood uncertainties: 
   r :   +31.407   -8.022/+7.915 (68%)
Set Range of Parameter r To : (-20,100)
Doing initial fit: 

 --- MultiDimFit ---
best fit parameter values and profile-likelihood uncertainties: 
   r :   +28.206   -9.637/+9.644 (68%)
Set Range of Parameter r To : (-20,100)
Doing initial fit: 

 --- MultiDimFit ---
best fit parameter values and profile-likelihood uncertainties: 
   r :   +40.297   -9.799/+8.879 (68%)
Set Range of Parameter r To : (-20,100)
Doing initial fit: 

 --- MultiDimFit ---
best fit parameter values and profile-likelihood uncertainties: 
   r :   +40.716   -9.419/+8.803 (68%)
Set Range of Parameter r To : (-20,100)
Doing initial fit: 

 --- MultiDimFit ---
best fit parameter values and profile-likelihood uncertainties: 
   r :   +30.448   -11.210/+9.683 (68%)
Set Range of Parameter r To : (-20,100)
Doing initial fit: 

 --- MultiDimFit ---
best fit parameter values and profile-likelihood uncertainties: 
   r :   +32.236   -9.531/+7.919 (68%)
Set Range of Parameter r To : (-20,100)
Doing initial fit: 

 --- MultiDimFit ---
best fit parameter values and profile-likelihood uncertainties: 
   r :   +29.944   -10.505/+8.117 (68%)
Set Range of Parameter r To : (-20,100)
Doing initial fit: 

 --- MultiDimFit ---
best fit parameter values and profile-likelihood uncertainties: 
   r :   +39.399   -10.938/+10.107 (68%)
Set Range of Parameter r To : (-20,100)
Doing initial fit: 

 --- MultiDimFit ---
best fit parameter values and profile-likelihood uncertainties: 
   r :   +42.335   -8.711/+7.788 (68%)
Set Range of Parameter r To : (-20,100)
Doing initial fit: 

 --- MultiDimFit ---
best fit parameter values and profile-likelihood uncertainties: 
   r :   +22.980   -10.417/+10.867 (68%)
Set Range of Parameter r To : (-20,100)
Doing initial fit: 

 --- MultiDimFit ---
best fit parameter values and profile-likelihood uncertainties: 
   r :   +33.594   -7.545/+8.264 (68%)
Set Range of Parameter r To : (-20,100)
Doing initial fit: 

 --- MultiDimFit ---
best fit parameter values and profile-likelihood uncertainties: 
   r :   +41.186   -10.289/+9.887 (68%)
Set Range of Parameter r To : (-20,100)
Doing initial fit: 

 --- MultiDimFit ---
best fit parameter values and profile-likelihood uncertainties: 
   r :   +34.031   -9.237/+8.209 (68%)
Set Range of Parameter r To : (-20,100)
Doing initial fit: 

 --- MultiDimFit ---
best fit parameter values and profile-likelihood uncertainties: 
   r :   +32.735   -10.604/+10.394 (68%)
Set Range of Parameter r To : (-20,100)
Doing initial fit: 

 --- MultiDimFit ---
best fit parameter values and profile-likelihood uncertainties: 
   r :   +33.344   -9.456/+8.961 (68%)
Set Range of Parameter r To : (-20,100)
Doing initial fit: 

 --- MultiDimFit ---
best fit parameter values and profile-likelihood uncertainties: 
   r :   +29.948   -8.202/+8.031 (68%)
Set Range of Parameter r To : (-20,100)
Doing initial fit: 

 --- MultiDimFit ---
best fit parameter values and profile-likelihood uncertainties: 
   r :   +11.899   -10.455/+9.463 (68%)
Set Range of Parameter r To : (-20,100)
Doing initial fit: 

 --- MultiDimFit ---
best fit parameter values and profile-likelihood uncertainties: 
   r :   +37.196   -7.593/+8.017 (68%)
Set Range of Parameter r To : (-20,100)
Doing initial fit: 

 --- MultiDimFit ---
best fit parameter values and profile-likelihood uncertainties: 
   r :   +32.968   -10.187/+11.027 (68%)
Set Range of Parameter r To : (-20,100)
Doing initial fit: 

 

 ---------------------------

 WARNING: MultiDimFit failed

 ---------------------------

 
Set Range of Parameter r To : (-20,100)
Doing initial fit: 

 --- MultiDimFit ---
best fit parameter values and profile-likelihood uncertainties: 
   r :   +34.461   -9.316/+8.064 (68%)
Set Range of Parameter r To : (-20,100)
Doing initial fit: 

 --- MultiDimFit ---
best fit parameter values and profile-likelihood uncertainties: 
   r :   +30.244   -8.645/+7.724 (68%)
Set Range of Parameter r To : (-20,100)
Doing initial fit: 

 --- MultiDimFit ---
best fit parameter values and profile-likelihood uncertainties: 
   r :   +42.262   -9.424/+9.724 (68%)
Set Range of Parameter r To : (-20,100)
Doing initial fit: 

 --- MultiDimFit ---
best fit parameter values and profile-likelihood uncertainties: 
   r :   +28.800   -10.117/+8.330 (68%)
Set Range of Parameter r To : (-20,100)
Doing initial fit: 

 --- MultiDimFit ---
best fit parameter values and profile-likelihood uncertainties: 
   r :   +28.923   -9.653/+9.808 (68%)
Set Range of Parameter r To : (-20,100)
Doing initial fit: 

 --- MultiDimFit ---
best fit parameter values and profile-likelihood uncertainties: 
   r :   +44.503   -9.127/+8.319 (68%)
Set Range of Parameter r To : (-20,100)
Doing initial fit: 

 --- MultiDimFit ---
best fit parameter values and profile-likelihood uncertainties: 
   r :   +22.388   -10.812/+7.946 (68%)
Set Range of Parameter r To : (-20,100)
Doing initial fit: 

 --- MultiDimFit ---
best fit parameter values and profile-likelihood uncertainties: 
   r :   +18.443   -9.500/+9.577 (68%)
Set Range of Parameter r To : (-20,100)
Doing initial fit: 

 --- MultiDimFit ---
best fit parameter values and profile-likelihood uncertainties: 
   r :   +33.289   -8.950/+7.700 (68%)
Set Range of Parameter r To : (-20,100)
Doing initial fit: 

 --- MultiDimFit ---
best fit parameter values and profile-likelihood uncertainties: 
   r :   +22.389   -9.451/+9.089 (68%)
Set Range of Parameter r To : (-20,100)
Doing initial fit: 

 --- MultiDimFit ---
best fit parameter values and profile-likelihood uncertainties: 
   r :   +31.398   -6.797/+7.549 (68%)
Set Range of Parameter r To : (-20,100)
Doing initial fit: 

 --- MultiDimFit ---
best fit parameter values and profile-likelihood uncertainties: 
   r :   +31.319   -9.141/+7.894 (68%)
Set Range of Parameter r To : (-20,100)
Doing initial fit: 

 --- MultiDimFit ---
best fit parameter values and profile-likelihood uncertainties: 
   r :   +23.331   -7.720/+7.784 (68%)
Set Range of Parameter r To : (-20,100)
Doing initial fit: 

 --- MultiDimFit ---
best fit parameter values and profile-likelihood uncertainties: 
   r :   +31.243   -9.429/+8.555 (68%)
Set Range of Parameter r To : (-20,100)
Doing initial fit: 

 --- MultiDimFit ---
best fit parameter values and profile-likelihood uncertainties: 
   r :   +26.332   -9.395/+8.339 (68%)
Set Range of Parameter r To : (-20,100)
Doing initial fit: 

 --- MultiDimFit ---
best fit parameter values and profile-likelihood uncertainties: 
   r :   +30.075   -11.358/+7.779 (68%)
Set Range of Parameter r To : (-20,100)
Doing initial fit: 

 --- MultiDimFit ---
best fit parameter values and profile-likelihood uncertainties: 
   r :   +41.310   -11.245/+7.831 (68%)
Set Range of Parameter r To : (-20,100)
Doing initial fit: 

 --- MultiDimFit ---
best fit parameter values and profile-likelihood uncertainties: 
   r :   +26.219   -9.405/+9.522 (68%)
Set Range of Parameter r To : (-20,100)
Doing initial fit: 

 --- MultiDimFit ---
best fit parameter values and profile-likelihood uncertainties: 
   r :   +21.954   -9.069/+8.120 (68%)
Set Range of Parameter r To : (-20,100)
Doing initial fit: 

 --- MultiDimFit ---
best fit parameter values and profile-likelihood uncertainties: 
   r :   +46.948   -7.808/+8.337 (68%)
Set Range of Parameter r To : (-20,100)
Doing initial fit: 

 --- MultiDimFit ---
best fit parameter values and profile-likelihood uncertainties: 
   r :   +17.573   -9.505/+9.064 (68%)
Set Range of Parameter r To : (-20,100)
Doing initial fit: 

 --- MultiDimFit ---
best fit parameter values and profile-likelihood uncertainties: 
   r :   +20.330   -8.823/+7.989 (68%)
Set Range of Parameter r To : (-20,100)
Doing initial fit: 

 --- MultiDimFit ---
best fit parameter values and profile-likelihood uncertainties: 
   r :   +37.660   -9.454/+8.013 (68%)
Set Range of Parameter r To : (-20,100)
Doing initial fit: 

 --- MultiDimFit ---
best fit parameter values and profile-likelihood uncertainties: 
   r :   +41.832   -9.727/+10.054 (68%)
Set Range of Parameter r To : (-20,100)
Doing initial fit: 

 --- MultiDimFit ---
best fit parameter values and profile-likelihood uncertainties: 
   r :   +35.488   -10.412/+9.747 (68%)
Set Range of Parameter r To : (-20,100)
Doing initial fit: 

 --- MultiDimFit ---
best fit parameter values and profile-likelihood uncertainties: 
   r :   +22.138   -10.099/+10.366 (68%)
Set Range of Parameter r To : (-20,100)
Doing initial fit: 

 --- MultiDimFit ---
best fit parameter values and profile-likelihood uncertainties: 
   r :   +28.293   -10.108/+9.669 (68%)
Set Range of Parameter r To : (-20,100)
Doing initial fit: 

 --- MultiDimFit ---
best fit parameter values and profile-likelihood uncertainties: 
   r :   +36.466   -9.740/+9.100 (68%)
Set Range of Parameter r To : (-20,100)
Doing initial fit: 

 --- MultiDimFit ---
best fit parameter values and profile-likelihood uncertainties: 
   r :   +15.683   -9.326/+8.768 (68%)
Set Range of Parameter r To : (-20,100)
Doing initial fit: 

 --- MultiDimFit ---
best fit parameter values and profile-likelihood uncertainties: 
   r :   +45.368   -9.883/+9.481 (68%)
Set Range of Parameter r To : (-20,100)
Doing initial fit: 

 --- MultiDimFit ---
best fit parameter values and profile-likelihood uncertainties: 
   r :   +31.102   -9.644/+8.893 (68%)
Set Range of Parameter r To : (-20,100)
Doing initial fit: 

 --- MultiDimFit ---
best fit parameter values and profile-likelihood uncertainties: 
   r :   +45.430   -9.891/+9.382 (68%)
Set Range of Parameter r To : (-20,100)
Doing initial fit: 

 --- MultiDimFit ---
best fit parameter values and profile-likelihood uncertainties: 
   r :   +35.364   -10.061/+10.568 (68%)
Set Range of Parameter r To : (-20,100)
Doing initial fit: 

 --- MultiDimFit ---
best fit parameter values and profile-likelihood uncertainties: 
   r :   +50.997   -9.861/+8.232 (68%)
Set Range of Parameter r To : (-20,100)
Doing initial fit: 

 --- MultiDimFit ---
best fit parameter values and profile-likelihood uncertainties: 
   r :   +20.143   -8.016/+8.156 (68%)
Set Range of Parameter r To : (-20,100)
Doing initial fit: 

 --- MultiDimFit ---
best fit parameter values and profile-likelihood uncertainties: 
   r :   +23.298   -9.399/+8.523 (68%)
Set Range of Parameter r To : (-20,100)
Doing initial fit: 

 --- MultiDimFit ---
best fit parameter values and profile-likelihood uncertainties: 
   r :   +27.921   -9.496/+9.157 (68%)
Set Range of Parameter r To : (-20,100)
Doing initial fit: 

 --- MultiDimFit ---
best fit parameter values and profile-likelihood uncertainties: 
   r :   +38.798   -9.791/+10.529 (68%)
Set Range of Parameter r To : (-20,100)
Doing initial fit: 

 --- MultiDimFit ---
best fit parameter values and profile-likelihood uncertainties: 
   r :   +28.515   -10.346/+9.804 (68%)
Set Range of Parameter r To : (-20,100)
Doing initial fit: 

 --- MultiDimFit ---
best fit parameter values and profile-likelihood uncertainties: 
   r :   +27.314   -9.746/+9.191 (68%)
Set Range of Parameter r To : (-20,100)
Doing initial fit: 

 --- MultiDimFit ---
best fit parameter values and profile-likelihood uncertainties: 
   r :   +20.645   -10.744/+9.410 (68%)
Set Range of Parameter r To : (-20,100)
Doing initial fit: 

 --- MultiDimFit ---
best fit parameter values and profile-likelihood uncertainties: 
   r :   +27.377   -8.838/+8.095 (68%)
Set Range of Parameter r To : (-20,100)
Doing initial fit: 

 

 ---------------------------

 WARNING: MultiDimFit failed

 ---------------------------

 
Set Range of Parameter r To : (-20,100)
Doing initial fit: 

 --- MultiDimFit ---
best fit parameter values and profile-likelihood uncertainties: 
   r :   +31.731   -8.592/+7.959 (68%)
Set Range of Parameter r To : (-20,100)
Doing initial fit: 

 --- MultiDimFit ---
best fit parameter values and profile-likelihood uncertainties: 
   r :   +25.214   -7.939/+7.153 (68%)
Set Range of Parameter r To : (-20,100)
Doing initial fit: 

 --- MultiDimFit ---
best fit parameter values and profile-likelihood uncertainties: 
   r :   +28.823   -9.317/+9.333 (68%)
Set Range of Parameter r To : (-20,100)
Doing initial fit: 

 --- MultiDimFit ---
best fit parameter values and profile-likelihood uncertainties: 
   r :   +29.452   -9.519/+9.779 (68%)
Set Range of Parameter r To : (-20,100)
Doing initial fit: 

 

 ---------------------------

 WARNING: MultiDimFit failed

 ---------------------------

 
Set Range of Parameter r To : (-20,100)
Doing initial fit: 

 --- MultiDimFit ---
best fit parameter values and profile-likelihood uncertainties: 
   r :   +34.970   -9.658/+10.675 (68%)
Set Range of Parameter r To : (-20,100)
Doing initial fit: 

 --- MultiDimFit ---
best fit parameter values and profile-likelihood uncertainties: 
   r :   +24.888   -7.320/+8.174 (68%)
Set Range of Parameter r To : (-20,100)
Doing initial fit: 

 --- MultiDimFit ---
best fit parameter values and profile-likelihood uncertainties: 
   r :   +33.240   -8.700/+7.971 (68%)
Set Range of Parameter r To : (-20,100)
Doing initial fit: 

 --- MultiDimFit ---
best fit parameter values and profile-likelihood uncertainties: 
   r :   +50.226   -11.998/+7.879 (68%)
Set Range of Parameter r To : (-20,100)
Doing initial fit: 

 --- MultiDimFit ---
best fit parameter values and profile-likelihood uncertainties: 
   r :   +33.904   -9.255/+8.144 (68%)
Set Range of Parameter r To : (-20,100)
Doing initial fit: 

 --- MultiDimFit ---
best fit parameter values and profile-likelihood uncertainties: 
   r :   +38.523   -10.424/+9.977 (68%)
Set Range of Parameter r To : (-20,100)
Doing initial fit: 

 --- MultiDimFit ---
best fit parameter values and profile-likelihood uncertainties: 
   r :   +40.364   -9.603/+9.440 (68%)
Set Range of Parameter r To : (-20,100)
Doing initial fit: 

 --- MultiDimFit ---
best fit parameter values and profile-likelihood uncertainties: 
   r :   +39.332   -10.143/+8.236 (68%)
Set Range of Parameter r To : (-20,100)
Doing initial fit: 

 --- MultiDimFit ---
best fit parameter values and profile-likelihood uncertainties: 
   r :   +14.104   -9.909/+10.068 (68%)
Set Range of Parameter r To : (-20,100)
Doing initial fit: 

 --- MultiDimFit ---
best fit parameter values and profile-likelihood uncertainties: 
   r :   +32.250   -10.596/+9.957 (68%)
Set Range of Parameter r To : (-20,100)
Doing initial fit: 

 --- MultiDimFit ---
best fit parameter values and profile-likelihood uncertainties: 
   r :   +17.626   -9.541/+10.030 (68%)
Set Range of Parameter r To : (-20,100)
Doing initial fit: 

 --- MultiDimFit ---
best fit parameter values and profile-likelihood uncertainties: 
   r :   +46.949   -9.771/+10.734 (68%)
Set Range of Parameter r To : (-20,100)
Doing initial fit: 

 --- MultiDimFit ---
best fit parameter values and profile-likelihood uncertainties: 
   r :   +23.623   -9.641/+9.616 (68%)
Set Range of Parameter r To : (-20,100)
Doing initial fit: 

 --- MultiDimFit ---
best fit parameter values and profile-likelihood uncertainties: 
   r :   +33.877   -9.436/+9.435 (68%)
Set Range of Parameter r To : (-20,100)
Doing initial fit: 

 --- MultiDimFit ---
best fit parameter values and profile-likelihood uncertainties: 
   r :   +47.797   -9.379/+8.426 (68%)
Set Range of Parameter r To : (-20,100)
Doing initial fit: 

 --- MultiDimFit ---
best fit parameter values and profile-likelihood uncertainties: 
   r :    +7.424   -8.971/+8.055 (68%)
Set Range of Parameter r To : (-20,100)
Doing initial fit: 

 --- MultiDimFit ---
best fit parameter values and profile-likelihood uncertainties: 
   r :   +21.584   -9.944/+10.610 (68%)
Set Range of Parameter r To : (-20,100)
Doing initial fit: 

 --- MultiDimFit ---
best fit parameter values and profile-likelihood uncertainties: 
   r :   +38.091   -11.575/+7.748 (68%)
Set Range of Parameter r To : (-20,100)
Doing initial fit: 

 --- MultiDimFit ---
best fit parameter values and profile-likelihood uncertainties: 
   r :   +45.405   -9.212/+8.258 (68%)
Set Range of Parameter r To : (-20,100)
Doing initial fit: 

 --- MultiDimFit ---
best fit parameter values and profile-likelihood uncertainties: 
   r :   +40.277   -10.172/+9.985 (68%)
Set Range of Parameter r To : (-20,100)
Doing initial fit: 

 --- MultiDimFit ---
best fit parameter values and profile-likelihood uncertainties: 
   r :   +37.244   -9.391/+8.336 (68%)
Set Range of Parameter r To : (-20,100)
Doing initial fit: 

 --- MultiDimFit ---
best fit parameter values and profile-likelihood uncertainties: 
   r :   +28.157   -9.585/+9.393 (68%)
Set Range of Parameter r To : (-20,100)
Doing initial fit: 

 --- MultiDimFit ---
best fit parameter values and profile-likelihood uncertainties: 
   r :   +20.281   -7.979/+7.725 (68%)
Set Range of Parameter r To : (-20,100)
Doing initial fit: 

 --- MultiDimFit ---
best fit parameter values and profile-likelihood uncertainties: 
   r :   +44.798   -7.413/+7.020 (68%)
Set Range of Parameter r To : (-20,100)
Doing initial fit: 

 --- MultiDimFit ---
best fit parameter values and profile-likelihood uncertainties: 
   r :   +48.121   -9.930/+8.613 (68%)
Set Range of Parameter r To : (-20,100)
Doing initial fit: 

 --- MultiDimFit ---
best fit parameter values and profile-likelihood uncertainties: 
   r :   +25.268   -9.194/+7.802 (68%)
Set Range of Parameter r To : (-20,100)
Doing initial fit: 

 --- MultiDimFit ---
best fit parameter values and profile-likelihood uncertainties: 
   r :   +26.143   -10.549/+9.801 (68%)
Set Range of Parameter r To : (-20,100)
Doing initial fit: 

 --- MultiDimFit ---
best fit parameter values and profile-likelihood uncertainties: 
   r :   +17.704   -10.012/+10.508 (68%)
Set Range of Parameter r To : (-20,100)
Doing initial fit: 

 --- MultiDimFit ---
best fit parameter values and profile-likelihood uncertainties: 
   r :   +39.149   -8.596/+7.585 (68%)
Set Range of Parameter r To : (-20,100)
Doing initial fit: 

 --- MultiDimFit ---
best fit parameter values and profile-likelihood uncertainties: 
   r :   +40.253   -7.193/+8.007 (68%)
Set Range of Parameter r To : (-20,100)
Doing initial fit: 

 --- MultiDimFit ---
best fit parameter values and profile-likelihood uncertainties: 
   r :   +21.799   -7.677/+7.786 (68%)
Set Range of Parameter r To : (-20,100)
Doing initial fit: 

 --- MultiDimFit ---
best fit parameter values and profile-likelihood uncertainties: 
   r :   +30.445   -9.537/+10.754 (68%)
Set Range of Parameter r To : (-20,100)
Doing initial fit: 

 --- MultiDimFit ---
best fit parameter values and profile-likelihood uncertainties: 
   r :   +30.274   -7.589/+8.246 (68%)
Set Range of Parameter r To : (-20,100)
Doing initial fit: 

 --- MultiDimFit ---
best fit parameter values and profile-likelihood uncertainties: 
   r :   +30.303   -9.875/+9.103 (68%)
Set Range of Parameter r To : (-20,100)
Doing initial fit: 

 --- MultiDimFit ---
best fit parameter values and profile-likelihood uncertainties: 
   r :   +25.677   -10.665/+8.541 (68%)
Set Range of Parameter r To : (-20,100)
Doing initial fit: 

 --- MultiDimFit ---
best fit parameter values and profile-likelihood uncertainties: 
   r :   +47.123   -8.027/+8.044 (68%)
Set Range of Parameter r To : (-20,100)
Doing initial fit: 

 --- MultiDimFit ---
best fit parameter values and profile-likelihood uncertainties: 
   r :   +21.759   -8.207/+7.770 (68%)
Set Range of Parameter r To : (-20,100)
Doing initial fit: 

 --- MultiDimFit ---
best fit parameter values and profile-likelihood uncertainties: 
   r :   +38.766   -10.127/+9.697 (68%)
Set Range of Parameter r To : (-20,100)
Doing initial fit: 

 --- MultiDimFit ---
best fit parameter values and profile-likelihood uncertainties: 
   r :   +34.126   -9.557/+11.326 (68%)
Set Range of Parameter r To : (-20,100)
Doing initial fit: 

 --- MultiDimFit ---
best fit parameter values and profile-likelihood uncertainties: 
   r :   +50.897   -12.577/+7.795 (68%)
Set Range of Parameter r To : (-20,100)
Doing initial fit: 

 --- MultiDimFit ---
best fit parameter values and profile-likelihood uncertainties: 
   r :   +25.828   -9.166/+8.152 (68%)
Set Range of Parameter r To : (-20,100)
Doing initial fit: 

 --- MultiDimFit ---
best fit parameter values and profile-likelihood uncertainties: 
   r :   +41.881   -8.419/+8.137 (68%)
Set Range of Parameter r To : (-20,100)
Doing initial fit: 

 --- MultiDimFit ---
best fit parameter values and profile-likelihood uncertainties: 
   r :   +40.319   -7.762/+6.914 (68%)
Set Range of Parameter r To : (-20,100)
Doing initial fit: 
RooAbsMinimizerFcn: Minimized function has error status.
Returning maximum FCN so far (0.182996) to force MIGRAD to back out of this region. Error log follows.
Parameter values: 	CMS_NPS26009_LightJetStat_DY_BJetOS_2016postVFP=-2107.06	CMS_NPS26009_LightJetStat_DY_BJetOS_2016preVFP=-3235.04	CMS_NPS26009_LightJetStat_DY_BJetOS_2017=-3733.98	CMS_NPS26009_LightJetStat_DY_BJetOS_2018=-4349.32	CMS_NPS26009_LightJetStat_DY_BJetOS_2022=-4709.38	CMS_NPS26009_LightJetStat_DY_BJetOS_2022EE=-14045.3	CMS_NPS26009_LightJetStat_DY_BJetOS_2023=-10152.6	CMS_NPS26009_LightJetStat_DY_BJetOS_2023BPix=-7093.78	CMS_NPS26009_MCstat_other_BJetOS_2016postVFP=-13473	CMS_NPS26009_MCstat_other_BJetOS_2016preVFP=-828.902	CMS_NPS26009_MCstat_other_BJetOS_2017=-1097.37	CMS_NPS26009_MCstat_other_BJetOS_2018=-1094.03	CMS_NPS26009_MCstat_other_BJetOS_2022=-1623.8	CMS_NPS26009_MCstat_other_BJetOS_2022EE=-2609.24	CMS_NPS26009_MCstat_other_BJetOS_2023=-1658.68	CMS_NPS26009_MCstat_other_BJetOS_2023BPix=-3162.61	CMS_NPS26009_MCstat_signal_BJetOS_2016postVFP=-2335.71	CMS_NPS26009_MCstat_signal_BJetOS_2016preVFP=-2545.93	CMS_NPS26009_MCstat_signal_BJetOS_2017=-3152.34	CMS_NPS26009_MCstat_signal_BJetOS_2018=-5220.95	CMS_NPS26009_MCstat_signal_BJetOS_2022=-783.521	CMS_NPS26009_MCstat_signal_BJetOS_2022EE=-1871.6	CMS_NPS26009_MCstat_signal_BJetOS_2023=-1682.01	CMS_NPS26009_MCstat_signal_BJetOS_2023BPix=-1544.08	CMS_NPS26009_MCstat_singleTop_BJetOS_2016postVFP=-711.154	CMS_NPS26009_MCstat_singleTop_BJetOS_2016preVFP=-1074.05	CMS_NPS26009_MCstat_singleTop_BJetOS_2017=-1533.46	CMS_NPS26009_MCstat_singleTop_BJetOS_2018=-1403.46	CMS_NPS26009_MCstat_singleTop_BJetOS_2022=-2609.42	CMS_NPS26009_MCstat_singleTop_BJetOS_2022EE=-5695.06	CMS_NPS26009_MCstat_singleTop_BJetOS_2023=-3525.98	CMS_NPS26009_MCstat_singleTop_BJetOS_2023BPix=-1663.58	CMS_NPS26009_MCstat_ttbar_BJetOS_2016postVFP=-475.103	CMS_NPS26009_MCstat_ttbar_BJetOS_2016preVFP=-1170.91	CMS_NPS26009_MCstat_ttbar_BJetOS_2017=-3177.11	CMS_NPS26009_MCstat_ttbar_BJetOS_2018=-2378.65	CMS_NPS26009_MCstat_ttbar_BJetOS_2022=-7697.66	CMS_NPS26009_MCstat_ttbar_BJetOS_2022EE=-14948.7	CMS_NPS26009_MCstat_ttbar_BJetOS_2023=-11580.8	CMS_NPS26009_MCstat_ttbar_BJetOS_2023BPix=-9460.75	CMS_NPS26009_NFModel_DY_BJetOS_13TeV=-66430.7	CMS_NPS26009_NFModel_DY_BJetOS_13p6TeV=-139704	CMS_NPS26009_NFStat_DY_BJetOS_2016postVFP=0.13503	CMS_NPS26009_NFStat_DY_BJetOS_2016preVFP=0.169733	CMS_NPS26009_NFStat_DY_BJetOS_2017=0.147524	CMS_NPS26009_NFStat_DY_BJetOS_2018=0.144293	CMS_NPS26009_NFStat_DY_BJetOS_2022=0.0196665	CMS_NPS26009_NFStat_DY_BJetOS_2022EE=0.0444927	CMS_NPS26009_NFStat_DY_BJetOS_2023=0.113543	CMS_NPS26009_NFStat_DY_BJetOS_2023BPix=0.0210507	CMS_NPS26009_QCDscale_fac_singleTop=-1285.93	CMS_NPS26009_QCDscale_ren_singleTop=12779.6	CMS_NPS26009_bckgNorm_QCD_BJetOS_2016postVFP=-8.18707	CMS_NPS26009_bckgNorm_QCD_BJetOS_2016preVFP=-559.008	CMS_NPS26009_bckgNorm_QCD_BJetOS_2017=-5458	CMS_NPS26009_bckgNorm_QCD_BJetOS_2018=-3380.95	CMS_NPS26009_bckgNorm_QCD_BJetOS_2022=-1600.73	CMS_NPS26009_bckgNorm_QCD_BJetOS_2022EE=-976.937	CMS_NPS26009_bckgNorm_QCD_BJetOS_2023=-50727.4	CMS_NPS26009_bckgNorm_QCD_BJetOS_2023BPix=-4572.28	CMS_NPS26009_bckgShape_QCD_BJetOS_2016postVFP=16.2042	CMS_NPS26009_bckgShape_QCD_BJetOS_2016preVFP=-21.3239	CMS_NPS26009_bckgShape_QCD_BJetOS_2017=44.1667	CMS_NPS26009_bckgShape_QCD_BJetOS_2018=65.0064	CMS_NPS26009_bckgShape_QCD_BJetOS_2022=3.16842	CMS_NPS26009_bckgShape_QCD_BJetOS_2022EE=34.2166	CMS_NPS26009_bckgShape_QCD_BJetOS_2023=7.59415	CMS_NPS26009_bckgShape_QCD_BJetOS_2023BPix=-5.81133	CMS_NPS26009_btag_fixedWP_comb_bc_correlated_13TeV=-27156.1	CMS_NPS26009_btag_fixedWP_comb_bc_correlated_13p6TeV=-56935.7	CMS_NPS26009_btag_fixedWP_incl_light_correlated_13TeV=-3582.97	CMS_NPS26009_btag_fixedWP_incl_light_correlated_13p6TeV=-9344.98	CMS_NPS26009_eff_m_id_Run2=-2155.45	CMS_NPS26009_eff_m_id_Run3=-4418.51	CMS_NPS26009_eff_m_trigger_2016postVFP=-563.455	CMS_NPS26009_eff_m_trigger_2016preVFP=-1129.75	CMS_NPS26009_eff_m_trigger_2017=-1243.29	CMS_NPS26009_eff_m_trigger_2018=-1338.51	CMS_NPS26009_eff_m_trigger_2022=-928.803	CMS_NPS26009_eff_m_trigger_2022EE=-1810.04	CMS_NPS26009_eff_m_trigger_2023=-1262.59	CMS_NPS26009_eff_m_trigger_2023BPix=-1020.9	CMS_NPS26009_lumi_2016=-7008.11	CMS_NPS26009_lumi_2017=-15457.2	CMS_NPS26009_lumi_2018=-21486.1	CMS_NPS26009_lumi_2022=-24071.4	CMS_NPS26009_lumi_2023=-13901.9	CMS_NPS26009_pdf_NNPDF31=-32845.2	CMS_NPS26009_topmass_ttbar_BJetOS=-81652.7	CMS_btag_fixedWP_comb_bc_uncorrelated_2016postVFP=-2825.41	CMS_btag_fixedWP_comb_bc_uncorrelated_2016preVFP=-3822.46	CMS_btag_fixedWP_comb_bc_uncorrelated_2017=-11425.7	CMS_btag_fixedWP_comb_bc_uncorrelated_2018=-7610.55	CMS_btag_fixedWP_comb_bc_uncorrelated_2022=-6803.23	CMS_btag_fixedWP_comb_bc_uncorrelated_2022EE=-17061.9	CMS_btag_fixedWP_comb_bc_uncorrelated_2023=-14943	CMS_btag_fixedWP_comb_bc_uncorrelated_2023BPix=-10164.1	CMS_btag_fixedWP_incl_light_uncorrelated_2016postVFP=-188.709	CMS_btag_fixedWP_incl_light_uncorrelated_2016preVFP=-214.428	CMS_btag_fixedWP_incl_light_uncorrelated_2017=-765.857	CMS_btag_fixedWP_incl_light_uncorrelated_2018=-777.175	CMS_btag_fixedWP_incl_light_uncorrelated_2022=-426.26	CMS_btag_fixedWP_incl_light_uncorrelated_2022EE=-1888.77	CMS_btag_fixedWP_incl_light_uncorrelated_2023=-960.762	CMS_btag_fixedWP_incl_light_uncorrelated_2023BPix=-544.98	CMS_l1_prefiring_2016postVFP=2465.92	CMS_l1_prefiring_2016preVFP=3154.64	CMS_l1_prefiring_2017=4736.58	CMS_l1_prefiring_2018=1411.6	CMS_pileup_13TeV=3038.67	CMS_pileup_13p6TeV=13073.9	CMS_res_j_2016postVFP=-99.5347	CMS_res_j_2016preVFP=15.0891	CMS_res_j_2017=246.194	CMS_res_j_2018=-83.4954	CMS_res_j_2022=235.144	CMS_res_j_2022EE=736.807	CMS_res_j_2023=713.01	CMS_res_j_2023BPix=695.026	CMS_scale_j_2016postVFP=-636.496	CMS_scale_j_2016preVFP=-671.833	CMS_scale_j_2017=-2807.66	CMS_scale_j_2018=-4623.97	CMS_scale_j_2022=-2266.52	CMS_scale_j_2022EE=-9730.22	CMS_scale_j_2023=-6201.77	CMS_scale_j_2023BPix=-2366.7	CMS_scale_m_13TeV=-1425.71	CMS_scale_m_13p6TeV=-3573.96	QCDscale_fac_ttbar=355.65	QCDscale_ren_ttbar=293639	pdf_alphas=-85065	r=10.3518
RooFit::Detail::RooFixedProdPdf::model_s[ ]
     getLogVal() top-level p.d.f not greater than zero @ !servers=(modelObs_s = 0)

RooAbsMinimizerFcn: Minimized function has error status.
Returning maximum FCN so far (0.182996) to force MIGRAD to back out of this region. Error log follows.
Parameter values: 	CMS_NPS26009_LightJetStat_DY_BJetOS_2016postVFP=-1053.46	CMS_NPS26009_LightJetStat_DY_BJetOS_2016preVFP=-1617.45	CMS_NPS26009_LightJetStat_DY_BJetOS_2017=-1866.95	CMS_NPS26009_LightJetStat_DY_BJetOS_2018=-2174.65	CMS_NPS26009_LightJetStat_DY_BJetOS_2022=-2354.66	CMS_NPS26009_LightJetStat_DY_BJetOS_2022EE=-7022.38	CMS_NPS26009_LightJetStat_DY_BJetOS_2023=-5076.09	CMS_NPS26009_LightJetStat_DY_BJetOS_2023BPix=-3546.75	CMS_NPS26009_MCstat_other_BJetOS_2016postVFP=-6736.26	CMS_NPS26009_MCstat_other_BJetOS_2016preVFP=-414.435	CMS_NPS26009_MCstat_other_BJetOS_2017=-548.671	CMS_NPS26009_MCstat_other_BJetOS_2018=-547.009	CMS_NPS26009_MCstat_other_BJetOS_2022=-811.89	CMS_NPS26009_MCstat_other_BJetOS_2022EE=-1304.57	CMS_NPS26009_MCstat_other_BJetOS_2023=-829.308	CMS_NPS26009_MCstat_other_BJetOS_2023BPix=-1581.24	CMS_NPS26009_MCstat_signal_BJetOS_2016postVFP=-1167.82	CMS_NPS26009_MCstat_signal_BJetOS_2016preVFP=-1272.92	CMS_NPS26009_MCstat_signal_BJetOS_2017=-1576.12	CMS_NPS26009_MCstat_signal_BJetOS_2018=-2610.4	CMS_NPS26009_MCstat_signal_BJetOS_2022=-391.751	CMS_NPS26009_MCstat_signal_BJetOS_2022EE=-935.763	CMS_NPS26009_MCstat_signal_BJetOS_2023=-840.974	CMS_NPS26009_MCstat_signal_BJetOS_2023BPix=-772.014	CMS_NPS26009_MCstat_singleTop_BJetOS_2016postVFP=-355.554	CMS_NPS26009_MCstat_singleTop_BJetOS_2016preVFP=-537.006	CMS_NPS26009_MCstat_singleTop_BJetOS_2017=-766.709	CMS_NPS26009_MCstat_singleTop_BJetOS_2018=-701.722	CMS_NPS26009_MCstat_singleTop_BJetOS_2022=-1304.69	CMS_NPS26009_MCstat_singleTop_BJetOS_2022EE=-2847.42	CMS_NPS26009_MCstat_singleTop_BJetOS_2023=-1762.92	CMS_NPS26009_MCstat_singleTop_BJetOS_2023BPix=-831.76	CMS_NPS26009_MCstat_ttbar_BJetOS_2016postVFP=-237.51	CMS_NPS26009_MCstat_ttbar_BJetOS_2016preVFP=-585.423	CMS_NPS26009_MCstat_ttbar_BJetOS_2017=-1588.52	CMS_NPS26009_MCstat_ttbar_BJetOS_2018=-1189.33	CMS_NPS26009_MCstat_ttbar_BJetOS_2022=-3848.77	CMS_NPS26009_MCstat_ttbar_BJetOS_2022EE=-7474.05	CMS_NPS26009_MCstat_ttbar_BJetOS_2023=-5790.15	CMS_NPS26009_MCstat_ttbar_BJetOS_2023BPix=-4730.19	CMS_NPS26009_NFModel_DY_BJetOS_13TeV=-33214.6	CMS_NPS26009_NFModel_DY_BJetOS_13p6TeV=-69849.1	CMS_NPS26009_NFStat_DY_BJetOS_2016postVFP=0.154695	CMS_NPS26009_NFStat_DY_BJetOS_2016preVFP=0.20057	CMS_NPS26009_NFStat_DY_BJetOS_2017=0.0643315	CMS_NPS26009_NFStat_DY_BJetOS_2018=0.130546	CMS_NPS26009_NFStat_DY_BJetOS_2022=0.0664686	CMS_NPS26009_NFStat_DY_BJetOS_2022EE=0.106244	CMS_NPS26009_NFStat_DY_BJetOS_2023=0.0905887	CMS_NPS26009_NFStat_DY_BJetOS_2023BPix=0.0837492	CMS_NPS26009_QCDscale_fac_singleTop=-642.945	CMS_NPS26009_QCDscale_ren_singleTop=6389.6	CMS_NPS26009_bckgNorm_QCD_BJetOS_2016postVFP=-4.09328	CMS_NPS26009_bckgNorm_QCD_BJetOS_2016preVFP=-279.486	CMS_NPS26009_bckgNorm_QCD_BJetOS_2017=-2728.93	CMS_NPS26009_bckgNorm_QCD_BJetOS_2018=-1690.47	CMS_NPS26009_bckgNorm_QCD_BJetOS_2022=-800.352	CMS_NPS26009_bckgNorm_QCD_BJetOS_2022EE=-488.45	CMS_NPS26009_bckgNorm_QCD_BJetOS_2023=-25362.7	CMS_NPS26009_bckgNorm_QCD_BJetOS_2023BPix=-2286.05	CMS_NPS26009_bckgShape_QCD_BJetOS_2016postVFP=30.7337	CMS_NPS26009_bckgShape_QCD_BJetOS_2016preVFP=29.187	CMS_NPS26009_bckgShape_QCD_BJetOS_2017=96.8917	CMS_NPS26009_bckgShape_QCD_BJetOS_2018=125	CMS_NPS26009_bckgShape_QCD_BJetOS_2022=8.28763	CMS_NPS26009_bckgShape_QCD_BJetOS_2022EE=-7.74767	CMS_NPS26009_bckgShape_QCD_BJetOS_2023=80.9108	CMS_NPS26009_bckgShape_QCD_BJetOS_2023BPix=2.86224	CMS_NPS26009_btag_fixedWP_comb_bc_correlated_13TeV=-13577.7	CMS_NPS26009_btag_fixedWP_comb_bc_correlated_13p6TeV=-28466.9	CMS_NPS26009_btag_fixedWP_incl_light_correlated_13TeV=-1791.44	CMS_NPS26009_btag_fixedWP_incl_light_correlated_13p6TeV=-4672.32	CMS_NPS26009_eff_m_id_Run2=-1077.69	CMS_NPS26009_eff_m_id_Run3=-2209.18	CMS_NPS26009_eff_m_trigger_2016postVFP=-281.713	CMS_NPS26009_eff_m_trigger_2016preVFP=-564.856	CMS_NPS26009_eff_m_trigger_2017=-621.631	CMS_NPS26009_eff_m_trigger_2018=-669.245	CMS_NPS26009_eff_m_trigger_2022=-464.394	CMS_NPS26009_eff_m_trigger_2022EE=-904.984	CMS_NPS26009_eff_m_trigger_2023=-631.272	CMS_NPS26009_eff_m_trigger_2023BPix=-510.429	CMS_NPS26009_lumi_2016=-3503.9	CMS_NPS26009_lumi_2017=-7728.39	CMS_NPS26009_lumi_2018=-10742.9	CMS_NPS26009_lumi_2022=-12035.3	CMS_NPS26009_lumi_2023=-6950.69	CMS_NPS26009_pdf_NNPDF31=-16422	CMS_NPS26009_topmass_ttbar_BJetOS=-40825	CMS_btag_fixedWP_comb_bc_uncorrelated_2016postVFP=-1412.63	CMS_btag_fixedWP_comb_bc_uncorrelated_2016preVFP=-1911.16	CMS_btag_fixedWP_comb_bc_uncorrelated_2017=-5712.71	CMS_btag_fixedWP_comb_bc_uncorrelated_2018=-3805.21	CMS_btag_fixedWP_comb_bc_uncorrelated_2022=-3401.56	CMS_btag_fixedWP_comb_bc_uncorrelated_2022EE=-8530.63	CMS_btag_fixedWP_comb_bc_uncorrelated_2023=-7471.23	CMS_btag_fixedWP_comb_bc_uncorrelated_2023BPix=-5081.85	CMS_btag_fixedWP_incl_light_uncorrelated_2016postVFP=-94.3454	CMS_btag_fixedWP_incl_light_uncorrelated_2016preVFP=-107.209	CMS_btag_fixedWP_incl_light_uncorrelated_2017=-382.919	CMS_btag_fixedWP_incl_light_uncorrelated_2018=-388.586	CMS_btag_fixedWP_incl_light_uncorrelated_2022=-213.127	CMS_btag_fixedWP_incl_light_uncorrelated_2022EE=-944.346	CMS_btag_fixedWP_incl_light_uncorrelated_2023=-480.362	CMS_btag_fixedWP_incl_light_uncorrelated_2023BPix=-272.479	CMS_l1_prefiring_2016postVFP=1232.9	CMS_l1_prefiring_2016preVFP=1577.26	CMS_l1_prefiring_2017=2368.23	CMS_l1_prefiring_2018=705.789	CMS_pileup_13TeV=1519.27	CMS_pileup_13p6TeV=6536.69	CMS_res_j_2016postVFP=-49.7651	CMS_res_j_2016preVFP=7.54428	CMS_res_j_2017=123.095	CMS_res_j_2018=-41.7455	CMS_res_j_2022=117.57	CMS_res_j_2022EE=368.389	CMS_res_j_2023=356.491	CMS_res_j_2023BPix=347.499	CMS_scale_j_2016postVFP=-318.231	CMS_scale_j_2016preVFP=-335.904	CMS_scale_j_2017=-1403.79	CMS_scale_j_2018=-2311.95	CMS_scale_j_2022=-1133.24	CMS_scale_j_2022EE=-4864.92	CMS_scale_j_2023=-3100.76	CMS_scale_j_2023BPix=-1183.3	CMS_scale_m_13TeV=-712.839	CMS_scale_m_13p6TeV=-1786.91	QCDscale_fac_ttbar=177.68	QCDscale_ren_ttbar=146814	pdf_alphas=-42531.1	r=10.3518
RooFit::Detail::RooFixedProdPdf::model_s[ ]
     getLogVal() top-level p.d.f not greater than zero @ !servers=(modelObs_s = 0)

RooAbsMinimizerFcn: Minimized function has error status.
Returning maximum FCN so far (0.182996) to force MIGRAD to back out of this region. Error log follows.
Parameter values: 	CMS_NPS26009_LightJetStat_DY_BJetOS_2016postVFP=-526.655	CMS_NPS26009_LightJetStat_DY_BJetOS_2016preVFP=-808.659	CMS_NPS26009_LightJetStat_DY_BJetOS_2017=-933.43	CMS_NPS26009_LightJetStat_DY_BJetOS_2018=-1087.31	CMS_NPS26009_LightJetStat_DY_BJetOS_2022=-1177.3	CMS_NPS26009_LightJetStat_DY_BJetOS_2022EE=-3510.91	CMS_NPS26009_LightJetStat_DY_BJetOS_2023=-2537.85	CMS_NPS26009_LightJetStat_DY_BJetOS_2023BPix=-1773.24	CMS_NPS26009_MCstat_other_BJetOS_2016postVFP=-3367.89	CMS_NPS26009_MCstat_other_BJetOS_2016preVFP=-207.202	CMS_NPS26009_MCstat_other_BJetOS_2017=-274.322	CMS_NPS26009_MCstat_other_BJetOS_2018=-273.498	CMS_NPS26009_MCstat_other_BJetOS_2022=-405.933	CMS_NPS26009_MCstat_other_BJetOS_2022EE=-652.233	CMS_NPS26009_MCstat_other_BJetOS_2023=-414.621	CMS_NPS26009_MCstat_other_BJetOS_2023BPix=-790.563	CMS_NPS26009_MCstat_signal_BJetOS_2016postVFP=-583.87	CMS_NPS26009_MCstat_signal_BJetOS_2016preVFP=-636.422	CMS_NPS26009_MCstat_signal_BJetOS_2017=-788.016	CMS_NPS26009_MCstat_signal_BJetOS_2018=-1305.13	CMS_NPS26009_MCstat_signal_BJetOS_2022=-195.866	CMS_NPS26009_MCstat_signal_BJetOS_2022EE=-467.846	CMS_NPS26009_MCstat_signal_BJetOS_2023=-420.457	CMS_NPS26009_MCstat_signal_BJetOS_2023BPix=-385.981	CMS_NPS26009_MCstat_singleTop_BJetOS_2016postVFP=-177.754	CMS_NPS26009_MCstat_singleTop_BJetOS_2016preVFP=-268.482	CMS_NPS26009_MCstat_singleTop_BJetOS_2017=-383.335	CMS_NPS26009_MCstat_singleTop_BJetOS_2018=-350.853	CMS_NPS26009_MCstat_singleTop_BJetOS_2022=-652.328	CMS_NPS26009_MCstat_singleTop_BJetOS_2022EE=-1423.6	CMS_NPS26009_MCstat_singleTop_BJetOS_2023=-881.39	CMS_NPS26009_MCstat_singleTop_BJetOS_2023BPix=-415.849	CMS_NPS26009_MCstat_ttbar_BJetOS_2016postVFP=-118.713	CMS_NPS26009_MCstat_ttbar_BJetOS_2016preVFP=-292.679	CMS_NPS26009_MCstat_ttbar_BJetOS_2017=-794.225	CMS_NPS26009_MCstat_ttbar_BJetOS_2018=-594.671	CMS_NPS26009_MCstat_ttbar_BJetOS_2022=-1924.33	CMS_NPS26009_MCstat_ttbar_BJetOS_2022EE=-3736.72	CMS_NPS26009_MCstat_ttbar_BJetOS_2023=-2894.84	CMS_NPS26009_MCstat_ttbar_BJetOS_2023BPix=-2364.91	CMS_NPS26009_NFModel_DY_BJetOS_13TeV=-16606.6	CMS_NPS26009_NFModel_DY_BJetOS_13p6TeV=-34921.8	CMS_NPS26009_NFStat_DY_BJetOS_2016postVFP=0.0541646	CMS_NPS26009_NFStat_DY_BJetOS_2016preVFP=0.071984	CMS_NPS26009_NFStat_DY_BJetOS_2017=0.121354	CMS_NPS26009_NFStat_DY_BJetOS_2018=0.120592	CMS_NPS26009_NFStat_DY_BJetOS_2022=0.104117	CMS_NPS26009_NFStat_DY_BJetOS_2022EE=0.0808407	CMS_NPS26009_NFStat_DY_BJetOS_2023=0.0690264	CMS_NPS26009_NFStat_DY_BJetOS_2023BPix=0.0204745	CMS_NPS26009_QCDscale_fac_singleTop=-321.453	CMS_NPS26009_QCDscale_ren_singleTop=3194.59	CMS_NPS26009_bckgNorm_QCD_BJetOS_2016postVFP=-2.04638	CMS_NPS26009_bckgNorm_QCD_BJetOS_2016preVFP=-139.725	CMS_NPS26009_bckgNorm_QCD_BJetOS_2017=-1364.4	CMS_NPS26009_bckgNorm_QCD_BJetOS_2018=-845.223	CMS_NPS26009_bckgNorm_QCD_BJetOS_2022=-400.165	CMS_NPS26009_bckgNorm_QCD_BJetOS_2022EE=-244.206	CMS_NPS26009_bckgNorm_QCD_BJetOS_2023=-12680.3	CMS_NPS26009_bckgNorm_QCD_BJetOS_2023BPix=-1142.94	CMS_NPS26009_bckgShape_QCD_BJetOS_2016postVFP=0.421562	CMS_NPS26009_bckgShape_QCD_BJetOS_2016preVFP=49.6117	CMS_NPS26009_bckgShape_QCD_BJetOS_2017=-17.1027	CMS_NPS26009_bckgShape_QCD_BJetOS_2018=140.824	CMS_NPS26009_bckgShape_QCD_BJetOS_2022=8.18319	CMS_NPS26009_bckgShape_QCD_BJetOS_2022EE=-26.9109	CMS_NPS26009_bckgShape_QCD_BJetOS_2023=66.7856	CMS_NPS26009_bckgShape_QCD_BJetOS_2023BPix=12.3936	CMS_NPS26009_btag_fixedWP_comb_bc_correlated_13TeV=-6788.46	CMS_NPS26009_btag_fixedWP_comb_bc_correlated_13p6TeV=-14232.4	CMS_NPS26009_btag_fixedWP_incl_light_correlated_13TeV=-895.683	CMS_NPS26009_btag_fixedWP_incl_light_correlated_13p6TeV=-2335.98	CMS_NPS26009_eff_m_id_Run2=-538.816	CMS_NPS26009_eff_m_id_Run3=-1104.51	CMS_NPS26009_eff_m_trigger_2016postVFP=-140.843	CMS_NPS26009_eff_m_trigger_2016preVFP=-282.408	CMS_NPS26009_eff_m_trigger_2017=-310.799	CMS_NPS26009_eff_m_trigger_2018=-334.61	CMS_NPS26009_eff_m_trigger_2022=-232.19	CMS_NPS26009_eff_m_trigger_2022EE=-452.456	CMS_NPS26009_eff_m_trigger_2023=-315.611	CMS_NPS26009_eff_m_trigger_2023BPix=-255.195	CMS_NPS26009_lumi_2016=-1751.8	CMS_NPS26009_lumi_2017=-3864	CMS_NPS26009_lumi_2018=-5371.25	CMS_NPS26009_lumi_2022=-6017.22	CMS_NPS26009_lumi_2023=-3475.07	CMS_NPS26009_pdf_NNPDF31=-8210.47	CMS_NPS26009_topmass_ttbar_BJetOS=-20411.2	CMS_btag_fixedWP_comb_bc_uncorrelated_2016postVFP=-706.242	CMS_btag_fixedWP_comb_bc_uncorrelated_2016preVFP=-955.509	CMS_btag_fixedWP_comb_bc_uncorrelated_2017=-2856.21	CMS_btag_fixedWP_comb_bc_uncorrelated_2018=-1902.54	CMS_btag_fixedWP_comb_bc_uncorrelated_2022=-1700.73	CMS_btag_fixedWP_comb_bc_uncorrelated_2022EE=-4264.97	CMS_btag_fixedWP_comb_bc_uncorrelated_2023=-3735.32	CMS_btag_fixedWP_comb_bc_uncorrelated_2023BPix=-2540.74	CMS_btag_fixedWP_incl_light_uncorrelated_2016postVFP=-47.1634	CMS_btag_fixedWP_incl_light_uncorrelated_2016preVFP=-53.5995	CMS_btag_fixedWP_incl_light_uncorrelated_2017=-191.451	CMS_btag_fixedWP_incl_light_uncorrelated_2018=-194.291	CMS_btag_fixedWP_incl_light_uncorrelated_2022=-106.561	CMS_btag_fixedWP_incl_light_uncorrelated_2022EE=-472.135	CMS_btag_fixedWP_incl_light_uncorrelated_2023=-240.162	CMS_btag_fixedWP_incl_light_uncorrelated_2023BPix=-136.229	CMS_l1_prefiring_2016postVFP=616.383	CMS_l1_prefiring_2016preVFP=788.574	CMS_l1_prefiring_2017=1184.05	CMS_l1_prefiring_2018=352.883	CMS_pileup_13TeV=759.576	CMS_pileup_13p6TeV=3268.1	CMS_res_j_2016postVFP=-24.8803	CMS_res_j_2016preVFP=3.77189	CMS_res_j_2017=61.5448	CMS_res_j_2018=-20.8706	CMS_res_j_2022=58.7834	CMS_res_j_2022EE=184.18	CMS_res_j_2023=178.231	CMS_res_j_2023BPix=173.736	CMS_scale_j_2016postVFP=-159.098	CMS_scale_j_2016preVFP=-167.939	CMS_scale_j_2017=-701.861	CMS_scale_j_2018=-1155.94	CMS_scale_j_2022=-566.605	CMS_scale_j_2022EE=-2432.26	CMS_scale_j_2023=-1550.26	CMS_scale_j_2023BPix=-591.606	CMS_scale_m_13TeV=-356.404	CMS_scale_m_13p6TeV=-893.387	QCDscale_fac_ttbar=88.6958	QCDscale_ren_ttbar=73402.4	pdf_alphas=-21264.1	r=10.3518
RooFit::Detail::RooFixedProdPdf::model_s[ ]
     getLogVal() top-level p.d.f not greater than zero @ !servers=(modelObs_s = 0)

RooAbsMinimizerFcn: Minimized function has error status.
Returning maximum FCN so far (0.182996) to force MIGRAD to back out of this region. Error log follows.
Parameter values: 	CMS_NPS26009_LightJetStat_DY_BJetOS_2016postVFP=-263.254	CMS_NPS26009_LightJetStat_DY_BJetOS_2016preVFP=-404.263	CMS_NPS26009_LightJetStat_DY_BJetOS_2017=-466.673	CMS_NPS26009_LightJetStat_DY_BJetOS_2018=-543.64	CMS_NPS26009_LightJetStat_DY_BJetOS_2022=-588.614	CMS_NPS26009_LightJetStat_DY_BJetOS_2022EE=-1755.18	CMS_NPS26009_LightJetStat_DY_BJetOS_2023=-1268.72	CMS_NPS26009_LightJetStat_DY_BJetOS_2023BPix=-886.486	CMS_NPS26009_MCstat_other_BJetOS_2016postVFP=-1683.7	CMS_NPS26009_MCstat_other_BJetOS_2016preVFP=-103.585	CMS_NPS26009_MCstat_other_BJetOS_2017=-137.147	CMS_NPS26009_MCstat_other_BJetOS_2018=-136.742	CMS_NPS26009_MCstat_other_BJetOS_2022=-202.955	CMS_NPS26009_MCstat_other_BJetOS_2022EE=-326.065	CMS_NPS26009_MCstat_other_BJetOS_2023=-207.278	CMS_NPS26009_MCstat_other_BJetOS_2023BPix=-395.222	CMS_NPS26009_MCstat_signal_BJetOS_2016postVFP=-291.896	CMS_NPS26009_MCstat_signal_BJetOS_2016preVFP=-318.171	CMS_NPS26009_MCstat_signal_BJetOS_2017=-393.961	CMS_NPS26009_MCstat_signal_BJetOS_2018=-652.49	CMS_NPS26009_MCstat_signal_BJetOS_2022=-97.924	CMS_NPS26009_MCstat_signal_BJetOS_2022EE=-233.888	CMS_NPS26009_MCstat_signal_BJetOS_2023=-210.198	CMS_NPS26009_MCstat_signal_BJetOS_2023BPix=-192.965	CMS_NPS26009_MCstat_singleTop_BJetOS_2016postVFP=-88.8546	CMS_NPS26009_MCstat_singleTop_BJetOS_2016preVFP=-134.22	CMS_NPS26009_MCstat_singleTop_BJetOS_2017=-191.649	CMS_NPS26009_MCstat_singleTop_BJetOS_2018=-175.419	CMS_NPS26009_MCstat_singleTop_BJetOS_2022=-326.145	CMS_NPS26009_MCstat_singleTop_BJetOS_2022EE=-711.686	CMS_NPS26009_MCstat_singleTop_BJetOS_2023=-440.626	CMS_NPS26009_MCstat_singleTop_BJetOS_2023BPix=-207.893	CMS_NPS26009_MCstat_ttbar_BJetOS_2016postVFP=-59.3144	CMS_NPS26009_MCstat_ttbar_BJetOS_2016preVFP=-146.308	CMS_NPS26009_MCstat_ttbar_BJetOS_2017=-397.078	CMS_NPS26009_MCstat_ttbar_BJetOS_2018=-297.34	CMS_NPS26009_MCstat_ttbar_BJetOS_2022=-962.112	CMS_NPS26009_MCstat_ttbar_BJetOS_2022EE=-1868.06	CMS_NPS26009_MCstat_ttbar_BJetOS_2023=-1447.19	CMS_NPS26009_MCstat_ttbar_BJetOS_2023BPix=-1182.27	CMS_NPS26009_NFModel_DY_BJetOS_13TeV=-8302.58	CMS_NPS26009_NFModel_DY_BJetOS_13p6TeV=-17458.2	CMS_NPS26009_NFStat_DY_BJetOS_2016postVFP=0.119403	CMS_NPS26009_NFStat_DY_BJetOS_2016preVFP=0.131667	CMS_NPS26009_NFStat_DY_BJetOS_2017=0.0651403	CMS_NPS26009_NFStat_DY_BJetOS_2018=0.167321	CMS_NPS26009_NFStat_DY_BJetOS_2022=0.115875	CMS_NPS26009_NFStat_DY_BJetOS_2022EE=0.0881082	CMS_NPS26009_NFStat_DY_BJetOS_2023=0.089748	CMS_NPS26009_NFStat_DY_BJetOS_2023BPix=0.0447719	CMS_NPS26009_QCDscale_fac_singleTop=-160.707	CMS_NPS26009_QCDscale_ren_singleTop=1597.09	CMS_NPS26009_bckgNorm_QCD_BJetOS_2016postVFP=-1.02293	CMS_NPS26009_bckgNorm_QCD_BJetOS_2016preVFP=-69.8442	CMS_NPS26009_bckgNorm_QCD_BJetOS_2017=-682.132	CMS_NPS26009_bckgNorm_QCD_BJetOS_2018=-422.601	CMS_NPS26009_bckgNorm_QCD_BJetOS_2022=-200.071	CMS_NPS26009_bckgNorm_QCD_BJetOS_2022EE=-122.084	CMS_NPS26009_bckgNorm_QCD_BJetOS_2023=-6339.16	CMS_NPS26009_bckgNorm_QCD_BJetOS_2023BPix=-571.383	CMS_NPS26009_bckgShape_QCD_BJetOS_2016postVFP=26.4059	CMS_NPS26009_bckgShape_QCD_BJetOS_2016preVFP=51.4166	CMS_NPS26009_bckgShape_QCD_BJetOS_2017=59.3804	CMS_NPS26009_bckgShape_QCD_BJetOS_2018=-0.0922477	CMS_NPS26009_bckgShape_QCD_BJetOS_2022=-3.22187	CMS_NPS26009_bckgShape_QCD_BJetOS_2022EE=-29.2862	CMS_NPS26009_bckgShape_QCD_BJetOS_2023=46.9748	CMS_NPS26009_bckgShape_QCD_BJetOS_2023BPix=-5.70664	CMS_NPS26009_btag_fixedWP_comb_bc_correlated_13TeV=-3393.85	CMS_NPS26009_btag_fixedWP_comb_bc_correlated_13p6TeV=-7115.23	CMS_NPS26009_btag_fixedWP_incl_light_correlated_13TeV=-447.802	CMS_NPS26009_btag_fixedWP_incl_light_correlated_13p6TeV=-1167.82	CMS_NPS26009_eff_m_id_Run2=-269.378	CMS_NPS26009_eff_m_id_Run3=-552.175	CMS_NPS26009_eff_m_trigger_2016postVFP=-70.4076	CMS_NPS26009_eff_m_trigger_2016preVFP=-141.184	CMS_NPS26009_eff_m_trigger_2017=-155.383	CMS_NPS26009_eff_m_trigger_2018=-167.293	CMS_NPS26009_eff_m_trigger_2022=-116.088	CMS_NPS26009_eff_m_trigger_2022EE=-226.192	CMS_NPS26009_eff_m_trigger_2023=-157.781	CMS_NPS26009_eff_m_trigger_2023BPix=-127.579	CMS_NPS26009_lumi_2016=-875.751	CMS_NPS26009_lumi_2017=-1931.8	CMS_NPS26009_lumi_2018=-2685.44	CMS_NPS26009_lumi_2022=-3008.19	CMS_NPS26009_lumi_2023=-1737.27	CMS_NPS26009_pdf_NNPDF31=-4104.69	CMS_NPS26009_topmass_ttbar_BJetOS=-10204.2	CMS_btag_fixedWP_comb_bc_uncorrelated_2016postVFP=-353.047	CMS_btag_fixedWP_comb_bc_uncorrelated_2016preVFP=-477.684	CMS_btag_fixedWP_comb_bc_uncorrelated_2017=-1427.96	CMS_btag_fixedWP_comb_bc_uncorrelated_2018=-951.208	CMS_btag_fixedWP_comb_bc_uncorrelated_2022=-850.313	CMS_btag_fixedWP_comb_bc_uncorrelated_2022EE=-2132.14	CMS_btag_fixedWP_comb_bc_uncorrelated_2023=-1867.36	CMS_btag_fixedWP_comb_bc_uncorrelated_2023BPix=-1270.18	CMS_btag_fixedWP_incl_light_uncorrelated_2016postVFP=-23.5724	CMS_btag_fixedWP_incl_light_uncorrelated_2016preVFP=-26.7947	CMS_btag_fixedWP_incl_light_uncorrelated_2017=-95.7165	CMS_btag_fixedWP_incl_light_uncorrelated_2018=-97.144	CMS_btag_fixedWP_incl_light_uncorrelated_2022=-53.2772	CMS_btag_fixedWP_incl_light_uncorrelated_2022EE=-236.03	CMS_btag_fixedWP_incl_light_uncorrelated_2023=-120.061	CMS_btag_fixedWP_incl_light_uncorrelated_2023BPix=-68.1041	CMS_l1_prefiring_2016postVFP=308.127	CMS_l1_prefiring_2016preVFP=394.229	CMS_l1_prefiring_2017=591.966	CMS_l1_prefiring_2018=176.429	CMS_pileup_13TeV=379.727	CMS_pileup_13p6TeV=1633.81	CMS_res_j_2016postVFP=-12.4379	CMS_res_j_2016preVFP=1.88569	CMS_res_j_2017=30.7698	CMS_res_j_2018=-10.4331	CMS_res_j_2022=29.39	CMS_res_j_2022EE=92.0749	CMS_res_j_2023=89.1015	CMS_res_j_2023BPix=86.8548	CMS_scale_j_2016postVFP=-79.5314	CMS_scale_j_2016preVFP=-83.9569	CMS_scale_j_2017=-350.895	CMS_scale_j_2018=-577.931	CMS_scale_j_2022=-283.286	CMS_scale_j_2022EE=-1215.94	CMS_scale_j_2023=-775.003	CMS_scale_j_2023BPix=-295.758	CMS_scale_m_13TeV=-178.186	CMS_scale_m_13p6TeV=-446.625	QCDscale_fac_ttbar=44.2035	QCDscale_ren_ttbar=36696.3	pdf_alphas=-10630.6	r=10.3518
RooFit::Detail::RooFixedProdPdf::model_s[ ]
     getLogVal() top-level p.d.f not greater than zero @ !servers=(modelObs_s = 0)

RooAbsMinimizerFcn: Minimized function has error status.
Returning maximum FCN so far (0.182996) to force MIGRAD to back out of this region. Error log follows.
Parameter values: 	CMS_NPS26009_LightJetStat_DY_BJetOS_2016postVFP=-131.554	CMS_NPS26009_LightJetStat_DY_BJetOS_2016preVFP=-202.064	CMS_NPS26009_LightJetStat_DY_BJetOS_2017=-233.294	CMS_NPS26009_LightJetStat_DY_BJetOS_2018=-271.805	CMS_NPS26009_LightJetStat_DY_BJetOS_2022=-294.273	CMS_NPS26009_LightJetStat_DY_BJetOS_2022EE=-877.316	CMS_NPS26009_LightJetStat_DY_BJetOS_2023=-634.161	CMS_NPS26009_LightJetStat_DY_BJetOS_2023BPix=-443.107	CMS_NPS26009_MCstat_other_BJetOS_2016postVFP=-841.608	CMS_NPS26009_MCstat_other_BJetOS_2016preVFP=-51.7767	CMS_NPS26009_MCstat_other_BJetOS_2017=-68.5599	CMS_NPS26009_MCstat_other_BJetOS_2018=-68.3641	CMS_NPS26009_MCstat_other_BJetOS_2022=-101.466	CMS_NPS26009_MCstat_other_BJetOS_2022EE=-162.981	CMS_NPS26009_MCstat_other_BJetOS_2023=-103.606	CMS_NPS26009_MCstat_other_BJetOS_2023BPix=-197.552	CMS_NPS26009_MCstat_signal_BJetOS_2016postVFP=-145.909	CMS_NPS26009_MCstat_signal_BJetOS_2016preVFP=-159.045	CMS_NPS26009_MCstat_signal_BJetOS_2017=-196.934	CMS_NPS26009_MCstat_signal_BJetOS_2018=-326.171	CMS_NPS26009_MCstat_signal_BJetOS_2022=-48.9529	CMS_NPS26009_MCstat_signal_BJetOS_2022EE=-116.909	CMS_NPS26009_MCstat_signal_BJetOS_2023=-105.069	CMS_NPS26009_MCstat_signal_BJetOS_2023BPix=-96.4565	CMS_NPS26009_MCstat_singleTop_BJetOS_2016postVFP=-44.4047	CMS_NPS26009_MCstat_singleTop_BJetOS_2016preVFP=-67.0885	CMS_NPS26009_MCstat_singleTop_BJetOS_2017=-95.8055	CMS_NPS26009_MCstat_singleTop_BJetOS_2018=-87.7015	CMS_NPS26009_MCstat_singleTop_BJetOS_2022=-163.054	CMS_NPS26009_MCstat_singleTop_BJetOS_2022EE=-355.731	CMS_NPS26009_MCstat_singleTop_BJetOS_2023=-220.244	CMS_NPS26009_MCstat_singleTop_BJetOS_2023BPix=-103.915	CMS_NPS26009_MCstat_ttbar_BJetOS_2016postVFP=-29.6152	CMS_NPS26009_MCstat_ttbar_BJetOS_2016preVFP=-73.1218	CMS_NPS26009_MCstat_ttbar_BJetOS_2017=-198.504	CMS_NPS26009_MCstat_ttbar_BJetOS_2018=-148.675	CMS_NPS26009_MCstat_ttbar_BJetOS_2022=-481.002	CMS_NPS26009_MCstat_ttbar_BJetOS_2022EE=-933.728	CMS_NPS26009_MCstat_ttbar_BJetOS_2023=-723.359	CMS_NPS26009_MCstat_ttbar_BJetOS_2023BPix=-590.953	CMS_NPS26009_NFModel_DY_BJetOS_13TeV=-4150.57	CMS_NPS26009_NFModel_DY_BJetOS_13p6TeV=-8726.44	CMS_NPS26009_NFStat_DY_BJetOS_2016postVFP=0.15189	CMS_NPS26009_NFStat_DY_BJetOS_2016preVFP=0.0928384	CMS_NPS26009_NFStat_DY_BJetOS_2017=0.109141	CMS_NPS26009_NFStat_DY_BJetOS_2018=0.150983	CMS_NPS26009_NFStat_DY_BJetOS_2022=0.0203232	CMS_NPS26009_NFStat_DY_BJetOS_2022EE=0.0510772	CMS_NPS26009_NFStat_DY_BJetOS_2023=0.107772	CMS_NPS26009_NFStat_DY_BJetOS_2023BPix=0.0635604	CMS_NPS26009_QCDscale_fac_singleTop=-80.3342	CMS_NPS26009_QCDscale_ren_singleTop=798.338	CMS_NPS26009_bckgNorm_QCD_BJetOS_2016postVFP=-0.511207	CMS_NPS26009_bckgNorm_QCD_BJetOS_2016preVFP=-34.9039	CMS_NPS26009_bckgNorm_QCD_BJetOS_2017=-340.999	CMS_NPS26009_bckgNorm_QCD_BJetOS_2018=-211.29	CMS_NPS26009_bckgNorm_QCD_BJetOS_2022=-100.024	CMS_NPS26009_bckgNorm_QCD_BJetOS_2022EE=-61.0229	CMS_NPS26009_bckgNorm_QCD_BJetOS_2023=-3168.57	CMS_NPS26009_bckgNorm_QCD_BJetOS_2023BPix=-285.605	CMS_NPS26009_bckgShape_QCD_BJetOS_2016postVFP=-1.09687	CMS_NPS26009_bckgShape_QCD_BJetOS_2016preVFP=49.9089	CMS_NPS26009_bckgShape_QCD_BJetOS_2017=-12.2284	CMS_NPS26009_bckgShape_QCD_BJetOS_2018=65.5894	CMS_NPS26009_bckgShape_QCD_BJetOS_2022=-2.26917	CMS_NPS26009_bckgShape_QCD_BJetOS_2022EE=-28.3299	CMS_NPS26009_bckgShape_QCD_BJetOS_2023=-1.61415	CMS_NPS26009_bckgShape_QCD_BJetOS_2023BPix=2.72677	CMS_NPS26009_btag_fixedWP_comb_bc_correlated_13TeV=-1696.55	CMS_NPS26009_btag_fixedWP_comb_bc_correlated_13p6TeV=-3556.63	CMS_NPS26009_btag_fixedWP_incl_light_correlated_13TeV=-223.862	CMS_NPS26009_btag_fixedWP_incl_light_correlated_13p6TeV=-583.733	CMS_NPS26009_eff_m_id_Run2=-134.659	CMS_NPS26009_eff_m_id_Run3=-276.009	CMS_NPS26009_eff_m_trigger_2016postVFP=-35.19	CMS_NPS26009_eff_m_trigger_2016preVFP=-70.5715	CMS_NPS26009_eff_m_trigger_2017=-77.6755	CMS_NPS26009_eff_m_trigger_2018=-83.6344	CMS_NPS26009_eff_m_trigger_2022=-58.0367	CMS_NPS26009_eff_m_trigger_2022EE=-113.06	CMS_NPS26009_eff_m_trigger_2023=-78.8653	CMS_NPS26009_eff_m_trigger_2023BPix=-63.7704	CMS_NPS26009_lumi_2016=-437.725	CMS_NPS26009_lumi_2017=-965.701	CMS_NPS26009_lumi_2018=-1342.54	CMS_NPS26009_lumi_2022=-1503.67	CMS_NPS26009_lumi_2023=-868.364	CMS_NPS26009_pdf_NNPDF31=-2051.8	CMS_NPS26009_topmass_ttbar_BJetOS=-5100.76	CMS_btag_fixedWP_comb_bc_uncorrelated_2016postVFP=-176.449	CMS_btag_fixedWP_comb_bc_uncorrelated_2016preVFP=-238.772	CMS_btag_fixedWP_comb_bc_uncorrelated_2017=-713.832	CMS_btag_fixedWP_comb_bc_uncorrelated_2018=-475.54	CMS_btag_fixedWP_comb_bc_uncorrelated_2022=-425.105	CMS_btag_fixedWP_comb_bc_uncorrelated_2022EE=-1065.73	CMS_btag_fixedWP_comb_bc_uncorrelated_2023=-933.384	CMS_btag_fixedWP_comb_bc_uncorrelated_2023BPix=-634.899	CMS_btag_fixedWP_incl_light_uncorrelated_2016postVFP=-11.7769	CMS_btag_fixedWP_incl_light_uncorrelated_2016preVFP=-13.3923	CMS_btag_fixedWP_incl_light_uncorrelated_2017=-47.8493	CMS_btag_fixedWP_incl_light_uncorrelated_2018=-48.5704	CMS_btag_fixedWP_incl_light_uncorrelated_2022=-26.6356	CMS_btag_fixedWP_incl_light_uncorrelated_2022EE=-117.977	CMS_btag_fixedWP_incl_light_uncorrelated_2023=-60.0114	CMS_btag_fixedWP_incl_light_uncorrelated_2023BPix=-34.0416	CMS_l1_prefiring_2016postVFP=153.998	CMS_l1_prefiring_2016preVFP=197.057	CMS_l1_prefiring_2017=295.923	CMS_l1_prefiring_2018=88.2026	CMS_pileup_13TeV=189.803	CMS_pileup_13p6TeV=816.658	CMS_res_j_2016postVFP=-6.21674	CMS_res_j_2016preVFP=0.942596	CMS_res_j_2017=15.3824	CMS_res_j_2018=-5.21439	CMS_res_j_2022=14.6933	CMS_res_j_2022EE=46.0226	CMS_res_j_2023=44.5366	CMS_res_j_2023BPix=43.4141	CMS_scale_j_2016postVFP=-39.7482	CMS_scale_j_2016preVFP=-41.9658	CMS_scale_j_2017=-175.412	CMS_scale_j_2018=-288.929	CMS_scale_j_2022=-141.627	CMS_scale_j_2022EE=-607.772	CMS_scale_j_2023=-387.376	CMS_scale_j_2023BPix=-147.834	CMS_scale_m_13TeV=-89.0774	CMS_scale_m_13p6TeV=-223.244	QCDscale_fac_ttbar=21.9573	QCDscale_ren_ttbar=18343.3	pdf_alphas=-5313.88	r=10.3518
RooFit::Detail::RooFixedProdPdf::model_s[ ]
     getLogVal() top-level p.d.f not greater than zero @ !servers=(modelObs_s = 0)

RooAbsMinimizerFcn: Minimized function has error status.
Returning maximum FCN so far (0.182996) to force MIGRAD to back out of this region. Error log follows.
Parameter values: 	CMS_NPS26009_LightJetStat_DY_BJetOS_2016postVFP=-65.704	CMS_NPS26009_LightJetStat_DY_BJetOS_2016preVFP=-100.965	CMS_NPS26009_LightJetStat_DY_BJetOS_2017=-116.604	CMS_NPS26009_LightJetStat_DY_BJetOS_2018=-135.888	CMS_NPS26009_LightJetStat_DY_BJetOS_2022=-147.103	CMS_NPS26009_LightJetStat_DY_BJetOS_2022EE=-438.383	CMS_NPS26009_LightJetStat_DY_BJetOS_2023=-316.88	CMS_NPS26009_LightJetStat_DY_BJetOS_2023BPix=-221.418	CMS_NPS26009_MCstat_other_BJetOS_2016postVFP=-420.561	CMS_NPS26009_MCstat_other_BJetOS_2016preVFP=-25.8726	CMS_NPS26009_MCstat_other_BJetOS_2017=-34.2662	CMS_NPS26009_MCstat_other_BJetOS_2018=-34.1752	CMS_NPS26009_MCstat_other_BJetOS_2022=-50.7215	CMS_NPS26009_MCstat_other_BJetOS_2022EE=-81.4391	CMS_NPS26009_MCstat_other_BJetOS_2023=-51.7707	CMS_NPS26009_MCstat_other_BJetOS_2023BPix=-98.7171	CMS_NPS26009_MCstat_signal_BJetOS_2016postVFP=-72.9154	CMS_NPS26009_MCstat_signal_BJetOS_2016preVFP=-79.4822	CMS_NPS26009_MCstat_signal_BJetOS_2017=-98.4205	CMS_NPS26009_MCstat_signal_BJetOS_2018=-163.012	CMS_NPS26009_MCstat_signal_BJetOS_2022=-24.4673	CMS_NPS26009_MCstat_signal_BJetOS_2022EE=-58.419	CMS_NPS26009_MCstat_signal_BJetOS_2023=-52.5041	CMS_NPS26009_MCstat_signal_BJetOS_2023BPix=-48.2024	CMS_NPS26009_MCstat_singleTop_BJetOS_2016postVFP=-22.1798	CMS_NPS26009_MCstat_singleTop_BJetOS_2016preVFP=-33.523	CMS_NPS26009_MCstat_singleTop_BJetOS_2017=-47.8838	CMS_NPS26009_MCstat_singleTop_BJetOS_2018=-43.8429	CMS_NPS26009_MCstat_singleTop_BJetOS_2022=-81.5087	CMS_NPS26009_MCstat_singleTop_BJetOS_2022EE=-177.753	CMS_NPS26009_MCstat_singleTop_BJetOS_2023=-110.052	CMS_NPS26009_MCstat_singleTop_BJetOS_2023BPix=-51.9263	CMS_NPS26009_MCstat_ttbar_BJetOS_2016postVFP=-14.7656	CMS_NPS26009_MCstat_ttbar_BJetOS_2016preVFP=-36.5288	CMS_NPS26009_MCstat_ttbar_BJetOS_2017=-99.2176	CMS_NPS26009_MCstat_ttbar_BJetOS_2018=-74.3425	CMS_NPS26009_MCstat_ttbar_BJetOS_2022=-240.446	CMS_NPS26009_MCstat_ttbar_BJetOS_2022EE=-466.562	CMS_NPS26009_MCstat_ttbar_BJetOS_2023=-361.445	CMS_NPS26009_MCstat_ttbar_BJetOS_2023BPix=-295.293	CMS_NPS26009_NFModel_DY_BJetOS_13TeV=-2074.57	CMS_NPS26009_NFModel_DY_BJetOS_13p6TeV=-4360.53	CMS_NPS26009_NFStat_DY_BJetOS_2016postVFP=0.0538739	CMS_NPS26009_NFStat_DY_BJetOS_2016preVFP=0.168569	CMS_NPS26009_NFStat_DY_BJetOS_2017=0.142742	CMS_NPS26009_NFStat_DY_BJetOS_2018=0.134534	CMS_NPS26009_NFStat_DY_BJetOS_2022=0.0644961	CMS_NPS26009_NFStat_DY_BJetOS_2022EE=0.0418803	CMS_NPS26009_NFStat_DY_BJetOS_2023=0.0806817	CMS_NPS26009_NFStat_DY_BJetOS_2023BPix=0.108339	CMS_NPS26009_QCDscale_fac_singleTop=-40.1477	CMS_NPS26009_QCDscale_ren_singleTop=398.962	CMS_NPS26009_bckgNorm_QCD_BJetOS_2016postVFP=-0.255345	CMS_NPS26009_bckgNorm_QCD_BJetOS_2016preVFP=-17.4337	CMS_NPS26009_bckgNorm_QCD_BJetOS_2017=-170.432	CMS_NPS26009_bckgNorm_QCD_BJetOS_2018=-105.634	CMS_NPS26009_bckgNorm_QCD_BJetOS_2022=-50.0011	CMS_NPS26009_bckgNorm_QCD_BJetOS_2022EE=-30.4924	CMS_NPS26009_bckgNorm_QCD_BJetOS_2023=-1583.27	CMS_NPS26009_bckgNorm_QCD_BJetOS_2023BPix=-142.716	CMS_NPS26009_bckgShape_QCD_BJetOS_2016postVFP=24.6159	CMS_NPS26009_bckgShape_QCD_BJetOS_2016preVFP=-20.1996	CMS_NPS26009_bckgShape_QCD_BJetOS_2017=40.6624	CMS_NPS26009_bckgShape_QCD_BJetOS_2018=114.642	CMS_NPS26009_bckgShape_QCD_BJetOS_2022=2.26607	CMS_NPS26009_bckgShape_QCD_BJetOS_2022EE=-27.3178	CMS_NPS26009_bckgShape_QCD_BJetOS_2023=80.1769	CMS_NPS26009_bckgShape_QCD_BJetOS_2023BPix=-2.66237	CMS_NPS26009_btag_fixedWP_comb_bc_correlated_13TeV=-847.895	CMS_NPS26009_btag_fixedWP_comb_bc_correlated_13p6TeV=-1777.33	CMS_NPS26009_btag_fixedWP_incl_light_correlated_13TeV=-111.892	CMS_NPS26009_btag_fixedWP_incl_light_correlated_13p6TeV=-291.692	CMS_NPS26009_eff_m_id_Run2=-67.299	CMS_NPS26009_eff_m_id_Run3=-137.925	CMS_NPS26009_eff_m_trigger_2016postVFP=-17.5812	CMS_NPS26009_eff_m_trigger_2016preVFP=-35.2655	CMS_NPS26009_eff_m_trigger_2017=-38.8216	CMS_NPS26009_eff_m_trigger_2018=-41.8051	CMS_NPS26009_eff_m_trigger_2022=-29.0112	CMS_NPS26009_eff_m_trigger_2022EE=-56.4935	CMS_NPS26009_eff_m_trigger_2023=-39.4077	CMS_NPS26009_eff_m_trigger_2023BPix=-31.8662	CMS_NPS26009_lumi_2016=-218.713	CMS_NPS26009_lumi_2017=-482.652	CMS_NPS26009_lumi_2018=-671.084	CMS_NPS26009_lumi_2022=-751.417	CMS_NPS26009_lumi_2023=-433.912	CMS_NPS26009_pdf_NNPDF31=-1025.36	CMS_NPS26009_topmass_ttbar_BJetOS=-2549.03	CMS_btag_fixedWP_comb_bc_uncorrelated_2016postVFP=-88.1505	CMS_btag_fixedWP_comb_bc_uncorrelated_2016preVFP=-119.315	CMS_btag_fixedWP_comb_bc_uncorrelated_2017=-356.769	CMS_btag_fixedWP_comb_bc_uncorrelated_2018=-237.707	CMS_btag_fixedWP_comb_bc_uncorrelated_2022=-212.501	CMS_btag_fixedWP_comb_bc_uncorrelated_2022EE=-532.521	CMS_btag_fixedWP_comb_bc_uncorrelated_2023=-466.395	CMS_btag_fixedWP_comb_bc_uncorrelated_2023BPix=-317.26	CMS_btag_fixedWP_incl_light_uncorrelated_2016postVFP=-5.87914	CMS_btag_fixedWP_incl_light_uncorrelated_2016preVFP=-6.69114	CMS_btag_fixedWP_incl_light_uncorrelated_2017=-23.9157	CMS_btag_fixedWP_incl_light_uncorrelated_2018=-24.2836	CMS_btag_fixedWP_incl_light_uncorrelated_2022=-13.3147	CMS_btag_fixedWP_incl_light_uncorrelated_2022EE=-58.9503	CMS_btag_fixedWP_incl_light_uncorrelated_2023=-29.9864	CMS_btag_fixedWP_incl_light_uncorrelated_2023BPix=-17.0103	CMS_l1_prefiring_2016postVFP=76.934	CMS_l1_prefiring_2016preVFP=98.4707	CMS_l1_prefiring_2017=147.901	CMS_l1_prefiring_2018=44.0893	CMS_pileup_13TeV=94.8408	CMS_pileup_13p6TeV=408.085	CMS_res_j_2016postVFP=-3.10614	CMS_res_j_2016preVFP=0.471048	CMS_res_j_2017=7.68865	CMS_res_j_2018=-2.60502	CMS_res_j_2022=7.34501	CMS_res_j_2022EE=22.9965	CMS_res_j_2023=22.2541	CMS_res_j_2023BPix=21.6937	CMS_scale_j_2016postVFP=-19.8566	CMS_scale_j_2016preVFP=-20.9702	CMS_scale_j_2017=-87.6703	CMS_scale_j_2018=-144.427	CMS_scale_j_2022=-70.797	CMS_scale_j_2022EE=-303.69	CMS_scale_j_2023=-193.563	CMS_scale_j_2023BPix=-73.8716	CMS_scale_m_13TeV=-44.523	CMS_scale_m_13p6TeV=-111.553	QCDscale_fac_ttbar=10.8342	QCDscale_ren_ttbar=9166.77	pdf_alphas=-2655.51	r=10.3518
RooFit::Detail::RooFixedProdPdf::model_s[ ]
     getLogVal() top-level p.d.f not greater than zero @ !servers=(modelObs_s = 0)

RooAbsMinimizerFcn: Minimized function has error status.
Returning maximum FCN so far (0.182996) to force MIGRAD to back out of this region. Error log follows.
Parameter values: 	CMS_NPS26009_LightJetStat_DY_BJetOS_2016postVFP=-32.779	CMS_NPS26009_LightJetStat_DY_BJetOS_2016preVFP=-50.4153	CMS_NPS26009_LightJetStat_DY_BJetOS_2017=-58.2598	CMS_NPS26009_LightJetStat_DY_BJetOS_2018=-67.9293	CMS_NPS26009_LightJetStat_DY_BJetOS_2022=-73.5181	CMS_NPS26009_LightJetStat_DY_BJetOS_2022EE=-218.916	CMS_NPS26009_LightJetStat_DY_BJetOS_2023=-158.24	CMS_NPS26009_LightJetStat_DY_BJetOS_2023BPix=-110.574	CMS_NPS26009_MCstat_other_BJetOS_2016postVFP=-210.038	CMS_NPS26009_MCstat_other_BJetOS_2016preVFP=-12.9205	CMS_NPS26009_MCstat_other_BJetOS_2017=-17.1194	CMS_NPS26009_MCstat_other_BJetOS_2018=-17.0807	CMS_NPS26009_MCstat_other_BJetOS_2022=-25.3492	CMS_NPS26009_MCstat_other_BJetOS_2022EE=-40.6681	CMS_NPS26009_MCstat_other_BJetOS_2023=-25.8528	CMS_NPS26009_MCstat_other_BJetOS_2023BPix=-49.2995	CMS_NPS26009_MCstat_signal_BJetOS_2016postVFP=-36.4187	CMS_NPS26009_MCstat_signal_BJetOS_2016preVFP=-39.7008	CMS_NPS26009_MCstat_signal_BJetOS_2017=-49.1637	CMS_NPS26009_MCstat_signal_BJetOS_2018=-81.4324	CMS_NPS26009_MCstat_signal_BJetOS_2022=-12.2245	CMS_NPS26009_MCstat_signal_BJetOS_2022EE=-29.1743	CMS_NPS26009_MCstat_signal_BJetOS_2023=-26.2218	CMS_NPS26009_MCstat_signal_BJetOS_2023BPix=-24.0753	CMS_NPS26009_MCstat_singleTop_BJetOS_2016postVFP=-11.0673	CMS_NPS26009_MCstat_singleTop_BJetOS_2016preVFP=-16.7402	CMS_NPS26009_MCstat_singleTop_BJetOS_2017=-23.923	CMS_NPS26009_MCstat_singleTop_BJetOS_2018=-21.9137	CMS_NPS26009_MCstat_singleTop_BJetOS_2022=-40.7359	CMS_NPS26009_MCstat_singleTop_BJetOS_2022EE=-88.7643	CMS_NPS26009_MCstat_singleTop_BJetOS_2023=-54.9569	CMS_NPS26009_MCstat_singleTop_BJetOS_2023BPix=-25.9319	CMS_NPS26009_MCstat_ttbar_BJetOS_2016postVFP=-7.34076	CMS_NPS26009_MCstat_ttbar_BJetOS_2016preVFP=-18.2323	CMS_NPS26009_MCstat_ttbar_BJetOS_2017=-49.5742	CMS_NPS26009_MCstat_ttbar_BJetOS_2018=-37.1762	CMS_NPS26009_MCstat_ttbar_BJetOS_2022=-120.169	CMS_NPS26009_MCstat_ttbar_BJetOS_2022EE=-232.979	CMS_NPS26009_MCstat_ttbar_BJetOS_2023=-180.489	CMS_NPS26009_MCstat_ttbar_BJetOS_2023BPix=-147.463	CMS_NPS26009_NFModel_DY_BJetOS_13TeV=-1036.57	CMS_NPS26009_NFModel_DY_BJetOS_13p6TeV=-2177.58	CMS_NPS26009_NFStat_DY_BJetOS_2016postVFP=0.0927222	CMS_NPS26009_NFStat_DY_BJetOS_2016preVFP=0.199346	CMS_NPS26009_NFStat_DY_BJetOS_2017=0.0628545	CMS_NPS26009_NFStat_DY_BJetOS_2018=0.125359	CMS_NPS26009_NFStat_DY_BJetOS_2022=0.0358872	CMS_NPS26009_NFStat_DY_BJetOS_2022EE=0.0416285	CMS_NPS26009_NFStat_DY_BJetOS_2023=0.084168	CMS_NPS26009_NFStat_DY_BJetOS_2023BPix=0.0232355	CMS_NPS26009_QCDscale_fac_singleTop=-20.0545	CMS_NPS26009_QCDscale_ren_singleTop=199.274	CMS_NPS26009_bckgNorm_QCD_BJetOS_2016postVFP=-0.127414	CMS_NPS26009_bckgNorm_QCD_BJetOS_2016preVFP=-8.69866	CMS_NPS26009_bckgNorm_QCD_BJetOS_2017=-85.1489	CMS_NPS26009_bckgNorm_QCD_BJetOS_2018=-52.8068	CMS_NPS26009_bckgNorm_QCD_BJetOS_2022=-24.9894	CMS_NPS26009_bckgNorm_QCD_BJetOS_2022EE=-15.2272	CMS_NPS26009_bckgNorm_QCD_BJetOS_2023=-790.627	CMS_NPS26009_bckgNorm_QCD_BJetOS_2023BPix=-71.272	CMS_NPS26009_bckgShape_QCD_BJetOS_2016postVFP=30.9119	CMS_NPS26009_bckgShape_QCD_BJetOS_2016preVFP=30.647	CMS_NPS26009_bckgShape_QCD_BJetOS_2017=14.6392	CMS_NPS26009_bckgShape_QCD_BJetOS_2018=10.9455	CMS_NPS26009_bckgShape_QCD_BJetOS_2022=-4.00414	CMS_NPS26009_bckgShape_QCD_BJetOS_2022EE=-26.6705	CMS_NPS26009_bckgShape_QCD_BJetOS_2023=-34.9628	CMS_NPS26009_bckgShape_QCD_BJetOS_2023BPix=9.42994	CMS_NPS26009_btag_fixedWP_comb_bc_correlated_13TeV=-423.569	CMS_NPS26009_btag_fixedWP_comb_bc_correlated_13p6TeV=-887.676	CMS_NPS26009_btag_fixedWP_incl_light_correlated_13TeV=-55.9068	CMS_NPS26009_btag_fixedWP_incl_light_correlated_13p6TeV=-145.671	CMS_NPS26009_eff_m_id_Run2=-33.6192	CMS_NPS26009_eff_m_id_Run3=-68.8836	CMS_NPS26009_eff_m_trigger_2016postVFP=-8.77677	CMS_NPS26009_eff_m_trigger_2016preVFP=-17.6125	CMS_NPS26009_eff_m_trigger_2017=-19.3946	CMS_NPS26009_eff_m_trigger_2018=-20.8904	CMS_NPS26009_eff_m_trigger_2022=-14.4984	CMS_NPS26009_eff_m_trigger_2022EE=-28.2105	CMS_NPS26009_eff_m_trigger_2023=-19.6789	CMS_NPS26009_eff_m_trigger_2023BPix=-15.9141	CMS_NPS26009_lumi_2016=-109.206	CMS_NPS26009_lumi_2017=-241.128	CMS_NPS26009_lumi_2018=-335.358	CMS_NPS26009_lumi_2022=-375.289	CMS_NPS26009_lumi_2023=-216.687	CMS_NPS26009_pdf_NNPDF31=-512.138	CMS_NPS26009_topmass_ttbar_BJetOS=-1273.17	CMS_btag_fixedWP_comb_bc_uncorrelated_2016postVFP=-44.0012	CMS_btag_fixedWP_comb_bc_uncorrelated_2016preVFP=-59.5872	CMS_btag_fixedWP_comb_bc_uncorrelated_2017=-178.238	CMS_btag_fixedWP_comb_bc_uncorrelated_2018=-118.79	CMS_btag_fixedWP_comb_bc_uncorrelated_2022=-106.199	CMS_btag_fixedWP_comb_bc_uncorrelated_2022EE=-265.918	CMS_btag_fixedWP_comb_bc_uncorrelated_2023=-232.901	CMS_btag_fixedWP_comb_bc_uncorrelated_2023BPix=-158.44	CMS_btag_fixedWP_incl_light_uncorrelated_2016postVFP=-2.93027	CMS_btag_fixedWP_incl_light_uncorrelated_2016preVFP=-3.34055	CMS_btag_fixedWP_incl_light_uncorrelated_2017=-11.949	CMS_btag_fixedWP_incl_light_uncorrelated_2018=-12.1402	CMS_btag_fixedWP_incl_light_uncorrelated_2022=-6.65433	CMS_btag_fixedWP_incl_light_uncorrelated_2022EE=-29.4371	CMS_btag_fixedWP_incl_light_uncorrelated_2023=-14.9739	CMS_btag_fixedWP_incl_light_uncorrelated_2023BPix=-8.49468	CMS_l1_prefiring_2016postVFP=38.4019	CMS_l1_prefiring_2016preVFP=49.1776	CMS_l1_prefiring_2017=73.8902	CMS_l1_prefiring_2018=22.0327	CMS_pileup_13TeV=47.3597	CMS_pileup_13p6TeV=203.798	CMS_res_j_2016postVFP=-1.55085	CMS_res_j_2016preVFP=0.235273	CMS_res_j_2017=3.84178	CMS_res_j_2018=-1.30033	CMS_res_j_2022=3.67084	CMS_res_j_2022EE=11.4834	CMS_res_j_2023=11.1129	CMS_res_j_2023BPix=10.8335	CMS_scale_j_2016postVFP=-9.91081	CMS_scale_j_2016preVFP=-10.4724	CMS_scale_j_2017=-43.7996	CMS_scale_j_2018=-72.1766	CMS_scale_j_2022=-35.3821	CMS_scale_j_2022EE=-151.649	CMS_scale_j_2023=-96.6563	CMS_scale_j_2023BPix=-36.8906	CMS_scale_m_13TeV=-22.2458	CMS_scale_m_13p6TeV=-55.7078	QCDscale_fac_ttbar=5.2727	QCDscale_ren_ttbar=4578.52	pdf_alphas=-1326.32	r=10.3518
RooFit::Detail::RooFixedProdPdf::model_s[ ]
     getLogVal() top-level p.d.f not greater than zero @ !servers=(modelObs_s = 0)

RooAbsMinimizerFcn: Minimized function has error status.
Returning maximum FCN so far (0.182996) to force MIGRAD to back out of this region. Error log follows.
Parameter values: 	CMS_NPS26009_LightJetStat_DY_BJetOS_2016postVFP=-16.3165	CMS_NPS26009_LightJetStat_DY_BJetOS_2016preVFP=-25.1406	CMS_NPS26009_LightJetStat_DY_BJetOS_2017=-29.0875	CMS_NPS26009_LightJetStat_DY_BJetOS_2018=-33.95	CMS_NPS26009_LightJetStat_DY_BJetOS_2022=-36.7256	CMS_NPS26009_LightJetStat_DY_BJetOS_2022EE=-109.183	CMS_NPS26009_LightJetStat_DY_BJetOS_2023=-78.9196	CMS_NPS26009_LightJetStat_DY_BJetOS_2023BPix=-55.1519	CMS_NPS26009_MCstat_other_BJetOS_2016postVFP=-104.777	CMS_NPS26009_MCstat_other_BJetOS_2016preVFP=-6.44447	CMS_NPS26009_MCstat_other_BJetOS_2017=-8.54603	CMS_NPS26009_MCstat_other_BJetOS_2018=-8.53353	CMS_NPS26009_MCstat_other_BJetOS_2022=-12.6631	CMS_NPS26009_MCstat_other_BJetOS_2022EE=-20.2826	CMS_NPS26009_MCstat_other_BJetOS_2023=-12.8938	CMS_NPS26009_MCstat_other_BJetOS_2023BPix=-24.5908	CMS_NPS26009_MCstat_signal_BJetOS_2016postVFP=-18.1704	CMS_NPS26009_MCstat_signal_BJetOS_2016preVFP=-19.8101	CMS_NPS26009_MCstat_signal_BJetOS_2017=-24.5354	CMS_NPS26009_MCstat_signal_BJetOS_2018=-40.6427	CMS_NPS26009_MCstat_signal_BJetOS_2022=-6.10309	CMS_NPS26009_MCstat_signal_BJetOS_2022EE=-14.5519	CMS_NPS26009_MCstat_signal_BJetOS_2023=-13.0807	CMS_NPS26009_MCstat_signal_BJetOS_2023BPix=-12.0118	CMS_NPS26009_MCstat_singleTop_BJetOS_2016postVFP=-5.51105	CMS_NPS26009_MCstat_singleTop_BJetOS_2016preVFP=-8.34884	CMS_NPS26009_MCstat_singleTop_BJetOS_2017=-11.9426	CMS_NPS26009_MCstat_singleTop_BJetOS_2018=-10.949	CMS_NPS26009_MCstat_singleTop_BJetOS_2022=-20.3495	CMS_NPS26009_MCstat_singleTop_BJetOS_2022EE=-44.27	CMS_NPS26009_MCstat_singleTop_BJetOS_2023=-27.4092	CMS_NPS26009_MCstat_singleTop_BJetOS_2023BPix=-12.9347	CMS_NPS26009_MCstat_ttbar_BJetOS_2016postVFP=-3.62837	CMS_NPS26009_MCstat_ttbar_BJetOS_2016preVFP=-9.08413	CMS_NPS26009_MCstat_ttbar_BJetOS_2017=-24.7526	CMS_NPS26009_MCstat_ttbar_BJetOS_2018=-18.5931	CMS_NPS26009_MCstat_ttbar_BJetOS_2022=-60.0304	CMS_NPS26009_MCstat_ttbar_BJetOS_2022EE=-116.187	CMS_NPS26009_MCstat_ttbar_BJetOS_2023=-90.0104	CMS_NPS26009_MCstat_ttbar_BJetOS_2023BPix=-73.5486	CMS_NPS26009_NFModel_DY_BJetOS_13TeV=-517.567	CMS_NPS26009_NFModel_DY_BJetOS_13p6TeV=-1086.11	CMS_NPS26009_NFStat_DY_BJetOS_2016postVFP=0.126481	CMS_NPS26009_NFStat_DY_BJetOS_2016preVFP=0.0727772	CMS_NPS26009_NFStat_DY_BJetOS_2017=0.116321	CMS_NPS26009_NFStat_DY_BJetOS_2018=0.120766	CMS_NPS26009_NFStat_DY_BJetOS_2022=0.0900624	CMS_NPS26009_NFStat_DY_BJetOS_2022EE=0.0426176	CMS_NPS26009_NFStat_DY_BJetOS_2023=0.0388883	CMS_NPS26009_NFStat_DY_BJetOS_2023BPix=0.0938061	CMS_NPS26009_QCDscale_fac_singleTop=-10.0079	CMS_NPS26009_QCDscale_ren_singleTop=99.4305	CMS_NPS26009_bckgNorm_QCD_BJetOS_2016postVFP=-0.0634489	CMS_NPS26009_bckgNorm_QCD_BJetOS_2016preVFP=-4.33113	CMS_NPS26009_bckgNorm_QCD_BJetOS_2017=-42.5073	CMS_NPS26009_bckgNorm_QCD_BJetOS_2018=-26.393	CMS_NPS26009_bckgNorm_QCD_BJetOS_2022=-12.4836	CMS_NPS26009_bckgNorm_QCD_BJetOS_2022EE=-7.59458	CMS_NPS26009_bckgNorm_QCD_BJetOS_2023=-394.304	CMS_NPS26009_bckgNorm_QCD_BJetOS_2023BPix=-35.5498	CMS_NPS26009_bckgShape_QCD_BJetOS_2016postVFP=28.0452	CMS_NPS26009_bckgShape_QCD_BJetOS_2016preVFP=-21.5031	CMS_NPS26009_bckgShape_QCD_BJetOS_2017=0.630137	CMS_NPS26009_bckgShape_QCD_BJetOS_2018=98.2201	CMS_NPS26009_bckgShape_QCD_BJetOS_2022=0.30154	CMS_NPS26009_bckgShape_QCD_BJetOS_2022EE=31.9157	CMS_NPS26009_bckgShape_QCD_BJetOS_2023=72.9278	CMS_NPS26009_bckgShape_QCD_BJetOS_2023BPix=-4.65837	CMS_NPS26009_btag_fixedWP_comb_bc_correlated_13TeV=-211.406	CMS_NPS26009_btag_fixedWP_comb_bc_correlated_13p6TeV=-442.852	CMS_NPS26009_btag_fixedWP_incl_light_correlated_13TeV=-27.9143	CMS_NPS26009_btag_fixedWP_incl_light_correlated_13p6TeV=-72.6608	CMS_NPS26009_eff_m_id_Run2=-16.7794	CMS_NPS26009_eff_m_id_Run3=-34.3629	CMS_NPS26009_eff_m_trigger_2016postVFP=-4.37458	CMS_NPS26009_eff_m_trigger_2016preVFP=-8.78606	CMS_NPS26009_eff_m_trigger_2017=-9.68112	CMS_NPS26009_eff_m_trigger_2018=-10.4331	CMS_NPS26009_eff_m_trigger_2022=-7.24203	CMS_NPS26009_eff_m_trigger_2022EE=-14.069	CMS_NPS26009_eff_m_trigger_2023=-9.81455	CMS_NPS26009_eff_m_trigger_2023BPix=-7.93807	CMS_NPS26009_lumi_2016=-54.4532	CMS_NPS26009_lumi_2017=-120.366	CMS_NPS26009_lumi_2018=-167.496	CMS_NPS26009_lumi_2022=-187.225	CMS_NPS26009_lumi_2023=-108.074	CMS_NPS26009_pdf_NNPDF31=-255.527	CMS_NPS26009_topmass_ttbar_BJetOS=-635.235	CMS_btag_fixedWP_comb_bc_uncorrelated_2016postVFP=-21.9265	CMS_btag_fixedWP_comb_bc_uncorrelated_2016preVFP=-29.7232	CMS_btag_fixedWP_comb_bc_uncorrelated_2017=-88.9725	CMS_btag_fixedWP_comb_bc_uncorrelated_2018=-59.3314	CMS_btag_fixedWP_comb_bc_uncorrelated_2022=-53.0478	CMS_btag_fixedWP_comb_bc_uncorrelated_2022EE=-132.616	CMS_btag_fixedWP_comb_bc_uncorrelated_2023=-116.154	CMS_btag_fixedWP_comb_bc_uncorrelated_2023BPix=-79.0303	CMS_btag_fixedWP_incl_light_uncorrelated_2016postVFP=-1.45584	CMS_btag_fixedWP_incl_light_uncorrelated_2016preVFP=-1.66525	CMS_btag_fixedWP_incl_light_uncorrelated_2017=-5.96558	CMS_btag_fixedWP_incl_light_uncorrelated_2018=-6.06852	CMS_btag_fixedWP_incl_light_uncorrelated_2022=-3.32413	CMS_btag_fixedWP_incl_light_uncorrelated_2022EE=-14.6805	CMS_btag_fixedWP_incl_light_uncorrelated_2023=-7.46764	CMS_btag_fixedWP_incl_light_uncorrelated_2023BPix=-4.23687	CMS_l1_prefiring_2016postVFP=19.1359	CMS_l1_prefiring_2016preVFP=24.5311	CMS_l1_prefiring_2017=36.8849	CMS_l1_prefiring_2018=11.0044	CMS_pileup_13TeV=23.6192	CMS_pileup_13p6TeV=101.655	CMS_res_j_2016postVFP=-0.773197	CMS_res_j_2016preVFP=0.117386	CMS_res_j_2017=1.91835	CMS_res_j_2018=-0.647993	CMS_res_j_2022=1.83376	CMS_res_j_2022EE=5.72687	CMS_res_j_2023=5.5423	CMS_res_j_2023BPix=5.4034	CMS_scale_j_2016postVFP=-4.93792	CMS_scale_j_2016preVFP=-5.22356	CMS_scale_j_2017=-21.8643	CMS_scale_j_2018=-36.0513	CMS_scale_j_2022=-17.6747	CMS_scale_j_2022EE=-75.6292	CMS_scale_j_2023=-48.2031	CMS_scale_j_2023BPix=-18.4001	CMS_scale_m_13TeV=-11.1073	CMS_scale_m_13p6TeV=-27.7853	QCDscale_fac_ttbar=2.49194	QCDscale_ren_ttbar=2284.4	pdf_alphas=-661.731	r=10.3518
RooFit::Detail::RooFixedProdPdf::model_s[ ]
     getLogVal() top-level p.d.f not greater than zero @ !servers=(modelObs_s = 0)

RooAbsMinimizerFcn: Minimized function has error status.
Returning maximum FCN so far (0.182996) to force MIGRAD to back out of this region. Error log follows.
Parameter values: 	CMS_NPS26009_LightJetStat_DY_BJetOS_2016postVFP=-8.08529	CMS_NPS26009_LightJetStat_DY_BJetOS_2016preVFP=-12.5033	CMS_NPS26009_LightJetStat_DY_BJetOS_2017=-14.5014	CMS_NPS26009_LightJetStat_DY_BJetOS_2018=-16.9605	CMS_NPS26009_LightJetStat_DY_BJetOS_2022=-18.3295	CMS_NPS26009_LightJetStat_DY_BJetOS_2022EE=-54.3171	CMS_NPS26009_LightJetStat_DY_BJetOS_2023=-39.2598	CMS_NPS26009_LightJetStat_DY_BJetOS_2023BPix=-27.441	CMS_NPS26009_MCstat_other_BJetOS_2016postVFP=-52.1463	CMS_NPS26009_MCstat_other_BJetOS_2016preVFP=-3.20648	CMS_NPS26009_MCstat_other_BJetOS_2017=-4.25936	CMS_NPS26009_MCstat_other_BJetOS_2018=-4.25995	CMS_NPS26009_MCstat_other_BJetOS_2022=-6.32007	CMS_NPS26009_MCstat_other_BJetOS_2022EE=-10.09	CMS_NPS26009_MCstat_other_BJetOS_2023=-6.41443	CMS_NPS26009_MCstat_other_BJetOS_2023BPix=-12.2365	CMS_NPS26009_MCstat_signal_BJetOS_2016postVFP=-9.0463	CMS_NPS26009_MCstat_signal_BJetOS_2016preVFP=-9.86484	CMS_NPS26009_MCstat_signal_BJetOS_2017=-12.2213	CMS_NPS26009_MCstat_signal_BJetOS_2018=-20.2479	CMS_NPS26009_MCstat_signal_BJetOS_2022=-3.04242	CMS_NPS26009_MCstat_signal_BJetOS_2022EE=-7.24079	CMS_NPS26009_MCstat_signal_BJetOS_2023=-6.51016	CMS_NPS26009_MCstat_signal_BJetOS_2023BPix=-5.98013	CMS_NPS26009_MCstat_singleTop_BJetOS_2016postVFP=-2.73295	CMS_NPS26009_MCstat_singleTop_BJetOS_2016preVFP=-4.15319	CMS_NPS26009_MCstat_singleTop_BJetOS_2017=-5.95246	CMS_NPS26009_MCstat_singleTop_BJetOS_2018=-5.46677	CMS_NPS26009_MCstat_singleTop_BJetOS_2022=-10.1564	CMS_NPS26009_MCstat_singleTop_BJetOS_2022EE=-22.023	CMS_NPS26009_MCstat_singleTop_BJetOS_2023=-13.6355	CMS_NPS26009_MCstat_singleTop_BJetOS_2023BPix=-6.43611	CMS_NPS26009_MCstat_ttbar_BJetOS_2016postVFP=-1.77219	CMS_NPS26009_MCstat_ttbar_BJetOS_2016preVFP=-4.51005	CMS_NPS26009_MCstat_ttbar_BJetOS_2017=-12.3419	CMS_NPS26009_MCstat_ttbar_BJetOS_2018=-9.30159	CMS_NPS26009_MCstat_ttbar_BJetOS_2022=-29.9613	CMS_NPS26009_MCstat_ttbar_BJetOS_2022EE=-57.7922	CMS_NPS26009_MCstat_ttbar_BJetOS_2023=-44.7716	CMS_NPS26009_MCstat_ttbar_BJetOS_2023BPix=-36.5915	CMS_NPS26009_NFModel_DY_BJetOS_13TeV=-258.069	CMS_NPS26009_NFModel_DY_BJetOS_13p6TeV=-540.378	CMS_NPS26009_NFStat_DY_BJetOS_2016postVFP=0.140625	CMS_NPS26009_NFStat_DY_BJetOS_2016preVFP=0.128552	CMS_NPS26009_NFStat_DY_BJetOS_2017=0.144231	CMS_NPS26009_NFStat_DY_BJetOS_2018=0.125221	CMS_NPS26009_NFStat_DY_BJetOS_2022=0.0274925	CMS_NPS26009_NFStat_DY_BJetOS_2022EE=0.10428	CMS_NPS26009_NFStat_DY_BJetOS_2023=0.0355018	CMS_NPS26009_NFStat_DY_BJetOS_2023BPix=0.110229	CMS_NPS26009_QCDscale_fac_singleTop=-4.98465	CMS_NPS26009_QCDscale_ren_singleTop=49.5089	CMS_NPS26009_bckgNorm_QCD_BJetOS_2016postVFP=-0.0314664	CMS_NPS26009_bckgNorm_QCD_BJetOS_2016preVFP=-2.14739	CMS_NPS26009_bckgNorm_QCD_BJetOS_2017=-21.1867	CMS_NPS26009_bckgNorm_QCD_BJetOS_2018=-13.1861	CMS_NPS26009_bckgNorm_QCD_BJetOS_2022=-6.23073	CMS_NPS26009_bckgNorm_QCD_BJetOS_2022EE=-3.77831	CMS_NPS26009_bckgNorm_QCD_BJetOS_2023=-196.144	CMS_NPS26009_bckgNorm_QCD_BJetOS_2023BPix=-17.6888	CMS_NPS26009_bckgShape_QCD_BJetOS_2016postVFP=25.2541	CMS_NPS26009_bckgShape_QCD_BJetOS_2016preVFP=10.2939	CMS_NPS26009_bckgShape_QCD_BJetOS_2017=52.441	CMS_NPS26009_bckgShape_QCD_BJetOS_2018=134.607	CMS_NPS26009_bckgShape_QCD_BJetOS_2022=3.35869	CMS_NPS26009_bckgShape_QCD_BJetOS_2022EE=-11.3126	CMS_NPS26009_bckgShape_QCD_BJetOS_2023=-40.9429	CMS_NPS26009_bckgShape_QCD_BJetOS_2023BPix=1.28268	CMS_NPS26009_btag_fixedWP_comb_bc_correlated_13TeV=-105.325	CMS_NPS26009_btag_fixedWP_comb_bc_correlated_13p6TeV=-220.441	CMS_NPS26009_btag_fixedWP_incl_light_correlated_13TeV=-13.9181	CMS_NPS26009_btag_fixedWP_incl_light_correlated_13p6TeV=-36.156	CMS_NPS26009_eff_m_id_Run2=-8.35948	CMS_NPS26009_eff_m_id_Run3=-17.1026	CMS_NPS26009_eff_m_trigger_2016postVFP=-2.1735	CMS_NPS26009_eff_m_trigger_2016preVFP=-4.37285	CMS_NPS26009_eff_m_trigger_2017=-4.82442	CMS_NPS26009_eff_m_trigger_2018=-5.2045	CMS_NPS26009_eff_m_trigger_2022=-3.61387	CMS_NPS26009_eff_m_trigger_2022EE=-6.99834	CMS_NPS26009_eff_m_trigger_2023=-4.88239	CMS_NPS26009_eff_m_trigger_2023BPix=-3.95009	CMS_NPS26009_lumi_2016=-27.0769	CMS_NPS26009_lumi_2017=-59.9852	CMS_NPS26009_lumi_2018=-83.5649	CMS_NPS26009_lumi_2022=-93.1937	CMS_NPS26009_lumi_2023=-53.768	CMS_NPS26009_pdf_NNPDF31=-127.223	CMS_NPS26009_topmass_ttbar_BJetOS=-316.271	CMS_btag_fixedWP_comb_bc_uncorrelated_2016postVFP=-10.8893	CMS_btag_fixedWP_comb_bc_uncorrelated_2016preVFP=-14.7913	CMS_btag_fixedWP_comb_bc_uncorrelated_2017=-44.3401	CMS_btag_fixedWP_comb_bc_uncorrelated_2018=-29.6025	CMS_btag_fixedWP_comb_bc_uncorrelated_2022=-26.4725	CMS_btag_fixedWP_comb_bc_uncorrelated_2022EE=-65.9659	CMS_btag_fixedWP_comb_bc_uncorrelated_2023=-57.7811	CMS_btag_fixedWP_comb_bc_uncorrelated_2023BPix=-39.3257	CMS_btag_fixedWP_incl_light_uncorrelated_2016postVFP=-0.718625	CMS_btag_fixedWP_incl_light_uncorrelated_2016preVFP=-0.827609	CMS_btag_fixedWP_incl_light_uncorrelated_2017=-2.97391	CMS_btag_fixedWP_incl_light_uncorrelated_2018=-3.0327	CMS_btag_fixedWP_incl_light_uncorrelated_2022=-1.65904	CMS_btag_fixedWP_incl_light_uncorrelated_2022EE=-7.3023	CMS_btag_fixedWP_incl_light_uncorrelated_2023=-3.71454	CMS_btag_fixedWP_incl_light_uncorrelated_2023BPix=-2.10798	CMS_l1_prefiring_2016postVFP=9.50297	CMS_l1_prefiring_2016preVFP=12.208	CMS_l1_prefiring_2017=18.3823	CMS_l1_prefiring_2018=5.49026	CMS_pileup_13TeV=11.7491	CMS_pileup_13p6TeV=50.5839	CMS_res_j_2016postVFP=-0.384376	CMS_res_j_2016preVFP=0.0584434	CMS_res_j_2017=0.956646	CMS_res_j_2018=-0.321825	CMS_res_j_2022=0.915222	CMS_res_j_2022EE=2.84863	CMS_res_j_2023=2.75701	CMS_res_j_2023BPix=2.68837	CMS_scale_j_2016postVFP=-2.45149	CMS_scale_j_2016preVFP=-2.59914	CMS_scale_j_2017=-10.8967	CMS_scale_j_2018=-17.9888	CMS_scale_j_2022=-8.82106	CMS_scale_j_2022EE=-37.6193	CMS_scale_j_2023=-23.9767	CMS_scale_j_2023BPix=-9.15496	CMS_scale_m_13TeV=-5.538	CMS_scale_m_13p6TeV=-13.8241	QCDscale_fac_ttbar=1.10156	QCDscale_ren_ttbar=1137.34	pdf_alphas=-329.437	r=10.3518
RooFit::Detail::RooFixedProdPdf::model_s[ ]
     getLogVal() top-level p.d.f not greater than zero @ !servers=(modelObs_s = 0)

RooAbsMinimizerFcn: Minimized function has error status.
Returning maximum FCN so far (0.182996) to force MIGRAD to back out of this region. Error log follows.
Parameter values: 	CMS_NPS26009_LightJetStat_DY_BJetOS_2016postVFP=-3.96981	CMS_NPS26009_LightJetStat_DY_BJetOS_2016preVFP=-6.18485	CMS_NPS26009_LightJetStat_DY_BJetOS_2017=-7.20862	CMS_NPS26009_LightJetStat_DY_BJetOS_2018=-8.466	CMS_NPS26009_LightJetStat_DY_BJetOS_2022=-9.13166	CMS_NPS26009_LightJetStat_DY_BJetOS_2022EE=-26.8848	CMS_NPS26009_LightJetStat_DY_BJetOS_2023=-19.4305	CMS_NPS26009_LightJetStat_DY_BJetOS_2023BPix=-13.5859	CMS_NPS26009_MCstat_other_BJetOS_2016postVFP=-25.8318	CMS_NPS26009_MCstat_other_BJetOS_2016preVFP=-1.58753	CMS_NPS26009_MCstat_other_BJetOS_2017=-2.11609	CMS_NPS26009_MCstat_other_BJetOS_2018=-2.12322	CMS_NPS26009_MCstat_other_BJetOS_2022=-3.14865	CMS_NPS26009_MCstat_other_BJetOS_2022EE=-4.99379	CMS_NPS26009_MCstat_other_BJetOS_2023=-3.17482	CMS_NPS26009_MCstat_other_BJetOS_2023BPix=-6.05952	CMS_NPS26009_MCstat_signal_BJetOS_2016postVFP=-4.48437	CMS_NPS26009_MCstat_signal_BJetOS_2016preVFP=-4.89234	CMS_NPS26009_MCstat_signal_BJetOS_2017=-6.06445	CMS_NPS26009_MCstat_signal_BJetOS_2018=-10.0509	CMS_NPS26009_MCstat_signal_BJetOS_2022=-1.51213	CMS_NPS26009_MCstat_signal_BJetOS_2022EE=-3.58533	CMS_NPS26009_MCstat_signal_BJetOS_2023=-3.22499	CMS_NPS26009_MCstat_signal_BJetOS_2023BPix=-2.96436	CMS_NPS26009_MCstat_singleTop_BJetOS_2016postVFP=-1.34395	CMS_NPS26009_MCstat_singleTop_BJetOS_2016preVFP=-2.05542	CMS_NPS26009_MCstat_singleTop_BJetOS_2017=-2.95747	CMS_NPS26009_MCstat_singleTop_BJetOS_2018=-2.72571	CMS_NPS26009_MCstat_singleTop_BJetOS_2022=-5.06	CMS_NPS26009_MCstat_singleTop_BJetOS_2022EE=-10.8998	CMS_NPS26009_MCstat_singleTop_BJetOS_2023=-6.74877	CMS_NPS26009_MCstat_singleTop_BJetOS_2023BPix=-3.18693	CMS_NPS26009_MCstat_ttbar_BJetOS_2016postVFP=-0.844123	CMS_NPS26009_MCstat_ttbar_BJetOS_2016preVFP=-2.22308	CMS_NPS26009_MCstat_ttbar_BJetOS_2017=-6.13668	CMS_NPS26009_MCstat_ttbar_BJetOS_2018=-4.65597	CMS_NPS26009_MCstat_ttbar_BJetOS_2022=-14.9271	CMS_NPS26009_MCstat_ttbar_BJetOS_2022EE=-28.5954	CMS_NPS26009_MCstat_ttbar_BJetOS_2023=-22.1528	CMS_NPS26009_MCstat_ttbar_BJetOS_2023BPix=-18.1134	CMS_NPS26009_NFModel_DY_BJetOS_13TeV=-128.323	CMS_NPS26009_NFModel_DY_BJetOS_13p6TeV=-267.519	CMS_NPS26009_NFStat_DY_BJetOS_2016postVFP=0.146221	CMS_NPS26009_NFStat_DY_BJetOS_2016preVFP=0.185384	CMS_NPS26009_NFStat_DY_BJetOS_2017=0.062906	CMS_NPS26009_NFStat_DY_BJetOS_2018=0.167198	CMS_NPS26009_NFStat_DY_BJetOS_2022=0.0549897	CMS_NPS26009_NFStat_DY_BJetOS_2022EE=0.0857094	CMS_NPS26009_NFStat_DY_BJetOS_2023=0.0406733	CMS_NPS26009_NFStat_DY_BJetOS_2023BPix=0.104157	CMS_NPS26009_QCDscale_fac_singleTop=-2.47309	CMS_NPS26009_QCDscale_ren_singleTop=24.5489	CMS_NPS26009_bckgNorm_QCD_BJetOS_2016postVFP=-0.0154757	CMS_NPS26009_bckgNorm_QCD_BJetOS_2016preVFP=-1.05554	CMS_NPS26009_bckgNorm_QCD_BJetOS_2017=-10.5267	CMS_NPS26009_bckgNorm_QCD_BJetOS_2018=-6.58292	CMS_NPS26009_bckgNorm_QCD_BJetOS_2022=-3.10438	CMS_NPS26009_bckgNorm_QCD_BJetOS_2022EE=-1.87022	CMS_NPS26009_bckgNorm_QCD_BJetOS_2023=-97.0666	CMS_NPS26009_bckgNorm_QCD_BJetOS_2023BPix=-8.7586	CMS_NPS26009_bckgShape_QCD_BJetOS_2016postVFP=6.07011	CMS_NPS26009_bckgShape_QCD_BJetOS_2016preVFP=31.3067	CMS_NPS26009_bckgShape_QCD_BJetOS_2017=9.26205	CMS_NPS26009_bckgShape_QCD_BJetOS_2018=0.737879	CMS_NPS26009_bckgShape_QCD_BJetOS_2022=-0.659684	CMS_NPS26009_bckgShape_QCD_BJetOS_2022EE=33.3728	CMS_NPS26009_bckgShape_QCD_BJetOS_2023=68.9571	CMS_NPS26009_bckgShape_QCD_BJetOS_2023BPix=11.4637	CMS_NPS26009_btag_fixedWP_comb_bc_correlated_13TeV=-52.2866	CMS_NPS26009_btag_fixedWP_comb_bc_correlated_13p6TeV=-109.238	CMS_NPS26009_btag_fixedWP_incl_light_correlated_13TeV=-6.92027	CMS_NPS26009_btag_fixedWP_incl_light_correlated_13p6TeV=-17.9041	CMS_NPS26009_eff_m_id_Run2=-4.14966	CMS_NPS26009_eff_m_id_Run3=-8.47271	CMS_NPS26009_eff_m_trigger_2016postVFP=-1.07299	CMS_NPS26009_eff_m_trigger_2016preVFP=-2.1663	CMS_NPS26009_eff_m_trigger_2017=-2.39614	CMS_NPS26009_eff_m_trigger_2018=-2.59027	CMS_NPS26009_eff_m_trigger_2022=-1.79984	CMS_NPS26009_eff_m_trigger_2022EE=-3.4631	CMS_NPS26009_eff_m_trigger_2023=-2.41638	CMS_NPS26009_eff_m_trigger_2023BPix=-1.95615	CMS_NPS26009_lumi_2016=-13.3891	CMS_NPS26009_lumi_2017=-29.7957	CMS_NPS26009_lumi_2018=-41.6007	CMS_NPS26009_lumi_2022=-46.1794	CMS_NPS26009_lumi_2023=-26.6158	CMS_NPS26009_pdf_NNPDF31=-63.0722	CMS_NPS26009_topmass_ttbar_BJetOS=-156.794	CMS_btag_fixedWP_comb_bc_uncorrelated_2016postVFP=-5.37082	CMS_btag_fixedWP_comb_bc_uncorrelated_2016preVFP=-7.32554	CMS_btag_fixedWP_comb_bc_uncorrelated_2017=-22.0245	CMS_btag_fixedWP_comb_bc_uncorrelated_2018=-14.7385	CMS_btag_fixedWP_comb_bc_uncorrelated_2022=-13.1852	CMS_btag_fixedWP_comb_bc_uncorrelated_2022EE=-32.6416	CMS_btag_fixedWP_comb_bc_uncorrelated_2023=-28.5954	CMS_btag_fixedWP_comb_bc_uncorrelated_2023BPix=-19.474	CMS_btag_fixedWP_incl_light_uncorrelated_2016postVFP=-0.35003	CMS_btag_fixedWP_incl_light_uncorrelated_2016preVFP=-0.4088	CMS_btag_fixedWP_incl_light_uncorrelated_2017=-1.47811	CMS_btag_fixedWP_incl_light_uncorrelated_2018=-1.51483	CMS_btag_fixedWP_incl_light_uncorrelated_2022=-0.826519	CMS_btag_fixedWP_incl_light_uncorrelated_2022EE=-3.61329	CMS_btag_fixedWP_incl_light_uncorrelated_2023=-1.83805	CMS_btag_fixedWP_incl_light_uncorrelated_2023BPix=-1.04357	CMS_l1_prefiring_2016postVFP=4.68663	CMS_l1_prefiring_2016preVFP=6.04657	CMS_l1_prefiring_2017=9.13128	CMS_l1_prefiring_2018=2.73328	CMS_pileup_13TeV=5.81415	CMS_pileup_13p6TeV=25.049	CMS_res_j_2016postVFP=-0.189971	CMS_res_j_2016preVFP=0.0289727	CMS_res_j_2017=0.475806	CMS_res_j_2018=-0.158746	CMS_res_j_2022=0.455967	CMS_res_j_2022EE=1.40955	CMS_res_j_2023=1.36441	CMS_res_j_2023BPix=1.3309	CMS_scale_j_2016postVFP=-1.20831	CMS_scale_j_2016preVFP=-1.28696	CMS_scale_j_2017=-5.41303	CMS_scale_j_2018=-8.95783	CMS_scale_j_2022=-4.39436	CMS_scale_j_2022EE=-18.6149	CMS_scale_j_2023=-11.8638	CMS_scale_j_2023BPix=-4.5325	CMS_scale_m_13TeV=-2.75345	CMS_scale_m_13p6TeV=-6.84369	QCDscale_fac_ttbar=0.406396	QCDscale_ren_ttbar=563.832	pdf_alphas=-163.296	r=10.3518
RooFit::Detail::RooFixedProdPdf::model_s[ ]
     getLogVal() top-level p.d.f not greater than zero @ !servers=(modelObs_s = 0)

RooAbsMinimizerFcn: Minimized function has error status.
Returning maximum FCN so far (0.182996) to force MIGRAD to back out of this region. Error log follows.
Parameter values: 	CMS_NPS26009_LightJetStat_DY_BJetOS_2016postVFP=-1.9123	CMS_NPS26009_LightJetStat_DY_BJetOS_2016preVFP=-3.02597	CMS_NPS26009_LightJetStat_DY_BJetOS_2017=-3.56262	CMS_NPS26009_LightJetStat_DY_BJetOS_2018=-4.21922	CMS_NPS26009_LightJetStat_DY_BJetOS_2022=-4.53327	CMS_NPS26009_LightJetStat_DY_BJetOS_2022EE=-13.1701	CMS_NPS26009_LightJetStat_DY_BJetOS_2023=-9.51694	CMS_NPS26009_LightJetStat_DY_BJetOS_2023BPix=-6.65919	CMS_NPS26009_MCstat_other_BJetOS_2016postVFP=-12.6761	CMS_NPS26009_MCstat_other_BJetOS_2016preVFP=-0.778142	CMS_NPS26009_MCstat_other_BJetOS_2017=-1.04458	CMS_NPS26009_MCstat_other_BJetOS_2018=-1.05498	CMS_NPS26009_MCstat_other_BJetOS_2022=-1.56312	CMS_NPS26009_MCstat_other_BJetOS_2022EE=-2.44598	CMS_NPS26009_MCstat_other_BJetOS_2023=-1.55519	CMS_NPS26009_MCstat_other_BJetOS_2023BPix=-2.97138	CMS_NPS26009_MCstat_signal_BJetOS_2016postVFP=-2.20366	CMS_NPS26009_MCstat_signal_BJetOS_2016preVFP=-2.40638	CMS_NPS26009_MCstat_signal_BJetOS_2017=-2.98635	CMS_NPS26009_MCstat_signal_BJetOS_2018=-4.95289	CMS_NPS26009_MCstat_signal_BJetOS_2022=-0.747071	CMS_NPS26009_MCstat_signal_BJetOS_2022EE=-1.7578	CMS_NPS26009_MCstat_signal_BJetOS_2023=-1.58259	CMS_NPS26009_MCstat_signal_BJetOS_2023BPix=-1.45664	CMS_NPS26009_MCstat_singleTop_BJetOS_2016postVFP=-0.649519	CMS_NPS26009_MCstat_singleTop_BJetOS_2016preVFP=-1.00665	CMS_NPS26009_MCstat_singleTop_BJetOS_2017=-1.46014	CMS_NPS26009_MCstat_singleTop_BJetOS_2018=-1.35533	CMS_NPS26009_MCstat_singleTop_BJetOS_2022=-2.51208	CMS_NPS26009_MCstat_singleTop_BJetOS_2022EE=-5.33883	CMS_NPS26009_MCstat_singleTop_BJetOS_2023=-3.30581	CMS_NPS26009_MCstat_singleTop_BJetOS_2023BPix=-1.56251	CMS_NPS26009_MCstat_ttbar_BJetOS_2016postVFP=-0.380142	CMS_NPS26009_MCstat_ttbar_BJetOS_2016preVFP=-1.07972	CMS_NPS26009_MCstat_ttbar_BJetOS_2017=-3.03443	CMS_NPS26009_MCstat_ttbar_BJetOS_2018=-2.33342	CMS_NPS26009_MCstat_ttbar_BJetOS_2022=-7.41089	CMS_NPS26009_MCstat_ttbar_BJetOS_2022EE=-13.9987	CMS_NPS26009_MCstat_ttbar_BJetOS_2023=-10.8447	CMS_NPS26009_MCstat_ttbar_BJetOS_2023BPix=-8.87541	CMS_NPS26009_NFModel_DY_BJetOS_13TeV=-63.4579	CMS_NPS26009_NFModel_DY_BJetOS_13p6TeV=-131.105	CMS_NPS26009_NFStat_DY_BJetOS_2016postVFP=0.0615448	CMS_NPS26009_NFStat_DY_BJetOS_2016preVFP=0.203947	CMS_NPS26009_NFStat_DY_BJetOS_2017=0.116461	CMS_NPS26009_NFStat_DY_BJetOS_2018=0.151183	CMS_NPS26009_NFStat_DY_BJetOS_2022=0.0401276	CMS_NPS26009_NFStat_DY_BJetOS_2022EE=0.0607114	CMS_NPS26009_NFStat_DY_BJetOS_2023=0.0451979	CMS_NPS26009_NFStat_DY_BJetOS_2023BPix=0.0325702	CMS_NPS26009_QCDscale_fac_singleTop=-1.21744	CMS_NPS26009_QCDscale_ren_singleTop=12.0702	CMS_NPS26009_bckgNorm_QCD_BJetOS_2016postVFP=-0.00748115	CMS_NPS26009_bckgNorm_QCD_BJetOS_2016preVFP=-0.50968	CMS_NPS26009_bckgNorm_QCD_BJetOS_2017=-5.19725	CMS_NPS26009_bckgNorm_QCD_BJetOS_2018=-3.28168	CMS_NPS26009_bckgNorm_QCD_BJetOS_2022=-1.54138	CMS_NPS26009_bckgNorm_QCD_BJetOS_2022EE=-0.916287	CMS_NPS26009_bckgNorm_QCD_BJetOS_2023=-47.5335	CMS_NPS26009_bckgNorm_QCD_BJetOS_2023BPix=-4.29399	CMS_NPS26009_bckgShape_QCD_BJetOS_2016postVFP=0.680193	CMS_NPS26009_bckgShape_QCD_BJetOS_2016preVFP=-11.6222	CMS_NPS26009_bckgShape_QCD_BJetOS_2017=84.5629	CMS_NPS26009_bckgShape_QCD_BJetOS_2018=70.9708	CMS_NPS26009_bckgShape_QCD_BJetOS_2022=7.52717	CMS_NPS26009_bckgShape_QCD_BJetOS_2022EE=6.13785	CMS_NPS26009_bckgShape_QCD_BJetOS_2023=-43.7381	CMS_NPS26009_bckgShape_QCD_BJetOS_2023BPix=-5.32147	CMS_NPS26009_btag_fixedWP_comb_bc_correlated_13TeV=-25.7701	CMS_NPS26009_btag_fixedWP_comb_bc_correlated_13p6TeV=-53.6435	CMS_NPS26009_btag_fixedWP_incl_light_correlated_13TeV=-3.42172	CMS_NPS26009_btag_fixedWP_incl_light_correlated_13p6TeV=-8.77911	CMS_NPS26009_eff_m_id_Run2=-2.04498	CMS_NPS26009_eff_m_id_Run3=-4.15825	CMS_NPS26009_eff_m_trigger_2016postVFP=-0.522792	CMS_NPS26009_eff_m_trigger_2016preVFP=-1.06316	CMS_NPS26009_eff_m_trigger_2017=-1.18213	CMS_NPS26009_eff_m_trigger_2018=-1.28329	CMS_NPS26009_eff_m_trigger_2022=-0.892931	CMS_NPS26009_eff_m_trigger_2022EE=-1.69567	CMS_NPS26009_eff_m_trigger_2023=-1.18352	CMS_NPS26009_eff_m_trigger_2023BPix=-0.95929	CMS_NPS26009_lumi_2016=-6.54597	CMS_NPS26009_lumi_2017=-14.7027	CMS_NPS26009_lumi_2018=-20.621	CMS_NPS26009_lumi_2022=-22.6748	CMS_NPS26009_lumi_2023=-13.0412	CMS_NPS26009_pdf_NNPDF31=-31.0006	CMS_NPS26009_topmass_ttbar_BJetOS=-77.0639	CMS_btag_fixedWP_comb_bc_uncorrelated_2016postVFP=-2.6119	CMS_btag_fixedWP_comb_bc_uncorrelated_2016preVFP=-3.59309	CMS_btag_fixedWP_comb_bc_uncorrelated_2017=-10.8679	CMS_btag_fixedWP_comb_bc_uncorrelated_2018=-7.30726	CMS_btag_fixedWP_comb_bc_uncorrelated_2022=-6.54232	CMS_btag_fixedWP_comb_bc_uncorrelated_2022EE=-15.9814	CMS_btag_fixedWP_comb_bc_uncorrelated_2023=-14.0042	CMS_btag_fixedWP_comb_bc_uncorrelated_2023BPix=-9.54927	CMS_btag_fixedWP_incl_light_uncorrelated_2016postVFP=-0.165753	CMS_btag_fixedWP_incl_light_uncorrelated_2016preVFP=-0.199418	CMS_btag_fixedWP_incl_light_uncorrelated_2017=-0.7303	CMS_btag_fixedWP_incl_light_uncorrelated_2018=-0.755982	CMS_btag_fixedWP_incl_light_uncorrelated_2022=-0.410305	CMS_btag_fixedWP_incl_light_uncorrelated_2022EE=-1.76899	CMS_btag_fixedWP_incl_light_uncorrelated_2023=-0.899905	CMS_btag_fixedWP_incl_light_uncorrelated_2023BPix=-0.511419	CMS_l1_prefiring_2016postVFP=2.27873	CMS_l1_prefiring_2016preVFP=2.9662	CMS_l1_prefiring_2017=4.50629	CMS_l1_prefiring_2018=1.35494	CMS_pileup_13TeV=2.84702	CMS_pileup_13p6TeV=12.2829	CMS_res_j_2016postVFP=-0.0927793	CMS_res_j_2016preVFP=0.014239	CMS_res_j_2017=0.235413	CMS_res_j_2018=-0.077215	CMS_res_j_2022=0.226366	CMS_res_j_2022EE=0.690087	CMS_res_j_2023=0.668188	CMS_res_j_2023BPix=0.65224	CMS_scale_j_2016postVFP=-0.586794	CMS_scale_j_2016preVFP=-0.630949	CMS_scale_j_2017=-2.67152	CMS_scale_j_2018=-4.44284	CMS_scale_j_2022=-2.18126	CMS_scale_j_2022EE=-9.11379	CMS_scale_j_2023=-5.80807	CMS_scale_j_2023BPix=-2.22153	CMS_scale_m_13TeV=-1.36133	CMS_scale_m_13p6TeV=-3.35388	QCDscale_fac_ttbar=0.0588514	QCDscale_ren_ttbar=277.108	pdf_alphas=-80.2338	r=10.3518
RooFit::Detail::RooFixedProdPdf::model_s[ ]
     getLogVal() top-level p.d.f not greater than zero @ !servers=(modelObs_s = 0)

[#0] ERROR:Minimization -- RooMinimizer::calculateMinosErrors() Minos error calculation failed for all the selected parameters

 --- MultiDimFit ---
best fit parameter values and profile-likelihood uncertainties: 
 Warning - No valid low-error found, will report difference to minimum of range for : r
   r :   +19.415   -39.415/+7.967 (68%)
Set Range of Parameter r To : (-20,100)
Doing initial fit: 

 --- MultiDimFit ---
best fit parameter values and profile-likelihood uncertainties: 
   r :   +22.546   -9.942/+9.667 (68%)
Set Range of Parameter r To : (-20,100)
Doing initial fit: 

 --- MultiDimFit ---
best fit parameter values and profile-likelihood uncertainties: 
   r :   +23.425   -7.873/+8.102 (68%)
Set Range of Parameter r To : (-20,100)
Doing initial fit: 

 --- MultiDimFit ---
best fit parameter values and profile-likelihood uncertainties: 
   r :   +39.113   -9.467/+8.564 (68%)
Set Range of Parameter r To : (-20,100)
Doing initial fit: 

 --- MultiDimFit ---
best fit parameter values and profile-likelihood uncertainties: 
   r :   +41.550   -10.459/+11.035 (68%)
Set Range of Parameter r To : (-20,100)
Doing initial fit: 

 --- MultiDimFit ---
best fit parameter values and profile-likelihood uncertainties: 
   r :   +38.575   -7.248/+7.832 (68%)
Set Range of Parameter r To : (-20,100)
Doing initial fit: 

 --- MultiDimFit ---
best fit parameter values and profile-likelihood uncertainties: 
   r :   +31.178   -8.857/+8.055 (68%)
Set Range of Parameter r To : (-20,100)
Doing initial fit: 

 --- MultiDimFit ---
best fit parameter values and profile-likelihood uncertainties: 
   r :   +33.267   -8.944/+7.671 (68%)
Set Range of Parameter r To : (-20,100)
Doing initial fit: 

 --- MultiDimFit ---
best fit parameter values and profile-likelihood uncertainties: 
   r :   +22.605   -9.722/+9.145 (68%)
Set Range of Parameter r To : (-20,100)
Doing initial fit: 

 --- MultiDimFit ---
best fit parameter values and profile-likelihood uncertainties: 
   r :   +41.178   -10.750/+12.780 (68%)
Set Range of Parameter r To : (-20,100)
Doing initial fit: 

 --- MultiDimFit ---
best fit parameter values and profile-likelihood uncertainties: 
   r :   +33.408   -9.489/+9.041 (68%)
Set Range of Parameter r To : (-20,100)
Doing initial fit: 

 --- MultiDimFit ---
best fit parameter values and profile-likelihood uncertainties: 
   r :   +21.302   -8.783/+7.470 (68%)
Set Range of Parameter r To : (-20,100)
Doing initial fit: 

 --- MultiDimFit ---
best fit parameter values and profile-likelihood uncertainties: 
   r :   +35.593   -11.350/+7.809 (68%)
Set Range of Parameter r To : (-20,100)
Doing initial fit: 

 --- MultiDimFit ---
best fit parameter values and profile-likelihood uncertainties: 
   r :   +19.577   -9.924/+11.329 (68%)
Set Range of Parameter r To : (-20,100)
Doing initial fit: 

 --- MultiDimFit ---
best fit parameter values and profile-likelihood uncertainties: 
   r :   +31.492   -9.916/+9.659 (68%)
Set Range of Parameter r To : (-20,100)
Doing initial fit: 

 --- MultiDimFit ---
best fit parameter values and profile-likelihood uncertainties: 
   r :   +27.054   -8.532/+7.739 (68%)
Set Range of Parameter r To : (-20,100)
Doing initial fit: 

 --- MultiDimFit ---
best fit parameter values and profile-likelihood uncertainties: 
   r :   +24.545   -9.418/+9.882 (68%)
Set Range of Parameter r To : (-20,100)
Doing initial fit: 

 --- MultiDimFit ---
best fit parameter values and profile-likelihood uncertainties: 
   r :   +21.602   -6.783/+7.993 (68%)
Set Range of Parameter r To : (-20,100)
Doing initial fit: 

 --- MultiDimFit ---
best fit parameter values and profile-likelihood uncertainties: 
   r :   +28.360   -8.238/+8.110 (68%)
Set Range of Parameter r To : (-20,100)
Doing initial fit: 

 --- MultiDimFit ---
best fit parameter values and profile-likelihood uncertainties: 
   r :   +36.412   -9.482/+10.007 (68%)
Set Range of Parameter r To : (-20,100)
Doing initial fit: 

 --- MultiDimFit ---
best fit parameter values and profile-likelihood uncertainties: 
   r :   +35.969   -9.253/+8.428 (68%)
Set Range of Parameter r To : (-20,100)
Doing initial fit: 

 --- MultiDimFit ---
best fit parameter values and profile-likelihood uncertainties: 
   r :   +40.862   -8.416/+8.096 (68%)
Set Range of Parameter r To : (-20,100)
Doing initial fit: 

 --- MultiDimFit ---
best fit parameter values and profile-likelihood uncertainties: 
   r :   +24.485   -7.441/+7.158 (68%)
Set Range of Parameter r To : (-20,100)
Doing initial fit: 

 --- MultiDimFit ---
best fit parameter values and profile-likelihood uncertainties: 
   r :   +26.134   -11.011/+7.718 (68%)
Set Range of Parameter r To : (-20,100)
Doing initial fit: 

 --- MultiDimFit ---
best fit parameter values and profile-likelihood uncertainties: 
   r :   +43.611   -7.864/+7.631 (68%)
Set Range of Parameter r To : (-20,100)
Doing initial fit: 

 --- MultiDimFit ---
best fit parameter values and profile-likelihood uncertainties: 
   r :   +33.836   -9.071/+8.160 (68%)
Set Range of Parameter r To : (-20,100)
Doing initial fit: 

 --- MultiDimFit ---
best fit parameter values and profile-likelihood uncertainties: 
   r :   +41.956   -9.698/+8.325 (68%)
Set Range of Parameter r To : (-20,100)
Doing initial fit: 

 --- MultiDimFit ---
best fit parameter values and profile-likelihood uncertainties: 
   r :   +33.710   -11.680/+7.636 (68%)
Set Range of Parameter r To : (-20,100)
Doing initial fit: 

 --- MultiDimFit ---
best fit parameter values and profile-likelihood uncertainties: 
   r :   +32.662   -9.289/+9.308 (68%)
Set Range of Parameter r To : (-20,100)
Doing initial fit: 

 --- MultiDimFit ---
best fit parameter values and profile-likelihood uncertainties: 
   r :   +13.054   -7.683/+7.977 (68%)
Set Range of Parameter r To : (-20,100)
Doing initial fit: 

 --- MultiDimFit ---
best fit parameter values and profile-likelihood uncertainties: 
   r :   +36.800   -9.455/+9.670 (68%)
Set Range of Parameter r To : (-20,100)
Doing initial fit: 

 --- MultiDimFit ---
best fit parameter values and profile-likelihood uncertainties: 
   r :   +32.065   -8.774/+8.118 (68%)
Set Range of Parameter r To : (-20,100)
Doing initial fit: 

 --- MultiDimFit ---
best fit parameter values and profile-likelihood uncertainties: 
   r :   +14.755   -10.390/+10.329 (68%)
Set Range of Parameter r To : (-20,100)
Doing initial fit: 

 --- MultiDimFit ---
best fit parameter values and profile-likelihood uncertainties: 
   r :   +34.442   -10.029/+10.263 (68%)
Set Range of Parameter r To : (-20,100)
Doing initial fit: 

 --- MultiDimFit ---
best fit parameter values and profile-likelihood uncertainties: 
   r :   +28.560   -8.619/+7.558 (68%)
Set Range of Parameter r To : (-20,100)
Doing initial fit: 

 --- MultiDimFit ---
best fit parameter values and profile-likelihood uncertainties: 
   r :   +36.680   -8.523/+8.198 (68%)
Set Range of Parameter r To : (-20,100)
Doing initial fit: 

 --- MultiDimFit ---
best fit parameter values and profile-likelihood uncertainties: 
   r :   +46.840   -8.072/+8.395 (68%)
Set Range of Parameter r To : (-20,100)
Doing initial fit: 

 --- MultiDimFit ---
best fit parameter values and profile-likelihood uncertainties: 
   r :   +27.592   -9.205/+8.219 (68%)
Set Range of Parameter r To : (-20,100)
Doing initial fit: 

 --- MultiDimFit ---
best fit parameter values and profile-likelihood uncertainties: 
   r :   +16.718   -9.169/+7.692 (68%)
Set Range of Parameter r To : (-20,100)
Doing initial fit: 

 --- MultiDimFit ---
best fit parameter values and profile-likelihood uncertainties: 
   r :   +35.311   -8.017/+7.988 (68%)
Set Range of Parameter r To : (-20,100)
Doing initial fit: 

 --- MultiDimFit ---
best fit parameter values and profile-likelihood uncertainties: 
   r :   +33.199   -7.556/+7.559 (68%)
Set Range of Parameter r To : (-20,100)
Doing initial fit: 

 --- MultiDimFit ---
best fit parameter values and profile-likelihood uncertainties: 
   r :   +39.234   -9.103/+8.252 (68%)
Set Range of Parameter r To : (-20,100)
Doing initial fit: 

 --- MultiDimFit ---
best fit parameter values and profile-likelihood uncertainties: 
   r :   +33.149   -8.582/+7.576 (68%)
Set Range of Parameter r To : (-20,100)
Doing initial fit: 

 --- MultiDimFit ---
best fit parameter values and profile-likelihood uncertainties: 
   r :   +18.508   -9.384/+7.996 (68%)
Set Range of Parameter r To : (-20,100)
Doing initial fit: 

 --- MultiDimFit ---
best fit parameter values and profile-likelihood uncertainties: 
   r :   +22.432   -7.755/+8.049 (68%)
Set Range of Parameter r To : (-20,100)
Doing initial fit: 
RooAbsMinimizerFcn: Minimized function has error status.
Returning maximum FCN so far (28.3892) to force MIGRAD to back out of this region. Error log follows.
Parameter values: 	CMS_NPS26009_LightJetStat_DY_BJetOS_2016postVFP=-0.482738	CMS_NPS26009_LightJetStat_DY_BJetOS_2016preVFP=-0.485126	CMS_NPS26009_LightJetStat_DY_BJetOS_2017=-1.07815	CMS_NPS26009_LightJetStat_DY_BJetOS_2018=-0.899995	CMS_NPS26009_LightJetStat_DY_BJetOS_2022=-0.413334	CMS_NPS26009_LightJetStat_DY_BJetOS_2022EE=-0.987356	CMS_NPS26009_LightJetStat_DY_BJetOS_2023=-0.521857	CMS_NPS26009_LightJetStat_DY_BJetOS_2023BPix=-0.633035	CMS_NPS26009_MCstat_other_BJetOS_2016postVFP=-0.230759	CMS_NPS26009_MCstat_other_BJetOS_2016preVFP=-0.0558721	CMS_NPS26009_MCstat_other_BJetOS_2017=-0.165183	CMS_NPS26009_MCstat_other_BJetOS_2018=-0.149347	CMS_NPS26009_MCstat_other_BJetOS_2022=-0.136967	CMS_NPS26009_MCstat_other_BJetOS_2022EE=-0.214439	CMS_NPS26009_MCstat_other_BJetOS_2023=-0.0852468	CMS_NPS26009_MCstat_other_BJetOS_2023BPix=-0.226686	CMS_NPS26009_MCstat_signal_BJetOS_2016postVFP=0.0840475	CMS_NPS26009_MCstat_signal_BJetOS_2016preVFP=0.0978018	CMS_NPS26009_MCstat_signal_BJetOS_2017=0.0567816	CMS_NPS26009_MCstat_signal_BJetOS_2018=-0.0902135	CMS_NPS26009_MCstat_signal_BJetOS_2022=-0.0169718	CMS_NPS26009_MCstat_signal_BJetOS_2022EE=-0.165092	CMS_NPS26009_MCstat_signal_BJetOS_2023=-0.166667	CMS_NPS26009_MCstat_signal_BJetOS_2023BPix=-0.0406747	CMS_NPS26009_MCstat_singleTop_BJetOS_2016postVFP=-0.131915	CMS_NPS26009_MCstat_singleTop_BJetOS_2016preVFP=-0.112883	CMS_NPS26009_MCstat_singleTop_BJetOS_2017=-0.250497	CMS_NPS26009_MCstat_singleTop_BJetOS_2018=-0.213574	CMS_NPS26009_MCstat_singleTop_BJetOS_2022=-0.219216	CMS_NPS26009_MCstat_singleTop_BJetOS_2022EE=-0.460504	CMS_NPS26009_MCstat_singleTop_BJetOS_2023=-0.181511	CMS_NPS26009_MCstat_singleTop_BJetOS_2023BPix=-0.134219	CMS_NPS26009_MCstat_ttbar_BJetOS_2016postVFP=-0.44477	CMS_NPS26009_MCstat_ttbar_BJetOS_2016preVFP=-0.390203	CMS_NPS26009_MCstat_ttbar_BJetOS_2017=-0.926103	CMS_NPS26009_MCstat_ttbar_BJetOS_2018=-0.650327	CMS_NPS26009_MCstat_ttbar_BJetOS_2022=-0.716859	CMS_NPS26009_MCstat_ttbar_BJetOS_2022EE=-1.39861	CMS_NPS26009_MCstat_ttbar_BJetOS_2023=-0.502268	CMS_NPS26009_MCstat_ttbar_BJetOS_2023BPix=-0.82401	CMS_NPS26009_NFModel_DY_BJetOS_13TeV=-10.7187	CMS_NPS26009_NFModel_DY_BJetOS_13p6TeV=-9.81181	CMS_NPS26009_NFStat_DY_BJetOS_2016postVFP=0.10595	CMS_NPS26009_NFStat_DY_BJetOS_2016preVFP=0.0862835	CMS_NPS26009_NFStat_DY_BJetOS_2017=0.0654718	CMS_NPS26009_NFStat_DY_BJetOS_2018=0.0764703	CMS_NPS26009_NFStat_DY_BJetOS_2022=0.119524	CMS_NPS26009_NFStat_DY_BJetOS_2022EE=0.0660798	CMS_NPS26009_NFStat_DY_BJetOS_2023=0.0353839	CMS_NPS26009_NFStat_DY_BJetOS_2023BPix=0.0224352	CMS_NPS26009_QCDscale_fac_singleTop=-0.108243	CMS_NPS26009_QCDscale_ren_singleTop=1.05205	CMS_NPS26009_bckgNorm_QCD_BJetOS_2016postVFP=-0.00141324	CMS_NPS26009_bckgNorm_QCD_BJetOS_2016preVFP=-0.385803	CMS_NPS26009_bckgNorm_QCD_BJetOS_2017=-0.918283	CMS_NPS26009_bckgNorm_QCD_BJetOS_2018=-0.689644	CMS_NPS26009_bckgNorm_QCD_BJetOS_2022=-0.156061	CMS_NPS26009_bckgNorm_QCD_BJetOS_2022EE=-0.0351635	CMS_NPS26009_bckgNorm_QCD_BJetOS_2023=-5.50909	CMS_NPS26009_bckgNorm_QCD_BJetOS_2023BPix=-0.384259	CMS_NPS26009_bckgShape_QCD_BJetOS_2016postVFP=-0.602668	CMS_NPS26009_bckgShape_QCD_BJetOS_2016preVFP=48.1034	CMS_NPS26009_bckgShape_QCD_BJetOS_2017=104.772	CMS_NPS26009_bckgShape_QCD_BJetOS_2018=33.4316	CMS_NPS26009_bckgShape_QCD_BJetOS_2022=-3.191	CMS_NPS26009_bckgShape_QCD_BJetOS_2022EE=31.9413	CMS_NPS26009_bckgShape_QCD_BJetOS_2023=-43.7072	CMS_NPS26009_bckgShape_QCD_BJetOS_2023BPix=16.1786	CMS_NPS26009_btag_fixedWP_comb_bc_correlated_13TeV=-2.79629	CMS_NPS26009_btag_fixedWP_comb_bc_correlated_13p6TeV=-4.61971	CMS_NPS26009_btag_fixedWP_incl_light_correlated_13TeV=-0.80771	CMS_NPS26009_btag_fixedWP_incl_light_correlated_13p6TeV=-0.717183	CMS_NPS26009_eff_m_id_Run2=-0.187313	CMS_NPS26009_eff_m_id_Run3=-0.327979	CMS_NPS26009_eff_m_trigger_2016postVFP=-0.0393543	CMS_NPS26009_eff_m_trigger_2016preVFP=-0.0329561	CMS_NPS26009_eff_m_trigger_2017=-0.149096	CMS_NPS26009_eff_m_trigger_2018=-0.130886	CMS_NPS26009_eff_m_trigger_2022=-0.0772866	CMS_NPS26009_eff_m_trigger_2022EE=-0.165853	CMS_NPS26009_eff_m_trigger_2023=-0.0682204	CMS_NPS26009_eff_m_trigger_2023BPix=-0.0713829	CMS_NPS26009_lumi_2016=-0.422135	CMS_NPS26009_lumi_2017=-2.08802	CMS_NPS26009_lumi_2018=-2.28521	CMS_NPS26009_lumi_2022=-2.17263	CMS_NPS26009_lumi_2023=-0.837128	CMS_NPS26009_pdf_NNPDF31=-4.36874	CMS_NPS26009_topmass_ttbar_BJetOS=-11.1488	CMS_btag_fixedWP_comb_bc_uncorrelated_2016postVFP=-0.256635	CMS_btag_fixedWP_comb_bc_uncorrelated_2016preVFP=-0.173784	CMS_btag_fixedWP_comb_bc_uncorrelated_2017=-1.53573	CMS_btag_fixedWP_comb_bc_uncorrelated_2018=-0.82957	CMS_btag_fixedWP_comb_bc_uncorrelated_2022=-0.578001	CMS_btag_fixedWP_comb_bc_uncorrelated_2022EE=-1.58302	CMS_btag_fixedWP_comb_bc_uncorrelated_2023=-0.794447	CMS_btag_fixedWP_comb_bc_uncorrelated_2023BPix=-0.721298	CMS_btag_fixedWP_incl_light_uncorrelated_2016postVFP=-0.0814839	CMS_btag_fixedWP_incl_light_uncorrelated_2016preVFP=-0.0447703	CMS_btag_fixedWP_incl_light_uncorrelated_2017=-0.175795	CMS_btag_fixedWP_incl_light_uncorrelated_2018=-0.16189	CMS_btag_fixedWP_incl_light_uncorrelated_2022=-0.0394204	CMS_btag_fixedWP_incl_light_uncorrelated_2022EE=-0.173598	CMS_btag_fixedWP_incl_light_uncorrelated_2023=-0.0430726	CMS_btag_fixedWP_incl_light_uncorrelated_2023BPix=-0.0458258	CMS_l1_prefiring_2016postVFP=0.230378	CMS_l1_prefiring_2016preVFP=0.126332	CMS_l1_prefiring_2017=0.676322	CMS_l1_prefiring_2018=0.149401	CMS_pileup_13TeV=0.160849	CMS_pileup_13p6TeV=1.00622	CMS_res_j_2016postVFP=-0.00423505	CMS_res_j_2016preVFP=-0.000467849	CMS_res_j_2017=0.0812221	CMS_res_j_2018=0.0145292	CMS_res_j_2022=0.0227418	CMS_res_j_2022EE=0.0714209	CMS_res_j_2023=0.0360984	CMS_res_j_2023BPix=0.0572643	CMS_scale_j_2016postVFP=-0.0678718	CMS_scale_j_2016preVFP=-0.0411418	CMS_scale_j_2017=-0.409992	CMS_scale_j_2018=-0.533161	CMS_scale_j_2022=-0.202464	CMS_scale_j_2022EE=-0.90467	CMS_scale_j_2023=-0.31045	CMS_scale_j_2023BPix=-0.188591	CMS_scale_m_13TeV=-0.186727	CMS_scale_m_13p6TeV=-0.213766	QCDscale_fac_ttbar=1.21662	QCDscale_ren_ttbar=34.3706	pdf_alphas=-10.2711	r=24.592
RooFit::Detail::RooFixedProdPdf::model_s[ ]
     getLogVal() top-level p.d.f not greater than zero @ !servers=(modelObs_s = 0)

RooAbsMinimizerFcn: Minimized function has error status.
Returning maximum FCN so far (28.3892) to force MIGRAD to back out of this region. Error log follows.
Parameter values: 	CMS_NPS26009_LightJetStat_DY_BJetOS_2016postVFP=-0.143159	CMS_NPS26009_LightJetStat_DY_BJetOS_2016preVFP=-0.0592505	CMS_NPS26009_LightJetStat_DY_BJetOS_2017=-0.272077	CMS_NPS26009_LightJetStat_DY_BJetOS_2018=-0.334374	CMS_NPS26009_LightJetStat_DY_BJetOS_2022=-0.0899098	CMS_NPS26009_LightJetStat_DY_BJetOS_2022EE=-0.251288	CMS_NPS26009_LightJetStat_DY_BJetOS_2023=-0.0401314	CMS_NPS26009_LightJetStat_DY_BJetOS_2023BPix=-0.123417	CMS_NPS26009_MCstat_other_BJetOS_2016postVFP=-0.0818066	CMS_NPS26009_MCstat_other_BJetOS_2016preVFP=-0.0032025	CMS_NPS26009_MCstat_other_BJetOS_2017=-0.0413268	CMS_NPS26009_MCstat_other_BJetOS_2018=-0.0576729	CMS_NPS26009_MCstat_other_BJetOS_2022=-0.0297831	CMS_NPS26009_MCstat_other_BJetOS_2022EE=-0.0546246	CMS_NPS26009_MCstat_other_BJetOS_2023=-0.00643068	CMS_NPS26009_MCstat_other_BJetOS_2023BPix=-0.0414949	CMS_NPS26009_MCstat_signal_BJetOS_2016postVFP=0.0191699	CMS_NPS26009_MCstat_signal_BJetOS_2016preVFP=0.0364069	CMS_NPS26009_MCstat_signal_BJetOS_2017=0.018045	CMS_NPS26009_MCstat_signal_BJetOS_2018=-0.05287	CMS_NPS26009_MCstat_signal_BJetOS_2022=-0.00117647	CMS_NPS26009_MCstat_signal_BJetOS_2022EE=-0.0410624	CMS_NPS26009_MCstat_signal_BJetOS_2023=-0.0200783	CMS_NPS26009_MCstat_signal_BJetOS_2023BPix=-0.00190886	CMS_NPS26009_MCstat_singleTop_BJetOS_2016postVFP=-0.03942	CMS_NPS26009_MCstat_singleTop_BJetOS_2016preVFP=-0.0116099	CMS_NPS26009_MCstat_singleTop_BJetOS_2017=-0.0627757	CMS_NPS26009_MCstat_singleTop_BJetOS_2018=-0.0814814	CMS_NPS26009_MCstat_singleTop_BJetOS_2022=-0.0477804	CMS_NPS26009_MCstat_singleTop_BJetOS_2022EE=-0.117294	CMS_NPS26009_MCstat_singleTop_BJetOS_2023=-0.0135491	CMS_NPS26009_MCstat_singleTop_BJetOS_2023BPix=-0.0253505	CMS_NPS26009_MCstat_ttbar_BJetOS_2016postVFP=-0.130654	CMS_NPS26009_MCstat_ttbar_BJetOS_2016preVFP=-0.0506476	CMS_NPS26009_MCstat_ttbar_BJetOS_2017=-0.234311	CMS_NPS26009_MCstat_ttbar_BJetOS_2018=-0.245291	CMS_NPS26009_MCstat_ttbar_BJetOS_2022=-0.158988	CMS_NPS26009_MCstat_ttbar_BJetOS_2022EE=-0.357121	CMS_NPS26009_MCstat_ttbar_BJetOS_2023=-0.00785915	CMS_NPS26009_MCstat_ttbar_BJetOS_2023BPix=-0.152562	CMS_NPS26009_NFModel_DY_BJetOS_13TeV=-2.97678	CMS_NPS26009_NFModel_DY_BJetOS_13p6TeV=-1.92773	CMS_NPS26009_NFStat_DY_BJetOS_2016postVFP=0.0544183	CMS_NPS26009_NFStat_DY_BJetOS_2016preVFP=0.0729295	CMS_NPS26009_NFStat_DY_BJetOS_2017=0.136679	CMS_NPS26009_NFStat_DY_BJetOS_2018=0.155325	CMS_NPS26009_NFStat_DY_BJetOS_2022=0.0210083	CMS_NPS26009_NFStat_DY_BJetOS_2022EE=0.0844687	CMS_NPS26009_NFStat_DY_BJetOS_2023=0.0402959	CMS_NPS26009_NFStat_DY_BJetOS_2023BPix=0.028638	CMS_NPS26009_QCDscale_fac_singleTop=-0.0281431	CMS_NPS26009_QCDscale_ren_singleTop=0.26584	CMS_NPS26009_bckgNorm_QCD_BJetOS_2016postVFP=-0.000423469	CMS_NPS26009_bckgNorm_QCD_BJetOS_2016preVFP=-0.0617679	CMS_NPS26009_bckgNorm_QCD_BJetOS_2017=-0.229694	CMS_NPS26009_bckgNorm_QCD_BJetOS_2018=-0.256482	CMS_NPS26009_bckgNorm_QCD_BJetOS_2022=-0.0338814	CMS_NPS26009_bckgNorm_QCD_BJetOS_2022EE=-0.008891	CMS_NPS26009_bckgNorm_QCD_BJetOS_2023=-0.41202	CMS_NPS26009_bckgNorm_QCD_BJetOS_2023BPix=-0.0730635	CMS_NPS26009_bckgShape_QCD_BJetOS_2016postVFP=6.85938	CMS_NPS26009_bckgShape_QCD_BJetOS_2016preVFP=-19.5777	CMS_NPS26009_bckgShape_QCD_BJetOS_2017=32.3808	CMS_NPS26009_bckgShape_QCD_BJetOS_2018=4.30916	CMS_NPS26009_bckgShape_QCD_BJetOS_2022=-1.47979	CMS_NPS26009_bckgShape_QCD_BJetOS_2022EE=1.57725	CMS_NPS26009_bckgShape_QCD_BJetOS_2023=-29.2343	CMS_NPS26009_bckgShape_QCD_BJetOS_2023BPix=-5.94269	CMS_NPS26009_btag_fixedWP_comb_bc_correlated_13TeV=-0.774232	CMS_NPS26009_btag_fixedWP_comb_bc_correlated_13p6TeV=-0.983892	CMS_NPS26009_btag_fixedWP_incl_light_correlated_13TeV=-0.232324	CMS_NPS26009_btag_fixedWP_incl_light_correlated_13p6TeV=-0.142428	CMS_NPS26009_eff_m_id_Run2=-0.0544788	CMS_NPS26009_eff_m_id_Run3=-0.0608672	CMS_NPS26009_eff_m_trigger_2016postVFP=-0.0127279	CMS_NPS26009_eff_m_trigger_2016preVFP=0.0042164	CMS_NPS26009_eff_m_trigger_2017=-0.036921	CMS_NPS26009_eff_m_trigger_2018=-0.0525801	CMS_NPS26009_eff_m_trigger_2022=-0.0166302	CMS_NPS26009_eff_m_trigger_2022EE=-0.0422288	CMS_NPS26009_eff_m_trigger_2023=-0.00370317	CMS_NPS26009_eff_m_trigger_2023BPix=-0.0121779	CMS_NPS26009_lumi_2016=-0.0728751	CMS_NPS26009_lumi_2017=-0.519164	CMS_NPS26009_lumi_2018=-0.907968	CMS_NPS26009_lumi_2022=-0.536712	CMS_NPS26009_lumi_2023=-0.0887427	CMS_NPS26009_pdf_NNPDF31=-1.11142	CMS_NPS26009_topmass_ttbar_BJetOS=-2.82606	CMS_btag_fixedWP_comb_bc_uncorrelated_2016postVFP=-0.0812421	CMS_btag_fixedWP_comb_bc_uncorrelated_2016preVFP=0.00473613	CMS_btag_fixedWP_comb_bc_uncorrelated_2017=-0.381918	CMS_btag_fixedWP_comb_bc_uncorrelated_2018=-0.329521	CMS_btag_fixedWP_comb_bc_uncorrelated_2022=-0.125503	CMS_btag_fixedWP_comb_bc_uncorrelated_2022EE=-0.403471	CMS_btag_fixedWP_comb_bc_uncorrelated_2023=-0.0401801	CMS_btag_fixedWP_comb_bc_uncorrelated_2023BPix=-0.124088	CMS_btag_fixedWP_incl_light_uncorrelated_2016postVFP=-0.0241107	CMS_btag_fixedWP_incl_light_uncorrelated_2016preVFP=-0.00518487	CMS_btag_fixedWP_incl_light_uncorrelated_2017=-0.0443065	CMS_btag_fixedWP_incl_light_uncorrelated_2018=-0.0617129	CMS_btag_fixedWP_incl_light_uncorrelated_2022=-0.00868482	CMS_btag_fixedWP_incl_light_uncorrelated_2022EE=-0.0442984	CMS_btag_fixedWP_incl_light_uncorrelated_2023=-0.00107882	CMS_btag_fixedWP_incl_light_uncorrelated_2023BPix=-0.00837556	CMS_l1_prefiring_2016postVFP=0.0728106	CMS_l1_prefiring_2016preVFP=-0.00676958	CMS_l1_prefiring_2017=0.168486	CMS_l1_prefiring_2018=0.0596676	CMS_pileup_13TeV=0.0378955	CMS_pileup_13p6TeV=0.182207	CMS_res_j_2016postVFP=-0.00144636	CMS_res_j_2016preVFP=-0.000216409	CMS_res_j_2017=0.0205935	CMS_res_j_2018=0.00474103	CMS_res_j_2022=0.0050297	CMS_res_j_2022EE=0.0182165	CMS_res_j_2023=0.00148584	CMS_res_j_2023BPix=0.0104805	CMS_scale_j_2016postVFP=-0.0213277	CMS_scale_j_2016preVFP=-0.000845099	CMS_scale_j_2017=-0.102295	CMS_scale_j_2018=-0.209565	CMS_scale_j_2022=-0.044427	CMS_scale_j_2022EE=-0.230683	CMS_scale_j_2023=-0.0106354	CMS_scale_j_2023BPix=-0.0337799	CMS_scale_m_13TeV=-0.0602979	CMS_scale_m_13p6TeV=-0.027558	QCDscale_fac_ttbar=0.173298	QCDscale_ren_ttbar=8.67743	pdf_alphas=-2.55034	r=24.592
RooFit::Detail::RooFixedProdPdf::model_s[ ]
     getLogVal() top-level p.d.f not greater than zero @ !servers=(modelObs_s = 3.27722e-114)


 --- MultiDimFit ---
best fit parameter values and profile-likelihood uncertainties: 
   r :   +32.751   -9.666/+11.669 (68%)
Set Range of Parameter r To : (-20,100)
Doing initial fit: 

 --- MultiDimFit ---
best fit parameter values and profile-likelihood uncertainties: 
   r :   +28.779   -9.714/+10.636 (68%)
Set Range of Parameter r To : (-20,100)
Doing initial fit: 

 --- MultiDimFit ---
best fit parameter values and profile-likelihood uncertainties: 
   r :   +17.479   -10.250/+9.538 (68%)
Set Range of Parameter r To : (-20,100)
Doing initial fit: 

 --- MultiDimFit ---
best fit parameter values and profile-likelihood uncertainties: 
   r :   +23.090   -9.942/+10.144 (68%)
Set Range of Parameter r To : (-20,100)
Doing initial fit: 

 --- MultiDimFit ---
best fit parameter values and profile-likelihood uncertainties: 
   r :   +31.938   -9.011/+8.218 (68%)
Set Range of Parameter r To : (-20,100)
Doing initial fit: 

 --- MultiDimFit ---
best fit parameter values and profile-likelihood uncertainties: 
   r :   +46.442   -9.871/+7.964 (68%)
Set Range of Parameter r To : (-20,100)
Doing initial fit: 

 --- MultiDimFit ---
best fit parameter values and profile-likelihood uncertainties: 
   r :   +39.084   -8.867/+7.988 (68%)
Set Range of Parameter r To : (-20,100)
Doing initial fit: 

 --- MultiDimFit ---
best fit parameter values and profile-likelihood uncertainties: 
   r :   +32.341   -9.152/+8.306 (68%)
Set Range of Parameter r To : (-20,100)
Doing initial fit: 

 --- MultiDimFit ---
best fit parameter values and profile-likelihood uncertainties: 
   r :   +30.714   -8.290/+8.100 (68%)
Set Range of Parameter r To : (-20,100)
Doing initial fit: 

 --- MultiDimFit ---
best fit parameter values and profile-likelihood uncertainties: 
   r :   +29.647   -9.703/+9.901 (68%)
Set Range of Parameter r To : (-20,100)
Doing initial fit: 

 --- MultiDimFit ---
best fit parameter values and profile-likelihood uncertainties: 
   r :   +22.574   -9.680/+8.860 (68%)
Set Range of Parameter r To : (-20,100)
Doing initial fit: 

 --- MultiDimFit ---
best fit parameter values and profile-likelihood uncertainties: 
   r :   +32.303   -8.646/+7.658 (68%)
Set Range of Parameter r To : (-20,100)
Doing initial fit: 

 --- MultiDimFit ---
best fit parameter values and profile-likelihood uncertainties: 
   r :   +21.780   -8.284/+8.021 (68%)
Set Range of Parameter r To : (-20,100)
Doing initial fit: 

 --- MultiDimFit ---
best fit parameter values and profile-likelihood uncertainties: 
   r :   +35.332   -7.158/+8.268 (68%)
Set Range of Parameter r To : (-20,100)
Doing initial fit: 

 --- MultiDimFit ---
best fit parameter values and profile-likelihood uncertainties: 
   r :   +30.351   -9.599/+10.067 (68%)
Set Range of Parameter r To : (-20,100)
Doing initial fit: 

 --- MultiDimFit ---
best fit parameter values and profile-likelihood uncertainties: 
   r :   +35.922   -10.107/+7.871 (68%)
Set Range of Parameter r To : (-20,100)
Doing initial fit: 

 --- MultiDimFit ---
best fit parameter values and profile-likelihood uncertainties: 
   r :   +14.727   -9.060/+8.144 (68%)
Set Range of Parameter r To : (-20,100)
Doing initial fit: 

 --- MultiDimFit ---
best fit parameter values and profile-likelihood uncertainties: 
   r :   +23.027   -9.386/+8.433 (68%)
Set Range of Parameter r To : (-20,100)
Doing initial fit: 

 --- MultiDimFit ---
best fit parameter values and profile-likelihood uncertainties: 
   r :   +38.102   -8.490/+8.066 (68%)
Set Range of Parameter r To : (-20,100)
Doing initial fit: 

 --- MultiDimFit ---
best fit parameter values and profile-likelihood uncertainties: 
   r :   +39.442   -9.705/+11.366 (68%)
Set Range of Parameter r To : (-20,100)
Doing initial fit: 

 --- MultiDimFit ---
best fit parameter values and profile-likelihood uncertainties: 
   r :   +34.923   -8.382/+7.763 (68%)
Set Range of Parameter r To : (-20,100)
Doing initial fit: 

 --- MultiDimFit ---
best fit parameter values and profile-likelihood uncertainties: 
   r :   +43.963   -7.931/+7.672 (68%)
Set Range of Parameter r To : (-20,100)
Doing initial fit: 

 --- MultiDimFit ---
best fit parameter values and profile-likelihood uncertainties: 
   r :   +41.105   -9.507/+9.327 (68%)
Set Range of Parameter r To : (-20,100)
Doing initial fit: 

 --- MultiDimFit ---
best fit parameter values and profile-likelihood uncertainties: 
   r :   +41.890   -10.683/+10.412 (68%)
Set Range of Parameter r To : (-20,100)
Doing initial fit: 

 --- MultiDimFit ---
best fit parameter values and profile-likelihood uncertainties: 
   r :   +41.615   -8.981/+7.854 (68%)
Set Range of Parameter r To : (-20,100)
Doing initial fit: 

 --- MultiDimFit ---
best fit parameter values and profile-likelihood uncertainties: 
   r :   +38.008   -9.833/+9.952 (68%)
Set Range of Parameter r To : (-20,100)
Doing initial fit: 

 --- MultiDimFit ---
best fit parameter values and profile-likelihood uncertainties: 
   r :   +29.011   -9.721/+10.341 (68%)
Set Range of Parameter r To : (-20,100)
Doing initial fit: 

 

 ---------------------------

 WARNING: MultiDimFit failed

 ---------------------------

 
Set Range of Parameter r To : (-20,100)
Doing initial fit: 

 --- MultiDimFit ---
best fit parameter values and profile-likelihood uncertainties: 
   r :   +34.617   -9.748/+10.029 (68%)
Set Range of Parameter r To : (-20,100)
Doing initial fit: 

 

 ---------------------------

 WARNING: MultiDimFit failed

 ---------------------------

 
Set Range of Parameter r To : (-20,100)
Doing initial fit: 

 --- MultiDimFit ---
best fit parameter values and profile-likelihood uncertainties: 
   r :   +47.495   -8.422/+7.826 (68%)
Set Range of Parameter r To : (-20,100)
Doing initial fit: 

 --- MultiDimFit ---
best fit parameter values and profile-likelihood uncertainties: 
   r :   +32.326   -7.805/+7.988 (68%)
Set Range of Parameter r To : (-20,100)
Doing initial fit: 

 --- MultiDimFit ---
best fit parameter values and profile-likelihood uncertainties: 
   r :   +34.418   -9.017/+11.984 (68%)
Set Range of Parameter r To : (-20,100)
Doing initial fit: 

 --- MultiDimFit ---
best fit parameter values and profile-likelihood uncertainties: 
   r :   +28.372   -7.815/+7.716 (68%)
Set Range of Parameter r To : (-20,100)
Doing initial fit: 

 --- MultiDimFit ---
best fit parameter values and profile-likelihood uncertainties: 
   r :   +31.149   -10.951/+8.170 (68%)
Set Range of Parameter r To : (-20,100)
Doing initial fit: 

 --- MultiDimFit ---
best fit parameter values and profile-likelihood uncertainties: 
   r :   +49.635   -9.794/+8.272 (68%)
Set Range of Parameter r To : (-20,100)
Doing initial fit: 

 --- MultiDimFit ---
best fit parameter values and profile-likelihood uncertainties: 
   r :   +32.832   -9.989/+10.029 (68%)
Set Range of Parameter r To : (-20,100)
Doing initial fit: 

 --- MultiDimFit ---
best fit parameter values and profile-likelihood uncertainties: 
   r :   +42.198   -9.039/+8.272 (68%)
Set Range of Parameter r To : (-20,100)
Doing initial fit: 

 --- MultiDimFit ---
best fit parameter values and profile-likelihood uncertainties: 
   r :   +27.564   -9.385/+9.060 (68%)
Set Range of Parameter r To : (-20,100)
Doing initial fit: 

 --- MultiDimFit ---
best fit parameter values and profile-likelihood uncertainties: 
   r :   +38.037   -7.631/+8.168 (68%)
Set Range of Parameter r To : (-20,100)
Doing initial fit: 

 --- MultiDimFit ---
best fit parameter values and profile-likelihood uncertainties: 
   r :   +29.059   -8.380/+8.037 (68%)
Set Range of Parameter r To : (-20,100)
Doing initial fit: 

 --- MultiDimFit ---
best fit parameter values and profile-likelihood uncertainties: 
   r :   +22.776   -10.600/+9.803 (68%)
Set Range of Parameter r To : (-20,100)
Doing initial fit: 

 --- MultiDimFit ---
best fit parameter values and profile-likelihood uncertainties: 
   r :   +24.945   -9.541/+8.549 (68%)
Set Range of Parameter r To : (-20,100)
Doing initial fit: 

 --- MultiDimFit ---
best fit parameter values and profile-likelihood uncertainties: 
   r :   +35.758   -10.147/+9.718 (68%)
Set Range of Parameter r To : (-20,100)
Doing initial fit: 

 --- MultiDimFit ---
best fit parameter values and profile-likelihood uncertainties: 
   r :   +27.676   -11.719/+8.045 (68%)
Set Range of Parameter r To : (-20,100)
Doing initial fit: 

 --- MultiDimFit ---
best fit parameter values and profile-likelihood uncertainties: 
   r :   +22.355   -9.394/+8.592 (68%)
Set Range of Parameter r To : (-20,100)
Doing initial fit: 

 --- MultiDimFit ---
best fit parameter values and profile-likelihood uncertainties: 
   r :   +30.219   -9.449/+8.433 (68%)
Set Range of Parameter r To : (-20,100)
Doing initial fit: 

 --- MultiDimFit ---
best fit parameter values and profile-likelihood uncertainties: 
   r :   +29.436   -8.210/+7.428 (68%)
Set Range of Parameter r To : (-20,100)
Doing initial fit: 

 --- MultiDimFit ---
best fit parameter values and profile-likelihood uncertainties: 
   r :   +31.253   -10.517/+9.810 (68%)
Set Range of Parameter r To : (-20,100)
Doing initial fit: 

 --- MultiDimFit ---
best fit parameter values and profile-likelihood uncertainties: 
   r :   +21.629   -7.832/+7.628 (68%)
Set Range of Parameter r To : (-20,100)
Doing initial fit: 

 --- MultiDimFit ---
best fit parameter values and profile-likelihood uncertainties: 
   r :   +48.503   -12.113/+8.052 (68%)
Set Range of Parameter r To : (-20,100)
Doing initial fit: 

 --- MultiDimFit ---
best fit parameter values and profile-likelihood uncertainties: 
   r :   +12.877   -9.469/+10.041 (68%)
Set Range of Parameter r To : (-20,100)
Doing initial fit: 

 --- MultiDimFit ---
best fit parameter values and profile-likelihood uncertainties: 
   r :   +40.832   -10.297/+10.162 (68%)
Set Range of Parameter r To : (-20,100)
Doing initial fit: 

 --- MultiDimFit ---
best fit parameter values and profile-likelihood uncertainties: 
   r :   +23.316   -9.564/+8.665 (68%)
Set Range of Parameter r To : (-20,100)
Doing initial fit: 

 --- MultiDimFit ---
best fit parameter values and profile-likelihood uncertainties: 
   r :   +37.695   -9.364/+8.740 (68%)
Set Range of Parameter r To : (-20,100)
Doing initial fit: 

 --- MultiDimFit ---
best fit parameter values and profile-likelihood uncertainties: 
   r :   +20.433   -13.002/+7.487 (68%)
Set Range of Parameter r To : (-20,100)
Doing initial fit: 

 --- MultiDimFit ---
best fit parameter values and profile-likelihood uncertainties: 
   r :   +35.003   -10.032/+8.274 (68%)
Set Range of Parameter r To : (-20,100)
Doing initial fit: 

 --- MultiDimFit ---
best fit parameter values and profile-likelihood uncertainties: 
   r :   +23.907   -9.006/+8.154 (68%)
Set Range of Parameter r To : (-20,100)
Doing initial fit: 

 --- MultiDimFit ---
best fit parameter values and profile-likelihood uncertainties: 
   r :   +34.910   -9.521/+9.024 (68%)
Set Range of Parameter r To : (-20,100)
Doing initial fit: 

 --- MultiDimFit ---
best fit parameter values and profile-likelihood uncertainties: 
   r :   +36.933   -9.554/+9.002 (68%)
Set Range of Parameter r To : (-20,100)
Doing initial fit: 

 --- MultiDimFit ---
best fit parameter values and profile-likelihood uncertainties: 
   r :   +17.858   -10.387/+9.951 (68%)
Set Range of Parameter r To : (-20,100)
Doing initial fit: 

 --- MultiDimFit ---
best fit parameter values and profile-likelihood uncertainties: 
   r :   +32.099   -7.062/+7.807 (68%)
Set Range of Parameter r To : (-20,100)
Doing initial fit: 

 --- MultiDimFit ---
best fit parameter values and profile-likelihood uncertainties: 
   r :   +33.163   -9.078/+7.753 (68%)
Set Range of Parameter r To : (-20,100)
Doing initial fit: 

 

 ---------------------------

 WARNING: MultiDimFit failed

 ---------------------------

 
Set Range of Parameter r To : (-20,100)
Doing initial fit: 

 --- MultiDimFit ---
best fit parameter values and profile-likelihood uncertainties: 
   r :   +38.110   -9.362/+8.445 (68%)
Set Range of Parameter r To : (-20,100)
Doing initial fit: 

 --- MultiDimFit ---
best fit parameter values and profile-likelihood uncertainties: 
   r :   +33.817   -7.434/+7.393 (68%)
Set Range of Parameter r To : (-20,100)
Doing initial fit: 

 --- MultiDimFit ---
best fit parameter values and profile-likelihood uncertainties: 
   r :   +49.186   -10.926/+8.124 (68%)
Set Range of Parameter r To : (-20,100)
Doing initial fit: 

 --- MultiDimFit ---
best fit parameter values and profile-likelihood uncertainties: 
   r :   +25.933   -9.614/+10.389 (68%)
Set Range of Parameter r To : (-20,100)
Doing initial fit: 

 --- MultiDimFit ---
best fit parameter values and profile-likelihood uncertainties: 
   r :   +49.123   -8.558/+8.198 (68%)
Set Range of Parameter r To : (-20,100)
Doing initial fit: 

 --- MultiDimFit ---
best fit parameter values and profile-likelihood uncertainties: 
   r :   +27.080   -8.954/+8.040 (68%)
Set Range of Parameter r To : (-20,100)
Doing initial fit: 

 --- MultiDimFit ---
best fit parameter values and profile-likelihood uncertainties: 
   r :   +31.837   -9.636/+8.756 (68%)
Set Range of Parameter r To : (-20,100)
Doing initial fit: 

 --- MultiDimFit ---
best fit parameter values and profile-likelihood uncertainties: 
   r :   +28.708   -9.779/+9.507 (68%)
Set Range of Parameter r To : (-20,100)
Doing initial fit: 

 --- MultiDimFit ---
best fit parameter values and profile-likelihood uncertainties: 
   r :   +47.975   -9.132/+8.294 (68%)
Set Range of Parameter r To : (-20,100)
Doing initial fit: 

 --- MultiDimFit ---
best fit parameter values and profile-likelihood uncertainties: 
   r :   +31.824   -9.276/+8.626 (68%)
Set Range of Parameter r To : (-20,100)
Doing initial fit: 

 --- MultiDimFit ---
best fit parameter values and profile-likelihood uncertainties: 
   r :   +38.300   -10.474/+8.130 (68%)
Set Range of Parameter r To : (-20,100)
Doing initial fit: 

 --- MultiDimFit ---
best fit parameter values and profile-likelihood uncertainties: 
   r :   +30.439   -9.731/+8.241 (68%)
Set Range of Parameter r To : (-20,100)
Doing initial fit: 

 --- MultiDimFit ---
best fit parameter values and profile-likelihood uncertainties: 
   r :   +22.808   -8.254/+7.011 (68%)
Set Range of Parameter r To : (-20,100)
Doing initial fit: 

 --- MultiDimFit ---
best fit parameter values and profile-likelihood uncertainties: 
   r :   +26.529   -9.363/+7.824 (68%)
Set Range of Parameter r To : (-20,100)
Doing initial fit: 

 --- MultiDimFit ---
best fit parameter values and profile-likelihood uncertainties: 
   r :   +39.915   -9.980/+9.209 (68%)
Set Range of Parameter r To : (-20,100)
Doing initial fit: 

 --- MultiDimFit ---
best fit parameter values and profile-likelihood uncertainties: 
   r :   +36.347   -9.511/+9.161 (68%)
Set Range of Parameter r To : (-20,100)
Doing initial fit: 

 --- MultiDimFit ---
best fit parameter values and profile-likelihood uncertainties: 
   r :   +21.513   -9.444/+10.679 (68%)
Set Range of Parameter r To : (-20,100)
Doing initial fit: 

 --- MultiDimFit ---
best fit parameter values and profile-likelihood uncertainties: 
   r :   +22.097   -10.094/+10.809 (68%)
Set Range of Parameter r To : (-20,100)
Doing initial fit: 

 --- MultiDimFit ---
best fit parameter values and profile-likelihood uncertainties: 
   r :   +32.416   -8.869/+8.108 (68%)
Set Range of Parameter r To : (-20,100)
Doing initial fit: 

 --- MultiDimFit ---
best fit parameter values and profile-likelihood uncertainties: 
   r :   +28.653   -7.256/+6.827 (68%)
Set Range of Parameter r To : (-20,100)
Doing initial fit: 

 --- MultiDimFit ---
best fit parameter values and profile-likelihood uncertainties: 
   r :   +28.824   -8.010/+7.885 (68%)
Set Range of Parameter r To : (-20,100)
Doing initial fit: 

 --- MultiDimFit ---
best fit parameter values and profile-likelihood uncertainties: 
   r :   +25.596   -9.689/+8.312 (68%)
Set Range of Parameter r To : (-20,100)
Doing initial fit: 

 --- MultiDimFit ---
best fit parameter values and profile-likelihood uncertainties: 
   r :   +30.615   -9.390/+8.874 (68%)
Set Range of Parameter r To : (-20,100)
Doing initial fit: 

 --- MultiDimFit ---
best fit parameter values and profile-likelihood uncertainties: 
   r :   +27.002   -8.944/+8.073 (68%)
Set Range of Parameter r To : (-20,100)
Doing initial fit: 

 --- MultiDimFit ---
best fit parameter values and profile-likelihood uncertainties: 
   r :   +46.392   -10.019/+9.337 (68%)
Set Range of Parameter r To : (-20,100)
Doing initial fit: 

 --- MultiDimFit ---
best fit parameter values and profile-likelihood uncertainties: 
   r :   +28.324   -8.904/+8.125 (68%)
Set Range of Parameter r To : (-20,100)
Doing initial fit: 

 --- MultiDimFit ---
best fit parameter values and profile-likelihood uncertainties: 
   r :   +39.436   -7.593/+8.131 (68%)
Set Range of Parameter r To : (-20,100)
Doing initial fit: 

 --- MultiDimFit ---
best fit parameter values and profile-likelihood uncertainties: 
   r :   +33.296   -10.225/+8.882 (68%)
Set Range of Parameter r To : (-20,100)
Doing initial fit: 

 --- MultiDimFit ---
best fit parameter values and profile-likelihood uncertainties: 
   r :   +41.897   -9.510/+9.389 (68%)
Set Range of Parameter r To : (-20,100)
Doing initial fit: 

 --- MultiDimFit ---
best fit parameter values and profile-likelihood uncertainties: 
   r :   +32.168   -10.087/+9.864 (68%)
Set Range of Parameter r To : (-20,100)
Doing initial fit: 

 --- MultiDimFit ---
best fit parameter values and profile-likelihood uncertainties: 
   r :   +36.211   -7.386/+7.642 (68%)
Set Range of Parameter r To : (-20,100)
Doing initial fit: 

 --- MultiDimFit ---
best fit parameter values and profile-likelihood uncertainties: 
   r :   +10.814   -10.484/+7.731 (68%)
Set Range of Parameter r To : (-20,100)
Doing initial fit: 

 --- MultiDimFit ---
best fit parameter values and profile-likelihood uncertainties: 
   r :   +30.762   -9.778/+10.186 (68%)
Set Range of Parameter r To : (-20,100)
Doing initial fit: 

 --- MultiDimFit ---
best fit parameter values and profile-likelihood uncertainties: 
   r :   +33.076   -9.444/+9.048 (68%)
Set Range of Parameter r To : (-20,100)
Doing initial fit: 

 --- MultiDimFit ---
best fit parameter values and profile-likelihood uncertainties: 
   r :   +24.084   -8.485/+8.073 (68%)
Set Range of Parameter r To : (-20,100)
Doing initial fit: 

 --- MultiDimFit ---
best fit parameter values and profile-likelihood uncertainties: 
   r :   +25.697   -7.612/+8.088 (68%)
Set Range of Parameter r To : (-20,100)
Doing initial fit: 

 --- MultiDimFit ---
best fit parameter values and profile-likelihood uncertainties: 
   r :   +45.242   -8.533/+8.140 (68%)
Set Range of Parameter r To : (-20,100)
Doing initial fit: 

 --- MultiDimFit ---
best fit parameter values and profile-likelihood uncertainties: 
   r :   +48.074   -8.397/+8.149 (68%)
Set Range of Parameter r To : (-20,100)
Doing initial fit: 

 --- MultiDimFit ---
best fit parameter values and profile-likelihood uncertainties: 
   r :   +48.490   -9.946/+9.629 (68%)
Set Range of Parameter r To : (-20,100)
Doing initial fit: 

 --- MultiDimFit ---
best fit parameter values and profile-likelihood uncertainties: 
   r :   +30.687   -8.352/+8.127 (68%)
Set Range of Parameter r To : (-20,100)
Doing initial fit: 

 --- MultiDimFit ---
best fit parameter values and profile-likelihood uncertainties: 
   r :   +31.882   -8.937/+8.175 (68%)
Set Range of Parameter r To : (-20,100)
Doing initial fit: 

 --- MultiDimFit ---
best fit parameter values and profile-likelihood uncertainties: 
   r :   +18.979   -8.140/+7.779 (68%)
Set Range of Parameter r To : (-20,100)
Doing initial fit: 

 --- MultiDimFit ---
best fit parameter values and profile-likelihood uncertainties: 
   r :   +28.892   -7.091/+7.264 (68%)
Set Range of Parameter r To : (-20,100)
Doing initial fit: 

 --- MultiDimFit ---
best fit parameter values and profile-likelihood uncertainties: 
   r :   +25.094   -9.168/+8.265 (68%)
Set Range of Parameter r To : (-20,100)
Doing initial fit: 

 --- MultiDimFit ---
best fit parameter values and profile-likelihood uncertainties: 
   r :   +29.554   -9.923/+10.055 (68%)
Set Range of Parameter r To : (-20,100)
Doing initial fit: 

 --- MultiDimFit ---
best fit parameter values and profile-likelihood uncertainties: 
   r :   +32.690   -9.966/+9.327 (68%)
Set Range of Parameter r To : (-20,100)
Doing initial fit: 

 --- MultiDimFit ---
best fit parameter values and profile-likelihood uncertainties: 
   r :   +31.446   -9.910/+9.334 (68%)
Set Range of Parameter r To : (-20,100)
Doing initial fit: 

 --- MultiDimFit ---
best fit parameter values and profile-likelihood uncertainties: 
   r :   +42.087   -11.229/+8.392 (68%)
Set Range of Parameter r To : (-20,100)
Doing initial fit: 

 --- MultiDimFit ---
best fit parameter values and profile-likelihood uncertainties: 
   r :   +31.701   -7.987/+7.534 (68%)
Set Range of Parameter r To : (-20,100)
Doing initial fit: 

 --- MultiDimFit ---
best fit parameter values and profile-likelihood uncertainties: 
   r :   +43.982   -10.883/+10.017 (68%)
Set Range of Parameter r To : (-20,100)
Doing initial fit: 

 --- MultiDimFit ---
best fit parameter values and profile-likelihood uncertainties: 
   r :   +14.131   -10.054/+10.204 (68%)
Set Range of Parameter r To : (-20,100)
Doing initial fit: 

 --- MultiDimFit ---
best fit parameter values and profile-likelihood uncertainties: 
   r :   +33.263   -11.109/+7.799 (68%)
Set Range of Parameter r To : (-20,100)
Doing initial fit: 

 --- MultiDimFit ---
best fit parameter values and profile-likelihood uncertainties: 
   r :   +29.896   -9.399/+9.076 (68%)
Set Range of Parameter r To : (-20,100)
Doing initial fit: 

 --- MultiDimFit ---
best fit parameter values and profile-likelihood uncertainties: 
   r :   +28.067   -9.548/+8.922 (68%)
Set Range of Parameter r To : (-20,100)
Doing initial fit: 

 --- MultiDimFit ---
best fit parameter values and profile-likelihood uncertainties: 
   r :   +33.364   -9.950/+10.701 (68%)
Set Range of Parameter r To : (-20,100)
Doing initial fit: 

 --- MultiDimFit ---
best fit parameter values and profile-likelihood uncertainties: 
   r :   +35.067   -10.662/+7.999 (68%)
Set Range of Parameter r To : (-20,100)
Doing initial fit: 

 --- MultiDimFit ---
best fit parameter values and profile-likelihood uncertainties: 
   r :   +34.267   -9.424/+9.018 (68%)
Set Range of Parameter r To : (-20,100)
Doing initial fit: 

 --- MultiDimFit ---
best fit parameter values and profile-likelihood uncertainties: 
   r :   +32.556   -9.202/+8.439 (68%)
Set Range of Parameter r To : (-20,100)
Doing initial fit: 

 --- MultiDimFit ---
best fit parameter values and profile-likelihood uncertainties: 
   r :   +48.240   -9.981/+8.961 (68%)
Set Range of Parameter r To : (-20,100)
Doing initial fit: 

 --- MultiDimFit ---
best fit parameter values and profile-likelihood uncertainties: 
   r :   +37.141   -8.124/+8.274 (68%)
Set Range of Parameter r To : (-20,100)
Doing initial fit: 

 --- MultiDimFit ---
best fit parameter values and profile-likelihood uncertainties: 
   r :   +34.182   -7.490/+7.338 (68%)
Set Range of Parameter r To : (-20,100)
Doing initial fit: 

 --- MultiDimFit ---
best fit parameter values and profile-likelihood uncertainties: 
   r :   +49.512   -9.587/+8.105 (68%)
Set Range of Parameter r To : (-20,100)
Doing initial fit: 

 --- MultiDimFit ---
best fit parameter values and profile-likelihood uncertainties: 
   r :   +36.564   -9.389/+8.988 (68%)
Set Range of Parameter r To : (-20,100)
Doing initial fit: 

 --- MultiDimFit ---
best fit parameter values and profile-likelihood uncertainties: 
   r :   +34.483   -8.377/+7.315 (68%)
Set Range of Parameter r To : (-20,100)
Doing initial fit: 

 --- MultiDimFit ---
best fit parameter values and profile-likelihood uncertainties: 
   r :   +26.556   -6.535/+7.053 (68%)
Set Range of Parameter r To : (-20,100)
Doing initial fit: 

 --- MultiDimFit ---
best fit parameter values and profile-likelihood uncertainties: 
   r :   +28.925   -10.542/+10.759 (68%)
Set Range of Parameter r To : (-20,100)
Doing initial fit: 

 --- MultiDimFit ---
best fit parameter values and profile-likelihood uncertainties: 
   r :   +33.051   -8.678/+8.092 (68%)
Set Range of Parameter r To : (-20,100)
Doing initial fit: 

 --- MultiDimFit ---
best fit parameter values and profile-likelihood uncertainties: 
   r :   +18.046   -9.569/+9.480 (68%)
Set Range of Parameter r To : (-20,100)
Doing initial fit: 

 --- MultiDimFit ---
best fit parameter values and profile-likelihood uncertainties: 
   r :   +29.603   -12.938/+7.450 (68%)
Set Range of Parameter r To : (-20,100)
Doing initial fit: 

 --- MultiDimFit ---
best fit parameter values and profile-likelihood uncertainties: 
   r :   +32.124   -11.634/+7.759 (68%)
Set Range of Parameter r To : (-20,100)
Doing initial fit: 

 --- MultiDimFit ---
best fit parameter values and profile-likelihood uncertainties: 
   r :   +28.857   -9.080/+8.227 (68%)
Set Range of Parameter r To : (-20,100)
Doing initial fit: 

 --- MultiDimFit ---
best fit parameter values and profile-likelihood uncertainties: 
   r :   +46.577   -9.556/+9.129 (68%)
Set Range of Parameter r To : (-20,100)
Doing initial fit: 

 --- MultiDimFit ---
best fit parameter values and profile-likelihood uncertainties: 
   r :   +38.363   -9.765/+10.560 (68%)
Set Range of Parameter r To : (-20,100)
Doing initial fit: 

 --- MultiDimFit ---
best fit parameter values and profile-likelihood uncertainties: 
   r :   +31.269   -9.851/+9.244 (68%)
Set Range of Parameter r To : (-20,100)
Doing initial fit: 

 --- MultiDimFit ---
best fit parameter values and profile-likelihood uncertainties: 
   r :   +33.457   -9.622/+10.562 (68%)
mean   expected limit: r < 3.6373e-316 +/- 0 @ 95%CL (500 toyMC)
median expected limit: r < 3.6373e-316 @ 95%CL (500 toyMC)
   68% expected band : 3.6373e-316 < r < 3.6373e-316
   95% expected band : 3.6373e-316 < r < 3.6373e-316

[BIAS SUMMARY]
[
  {
    "fit_file": "/data6/Users/joonblee/higgs_combine/CMSSW_14_1_0_pre4/src/NIsoMuon/review_outputs/Run2Run3/M20/bias/higgsCombine.ReviewBiasFit_Run2Run3_M20_r0.MultiDimFit.mH20.123456.root",
    "injected_alpha": 0.0,
    "injected_r": 0.0,
    "mean_bias_r": 0.11832071326358805,
    "mean_fitted_r": 0.11832071326358805,
    "multiplier_of_existing_expected_r95": 0.0,
    "n_best_fits_read": 492,
    "n_toys_requested": 500,
    "std_fitted_r": 8.282525199113948
  },
  {
    "fit_file": "/data6/Users/joonblee/higgs_combine/CMSSW_14_1_0_pre4/src/NIsoMuon/review_outputs/Run2Run3/M20/bias/higgsCombine.ReviewBiasFit_Run2Run3_M20_r15p5.MultiDimFit.mH20.123456.root",
    "injected_alpha": 1.2409199880071364e-05,
    "injected_r": 15.5,
    "mean_bias_r": 0.4225490110753025,
    "mean_fitted_r": 15.922549011075303,
    "multiplier_of_existing_expected_r95": 1.0,
    "n_best_fits_read": 489,
    "n_toys_requested": 500,
    "std_fitted_r": 8.61168639612089
  },
  {
    "fit_file": "/data6/Users/joonblee/higgs_combine/CMSSW_14_1_0_pre4/src/NIsoMuon/review_outputs/Run2Run3/M20/bias/higgsCombine.ReviewBiasFit_Run2Run3_M20_r31.MultiDimFit.mH20.123456.root",
    "injected_alpha": 2.481839976014273e-05,
    "injected_r": 31.0,
    "mean_bias_r": 0.6061313060427764,
    "mean_fitted_r": 31.606131306042776,
    "multiplier_of_existing_expected_r95": 2.0,
    "n_best_fits_read": 493,
    "n_toys_requested": 500,
    "std_fitted_r": 8.530945282009448
  }
]
[SAVED] /data6/Users/joonblee/higgs_combine/CMSSW_14_1_0_pre4/src/NIsoMuon/review_outputs/Run2Run3/M20/bias/bias_summary_Run2Run3_M20.json

[DONE] review outputs: /data6/Users/joonblee/higgs_combine/CMSSW_14_1_0_pre4/src/NIsoMuon/review_outputs/Run2Run3/M20
