[REVIEW CONFIG]
{
  "alpha_internal_unit": 0.0004119195853095905,
  "card": "/data6/Users/joonblee/higgs_combine/CMSSW_14_1_0_pre4/src/NIsoMuon/datacards_NIsoMuon/alpha/blind/combined/Run2Run3/datacard_M-70_Run2Run3.txt",
  "cmssw_base": "/data6/Users/joonblee/higgs_combine/CMSSW_16_0_0",
  "existing_expected_median_alpha95": 0.0003910017938680879,
  "existing_expected_median_r95": 0.94921875,
  "mass": 70.0,
  "scram_arch": "el9_amd64_gcc13",
  "target": "Run2Run3",
  "tasks": [
    "bias"
  ]
}

========================================================================================
[TASK] bias | target=Run2Run3 | M=70
========================================================================================
[RUN] (cd /data6/Users/joonblee/higgs_combine/CMSSW_14_1_0_pre4/src/NIsoMuon/review_outputs/Run2Run3/M70 && text2workspace.py /data6/Users/joonblee/higgs_combine/CMSSW_14_1_0_pre4/src/NIsoMuon/datacards_NIsoMuon/alpha/blind/combined/Run2Run3/datacard_M-70_Run2Run3.txt -m 70 -o workspace_Run2Run3_M70.root)
[RUN] (cd /data6/Users/joonblee/higgs_combine/CMSSW_14_1_0_pre4/src/NIsoMuon/review_outputs/Run2Run3/M70/bias && combine -M GenerateOnly /data6/Users/joonblee/higgs_combine/CMSSW_14_1_0_pre4/src/NIsoMuon/review_outputs/Run2Run3/M70/workspace_Run2Run3_M70.root -m 70 -t 500 --expectSignal 0 --setParameters r=0 --setParameterRanges r=0,100 --saveToys -s 12345 -n .ReviewBiasGen_Run2Run3_M70_r0)
 <<< Combine >>> 
 <<< v11.0.0 >>>
>>> Random number generator seed is 12345
>>> Method used is GenerateOnly
Set Range of Parameter r To : (0,100)
Set Default Value of Parameter r To : 0
Warning: A value of r is specified in both the --setParameters and --expectSignal options. The argument of --expectSignal will take precedence
Set Range of Parameter r To : (0,100)
Generate toy 1/500
Set Range of Parameter r To : (0,100)
Generate toy 2/500
Set Range of Parameter r To : (0,100)
Generate toy 3/500
Set Range of Parameter r To : (0,100)
Generate toy 4/500
Set Range of Parameter r To : (0,100)
Generate toy 5/500
Set Range of Parameter r To : (0,100)
Generate toy 6/500
Set Range of Parameter r To : (0,100)
Generate toy 7/500
Set Range of Parameter r To : (0,100)
Generate toy 8/500
Set Range of Parameter r To : (0,100)
Generate toy 9/500
Set Range of Parameter r To : (0,100)
Generate toy 10/500
Set Range of Parameter r To : (0,100)
Generate toy 11/500
Set Range of Parameter r To : (0,100)
Generate toy 12/500
Set Range of Parameter r To : (0,100)
Generate toy 13/500
Set Range of Parameter r To : (0,100)
Generate toy 14/500
Set Range of Parameter r To : (0,100)
Generate toy 15/500
Set Range of Parameter r To : (0,100)
Generate toy 16/500
Set Range of Parameter r To : (0,100)
Generate toy 17/500
Set Range of Parameter r To : (0,100)
Generate toy 18/500
Set Range of Parameter r To : (0,100)
Generate toy 19/500
Set Range of Parameter r To : (0,100)
Generate toy 20/500
Set Range of Parameter r To : (0,100)
Generate toy 21/500
Set Range of Parameter r To : (0,100)
Generate toy 22/500
Set Range of Parameter r To : (0,100)
Generate toy 23/500
Set Range of Parameter r To : (0,100)
Generate toy 24/500
Set Range of Parameter r To : (0,100)
Generate toy 25/500
Set Range of Parameter r To : (0,100)
Generate toy 26/500
Set Range of Parameter r To : (0,100)
Generate toy 27/500
Set Range of Parameter r To : (0,100)
Generate toy 28/500
Set Range of Parameter r To : (0,100)
Generate toy 29/500
Set Range of Parameter r To : (0,100)
Generate toy 30/500
Set Range of Parameter r To : (0,100)
Generate toy 31/500
Set Range of Parameter r To : (0,100)
Generate toy 32/500
Set Range of Parameter r To : (0,100)
Generate toy 33/500
Set Range of Parameter r To : (0,100)
Generate toy 34/500
Set Range of Parameter r To : (0,100)
Generate toy 35/500
Set Range of Parameter r To : (0,100)
Generate toy 36/500
Set Range of Parameter r To : (0,100)
Generate toy 37/500
Set Range of Parameter r To : (0,100)
Generate toy 38/500
Set Range of Parameter r To : (0,100)
Generate toy 39/500
Set Range of Parameter r To : (0,100)
Generate toy 40/500
Set Range of Parameter r To : (0,100)
Generate toy 41/500
Set Range of Parameter r To : (0,100)
Generate toy 42/500
Set Range of Parameter r To : (0,100)
Generate toy 43/500
Set Range of Parameter r To : (0,100)
Generate toy 44/500
Set Range of Parameter r To : (0,100)
Generate toy 45/500
Set Range of Parameter r To : (0,100)
Generate toy 46/500
Set Range of Parameter r To : (0,100)
Generate toy 47/500
Set Range of Parameter r To : (0,100)
Generate toy 48/500
Set Range of Parameter r To : (0,100)
Generate toy 49/500
Set Range of Parameter r To : (0,100)
Generate toy 50/500
Set Range of Parameter r To : (0,100)
Generate toy 51/500
Set Range of Parameter r To : (0,100)
Generate toy 52/500
Set Range of Parameter r To : (0,100)
Generate toy 53/500
Set Range of Parameter r To : (0,100)
Generate toy 54/500
Set Range of Parameter r To : (0,100)
Generate toy 55/500
Set Range of Parameter r To : (0,100)
Generate toy 56/500
Set Range of Parameter r To : (0,100)
Generate toy 57/500
Set Range of Parameter r To : (0,100)
Generate toy 58/500
Set Range of Parameter r To : (0,100)
Generate toy 59/500
Set Range of Parameter r To : (0,100)
Generate toy 60/500
Set Range of Parameter r To : (0,100)
Generate toy 61/500
Set Range of Parameter r To : (0,100)
Generate toy 62/500
Set Range of Parameter r To : (0,100)
Generate toy 63/500
Set Range of Parameter r To : (0,100)
Generate toy 64/500
Set Range of Parameter r To : (0,100)
Generate toy 65/500
Set Range of Parameter r To : (0,100)
Generate toy 66/500
Set Range of Parameter r To : (0,100)
Generate toy 67/500
Set Range of Parameter r To : (0,100)
Generate toy 68/500
Set Range of Parameter r To : (0,100)
Generate toy 69/500
Set Range of Parameter r To : (0,100)
Generate toy 70/500
Set Range of Parameter r To : (0,100)
Generate toy 71/500
Set Range of Parameter r To : (0,100)
Generate toy 72/500
Set Range of Parameter r To : (0,100)
Generate toy 73/500
Set Range of Parameter r To : (0,100)
Generate toy 74/500
Set Range of Parameter r To : (0,100)
Generate toy 75/500
Set Range of Parameter r To : (0,100)
Generate toy 76/500
Set Range of Parameter r To : (0,100)
Generate toy 77/500
Set Range of Parameter r To : (0,100)
Generate toy 78/500
Set Range of Parameter r To : (0,100)
Generate toy 79/500
Set Range of Parameter r To : (0,100)
Generate toy 80/500
Set Range of Parameter r To : (0,100)
Generate toy 81/500
Set Range of Parameter r To : (0,100)
Generate toy 82/500
Set Range of Parameter r To : (0,100)
Generate toy 83/500
Set Range of Parameter r To : (0,100)
Generate toy 84/500
Set Range of Parameter r To : (0,100)
Generate toy 85/500
Set Range of Parameter r To : (0,100)
Generate toy 86/500
Set Range of Parameter r To : (0,100)
Generate toy 87/500
Set Range of Parameter r To : (0,100)
Generate toy 88/500
Set Range of Parameter r To : (0,100)
Generate toy 89/500
Set Range of Parameter r To : (0,100)
Generate toy 90/500
Set Range of Parameter r To : (0,100)
Generate toy 91/500
Set Range of Parameter r To : (0,100)
Generate toy 92/500
Set Range of Parameter r To : (0,100)
Generate toy 93/500
Set Range of Parameter r To : (0,100)
Generate toy 94/500
Set Range of Parameter r To : (0,100)
Generate toy 95/500
Set Range of Parameter r To : (0,100)
Generate toy 96/500
Set Range of Parameter r To : (0,100)
Generate toy 97/500
Set Range of Parameter r To : (0,100)
Generate toy 98/500
Set Range of Parameter r To : (0,100)
Generate toy 99/500
Set Range of Parameter r To : (0,100)
Generate toy 100/500
Set Range of Parameter r To : (0,100)
Generate toy 101/500
Set Range of Parameter r To : (0,100)
Generate toy 102/500
Set Range of Parameter r To : (0,100)
Generate toy 103/500
Set Range of Parameter r To : (0,100)
Generate toy 104/500
Set Range of Parameter r To : (0,100)
Generate toy 105/500
Set Range of Parameter r To : (0,100)
Generate toy 106/500
Set Range of Parameter r To : (0,100)
Generate toy 107/500
Set Range of Parameter r To : (0,100)
Generate toy 108/500
Set Range of Parameter r To : (0,100)
Generate toy 109/500
Set Range of Parameter r To : (0,100)
Generate toy 110/500
Set Range of Parameter r To : (0,100)
Generate toy 111/500
Set Range of Parameter r To : (0,100)
Generate toy 112/500
Set Range of Parameter r To : (0,100)
Generate toy 113/500
Set Range of Parameter r To : (0,100)
Generate toy 114/500
Set Range of Parameter r To : (0,100)
Generate toy 115/500
Set Range of Parameter r To : (0,100)
Generate toy 116/500
Set Range of Parameter r To : (0,100)
Generate toy 117/500
Set Range of Parameter r To : (0,100)
Generate toy 118/500
Set Range of Parameter r To : (0,100)
Generate toy 119/500
Set Range of Parameter r To : (0,100)
Generate toy 120/500
Set Range of Parameter r To : (0,100)
Generate toy 121/500
Set Range of Parameter r To : (0,100)
Generate toy 122/500
Set Range of Parameter r To : (0,100)
Generate toy 123/500
Set Range of Parameter r To : (0,100)
Generate toy 124/500
Set Range of Parameter r To : (0,100)
Generate toy 125/500
Set Range of Parameter r To : (0,100)
Generate toy 126/500
Set Range of Parameter r To : (0,100)
Generate toy 127/500
Set Range of Parameter r To : (0,100)
Generate toy 128/500
Set Range of Parameter r To : (0,100)
Generate toy 129/500
Set Range of Parameter r To : (0,100)
Generate toy 130/500
Set Range of Parameter r To : (0,100)
Generate toy 131/500
Set Range of Parameter r To : (0,100)
Generate toy 132/500
Set Range of Parameter r To : (0,100)
Generate toy 133/500
Set Range of Parameter r To : (0,100)
Generate toy 134/500
Set Range of Parameter r To : (0,100)
Generate toy 135/500
Set Range of Parameter r To : (0,100)
Generate toy 136/500
Set Range of Parameter r To : (0,100)
Generate toy 137/500
Set Range of Parameter r To : (0,100)
Generate toy 138/500
Set Range of Parameter r To : (0,100)
Generate toy 139/500
Set Range of Parameter r To : (0,100)
Generate toy 140/500
Set Range of Parameter r To : (0,100)
Generate toy 141/500
Set Range of Parameter r To : (0,100)
Generate toy 142/500
Set Range of Parameter r To : (0,100)
Generate toy 143/500
Set Range of Parameter r To : (0,100)
Generate toy 144/500
Set Range of Parameter r To : (0,100)
Generate toy 145/500
Set Range of Parameter r To : (0,100)
Generate toy 146/500
Set Range of Parameter r To : (0,100)
Generate toy 147/500
Set Range of Parameter r To : (0,100)
Generate toy 148/500
Set Range of Parameter r To : (0,100)
Generate toy 149/500
Set Range of Parameter r To : (0,100)
Generate toy 150/500
Set Range of Parameter r To : (0,100)
Generate toy 151/500
Set Range of Parameter r To : (0,100)
Generate toy 152/500
Set Range of Parameter r To : (0,100)
Generate toy 153/500
Set Range of Parameter r To : (0,100)
Generate toy 154/500
Set Range of Parameter r To : (0,100)
Generate toy 155/500
Set Range of Parameter r To : (0,100)
Generate toy 156/500
Set Range of Parameter r To : (0,100)
Generate toy 157/500
Set Range of Parameter r To : (0,100)
Generate toy 158/500
Set Range of Parameter r To : (0,100)
Generate toy 159/500
Set Range of Parameter r To : (0,100)
Generate toy 160/500
Set Range of Parameter r To : (0,100)
Generate toy 161/500
Set Range of Parameter r To : (0,100)
Generate toy 162/500
Set Range of Parameter r To : (0,100)
Generate toy 163/500
Set Range of Parameter r To : (0,100)
Generate toy 164/500
Set Range of Parameter r To : (0,100)
Generate toy 165/500
Set Range of Parameter r To : (0,100)
Generate toy 166/500
Set Range of Parameter r To : (0,100)
Generate toy 167/500
Set Range of Parameter r To : (0,100)
Generate toy 168/500
Set Range of Parameter r To : (0,100)
Generate toy 169/500
Set Range of Parameter r To : (0,100)
Generate toy 170/500
Set Range of Parameter r To : (0,100)
Generate toy 171/500
Set Range of Parameter r To : (0,100)
Generate toy 172/500
Set Range of Parameter r To : (0,100)
Generate toy 173/500
Set Range of Parameter r To : (0,100)
Generate toy 174/500
Set Range of Parameter r To : (0,100)
Generate toy 175/500
Set Range of Parameter r To : (0,100)
Generate toy 176/500
Set Range of Parameter r To : (0,100)
Generate toy 177/500
Set Range of Parameter r To : (0,100)
Generate toy 178/500
Set Range of Parameter r To : (0,100)
Generate toy 179/500
Set Range of Parameter r To : (0,100)
Generate toy 180/500
Set Range of Parameter r To : (0,100)
Generate toy 181/500
Set Range of Parameter r To : (0,100)
Generate toy 182/500
Set Range of Parameter r To : (0,100)
Generate toy 183/500
Set Range of Parameter r To : (0,100)
Generate toy 184/500
Set Range of Parameter r To : (0,100)
Generate toy 185/500
Set Range of Parameter r To : (0,100)
Generate toy 186/500
Set Range of Parameter r To : (0,100)
Generate toy 187/500
Set Range of Parameter r To : (0,100)
Generate toy 188/500
Set Range of Parameter r To : (0,100)
Generate toy 189/500
Set Range of Parameter r To : (0,100)
Generate toy 190/500
Set Range of Parameter r To : (0,100)
Generate toy 191/500
Set Range of Parameter r To : (0,100)
Generate toy 192/500
Set Range of Parameter r To : (0,100)
Generate toy 193/500
Set Range of Parameter r To : (0,100)
Generate toy 194/500
Set Range of Parameter r To : (0,100)
Generate toy 195/500
Set Range of Parameter r To : (0,100)
Generate toy 196/500
Set Range of Parameter r To : (0,100)
Generate toy 197/500
Set Range of Parameter r To : (0,100)
Generate toy 198/500
Set Range of Parameter r To : (0,100)
Generate toy 199/500
Set Range of Parameter r To : (0,100)
Generate toy 200/500
Set Range of Parameter r To : (0,100)
Generate toy 201/500
Set Range of Parameter r To : (0,100)
Generate toy 202/500
Set Range of Parameter r To : (0,100)
Generate toy 203/500
Set Range of Parameter r To : (0,100)
Generate toy 204/500
Set Range of Parameter r To : (0,100)
Generate toy 205/500
Set Range of Parameter r To : (0,100)
Generate toy 206/500
Set Range of Parameter r To : (0,100)
Generate toy 207/500
Set Range of Parameter r To : (0,100)
Generate toy 208/500
Set Range of Parameter r To : (0,100)
Generate toy 209/500
Set Range of Parameter r To : (0,100)
Generate toy 210/500
Set Range of Parameter r To : (0,100)
Generate toy 211/500
Set Range of Parameter r To : (0,100)
Generate toy 212/500
Set Range of Parameter r To : (0,100)
Generate toy 213/500
Set Range of Parameter r To : (0,100)
Generate toy 214/500
Set Range of Parameter r To : (0,100)
Generate toy 215/500
Set Range of Parameter r To : (0,100)
Generate toy 216/500
Set Range of Parameter r To : (0,100)
Generate toy 217/500
Set Range of Parameter r To : (0,100)
Generate toy 218/500
Set Range of Parameter r To : (0,100)
Generate toy 219/500
Set Range of Parameter r To : (0,100)
Generate toy 220/500
Set Range of Parameter r To : (0,100)
Generate toy 221/500
Set Range of Parameter r To : (0,100)
Generate toy 222/500
Set Range of Parameter r To : (0,100)
Generate toy 223/500
Set Range of Parameter r To : (0,100)
Generate toy 224/500
Set Range of Parameter r To : (0,100)
Generate toy 225/500
Set Range of Parameter r To : (0,100)
Generate toy 226/500
Set Range of Parameter r To : (0,100)
Generate toy 227/500
Set Range of Parameter r To : (0,100)
Generate toy 228/500
Set Range of Parameter r To : (0,100)
Generate toy 229/500
Set Range of Parameter r To : (0,100)
Generate toy 230/500
Set Range of Parameter r To : (0,100)
Generate toy 231/500
Set Range of Parameter r To : (0,100)
Generate toy 232/500
Set Range of Parameter r To : (0,100)
Generate toy 233/500
Set Range of Parameter r To : (0,100)
Generate toy 234/500
Set Range of Parameter r To : (0,100)
Generate toy 235/500
Set Range of Parameter r To : (0,100)
Generate toy 236/500
Set Range of Parameter r To : (0,100)
Generate toy 237/500
Set Range of Parameter r To : (0,100)
Generate toy 238/500
Set Range of Parameter r To : (0,100)
Generate toy 239/500
Set Range of Parameter r To : (0,100)
Generate toy 240/500
Set Range of Parameter r To : (0,100)
Generate toy 241/500
Set Range of Parameter r To : (0,100)
Generate toy 242/500
Set Range of Parameter r To : (0,100)
Generate toy 243/500
Set Range of Parameter r To : (0,100)
Generate toy 244/500
Set Range of Parameter r To : (0,100)
Generate toy 245/500
Set Range of Parameter r To : (0,100)
Generate toy 246/500
Set Range of Parameter r To : (0,100)
Generate toy 247/500
Set Range of Parameter r To : (0,100)
Generate toy 248/500
Set Range of Parameter r To : (0,100)
Generate toy 249/500
Set Range of Parameter r To : (0,100)
Generate toy 250/500
Set Range of Parameter r To : (0,100)
Generate toy 251/500
Set Range of Parameter r To : (0,100)
Generate toy 252/500
Set Range of Parameter r To : (0,100)
Generate toy 253/500
Set Range of Parameter r To : (0,100)
Generate toy 254/500
Set Range of Parameter r To : (0,100)
Generate toy 255/500
Set Range of Parameter r To : (0,100)
Generate toy 256/500
Set Range of Parameter r To : (0,100)
Generate toy 257/500
Set Range of Parameter r To : (0,100)
Generate toy 258/500
Set Range of Parameter r To : (0,100)
Generate toy 259/500
Set Range of Parameter r To : (0,100)
Generate toy 260/500
Set Range of Parameter r To : (0,100)
Generate toy 261/500
Set Range of Parameter r To : (0,100)
Generate toy 262/500
Set Range of Parameter r To : (0,100)
Generate toy 263/500
Set Range of Parameter r To : (0,100)
Generate toy 264/500
Set Range of Parameter r To : (0,100)
Generate toy 265/500
Set Range of Parameter r To : (0,100)
Generate toy 266/500
Set Range of Parameter r To : (0,100)
Generate toy 267/500
Set Range of Parameter r To : (0,100)
Generate toy 268/500
Set Range of Parameter r To : (0,100)
Generate toy 269/500
Set Range of Parameter r To : (0,100)
Generate toy 270/500
Set Range of Parameter r To : (0,100)
Generate toy 271/500
Set Range of Parameter r To : (0,100)
Generate toy 272/500
Set Range of Parameter r To : (0,100)
Generate toy 273/500
Set Range of Parameter r To : (0,100)
Generate toy 274/500
Set Range of Parameter r To : (0,100)
Generate toy 275/500
Set Range of Parameter r To : (0,100)
Generate toy 276/500
Set Range of Parameter r To : (0,100)
Generate toy 277/500
Set Range of Parameter r To : (0,100)
Generate toy 278/500
Set Range of Parameter r To : (0,100)
Generate toy 279/500
Set Range of Parameter r To : (0,100)
Generate toy 280/500
Set Range of Parameter r To : (0,100)
Generate toy 281/500
Set Range of Parameter r To : (0,100)
Generate toy 282/500
Set Range of Parameter r To : (0,100)
Generate toy 283/500
Set Range of Parameter r To : (0,100)
Generate toy 284/500
Set Range of Parameter r To : (0,100)
Generate toy 285/500
Set Range of Parameter r To : (0,100)
Generate toy 286/500
Set Range of Parameter r To : (0,100)
Generate toy 287/500
Set Range of Parameter r To : (0,100)
Generate toy 288/500
Set Range of Parameter r To : (0,100)
Generate toy 289/500
Set Range of Parameter r To : (0,100)
Generate toy 290/500
Set Range of Parameter r To : (0,100)
Generate toy 291/500
Set Range of Parameter r To : (0,100)
Generate toy 292/500
Set Range of Parameter r To : (0,100)
Generate toy 293/500
Set Range of Parameter r To : (0,100)
Generate toy 294/500
Set Range of Parameter r To : (0,100)
Generate toy 295/500
Set Range of Parameter r To : (0,100)
Generate toy 296/500
Set Range of Parameter r To : (0,100)
Generate toy 297/500
Set Range of Parameter r To : (0,100)
Generate toy 298/500
Set Range of Parameter r To : (0,100)
Generate toy 299/500
Set Range of Parameter r To : (0,100)
Generate toy 300/500
Set Range of Parameter r To : (0,100)
Generate toy 301/500
Set Range of Parameter r To : (0,100)
Generate toy 302/500
Set Range of Parameter r To : (0,100)
Generate toy 303/500
Set Range of Parameter r To : (0,100)
Generate toy 304/500
Set Range of Parameter r To : (0,100)
Generate toy 305/500
Set Range of Parameter r To : (0,100)
Generate toy 306/500
Set Range of Parameter r To : (0,100)
Generate toy 307/500
Set Range of Parameter r To : (0,100)
Generate toy 308/500
Set Range of Parameter r To : (0,100)
Generate toy 309/500
Set Range of Parameter r To : (0,100)
Generate toy 310/500
Set Range of Parameter r To : (0,100)
Generate toy 311/500
Set Range of Parameter r To : (0,100)
Generate toy 312/500
Set Range of Parameter r To : (0,100)
Generate toy 313/500
Set Range of Parameter r To : (0,100)
Generate toy 314/500
Set Range of Parameter r To : (0,100)
Generate toy 315/500
Set Range of Parameter r To : (0,100)
Generate toy 316/500
Set Range of Parameter r To : (0,100)
Generate toy 317/500
Set Range of Parameter r To : (0,100)
Generate toy 318/500
Set Range of Parameter r To : (0,100)
Generate toy 319/500
Set Range of Parameter r To : (0,100)
Generate toy 320/500
Set Range of Parameter r To : (0,100)
Generate toy 321/500
Set Range of Parameter r To : (0,100)
Generate toy 322/500
Set Range of Parameter r To : (0,100)
Generate toy 323/500
Set Range of Parameter r To : (0,100)
Generate toy 324/500
Set Range of Parameter r To : (0,100)
Generate toy 325/500
Set Range of Parameter r To : (0,100)
Generate toy 326/500
Set Range of Parameter r To : (0,100)
Generate toy 327/500
Set Range of Parameter r To : (0,100)
Generate toy 328/500
Set Range of Parameter r To : (0,100)
Generate toy 329/500
Set Range of Parameter r To : (0,100)
Generate toy 330/500
Set Range of Parameter r To : (0,100)
Generate toy 331/500
Set Range of Parameter r To : (0,100)
Generate toy 332/500
Set Range of Parameter r To : (0,100)
Generate toy 333/500
Set Range of Parameter r To : (0,100)
Generate toy 334/500
Set Range of Parameter r To : (0,100)
Generate toy 335/500
Set Range of Parameter r To : (0,100)
Generate toy 336/500
Set Range of Parameter r To : (0,100)
Generate toy 337/500
Set Range of Parameter r To : (0,100)
Generate toy 338/500
Set Range of Parameter r To : (0,100)
Generate toy 339/500
Set Range of Parameter r To : (0,100)
Generate toy 340/500
Set Range of Parameter r To : (0,100)
Generate toy 341/500
Set Range of Parameter r To : (0,100)
Generate toy 342/500
Set Range of Parameter r To : (0,100)
Generate toy 343/500
Set Range of Parameter r To : (0,100)
Generate toy 344/500
Set Range of Parameter r To : (0,100)
Generate toy 345/500
Set Range of Parameter r To : (0,100)
Generate toy 346/500
Set Range of Parameter r To : (0,100)
Generate toy 347/500
Set Range of Parameter r To : (0,100)
Generate toy 348/500
Set Range of Parameter r To : (0,100)
Generate toy 349/500
Set Range of Parameter r To : (0,100)
Generate toy 350/500
Set Range of Parameter r To : (0,100)
Generate toy 351/500
Set Range of Parameter r To : (0,100)
Generate toy 352/500
Set Range of Parameter r To : (0,100)
Generate toy 353/500
Set Range of Parameter r To : (0,100)
Generate toy 354/500
Set Range of Parameter r To : (0,100)
Generate toy 355/500
Set Range of Parameter r To : (0,100)
Generate toy 356/500
Set Range of Parameter r To : (0,100)
Generate toy 357/500
Set Range of Parameter r To : (0,100)
Generate toy 358/500
Set Range of Parameter r To : (0,100)
Generate toy 359/500
Set Range of Parameter r To : (0,100)
Generate toy 360/500
Set Range of Parameter r To : (0,100)
Generate toy 361/500
Set Range of Parameter r To : (0,100)
Generate toy 362/500
Set Range of Parameter r To : (0,100)
Generate toy 363/500
Set Range of Parameter r To : (0,100)
Generate toy 364/500
Set Range of Parameter r To : (0,100)
Generate toy 365/500
Set Range of Parameter r To : (0,100)
Generate toy 366/500
Set Range of Parameter r To : (0,100)
Generate toy 367/500
Set Range of Parameter r To : (0,100)
Generate toy 368/500
Set Range of Parameter r To : (0,100)
Generate toy 369/500
Set Range of Parameter r To : (0,100)
Generate toy 370/500
Set Range of Parameter r To : (0,100)
Generate toy 371/500
Set Range of Parameter r To : (0,100)
Generate toy 372/500
Set Range of Parameter r To : (0,100)
Generate toy 373/500
Set Range of Parameter r To : (0,100)
Generate toy 374/500
Set Range of Parameter r To : (0,100)
Generate toy 375/500
Set Range of Parameter r To : (0,100)
Generate toy 376/500
Set Range of Parameter r To : (0,100)
Generate toy 377/500
Set Range of Parameter r To : (0,100)
Generate toy 378/500
Set Range of Parameter r To : (0,100)
Generate toy 379/500
Set Range of Parameter r To : (0,100)
Generate toy 380/500
Set Range of Parameter r To : (0,100)
Generate toy 381/500
Set Range of Parameter r To : (0,100)
Generate toy 382/500
Set Range of Parameter r To : (0,100)
Generate toy 383/500
Set Range of Parameter r To : (0,100)
Generate toy 384/500
Set Range of Parameter r To : (0,100)
Generate toy 385/500
Set Range of Parameter r To : (0,100)
Generate toy 386/500
Set Range of Parameter r To : (0,100)
Generate toy 387/500
Set Range of Parameter r To : (0,100)
Generate toy 388/500
Set Range of Parameter r To : (0,100)
Generate toy 389/500
Set Range of Parameter r To : (0,100)
Generate toy 390/500
Set Range of Parameter r To : (0,100)
Generate toy 391/500
Set Range of Parameter r To : (0,100)
Generate toy 392/500
Set Range of Parameter r To : (0,100)
Generate toy 393/500
Set Range of Parameter r To : (0,100)
Generate toy 394/500
Set Range of Parameter r To : (0,100)
Generate toy 395/500
Set Range of Parameter r To : (0,100)
Generate toy 396/500
Set Range of Parameter r To : (0,100)
Generate toy 397/500
Set Range of Parameter r To : (0,100)
Generate toy 398/500
Set Range of Parameter r To : (0,100)
Generate toy 399/500
Set Range of Parameter r To : (0,100)
Generate toy 400/500
Set Range of Parameter r To : (0,100)
Generate toy 401/500
Set Range of Parameter r To : (0,100)
Generate toy 402/500
Set Range of Parameter r To : (0,100)
Generate toy 403/500
Set Range of Parameter r To : (0,100)
Generate toy 404/500
Set Range of Parameter r To : (0,100)
Generate toy 405/500
Set Range of Parameter r To : (0,100)
Generate toy 406/500
Set Range of Parameter r To : (0,100)
Generate toy 407/500
Set Range of Parameter r To : (0,100)
Generate toy 408/500
Set Range of Parameter r To : (0,100)
Generate toy 409/500
Set Range of Parameter r To : (0,100)
Generate toy 410/500
Set Range of Parameter r To : (0,100)
Generate toy 411/500
Set Range of Parameter r To : (0,100)
Generate toy 412/500
Set Range of Parameter r To : (0,100)
Generate toy 413/500
Set Range of Parameter r To : (0,100)
Generate toy 414/500
Set Range of Parameter r To : (0,100)
Generate toy 415/500
Set Range of Parameter r To : (0,100)
Generate toy 416/500
Set Range of Parameter r To : (0,100)
Generate toy 417/500
Set Range of Parameter r To : (0,100)
Generate toy 418/500
Set Range of Parameter r To : (0,100)
Generate toy 419/500
Set Range of Parameter r To : (0,100)
Generate toy 420/500
Set Range of Parameter r To : (0,100)
Generate toy 421/500
Set Range of Parameter r To : (0,100)
Generate toy 422/500
Set Range of Parameter r To : (0,100)
Generate toy 423/500
Set Range of Parameter r To : (0,100)
Generate toy 424/500
Set Range of Parameter r To : (0,100)
Generate toy 425/500
Set Range of Parameter r To : (0,100)
Generate toy 426/500
Set Range of Parameter r To : (0,100)
Generate toy 427/500
Set Range of Parameter r To : (0,100)
Generate toy 428/500
Set Range of Parameter r To : (0,100)
Generate toy 429/500
Set Range of Parameter r To : (0,100)
Generate toy 430/500
Set Range of Parameter r To : (0,100)
Generate toy 431/500
Set Range of Parameter r To : (0,100)
Generate toy 432/500
Set Range of Parameter r To : (0,100)
Generate toy 433/500
Set Range of Parameter r To : (0,100)
Generate toy 434/500
Set Range of Parameter r To : (0,100)
Generate toy 435/500
Set Range of Parameter r To : (0,100)
Generate toy 436/500
Set Range of Parameter r To : (0,100)
Generate toy 437/500
Set Range of Parameter r To : (0,100)
Generate toy 438/500
Set Range of Parameter r To : (0,100)
Generate toy 439/500
Set Range of Parameter r To : (0,100)
Generate toy 440/500
Set Range of Parameter r To : (0,100)
Generate toy 441/500
Set Range of Parameter r To : (0,100)
Generate toy 442/500
Set Range of Parameter r To : (0,100)
Generate toy 443/500
Set Range of Parameter r To : (0,100)
Generate toy 444/500
Set Range of Parameter r To : (0,100)
Generate toy 445/500
Set Range of Parameter r To : (0,100)
Generate toy 446/500
Set Range of Parameter r To : (0,100)
Generate toy 447/500
Set Range of Parameter r To : (0,100)
Generate toy 448/500
Set Range of Parameter r To : (0,100)
Generate toy 449/500
Set Range of Parameter r To : (0,100)
Generate toy 450/500
Set Range of Parameter r To : (0,100)
Generate toy 451/500
Set Range of Parameter r To : (0,100)
Generate toy 452/500
Set Range of Parameter r To : (0,100)
Generate toy 453/500
Set Range of Parameter r To : (0,100)
Generate toy 454/500
Set Range of Parameter r To : (0,100)
Generate toy 455/500
Set Range of Parameter r To : (0,100)
Generate toy 456/500
Set Range of Parameter r To : (0,100)
Generate toy 457/500
Set Range of Parameter r To : (0,100)
Generate toy 458/500
Set Range of Parameter r To : (0,100)
Generate toy 459/500
Set Range of Parameter r To : (0,100)
Generate toy 460/500
Set Range of Parameter r To : (0,100)
Generate toy 461/500
Set Range of Parameter r To : (0,100)
Generate toy 462/500
Set Range of Parameter r To : (0,100)
Generate toy 463/500
Set Range of Parameter r To : (0,100)
Generate toy 464/500
Set Range of Parameter r To : (0,100)
Generate toy 465/500
Set Range of Parameter r To : (0,100)
Generate toy 466/500
Set Range of Parameter r To : (0,100)
Generate toy 467/500
Set Range of Parameter r To : (0,100)
Generate toy 468/500
Set Range of Parameter r To : (0,100)
Generate toy 469/500
Set Range of Parameter r To : (0,100)
Generate toy 470/500
Set Range of Parameter r To : (0,100)
Generate toy 471/500
Set Range of Parameter r To : (0,100)
Generate toy 472/500
Set Range of Parameter r To : (0,100)
Generate toy 473/500
Set Range of Parameter r To : (0,100)
Generate toy 474/500
Set Range of Parameter r To : (0,100)
Generate toy 475/500
Set Range of Parameter r To : (0,100)
Generate toy 476/500
Set Range of Parameter r To : (0,100)
Generate toy 477/500
Set Range of Parameter r To : (0,100)
Generate toy 478/500
Set Range of Parameter r To : (0,100)
Generate toy 479/500
Set Range of Parameter r To : (0,100)
Generate toy 480/500
Set Range of Parameter r To : (0,100)
Generate toy 481/500
Set Range of Parameter r To : (0,100)
Generate toy 482/500
Set Range of Parameter r To : (0,100)
Generate toy 483/500
Set Range of Parameter r To : (0,100)
Generate toy 484/500
Set Range of Parameter r To : (0,100)
Generate toy 485/500
Set Range of Parameter r To : (0,100)
Generate toy 486/500
Set Range of Parameter r To : (0,100)
Generate toy 487/500
Set Range of Parameter r To : (0,100)
Generate toy 488/500
Set Range of Parameter r To : (0,100)
Generate toy 489/500
Set Range of Parameter r To : (0,100)
Generate toy 490/500
Set Range of Parameter r To : (0,100)
Generate toy 491/500
Set Range of Parameter r To : (0,100)
Generate toy 492/500
Set Range of Parameter r To : (0,100)
Generate toy 493/500
Set Range of Parameter r To : (0,100)
Generate toy 494/500
Set Range of Parameter r To : (0,100)
Generate toy 495/500
Set Range of Parameter r To : (0,100)
Generate toy 496/500
Set Range of Parameter r To : (0,100)
Generate toy 497/500
Set Range of Parameter r To : (0,100)
Generate toy 498/500
Set Range of Parameter r To : (0,100)
Generate toy 499/500
Set Range of Parameter r To : (0,100)
Generate toy 500/500
mean   expected limit: r < 2.97217e-316 +/- 0 @ 95%CL (500 toyMC)
median expected limit: r < 2.97217e-316 @ 95%CL (500 toyMC)
   68% expected band : 2.97217e-316 < r < 2.97217e-316
   95% expected band : 2.97217e-316 < r < 2.97217e-316
[RUN] (cd /data6/Users/joonblee/higgs_combine/CMSSW_14_1_0_pre4/src/NIsoMuon/review_outputs/Run2Run3/M70/bias && combine -M MultiDimFit /data6/Users/joonblee/higgs_combine/CMSSW_14_1_0_pre4/src/NIsoMuon/review_outputs/Run2Run3/M70/workspace_Run2Run3_M70.root -m 70 -t 500 --toysFile /data6/Users/joonblee/higgs_combine/CMSSW_14_1_0_pre4/src/NIsoMuon/review_outputs/Run2Run3/M70/bias/higgsCombine.ReviewBiasGen_Run2Run3_M70_r0.GenerateOnly.mH70.12345.root --algo singles --setParameters r=0 --rMin -2 --rMax 100 --setParameterRanges r=-2,100 -n .ReviewBiasFit_Run2Run3_M70_r0)
 <<< Combine >>> 
 <<< v11.0.0 >>>
>>> Random number generator seed is 123456
>>> Method used is MultiDimFit
Set Range of Parameter r To : (-2,100)
Set Default Value of Parameter r To : 0
Set Range of Parameter r To : (-2,100)
Doing initial fit: 

 --- MultiDimFit ---
best fit parameter values and profile-likelihood uncertainties: 
   r :    +0.685   -0.522/+0.519 (68%)
Set Range of Parameter r To : (-2,100)
Doing initial fit: 

 --- MultiDimFit ---
best fit parameter values and profile-likelihood uncertainties: 
   r :    +0.894   -0.544/+0.599 (68%)
Set Range of Parameter r To : (-2,100)
Doing initial fit: 

 --- MultiDimFit ---
best fit parameter values and profile-likelihood uncertainties: 
   r :    -0.114   -0.498/+0.519 (68%)
Set Range of Parameter r To : (-2,100)
Doing initial fit: 

 --- MultiDimFit ---
best fit parameter values and profile-likelihood uncertainties: 
   r :    +0.371   -0.482/+0.485 (68%)
Set Range of Parameter r To : (-2,100)
Doing initial fit: 

 --- MultiDimFit ---
best fit parameter values and profile-likelihood uncertainties: 
   r :    -0.011   -0.479/+0.471 (68%)
Set Range of Parameter r To : (-2,100)
Doing initial fit: 

 --- MultiDimFit ---
best fit parameter values and profile-likelihood uncertainties: 
   r :    +0.076   -0.510/+0.537 (68%)
Set Range of Parameter r To : (-2,100)
Doing initial fit: 

 --- MultiDimFit ---
best fit parameter values and profile-likelihood uncertainties: 
   r :    +0.063   -0.475/+0.473 (68%)
Set Range of Parameter r To : (-2,100)
Doing initial fit: 

 --- MultiDimFit ---
best fit parameter values and profile-likelihood uncertainties: 
   r :    -0.921   -0.442/+0.419 (68%)
Set Range of Parameter r To : (-2,100)
Doing initial fit: 

 --- MultiDimFit ---
best fit parameter values and profile-likelihood uncertainties: 
   r :    -0.847   -0.457/+0.544 (68%)
Set Range of Parameter r To : (-2,100)
Doing initial fit: 

 --- MultiDimFit ---
best fit parameter values and profile-likelihood uncertainties: 
   r :    +0.337   -0.507/+0.499 (68%)
Set Range of Parameter r To : (-2,100)
Doing initial fit: 

 --- MultiDimFit ---
best fit parameter values and profile-likelihood uncertainties: 
   r :    -0.119   -0.446/+0.449 (68%)
Set Range of Parameter r To : (-2,100)
Doing initial fit: 

 --- MultiDimFit ---
best fit parameter values and profile-likelihood uncertainties: 
   r :    +0.036   -0.454/+0.465 (68%)
Set Range of Parameter r To : (-2,100)
Doing initial fit: 

 --- MultiDimFit ---
best fit parameter values and profile-likelihood uncertainties: 
   r :    +0.306   -0.483/+0.482 (68%)
Set Range of Parameter r To : (-2,100)
Doing initial fit: 

 --- MultiDimFit ---
best fit parameter values and profile-likelihood uncertainties: 
   r :    -0.723   -0.502/+0.501 (68%)
Set Range of Parameter r To : (-2,100)
Doing initial fit: 

 --- MultiDimFit ---
best fit parameter values and profile-likelihood uncertainties: 
   r :    +1.063   -0.525/+0.523 (68%)
Set Range of Parameter r To : (-2,100)
Doing initial fit: 

 --- MultiDimFit ---
best fit parameter values and profile-likelihood uncertainties: 
   r :    +1.044   -0.564/+0.559 (68%)
Set Range of Parameter r To : (-2,100)
Doing initial fit: 

 --- MultiDimFit ---
best fit parameter values and profile-likelihood uncertainties: 
   r :    -0.186   -0.425/+0.441 (68%)
Set Range of Parameter r To : (-2,100)
Doing initial fit: 

 --- MultiDimFit ---
best fit parameter values and profile-likelihood uncertainties: 
   r :    -0.385   -0.484/+0.459 (68%)
Set Range of Parameter r To : (-2,100)
Doing initial fit: 

 --- MultiDimFit ---
best fit parameter values and profile-likelihood uncertainties: 
   r :    +1.238   -0.536/+0.535 (68%)
Set Range of Parameter r To : (-2,100)
Doing initial fit: 

 --- MultiDimFit ---
best fit parameter values and profile-likelihood uncertainties: 
   r :    -0.294   -0.772/+0.357 (68%)
Set Range of Parameter r To : (-2,100)
Doing initial fit: 

 --- MultiDimFit ---
best fit parameter values and profile-likelihood uncertainties: 
   r :    +0.154   -0.504/+0.600 (68%)
Set Range of Parameter r To : (-2,100)
Doing initial fit: 

 --- MultiDimFit ---
best fit parameter values and profile-likelihood uncertainties: 
   r :    -0.184   -0.483/+0.467 (68%)
Set Range of Parameter r To : (-2,100)
Doing initial fit: 

 --- MultiDimFit ---
best fit parameter values and profile-likelihood uncertainties: 
   r :    -0.817   -0.432/+0.424 (68%)
Set Range of Parameter r To : (-2,100)
Doing initial fit: 

 --- MultiDimFit ---
best fit parameter values and profile-likelihood uncertainties: 
   r :    +0.553   -0.520/+0.510 (68%)
Set Range of Parameter r To : (-2,100)
Doing initial fit: 

 --- MultiDimFit ---
best fit parameter values and profile-likelihood uncertainties: 
   r :    -0.677   -0.469/+0.482 (68%)
Set Range of Parameter r To : (-2,100)
Doing initial fit: 

 --- MultiDimFit ---
best fit parameter values and profile-likelihood uncertainties: 
   r :    -0.302   -0.485/+0.473 (68%)
Set Range of Parameter r To : (-2,100)
Doing initial fit: 

 --- MultiDimFit ---
best fit parameter values and profile-likelihood uncertainties: 
   r :    -0.703   -0.437/+0.424 (68%)
Set Range of Parameter r To : (-2,100)
Doing initial fit: 

 --- MultiDimFit ---
best fit parameter values and profile-likelihood uncertainties: 
   r :    -0.151   -0.493/+0.498 (68%)
Set Range of Parameter r To : (-2,100)
Doing initial fit: 

 --- MultiDimFit ---
best fit parameter values and profile-likelihood uncertainties: 
   r :    +0.400   -0.519/+0.620 (68%)
Set Range of Parameter r To : (-2,100)
Doing initial fit: 

 --- MultiDimFit ---
best fit parameter values and profile-likelihood uncertainties: 
   r :    +0.215   -0.515/+0.528 (68%)
Set Range of Parameter r To : (-2,100)
Doing initial fit: 

 --- MultiDimFit ---
best fit parameter values and profile-likelihood uncertainties: 
   r :    +0.518   -0.528/+0.524 (68%)
Set Range of Parameter r To : (-2,100)
Doing initial fit: 

 --- MultiDimFit ---
best fit parameter values and profile-likelihood uncertainties: 
   r :    +0.403   -0.515/+0.518 (68%)
Set Range of Parameter r To : (-2,100)
Doing initial fit: 

 --- MultiDimFit ---
best fit parameter values and profile-likelihood uncertainties: 
   r :    -0.449   -0.479/+0.518 (68%)
Set Range of Parameter r To : (-2,100)
Doing initial fit: 

 --- MultiDimFit ---
best fit parameter values and profile-likelihood uncertainties: 
   r :    -0.610   -0.478/+0.513 (68%)
Set Range of Parameter r To : (-2,100)
Doing initial fit: 

 --- MultiDimFit ---
best fit parameter values and profile-likelihood uncertainties: 
   r :    +0.037   -0.515/+0.656 (68%)
Set Range of Parameter r To : (-2,100)
Doing initial fit: 

 --- MultiDimFit ---
best fit parameter values and profile-likelihood uncertainties: 
   r :    +0.026   -0.443/+0.446 (68%)
Set Range of Parameter r To : (-2,100)
Doing initial fit: 

 --- MultiDimFit ---
best fit parameter values and profile-likelihood uncertainties: 
   r :    +0.112   -0.448/+0.463 (68%)
Set Range of Parameter r To : (-2,100)
Doing initial fit: 

 --- MultiDimFit ---
best fit parameter values and profile-likelihood uncertainties: 
   r :    -0.049   -0.450/+0.455 (68%)
Set Range of Parameter r To : (-2,100)
Doing initial fit: 

 --- MultiDimFit ---
best fit parameter values and profile-likelihood uncertainties: 
   r :    +0.543   -0.519/+0.514 (68%)
Set Range of Parameter r To : (-2,100)
Doing initial fit: 

 --- MultiDimFit ---
best fit parameter values and profile-likelihood uncertainties: 
   r :    -0.257   -0.457/+0.455 (68%)
Set Range of Parameter r To : (-2,100)
Doing initial fit: 

 --- MultiDimFit ---
best fit parameter values and profile-likelihood uncertainties: 
   r :    -0.224   -0.500/+0.519 (68%)
Set Range of Parameter r To : (-2,100)
Doing initial fit: 

 --- MultiDimFit ---
best fit parameter values and profile-likelihood uncertainties: 
   r :    -0.232   -0.458/+0.453 (68%)
Set Range of Parameter r To : (-2,100)
Doing initial fit: 

 --- MultiDimFit ---
best fit parameter values and profile-likelihood uncertainties: 
   r :    +0.528   -0.522/+0.574 (68%)
Set Range of Parameter r To : (-2,100)
Doing initial fit: 

 --- MultiDimFit ---
best fit parameter values and profile-likelihood uncertainties: 
   r :    +0.210   -0.514/+0.601 (68%)
Set Range of Parameter r To : (-2,100)
Doing initial fit: 

 --- MultiDimFit ---
best fit parameter values and profile-likelihood uncertainties: 
   r :    -0.555   -0.417/+0.424 (68%)
Set Range of Parameter r To : (-2,100)
Doing initial fit: 

 --- MultiDimFit ---
best fit parameter values and profile-likelihood uncertainties: 
   r :    -0.579   -0.438/+0.439 (68%)
Set Range of Parameter r To : (-2,100)
Doing initial fit: 

 --- MultiDimFit ---
best fit parameter values and profile-likelihood uncertainties: 
   r :    -0.193   -0.488/+0.487 (68%)
Set Range of Parameter r To : (-2,100)
Doing initial fit: 

 --- MultiDimFit ---
best fit parameter values and profile-likelihood uncertainties: 
   r :    -0.644   -0.411/+0.422 (68%)
Set Range of Parameter r To : (-2,100)
Doing initial fit: 

 --- MultiDimFit ---
best fit parameter values and profile-likelihood uncertainties: 
   r :    +1.226   -0.564/+0.643 (68%)
Set Range of Parameter r To : (-2,100)
Doing initial fit: 

 --- MultiDimFit ---
best fit parameter values and profile-likelihood uncertainties: 
   r :    +0.795   -0.536/+0.539 (68%)
Set Range of Parameter r To : (-2,100)
Doing initial fit: 

 --- MultiDimFit ---
best fit parameter values and profile-likelihood uncertainties: 
   r :    -0.138   -0.478/+0.465 (68%)
Set Range of Parameter r To : (-2,100)
Doing initial fit: 

 --- MultiDimFit ---
best fit parameter values and profile-likelihood uncertainties: 
   r :    -0.254   -0.493/+0.470 (68%)
Set Range of Parameter r To : (-2,100)
Doing initial fit: 

 --- MultiDimFit ---
best fit parameter values and profile-likelihood uncertainties: 
   r :    -0.411   -0.472/+0.457 (68%)
Set Range of Parameter r To : (-2,100)
Doing initial fit: 

 --- MultiDimFit ---
best fit parameter values and profile-likelihood uncertainties: 
   r :    -0.616   -0.408/+0.415 (68%)
Set Range of Parameter r To : (-2,100)
Doing initial fit: 

 --- MultiDimFit ---
best fit parameter values and profile-likelihood uncertainties: 
   r :    -0.737   -0.473/+0.545 (68%)
Set Range of Parameter r To : (-2,100)
Doing initial fit: 

 --- MultiDimFit ---
best fit parameter values and profile-likelihood uncertainties: 
   r :    -0.218   -0.439/+0.445 (68%)
Set Range of Parameter r To : (-2,100)
Doing initial fit: 

 --- MultiDimFit ---
best fit parameter values and profile-likelihood uncertainties: 
   r :    +0.223   -0.536/+0.504 (68%)
Set Range of Parameter r To : (-2,100)
Doing initial fit: 

 --- MultiDimFit ---
best fit parameter values and profile-likelihood uncertainties: 
   r :    -0.031   -0.514/+0.554 (68%)
Set Range of Parameter r To : (-2,100)
Doing initial fit: 

 --- MultiDimFit ---
best fit parameter values and profile-likelihood uncertainties: 
   r :    -0.128   -0.459/+0.458 (68%)
Set Range of Parameter r To : (-2,100)
Doing initial fit: 

 --- MultiDimFit ---
best fit parameter values and profile-likelihood uncertainties: 
   r :    +0.472   -0.518/+0.634 (68%)
Set Range of Parameter r To : (-2,100)
Doing initial fit: 

 --- MultiDimFit ---
best fit parameter values and profile-likelihood uncertainties: 
   r :    -0.071   -0.471/+0.456 (68%)
Set Range of Parameter r To : (-2,100)
Doing initial fit: 

 --- MultiDimFit ---
best fit parameter values and profile-likelihood uncertainties: 
   r :    -0.219   -0.489/+0.516 (68%)
Set Range of Parameter r To : (-2,100)
Doing initial fit: 

 --- MultiDimFit ---
best fit parameter values and profile-likelihood uncertainties: 
   r :    +0.673   -0.528/+0.654 (68%)
Set Range of Parameter r To : (-2,100)
Doing initial fit: 

 --- MultiDimFit ---
best fit parameter values and profile-likelihood uncertainties: 
   r :    -0.203   -0.457/+0.453 (68%)
Set Range of Parameter r To : (-2,100)
Doing initial fit: 

 --- MultiDimFit ---
best fit parameter values and profile-likelihood uncertainties: 
   r :    -0.005   -0.503/+0.588 (68%)
Set Range of Parameter r To : (-2,100)
Doing initial fit: 

 --- MultiDimFit ---
best fit parameter values and profile-likelihood uncertainties: 
   r :    +0.650   -0.546/+0.625 (68%)
Set Range of Parameter r To : (-2,100)
Doing initial fit: 

 --- MultiDimFit ---
best fit parameter values and profile-likelihood uncertainties: 
   r :    -0.583   -0.474/+0.457 (68%)
Set Range of Parameter r To : (-2,100)
Doing initial fit: 

 --- MultiDimFit ---
best fit parameter values and profile-likelihood uncertainties: 
   r :    +0.470   -0.540/+0.542 (68%)
Set Range of Parameter r To : (-2,100)
Doing initial fit: 

 --- MultiDimFit ---
best fit parameter values and profile-likelihood uncertainties: 
   r :    +0.806   -0.518/+0.510 (68%)
Set Range of Parameter r To : (-2,100)
Doing initial fit: 

 --- MultiDimFit ---
best fit parameter values and profile-likelihood uncertainties: 
   r :    -0.308   -0.434/+0.442 (68%)
Set Range of Parameter r To : (-2,100)
Doing initial fit: 

 --- MultiDimFit ---
best fit parameter values and profile-likelihood uncertainties: 
   r :    +0.082   -0.494/+0.489 (68%)
Set Range of Parameter r To : (-2,100)
Doing initial fit: 

 --- MultiDimFit ---
best fit parameter values and profile-likelihood uncertainties: 
   r :    +0.562   -0.464/+0.481 (68%)
Set Range of Parameter r To : (-2,100)
Doing initial fit: 

 --- MultiDimFit ---
best fit parameter values and profile-likelihood uncertainties: 
   r :    +0.003   -0.444/+0.452 (68%)
Set Range of Parameter r To : (-2,100)
Doing initial fit: 

 --- MultiDimFit ---
best fit parameter values and profile-likelihood uncertainties: 
   r :    +0.111   -0.500/+0.644 (68%)
Set Range of Parameter r To : (-2,100)
Doing initial fit: 

 --- MultiDimFit ---
best fit parameter values and profile-likelihood uncertainties: 
   r :    -0.873   -0.454/+0.510 (68%)
Set Range of Parameter r To : (-2,100)
Doing initial fit: 

 --- MultiDimFit ---
best fit parameter values and profile-likelihood uncertainties: 
   r :    -0.070   -0.495/+0.508 (68%)
Set Range of Parameter r To : (-2,100)
Doing initial fit: 

 --- MultiDimFit ---
best fit parameter values and profile-likelihood uncertainties: 
   r :    +0.069   -0.488/+0.492 (68%)
Set Range of Parameter r To : (-2,100)
Doing initial fit: 

 --- MultiDimFit ---
best fit parameter values and profile-likelihood uncertainties: 
   r :    +0.070   -0.501/+0.487 (68%)
Set Range of Parameter r To : (-2,100)
Doing initial fit: 

 --- MultiDimFit ---
best fit parameter values and profile-likelihood uncertainties: 
   r :    -0.113   -0.704/+0.485 (68%)
Set Range of Parameter r To : (-2,100)
Doing initial fit: 

 --- MultiDimFit ---
best fit parameter values and profile-likelihood uncertainties: 
   r :    +0.477   -0.499/+0.492 (68%)
Set Range of Parameter r To : (-2,100)
Doing initial fit: 

 --- MultiDimFit ---
best fit parameter values and profile-likelihood uncertainties: 
   r :    +0.481   -0.473/+0.485 (68%)
Set Range of Parameter r To : (-2,100)
Doing initial fit: 

 --- MultiDimFit ---
best fit parameter values and profile-likelihood uncertainties: 
   r :    -0.140   -0.638/+0.480 (68%)
Set Range of Parameter r To : (-2,100)
Doing initial fit: 

 --- MultiDimFit ---
best fit parameter values and profile-likelihood uncertainties: 
   r :    +0.957   -0.488/+0.501 (68%)
Set Range of Parameter r To : (-2,100)
Doing initial fit: 

 --- MultiDimFit ---
best fit parameter values and profile-likelihood uncertainties: 
   r :    -0.127   -0.489/+0.484 (68%)
Set Range of Parameter r To : (-2,100)
Doing initial fit: 

 --- MultiDimFit ---
best fit parameter values and profile-likelihood uncertainties: 
   r :    +0.091   -0.523/+0.502 (68%)
Set Range of Parameter r To : (-2,100)
Doing initial fit: 

 --- MultiDimFit ---
best fit parameter values and profile-likelihood uncertainties: 
   r :    +0.431   -0.521/+0.512 (68%)
Set Range of Parameter r To : (-2,100)
Doing initial fit: 

 --- MultiDimFit ---
best fit parameter values and profile-likelihood uncertainties: 
   r :    -0.405   -0.460/+0.451 (68%)
Set Range of Parameter r To : (-2,100)
Doing initial fit: 

 --- MultiDimFit ---
best fit parameter values and profile-likelihood uncertainties: 
   r :    -0.154   -0.504/+0.503 (68%)
Set Range of Parameter r To : (-2,100)
Doing initial fit: 

 --- MultiDimFit ---
best fit parameter values and profile-likelihood uncertainties: 
   r :    +0.047   -0.482/+0.477 (68%)
Set Range of Parameter r To : (-2,100)
Doing initial fit: 

 --- MultiDimFit ---
best fit parameter values and profile-likelihood uncertainties: 
   r :    -0.915   -0.460/+0.442 (68%)
Set Range of Parameter r To : (-2,100)
Doing initial fit: 

 --- MultiDimFit ---
best fit parameter values and profile-likelihood uncertainties: 
   r :    +0.725   -0.483/+0.495 (68%)
Set Range of Parameter r To : (-2,100)
Doing initial fit: 

 --- MultiDimFit ---
best fit parameter values and profile-likelihood uncertainties: 
   r :    -0.225   -0.501/+0.572 (68%)
Set Range of Parameter r To : (-2,100)
Doing initial fit: 

 --- MultiDimFit ---
best fit parameter values and profile-likelihood uncertainties: 
   r :    -0.636   -0.472/+0.538 (68%)
Set Range of Parameter r To : (-2,100)
Doing initial fit: 

 --- MultiDimFit ---
best fit parameter values and profile-likelihood uncertainties: 
   r :    +0.305   -0.518/+0.542 (68%)
Set Range of Parameter r To : (-2,100)
Doing initial fit: 

 --- MultiDimFit ---
best fit parameter values and profile-likelihood uncertainties: 
   r :    -0.641   -0.457/+0.442 (68%)
Set Range of Parameter r To : (-2,100)
Doing initial fit: 

 --- MultiDimFit ---
best fit parameter values and profile-likelihood uncertainties: 
   r :    +0.645   -0.493/+0.499 (68%)
Set Range of Parameter r To : (-2,100)
Doing initial fit: 

 --- MultiDimFit ---
best fit parameter values and profile-likelihood uncertainties: 
   r :    -0.502   -0.473/+0.462 (68%)
Set Range of Parameter r To : (-2,100)
Doing initial fit: 

 --- MultiDimFit ---
best fit parameter values and profile-likelihood uncertainties: 
   r :    -0.081   -0.445/+0.452 (68%)
Set Range of Parameter r To : (-2,100)
Doing initial fit: 

 --- MultiDimFit ---
best fit parameter values and profile-likelihood uncertainties: 
   r :    +0.193   -0.526/+0.559 (68%)
Set Range of Parameter r To : (-2,100)
Doing initial fit: 

 --- MultiDimFit ---
best fit parameter values and profile-likelihood uncertainties: 
   r :    -0.194   -0.707/+0.461 (68%)
Set Range of Parameter r To : (-2,100)
Doing initial fit: 

 --- MultiDimFit ---
best fit parameter values and profile-likelihood uncertainties: 
   r :    -0.134   -0.487/+0.572 (68%)
Set Range of Parameter r To : (-2,100)
Doing initial fit: 

 --- MultiDimFit ---
best fit parameter values and profile-likelihood uncertainties: 
   r :    +0.223   -0.516/+0.530 (68%)
Set Range of Parameter r To : (-2,100)
Doing initial fit: 

 --- MultiDimFit ---
best fit parameter values and profile-likelihood uncertainties: 
   r :    +0.967   -0.563/+0.554 (68%)
Set Range of Parameter r To : (-2,100)
Doing initial fit: 

 --- MultiDimFit ---
best fit parameter values and profile-likelihood uncertainties: 
   r :    -0.373   -0.414/+0.426 (68%)
Set Range of Parameter r To : (-2,100)
Doing initial fit: 

 --- MultiDimFit ---
best fit parameter values and profile-likelihood uncertainties: 
   r :    +0.041   -0.510/+0.493 (68%)
Set Range of Parameter r To : (-2,100)
Doing initial fit: 

 --- MultiDimFit ---
best fit parameter values and profile-likelihood uncertainties: 
   r :    +0.475   -0.514/+0.504 (68%)
Set Range of Parameter r To : (-2,100)
Doing initial fit: 

 --- MultiDimFit ---
best fit parameter values and profile-likelihood uncertainties: 
   r :    +0.956   -0.601/+0.547 (68%)
Set Range of Parameter r To : (-2,100)
Doing initial fit: 

 --- MultiDimFit ---
best fit parameter values and profile-likelihood uncertainties: 
   r :    +0.459   -0.493/+0.490 (68%)
Set Range of Parameter r To : (-2,100)
Doing initial fit: 

 --- MultiDimFit ---
best fit parameter values and profile-likelihood uncertainties: 
   r :    +0.378   -0.478/+0.481 (68%)
Set Range of Parameter r To : (-2,100)
Doing initial fit: 

 --- MultiDimFit ---
best fit parameter values and profile-likelihood uncertainties: 
   r :    -0.726   -0.475/+0.489 (68%)
Set Range of Parameter r To : (-2,100)
Doing initial fit: 

 --- MultiDimFit ---
best fit parameter values and profile-likelihood uncertainties: 
   r :    -0.082   -0.506/+0.538 (68%)
Set Range of Parameter r To : (-2,100)
Doing initial fit: 

 --- MultiDimFit ---
best fit parameter values and profile-likelihood uncertainties: 
   r :    -0.961   -0.462/+0.479 (68%)
Set Range of Parameter r To : (-2,100)
Doing initial fit: 

 --- MultiDimFit ---
best fit parameter values and profile-likelihood uncertainties: 
   r :    -0.225   -0.522/+0.544 (68%)
Set Range of Parameter r To : (-2,100)
Doing initial fit: 

 --- MultiDimFit ---
best fit parameter values and profile-likelihood uncertainties: 
   r :    +0.111   -0.501/+0.601 (68%)
Set Range of Parameter r To : (-2,100)
Doing initial fit: 

 --- MultiDimFit ---
best fit parameter values and profile-likelihood uncertainties: 
   r :    +0.038   -0.518/+0.492 (68%)
Set Range of Parameter r To : (-2,100)
Doing initial fit: 

 --- MultiDimFit ---
best fit parameter values and profile-likelihood uncertainties: 
   r :    +0.179   -0.508/+0.482 (68%)
Set Range of Parameter r To : (-2,100)
Doing initial fit: 

 --- MultiDimFit ---
best fit parameter values and profile-likelihood uncertainties: 
   r :    -0.120   -0.500/+0.506 (68%)
Set Range of Parameter r To : (-2,100)
Doing initial fit: 

 --- MultiDimFit ---
best fit parameter values and profile-likelihood uncertainties: 
   r :    -0.920   -0.780/+0.398 (68%)
Set Range of Parameter r To : (-2,100)
Doing initial fit: 

 --- MultiDimFit ---
best fit parameter values and profile-likelihood uncertainties: 
   r :    -0.481   -0.483/+0.567 (68%)
Set Range of Parameter r To : (-2,100)
Doing initial fit: 

 --- MultiDimFit ---
best fit parameter values and profile-likelihood uncertainties: 
   r :    -0.266   -0.488/+0.559 (68%)
Set Range of Parameter r To : (-2,100)
Doing initial fit: 

 --- MultiDimFit ---
best fit parameter values and profile-likelihood uncertainties: 
   r :    +0.446   -0.497/+0.492 (68%)
Set Range of Parameter r To : (-2,100)
Doing initial fit: 

 --- MultiDimFit ---
best fit parameter values and profile-likelihood uncertainties: 
   r :    +0.832   -0.554/+0.648 (68%)
Set Range of Parameter r To : (-2,100)
Doing initial fit: 

 --- MultiDimFit ---
best fit parameter values and profile-likelihood uncertainties: 
   r :    -0.016   -0.470/+0.461 (68%)
Set Range of Parameter r To : (-2,100)
Doing initial fit: 

 --- MultiDimFit ---
best fit parameter values and profile-likelihood uncertainties: 
   r :    -0.085   -0.499/+0.494 (68%)
Set Range of Parameter r To : (-2,100)
Doing initial fit: 

 --- MultiDimFit ---
best fit parameter values and profile-likelihood uncertainties: 
   r :    -0.054   -0.511/+0.473 (68%)
Set Range of Parameter r To : (-2,100)
Doing initial fit: 

 --- MultiDimFit ---
best fit parameter values and profile-likelihood uncertainties: 
   r :    -0.357   -0.487/+0.482 (68%)
Set Range of Parameter r To : (-2,100)
Doing initial fit: 

 --- MultiDimFit ---
best fit parameter values and profile-likelihood uncertainties: 
   r :    -0.301   -0.602/+0.487 (68%)
Set Range of Parameter r To : (-2,100)
Doing initial fit: 

 --- MultiDimFit ---
best fit parameter values and profile-likelihood uncertainties: 
   r :    +1.403   -0.580/+0.577 (68%)
Set Range of Parameter r To : (-2,100)
Doing initial fit: 

 --- MultiDimFit ---
best fit parameter values and profile-likelihood uncertainties: 
   r :    +1.001   -0.543/+0.638 (68%)
Set Range of Parameter r To : (-2,100)
Doing initial fit: 

 --- MultiDimFit ---
best fit parameter values and profile-likelihood uncertainties: 
   r :    +0.828   -0.474/+0.496 (68%)
Set Range of Parameter r To : (-2,100)
Doing initial fit: 

 --- MultiDimFit ---
best fit parameter values and profile-likelihood uncertainties: 
   r :    +0.411   -0.505/+0.500 (68%)
Set Range of Parameter r To : (-2,100)
Doing initial fit: 

 --- MultiDimFit ---
best fit parameter values and profile-likelihood uncertainties: 
   r :    +0.775   -0.538/+0.521 (68%)
Set Range of Parameter r To : (-2,100)
Doing initial fit: 

 --- MultiDimFit ---
best fit parameter values and profile-likelihood uncertainties: 
   r :    +0.027   -0.503/+0.531 (68%)
Set Range of Parameter r To : (-2,100)
Doing initial fit: 

 --- MultiDimFit ---
best fit parameter values and profile-likelihood uncertainties: 
   r :    -0.220   -0.511/+0.526 (68%)
Set Range of Parameter r To : (-2,100)
Doing initial fit: 

 --- MultiDimFit ---
best fit parameter values and profile-likelihood uncertainties: 
   r :    +0.227   -0.495/+0.487 (68%)
Set Range of Parameter r To : (-2,100)
Doing initial fit: 

 --- MultiDimFit ---
best fit parameter values and profile-likelihood uncertainties: 
   r :    +0.211   -0.449/+0.463 (68%)
Set Range of Parameter r To : (-2,100)
Doing initial fit: 

 --- MultiDimFit ---
best fit parameter values and profile-likelihood uncertainties: 
   r :    +0.000   -0.444/+0.456 (68%)
Set Range of Parameter r To : (-2,100)
Doing initial fit: 

 --- MultiDimFit ---
best fit parameter values and profile-likelihood uncertainties: 
   r :    -0.239   -0.459/+0.452 (68%)
Set Range of Parameter r To : (-2,100)
Doing initial fit: 

 --- MultiDimFit ---
best fit parameter values and profile-likelihood uncertainties: 
   r :    +0.314   -0.512/+0.621 (68%)
Set Range of Parameter r To : (-2,100)
Doing initial fit: 

 --- MultiDimFit ---
best fit parameter values and profile-likelihood uncertainties: 
   r :    +0.442   -0.536/+0.556 (68%)
Set Range of Parameter r To : (-2,100)
Doing initial fit: 

 --- MultiDimFit ---
best fit parameter values and profile-likelihood uncertainties: 
   r :    -0.118   -0.502/+0.544 (68%)
Set Range of Parameter r To : (-2,100)
Doing initial fit: 

 --- MultiDimFit ---
best fit parameter values and profile-likelihood uncertainties: 
   r :    -0.599   -0.488/+0.452 (68%)
Set Range of Parameter r To : (-2,100)
Doing initial fit: 

 --- MultiDimFit ---
best fit parameter values and profile-likelihood uncertainties: 
   r :    +0.129   -0.498/+0.488 (68%)
Set Range of Parameter r To : (-2,100)
Doing initial fit: 

 --- MultiDimFit ---
best fit parameter values and profile-likelihood uncertainties: 
   r :    +0.594   -0.525/+0.517 (68%)
Set Range of Parameter r To : (-2,100)
Doing initial fit: 

 --- MultiDimFit ---
best fit parameter values and profile-likelihood uncertainties: 
   r :    +0.623   -0.476/+0.491 (68%)
Set Range of Parameter r To : (-2,100)
Doing initial fit: 

 --- MultiDimFit ---
best fit parameter values and profile-likelihood uncertainties: 
   r :    +0.696   -0.501/+0.500 (68%)
Set Range of Parameter r To : (-2,100)
Doing initial fit: 

 --- MultiDimFit ---
best fit parameter values and profile-likelihood uncertainties: 
   r :    +0.176   -0.505/+0.510 (68%)
Set Range of Parameter r To : (-2,100)
Doing initial fit: 

 --- MultiDimFit ---
best fit parameter values and profile-likelihood uncertainties: 
   r :    +0.228   -0.512/+0.506 (68%)
Set Range of Parameter r To : (-2,100)
Doing initial fit: 

 --- MultiDimFit ---
best fit parameter values and profile-likelihood uncertainties: 
   r :    -0.076   -0.504/+0.498 (68%)
Set Range of Parameter r To : (-2,100)
Doing initial fit: 

 --- MultiDimFit ---
best fit parameter values and profile-likelihood uncertainties: 
   r :    +1.094   -0.601/+0.524 (68%)
Set Range of Parameter r To : (-2,100)
Doing initial fit: 

 --- MultiDimFit ---
best fit parameter values and profile-likelihood uncertainties: 
   r :    +0.394   -0.501/+0.494 (68%)
Set Range of Parameter r To : (-2,100)
Doing initial fit: 

 --- MultiDimFit ---
best fit parameter values and profile-likelihood uncertainties: 
   r :    -0.101   -0.506/+0.507 (68%)
Set Range of Parameter r To : (-2,100)
Doing initial fit: 

 --- MultiDimFit ---
best fit parameter values and profile-likelihood uncertainties: 
   r :    -0.729   -0.474/+0.449 (68%)
Set Range of Parameter r To : (-2,100)
Doing initial fit: 

 --- MultiDimFit ---
best fit parameter values and profile-likelihood uncertainties: 
   r :    +0.280   -0.510/+0.615 (68%)
Set Range of Parameter r To : (-2,100)
Doing initial fit: 

 --- MultiDimFit ---
best fit parameter values and profile-likelihood uncertainties: 
   r :    -0.071   -0.500/+0.483 (68%)
Set Range of Parameter r To : (-2,100)
Doing initial fit: 

 --- MultiDimFit ---
best fit parameter values and profile-likelihood uncertainties: 
   r :    -0.021   -0.517/+0.532 (68%)
Set Range of Parameter r To : (-2,100)
Doing initial fit: 

 --- MultiDimFit ---
best fit parameter values and profile-likelihood uncertainties: 
   r :    +0.852   -0.540/+0.604 (68%)
Set Range of Parameter r To : (-2,100)
Doing initial fit: 

 --- MultiDimFit ---
best fit parameter values and profile-likelihood uncertainties: 
   r :    -0.757   -0.500/+0.437 (68%)
Set Range of Parameter r To : (-2,100)
Doing initial fit: 

 --- MultiDimFit ---
best fit parameter values and profile-likelihood uncertainties: 
   r :    -0.201   -0.493/+0.478 (68%)
Set Range of Parameter r To : (-2,100)
Doing initial fit: 

 --- MultiDimFit ---
best fit parameter values and profile-likelihood uncertainties: 
   r :    -0.296   -0.507/+0.540 (68%)
Set Range of Parameter r To : (-2,100)
Doing initial fit: 

 --- MultiDimFit ---
best fit parameter values and profile-likelihood uncertainties: 
   r :    +0.978   -0.550/+0.624 (68%)
Set Range of Parameter r To : (-2,100)
Doing initial fit: 

 --- MultiDimFit ---
best fit parameter values and profile-likelihood uncertainties: 
   r :    -0.354   -0.463/+0.453 (68%)
Set Range of Parameter r To : (-2,100)
Doing initial fit: 

 --- MultiDimFit ---
best fit parameter values and profile-likelihood uncertainties: 
   r :    -0.298   -0.481/+0.478 (68%)
Set Range of Parameter r To : (-2,100)
Doing initial fit: 

 --- MultiDimFit ---
best fit parameter values and profile-likelihood uncertainties: 
   r :    -1.059   -0.446/+0.436 (68%)
Set Range of Parameter r To : (-2,100)
Doing initial fit: 

 --- MultiDimFit ---
best fit parameter values and profile-likelihood uncertainties: 
   r :    -0.266   -0.445/+0.449 (68%)
Set Range of Parameter r To : (-2,100)
Doing initial fit: 

 --- MultiDimFit ---
best fit parameter values and profile-likelihood uncertainties: 
   r :    -0.078   -0.497/+0.480 (68%)
Set Range of Parameter r To : (-2,100)
Doing initial fit: 

 --- MultiDimFit ---
best fit parameter values and profile-likelihood uncertainties: 
   r :    -0.726   -0.475/+0.449 (68%)
Set Range of Parameter r To : (-2,100)
Doing initial fit: 

 --- MultiDimFit ---
best fit parameter values and profile-likelihood uncertainties: 
   r :    -0.288   -0.498/+0.537 (68%)
Set Range of Parameter r To : (-2,100)
Doing initial fit: 

 --- MultiDimFit ---
best fit parameter values and profile-likelihood uncertainties: 
   r :    -0.258   -0.437/+0.438 (68%)
Set Range of Parameter r To : (-2,100)
Doing initial fit: 

 --- MultiDimFit ---
best fit parameter values and profile-likelihood uncertainties: 
   r :    -0.145   -0.452/+0.452 (68%)
Set Range of Parameter r To : (-2,100)
Doing initial fit: 

 --- MultiDimFit ---
best fit parameter values and profile-likelihood uncertainties: 
   r :    +0.316   -0.469/+0.479 (68%)
Set Range of Parameter r To : (-2,100)
Doing initial fit: 

 --- MultiDimFit ---
best fit parameter values and profile-likelihood uncertainties: 
   r :    -0.567   -0.407/+0.417 (68%)
Set Range of Parameter r To : (-2,100)
Doing initial fit: 

 --- MultiDimFit ---
best fit parameter values and profile-likelihood uncertainties: 
   r :    -0.674   -0.477/+0.481 (68%)
Set Range of Parameter r To : (-2,100)
Doing initial fit: 

 --- MultiDimFit ---
best fit parameter values and profile-likelihood uncertainties: 
   r :    -0.203   -0.448/+0.447 (68%)
Set Range of Parameter r To : (-2,100)
Doing initial fit: 

 --- MultiDimFit ---
best fit parameter values and profile-likelihood uncertainties: 
   r :    +0.634   -0.537/+0.530 (68%)
Set Range of Parameter r To : (-2,100)
Doing initial fit: 

 --- MultiDimFit ---
best fit parameter values and profile-likelihood uncertainties: 
   r :    -0.045   -0.502/+0.535 (68%)
Set Range of Parameter r To : (-2,100)
Doing initial fit: 

 --- MultiDimFit ---
best fit parameter values and profile-likelihood uncertainties: 
   r :    +0.637   -0.515/+0.509 (68%)
Set Range of Parameter r To : (-2,100)
Doing initial fit: 

 --- MultiDimFit ---
best fit parameter values and profile-likelihood uncertainties: 
   r :    -0.690   -0.695/+0.443 (68%)
Set Range of Parameter r To : (-2,100)
Doing initial fit: 

 --- MultiDimFit ---
best fit parameter values and profile-likelihood uncertainties: 
   r :    +0.493   -0.520/+0.504 (68%)
Set Range of Parameter r To : (-2,100)
Doing initial fit: 

 --- MultiDimFit ---
best fit parameter values and profile-likelihood uncertainties: 
   r :    -0.488   -0.475/+0.543 (68%)
Set Range of Parameter r To : (-2,100)
Doing initial fit: 

 --- MultiDimFit ---
best fit parameter values and profile-likelihood uncertainties: 
   r :    +0.116   -0.506/+0.508 (68%)
Set Range of Parameter r To : (-2,100)
Doing initial fit: 

 --- MultiDimFit ---
best fit parameter values and profile-likelihood uncertainties: 
   r :    +0.613   -0.533/+0.533 (68%)
Set Range of Parameter r To : (-2,100)
Doing initial fit: 

 --- MultiDimFit ---
best fit parameter values and profile-likelihood uncertainties: 
   r :    -0.002   -0.486/+0.486 (68%)
Set Range of Parameter r To : (-2,100)
Doing initial fit: 

 --- MultiDimFit ---
best fit parameter values and profile-likelihood uncertainties: 
   r :    +0.189   -0.512/+0.499 (68%)
Set Range of Parameter r To : (-2,100)
Doing initial fit: 

 --- MultiDimFit ---
best fit parameter values and profile-likelihood uncertainties: 
   r :    +1.017   -0.560/+0.641 (68%)
Set Range of Parameter r To : (-2,100)
Doing initial fit: 

 --- MultiDimFit ---
best fit parameter values and profile-likelihood uncertainties: 
   r :    +0.110   -0.476/+0.477 (68%)
Set Range of Parameter r To : (-2,100)
Doing initial fit: 

 --- MultiDimFit ---
best fit parameter values and profile-likelihood uncertainties: 
   r :    -0.352   -0.448/+0.445 (68%)
Set Range of Parameter r To : (-2,100)
Doing initial fit: 

 --- MultiDimFit ---
best fit parameter values and profile-likelihood uncertainties: 
   r :    -0.494   -0.477/+0.470 (68%)
Set Range of Parameter r To : (-2,100)
Doing initial fit: 

 --- MultiDimFit ---
best fit parameter values and profile-likelihood uncertainties: 
   r :    -0.167   -0.495/+0.519 (68%)
Set Range of Parameter r To : (-2,100)
Doing initial fit: 

 --- MultiDimFit ---
best fit parameter values and profile-likelihood uncertainties: 
   r :    +0.502   -0.516/+0.646 (68%)
Set Range of Parameter r To : (-2,100)
Doing initial fit: 

 --- MultiDimFit ---
best fit parameter values and profile-likelihood uncertainties: 
   r :    +0.168   -0.516/+0.551 (68%)
Set Range of Parameter r To : (-2,100)
Doing initial fit: 

 --- MultiDimFit ---
best fit parameter values and profile-likelihood uncertainties: 
   r :    +0.642   -0.524/+0.518 (68%)
Set Range of Parameter r To : (-2,100)
Doing initial fit: 

 --- MultiDimFit ---
best fit parameter values and profile-likelihood uncertainties: 
   r :    -0.622   -0.502/+0.464 (68%)
Set Range of Parameter r To : (-2,100)
Doing initial fit: 

 --- MultiDimFit ---
best fit parameter values and profile-likelihood uncertainties: 
   r :    -0.332   -0.479/+0.497 (68%)
Set Range of Parameter r To : (-2,100)
Doing initial fit: 

 --- MultiDimFit ---
best fit parameter values and profile-likelihood uncertainties: 
   r :    -0.099   -0.498/+0.588 (68%)
Set Range of Parameter r To : (-2,100)
Doing initial fit: 

 --- MultiDimFit ---
best fit parameter values and profile-likelihood uncertainties: 
   r :    -0.808   -0.495/+0.444 (68%)
Set Range of Parameter r To : (-2,100)
Doing initial fit: 

 --- MultiDimFit ---
best fit parameter values and profile-likelihood uncertainties: 
   r :    +0.115   -0.565/+0.558 (68%)
Set Range of Parameter r To : (-2,100)
Doing initial fit: 

 --- MultiDimFit ---
best fit parameter values and profile-likelihood uncertainties: 
   r :    -0.155   -0.448/+0.448 (68%)
Set Range of Parameter r To : (-2,100)
Doing initial fit: 

 --- MultiDimFit ---
best fit parameter values and profile-likelihood uncertainties: 
   r :    -0.325   -0.482/+0.523 (68%)
Set Range of Parameter r To : (-2,100)
Doing initial fit: 

 --- MultiDimFit ---
best fit parameter values and profile-likelihood uncertainties: 
   r :    -0.451   -0.426/+0.436 (68%)
Set Range of Parameter r To : (-2,100)
Doing initial fit: 

 --- MultiDimFit ---
best fit parameter values and profile-likelihood uncertainties: 
   r :    +0.139   -0.456/+0.467 (68%)
Set Range of Parameter r To : (-2,100)
Doing initial fit: 

 --- MultiDimFit ---
best fit parameter values and profile-likelihood uncertainties: 
   r :    +0.224   -0.480/+0.476 (68%)
Set Range of Parameter r To : (-2,100)
Doing initial fit: 

 --- MultiDimFit ---
best fit parameter values and profile-likelihood uncertainties: 
   r :    -0.203   -0.483/+0.567 (68%)
Set Range of Parameter r To : (-2,100)
Doing initial fit: 

 --- MultiDimFit ---
best fit parameter values and profile-likelihood uncertainties: 
   r :    -0.288   -0.485/+0.585 (68%)
Set Range of Parameter r To : (-2,100)
Doing initial fit: 

 --- MultiDimFit ---
best fit parameter values and profile-likelihood uncertainties: 
   r :    +0.305   -0.511/+0.508 (68%)
Set Range of Parameter r To : (-2,100)
Doing initial fit: 

 --- MultiDimFit ---
best fit parameter values and profile-likelihood uncertainties: 
   r :    +0.242   -0.507/+0.577 (68%)
Set Range of Parameter r To : (-2,100)
Doing initial fit: 

 --- MultiDimFit ---
best fit parameter values and profile-likelihood uncertainties: 
   r :    +0.117   -0.517/+0.473 (68%)
Set Range of Parameter r To : (-2,100)
Doing initial fit: 

 --- MultiDimFit ---
best fit parameter values and profile-likelihood uncertainties: 
   r :    -0.249   -0.716/+0.455 (68%)
Set Range of Parameter r To : (-2,100)
Doing initial fit: 

 --- MultiDimFit ---
best fit parameter values and profile-likelihood uncertainties: 
   r :    +0.386   -0.543/+0.605 (68%)
Set Range of Parameter r To : (-2,100)
Doing initial fit: 

 --- MultiDimFit ---
best fit parameter values and profile-likelihood uncertainties: 
   r :    -0.678   -0.465/+0.447 (68%)
Set Range of Parameter r To : (-2,100)
Doing initial fit: 

 --- MultiDimFit ---
best fit parameter values and profile-likelihood uncertainties: 
   r :    +0.129   -0.454/+0.465 (68%)
Set Range of Parameter r To : (-2,100)
Doing initial fit: 

 --- MultiDimFit ---
best fit parameter values and profile-likelihood uncertainties: 
   r :    +0.075   -0.446/+0.460 (68%)
Set Range of Parameter r To : (-2,100)
Doing initial fit: 

 --- MultiDimFit ---
best fit parameter values and profile-likelihood uncertainties: 
   r :    +0.273   -0.520/+0.505 (68%)
Set Range of Parameter r To : (-2,100)
Doing initial fit: 

 --- MultiDimFit ---
best fit parameter values and profile-likelihood uncertainties: 
   r :    -0.110   -0.568/+0.453 (68%)
Set Range of Parameter r To : (-2,100)
Doing initial fit: 

 --- MultiDimFit ---
best fit parameter values and profile-likelihood uncertainties: 
   r :    +0.592   -0.527/+0.612 (68%)
Set Range of Parameter r To : (-2,100)
Doing initial fit: 

 --- MultiDimFit ---
best fit parameter values and profile-likelihood uncertainties: 
   r :    -0.219   -0.503/+0.497 (68%)
Set Range of Parameter r To : (-2,100)
Doing initial fit: 

 --- MultiDimFit ---
best fit parameter values and profile-likelihood uncertainties: 
   r :    -0.397   -0.432/+0.435 (68%)
Set Range of Parameter r To : (-2,100)
Doing initial fit: 

 --- MultiDimFit ---
best fit parameter values and profile-likelihood uncertainties: 
   r :    +0.389   -0.550/+0.598 (68%)
Set Range of Parameter r To : (-2,100)
Doing initial fit: 

 --- MultiDimFit ---
best fit parameter values and profile-likelihood uncertainties: 
   r :    +0.073   -0.486/+0.480 (68%)
Set Range of Parameter r To : (-2,100)
Doing initial fit: 

 --- MultiDimFit ---
best fit parameter values and profile-likelihood uncertainties: 
   r :    -0.406   -0.441/+0.439 (68%)
Set Range of Parameter r To : (-2,100)
Doing initial fit: 

 --- MultiDimFit ---
best fit parameter values and profile-likelihood uncertainties: 
   r :    +0.924   -0.476/+0.498 (68%)
Set Range of Parameter r To : (-2,100)
Doing initial fit: 

 --- MultiDimFit ---
best fit parameter values and profile-likelihood uncertainties: 
   r :    +0.043   -0.499/+0.499 (68%)
Set Range of Parameter r To : (-2,100)
Doing initial fit: 

 --- MultiDimFit ---
best fit parameter values and profile-likelihood uncertainties: 
   r :    -0.114   -0.484/+0.470 (68%)
Set Range of Parameter r To : (-2,100)
Doing initial fit: 

 --- MultiDimFit ---
best fit parameter values and profile-likelihood uncertainties: 
   r :    +0.337   -0.543/+0.518 (68%)
Set Range of Parameter r To : (-2,100)
Doing initial fit: 

 --- MultiDimFit ---
best fit parameter values and profile-likelihood uncertainties: 
   r :    -0.218   -0.495/+0.560 (68%)
Set Range of Parameter r To : (-2,100)
Doing initial fit: 

 --- MultiDimFit ---
best fit parameter values and profile-likelihood uncertainties: 
   r :    -0.537   -0.475/+0.469 (68%)
Set Range of Parameter r To : (-2,100)
Doing initial fit: 

 --- MultiDimFit ---
best fit parameter values and profile-likelihood uncertainties: 
   r :    -0.755   -0.498/+0.537 (68%)
Set Range of Parameter r To : (-2,100)
Doing initial fit: 

 --- MultiDimFit ---
best fit parameter values and profile-likelihood uncertainties: 
   r :    +0.770   -0.472/+0.490 (68%)
Set Range of Parameter r To : (-2,100)
Doing initial fit: 

 --- MultiDimFit ---
best fit parameter values and profile-likelihood uncertainties: 
   r :    -0.866   -0.457/+0.445 (68%)
Set Range of Parameter r To : (-2,100)
Doing initial fit: 

 --- MultiDimFit ---
best fit parameter values and profile-likelihood uncertainties: 
   r :    -0.488   -0.477/+0.479 (68%)
Set Range of Parameter r To : (-2,100)
Doing initial fit: 

 --- MultiDimFit ---
best fit parameter values and profile-likelihood uncertainties: 
   r :    +0.907   -0.530/+0.521 (68%)
Set Range of Parameter r To : (-2,100)
Doing initial fit: 

 --- MultiDimFit ---
best fit parameter values and profile-likelihood uncertainties: 
   r :    -0.232   -0.507/+0.579 (68%)
Set Range of Parameter r To : (-2,100)
Doing initial fit: 

 --- MultiDimFit ---
best fit parameter values and profile-likelihood uncertainties: 
   r :    -0.485   -0.483/+0.517 (68%)
Set Range of Parameter r To : (-2,100)
Doing initial fit: 

 --- MultiDimFit ---
best fit parameter values and profile-likelihood uncertainties: 
   r :    -0.107   -0.466/+0.462 (68%)
Set Range of Parameter r To : (-2,100)
Doing initial fit: 

 --- MultiDimFit ---
best fit parameter values and profile-likelihood uncertainties: 
   r :    -0.235   -0.492/+0.495 (68%)
Set Range of Parameter r To : (-2,100)
Doing initial fit: 

 --- MultiDimFit ---
best fit parameter values and profile-likelihood uncertainties: 
   r :    +0.226   -0.459/+0.471 (68%)
Set Range of Parameter r To : (-2,100)
Doing initial fit: 

 --- MultiDimFit ---
best fit parameter values and profile-likelihood uncertainties: 
   r :    +0.159   -0.511/+0.506 (68%)
Set Range of Parameter r To : (-2,100)
Doing initial fit: 

 --- MultiDimFit ---
best fit parameter values and profile-likelihood uncertainties: 
   r :    -0.160   -0.501/+0.579 (68%)
Set Range of Parameter r To : (-2,100)
Doing initial fit: 

 --- MultiDimFit ---
best fit parameter values and profile-likelihood uncertainties: 
   r :    -0.253   -0.454/+0.450 (68%)
Set Range of Parameter r To : (-2,100)
Doing initial fit: 

 --- MultiDimFit ---
best fit parameter values and profile-likelihood uncertainties: 
   r :    -0.671   -0.430/+0.428 (68%)
Set Range of Parameter r To : (-2,100)
Doing initial fit: 

 --- MultiDimFit ---
best fit parameter values and profile-likelihood uncertainties: 
   r :    -0.797   -0.416/+0.418 (68%)
Set Range of Parameter r To : (-2,100)
Doing initial fit: 

 --- MultiDimFit ---
best fit parameter values and profile-likelihood uncertainties: 
   r :    +0.698   -0.486/+0.494 (68%)
Set Range of Parameter r To : (-2,100)
Doing initial fit: 

 --- MultiDimFit ---
best fit parameter values and profile-likelihood uncertainties: 
   r :    -0.060   -0.634/+0.488 (68%)
Set Range of Parameter r To : (-2,100)
Doing initial fit: 

 --- MultiDimFit ---
best fit parameter values and profile-likelihood uncertainties: 
   r :    -0.536   -0.414/+0.417 (68%)
Set Range of Parameter r To : (-2,100)
Doing initial fit: 

 --- MultiDimFit ---
best fit parameter values and profile-likelihood uncertainties: 
   r :    -0.000   -0.539/+0.495 (68%)
Set Range of Parameter r To : (-2,100)
Doing initial fit: 

 --- MultiDimFit ---
best fit parameter values and profile-likelihood uncertainties: 
   r :    -0.095   -0.466/+0.461 (68%)
Set Range of Parameter r To : (-2,100)
Doing initial fit: 

 --- MultiDimFit ---
best fit parameter values and profile-likelihood uncertainties: 
   r :    -0.143   -0.490/+0.532 (68%)
Set Range of Parameter r To : (-2,100)
Doing initial fit: 

 --- MultiDimFit ---
best fit parameter values and profile-likelihood uncertainties: 
   r :    -0.161   -0.510/+0.515 (68%)
Set Range of Parameter r To : (-2,100)
Doing initial fit: 

 --- MultiDimFit ---
best fit parameter values and profile-likelihood uncertainties: 
   r :    +0.595   -0.521/+0.625 (68%)
Set Range of Parameter r To : (-2,100)
Doing initial fit: 

 --- MultiDimFit ---
best fit parameter values and profile-likelihood uncertainties: 
   r :    -0.050   -0.497/+0.485 (68%)
Set Range of Parameter r To : (-2,100)
Doing initial fit: 

 --- MultiDimFit ---
best fit parameter values and profile-likelihood uncertainties: 
   r :    +0.506   -0.491/+0.493 (68%)
Set Range of Parameter r To : (-2,100)
Doing initial fit: 

 --- MultiDimFit ---
best fit parameter values and profile-likelihood uncertainties: 
   r :    -0.531   -0.450/+0.440 (68%)
Set Range of Parameter r To : (-2,100)
Doing initial fit: 

 --- MultiDimFit ---
best fit parameter values and profile-likelihood uncertainties: 
   r :    +0.295   -0.481/+0.482 (68%)
Set Range of Parameter r To : (-2,100)
Doing initial fit: 

 --- MultiDimFit ---
best fit parameter values and profile-likelihood uncertainties: 
   r :    +0.167   -0.486/+0.484 (68%)
Set Range of Parameter r To : (-2,100)
Doing initial fit: 

 --- MultiDimFit ---
best fit parameter values and profile-likelihood uncertainties: 
   r :    -0.622   -0.480/+0.526 (68%)
Set Range of Parameter r To : (-2,100)
Doing initial fit: 

 --- MultiDimFit ---
best fit parameter values and profile-likelihood uncertainties: 
   r :    -0.005   -0.506/+0.523 (68%)
Set Range of Parameter r To : (-2,100)
Doing initial fit: 

 --- MultiDimFit ---
best fit parameter values and profile-likelihood uncertainties: 
   r :    +0.891   -0.499/+0.508 (68%)
Set Range of Parameter r To : (-2,100)
Doing initial fit: 

 --- MultiDimFit ---
best fit parameter values and profile-likelihood uncertainties: 
   r :    -0.042   -0.453/+0.456 (68%)
Set Range of Parameter r To : (-2,100)
Doing initial fit: 

 --- MultiDimFit ---
best fit parameter values and profile-likelihood uncertainties: 
   r :    -0.177   -0.486/+0.482 (68%)
Set Range of Parameter r To : (-2,100)
Doing initial fit: 

 --- MultiDimFit ---
best fit parameter values and profile-likelihood uncertainties: 
   r :    -0.183   -0.459/+0.456 (68%)
Set Range of Parameter r To : (-2,100)
Doing initial fit: 

 --- MultiDimFit ---
best fit parameter values and profile-likelihood uncertainties: 
   r :    +0.327   -0.479/+0.482 (68%)
Set Range of Parameter r To : (-2,100)
Doing initial fit: 

 --- MultiDimFit ---
best fit parameter values and profile-likelihood uncertainties: 
   r :    +0.230   -0.471/+0.476 (68%)
Set Range of Parameter r To : (-2,100)
Doing initial fit: 

 --- MultiDimFit ---
best fit parameter values and profile-likelihood uncertainties: 
   r :    +0.406   -0.470/+0.480 (68%)
Set Range of Parameter r To : (-2,100)
Doing initial fit: 

 --- MultiDimFit ---
best fit parameter values and profile-likelihood uncertainties: 
   r :    -0.685   -0.712/+0.438 (68%)
Set Range of Parameter r To : (-2,100)
Doing initial fit: 

 --- MultiDimFit ---
best fit parameter values and profile-likelihood uncertainties: 
   r :    -0.652   -0.512/+0.534 (68%)
Set Range of Parameter r To : (-2,100)
Doing initial fit: 

 --- MultiDimFit ---
best fit parameter values and profile-likelihood uncertainties: 
   r :    +0.070   -0.496/+0.479 (68%)
Set Range of Parameter r To : (-2,100)
Doing initial fit: 

 --- MultiDimFit ---
best fit parameter values and profile-likelihood uncertainties: 
   r :    +0.480   -0.488/+0.490 (68%)
Set Range of Parameter r To : (-2,100)
Doing initial fit: 

 --- MultiDimFit ---
best fit parameter values and profile-likelihood uncertainties: 
   r :    -0.270   -0.497/+0.485 (68%)
Set Range of Parameter r To : (-2,100)
Doing initial fit: 

 --- MultiDimFit ---
best fit parameter values and profile-likelihood uncertainties: 
   r :    -0.580   -0.467/+0.448 (68%)
Set Range of Parameter r To : (-2,100)
Doing initial fit: 

 --- MultiDimFit ---
best fit parameter values and profile-likelihood uncertainties: 
   r :    +0.362   -0.443/+0.461 (68%)
Set Range of Parameter r To : (-2,100)
Doing initial fit: 

 --- MultiDimFit ---
best fit parameter values and profile-likelihood uncertainties: 
   r :    +0.661   -0.532/+0.558 (68%)
Set Range of Parameter r To : (-2,100)
Doing initial fit: 

 --- MultiDimFit ---
best fit parameter values and profile-likelihood uncertainties: 
   r :    +0.022   -0.468/+0.465 (68%)
Set Range of Parameter r To : (-2,100)
Doing initial fit: 

 --- MultiDimFit ---
best fit parameter values and profile-likelihood uncertainties: 
   r :    -0.288   -0.487/+0.567 (68%)
Set Range of Parameter r To : (-2,100)
Doing initial fit: 

 --- MultiDimFit ---
best fit parameter values and profile-likelihood uncertainties: 
   r :    +0.867   -0.547/+0.540 (68%)
Set Range of Parameter r To : (-2,100)
Doing initial fit: 

 --- MultiDimFit ---
best fit parameter values and profile-likelihood uncertainties: 
   r :    -0.224   -0.492/+0.499 (68%)
Set Range of Parameter r To : (-2,100)
Doing initial fit: 

 --- MultiDimFit ---
best fit parameter values and profile-likelihood uncertainties: 
   r :    -0.324   -0.489/+0.548 (68%)
Set Range of Parameter r To : (-2,100)
Doing initial fit: 

 --- MultiDimFit ---
best fit parameter values and profile-likelihood uncertainties: 
   r :    -0.016   -0.492/+0.624 (68%)
Set Range of Parameter r To : (-2,100)
Doing initial fit: 

 --- MultiDimFit ---
best fit parameter values and profile-likelihood uncertainties: 
   r :    +1.209   -0.554/+0.541 (68%)
Set Range of Parameter r To : (-2,100)
Doing initial fit: 

 --- MultiDimFit ---
best fit parameter values and profile-likelihood uncertainties: 
   r :    +0.060   -0.456/+0.458 (68%)
Set Range of Parameter r To : (-2,100)
Doing initial fit: 

 --- MultiDimFit ---
best fit parameter values and profile-likelihood uncertainties: 
   r :    -0.549   -0.412/+0.418 (68%)
Set Range of Parameter r To : (-2,100)
Doing initial fit: 

 --- MultiDimFit ---
best fit parameter values and profile-likelihood uncertainties: 
   r :    -0.171   -0.468/+0.462 (68%)
Set Range of Parameter r To : (-2,100)
Doing initial fit: 

 --- MultiDimFit ---
best fit parameter values and profile-likelihood uncertainties: 
   r :    +0.189   -0.480/+0.484 (68%)
Set Range of Parameter r To : (-2,100)
Doing initial fit: 

 --- MultiDimFit ---
best fit parameter values and profile-likelihood uncertainties: 
   r :    +0.653   -0.534/+0.547 (68%)
Set Range of Parameter r To : (-2,100)
Doing initial fit: 

 --- MultiDimFit ---
best fit parameter values and profile-likelihood uncertainties: 
   r :    +1.059   -0.553/+0.563 (68%)
Set Range of Parameter r To : (-2,100)
Doing initial fit: 

 --- MultiDimFit ---
best fit parameter values and profile-likelihood uncertainties: 
   r :    +0.237   -0.481/+0.478 (68%)
Set Range of Parameter r To : (-2,100)
Doing initial fit: 

 --- MultiDimFit ---
best fit parameter values and profile-likelihood uncertainties: 
   r :    -0.417   -0.457/+0.448 (68%)
Set Range of Parameter r To : (-2,100)
Doing initial fit: 

 --- MultiDimFit ---
best fit parameter values and profile-likelihood uncertainties: 
   r :    -0.668   -0.417/+0.418 (68%)
Set Range of Parameter r To : (-2,100)
Doing initial fit: 

 --- MultiDimFit ---
best fit parameter values and profile-likelihood uncertainties: 
   r :    -0.722   -0.449/+0.437 (68%)
Set Range of Parameter r To : (-2,100)
Doing initial fit: 

 --- MultiDimFit ---
best fit parameter values and profile-likelihood uncertainties: 
   r :    +0.085   -0.490/+0.588 (68%)
Set Range of Parameter r To : (-2,100)
Doing initial fit: 

 --- MultiDimFit ---
best fit parameter values and profile-likelihood uncertainties: 
   r :    -0.474   -0.476/+0.467 (68%)
Set Range of Parameter r To : (-2,100)
Doing initial fit: 

 --- MultiDimFit ---
best fit parameter values and profile-likelihood uncertainties: 
   r :    -0.733   -0.409/+0.414 (68%)
Set Range of Parameter r To : (-2,100)
Doing initial fit: 

 --- MultiDimFit ---
best fit parameter values and profile-likelihood uncertainties: 
   r :    +0.521   -0.504/+0.508 (68%)
Set Range of Parameter r To : (-2,100)
Doing initial fit: 

 --- MultiDimFit ---
best fit parameter values and profile-likelihood uncertainties: 
   r :    +0.504   -0.470/+0.485 (68%)
Set Range of Parameter r To : (-2,100)
Doing initial fit: 

 --- MultiDimFit ---
best fit parameter values and profile-likelihood uncertainties: 
   r :    +0.037   -0.502/+0.485 (68%)
Set Range of Parameter r To : (-2,100)
Doing initial fit: 

 --- MultiDimFit ---
best fit parameter values and profile-likelihood uncertainties: 
   r :    +0.138   -0.499/+0.479 (68%)
Set Range of Parameter r To : (-2,100)
Doing initial fit: 

 --- MultiDimFit ---
best fit parameter values and profile-likelihood uncertainties: 
   r :    -0.713   -0.411/+0.416 (68%)
Set Range of Parameter r To : (-2,100)
Doing initial fit: 

 --- MultiDimFit ---
best fit parameter values and profile-likelihood uncertainties: 
   r :    -0.269   -0.487/+0.538 (68%)
Set Range of Parameter r To : (-2,100)
Doing initial fit: 

 --- MultiDimFit ---
best fit parameter values and profile-likelihood uncertainties: 
   r :    +0.557   -0.500/+0.499 (68%)
Set Range of Parameter r To : (-2,100)
Doing initial fit: 

 --- MultiDimFit ---
best fit parameter values and profile-likelihood uncertainties: 
   r :    +0.148   -0.513/+0.511 (68%)
Set Range of Parameter r To : (-2,100)
Doing initial fit: 

 --- MultiDimFit ---
best fit parameter values and profile-likelihood uncertainties: 
   r :    +0.226   -0.592/+0.477 (68%)
Set Range of Parameter r To : (-2,100)
Doing initial fit: 

 --- MultiDimFit ---
best fit parameter values and profile-likelihood uncertainties: 
   r :    -0.273   -0.482/+0.588 (68%)
Set Range of Parameter r To : (-2,100)
Doing initial fit: 

 --- MultiDimFit ---
best fit parameter values and profile-likelihood uncertainties: 
   r :    -0.299   -0.510/+0.466 (68%)
Set Range of Parameter r To : (-2,100)
Doing initial fit: 

 --- MultiDimFit ---
best fit parameter values and profile-likelihood uncertainties: 
   r :    -0.230   -0.460/+0.457 (68%)
Set Range of Parameter r To : (-2,100)
Doing initial fit: 

 --- MultiDimFit ---
best fit parameter values and profile-likelihood uncertainties: 
   r :    -0.084   -0.511/+0.490 (68%)
Set Range of Parameter r To : (-2,100)
Doing initial fit: 

 --- MultiDimFit ---
best fit parameter values and profile-likelihood uncertainties: 
   r :    -0.681   -0.458/+0.434 (68%)
Set Range of Parameter r To : (-2,100)
Doing initial fit: 

 --- MultiDimFit ---
best fit parameter values and profile-likelihood uncertainties: 
   r :    +0.571   -0.496/+0.495 (68%)
Set Range of Parameter r To : (-2,100)
Doing initial fit: 

 --- MultiDimFit ---
best fit parameter values and profile-likelihood uncertainties: 
   r :    +0.167   -0.506/+0.565 (68%)
Set Range of Parameter r To : (-2,100)
Doing initial fit: 

 --- MultiDimFit ---
best fit parameter values and profile-likelihood uncertainties: 
   r :    +0.251   -0.502/+0.495 (68%)
Set Range of Parameter r To : (-2,100)
Doing initial fit: 

 --- MultiDimFit ---
best fit parameter values and profile-likelihood uncertainties: 
   r :    +1.080   -0.500/+0.512 (68%)
Set Range of Parameter r To : (-2,100)
Doing initial fit: 

 --- MultiDimFit ---
best fit parameter values and profile-likelihood uncertainties: 
   r :    -0.394   -0.461/+0.448 (68%)
Set Range of Parameter r To : (-2,100)
Doing initial fit: 

 --- MultiDimFit ---
best fit parameter values and profile-likelihood uncertainties: 
   r :    -0.880   -0.462/+0.540 (68%)
Set Range of Parameter r To : (-2,100)
Doing initial fit: 

 --- MultiDimFit ---
best fit parameter values and profile-likelihood uncertainties: 
   r :    +0.608   -0.532/+0.606 (68%)
Set Range of Parameter r To : (-2,100)
Doing initial fit: 

 --- MultiDimFit ---
best fit parameter values and profile-likelihood uncertainties: 
   r :    +0.259   -0.509/+0.591 (68%)
Set Range of Parameter r To : (-2,100)
Doing initial fit: 

 --- MultiDimFit ---
best fit parameter values and profile-likelihood uncertainties: 
   r :    -0.331   -0.440/+0.443 (68%)
Set Range of Parameter r To : (-2,100)
Doing initial fit: 

 --- MultiDimFit ---
best fit parameter values and profile-likelihood uncertainties: 
   r :    -0.486   -0.525/+0.557 (68%)
Set Range of Parameter r To : (-2,100)
Doing initial fit: 

 --- MultiDimFit ---
best fit parameter values and profile-likelihood uncertainties: 
   r :    +0.367   -0.510/+0.503 (68%)
Set Range of Parameter r To : (-2,100)
Doing initial fit: 

 --- MultiDimFit ---
best fit parameter values and profile-likelihood uncertainties: 
   r :    +1.513   -0.544/+0.543 (68%)
Set Range of Parameter r To : (-2,100)
Doing initial fit: 

 --- MultiDimFit ---
best fit parameter values and profile-likelihood uncertainties: 
   r :    +0.106   -0.480/+0.477 (68%)
Set Range of Parameter r To : (-2,100)
Doing initial fit: 

 --- MultiDimFit ---
best fit parameter values and profile-likelihood uncertainties: 
   r :    -0.299   -0.497/+0.513 (68%)
Set Range of Parameter r To : (-2,100)
Doing initial fit: 

 --- MultiDimFit ---
best fit parameter values and profile-likelihood uncertainties: 
   r :    -0.442   -0.620/+0.472 (68%)
Set Range of Parameter r To : (-2,100)
Doing initial fit: 

 --- MultiDimFit ---
best fit parameter values and profile-likelihood uncertainties: 
   r :    -0.201   -0.496/+0.490 (68%)
Set Range of Parameter r To : (-2,100)
Doing initial fit: 

 --- MultiDimFit ---
best fit parameter values and profile-likelihood uncertainties: 
   r :    +0.455   -0.447/+0.469 (68%)
Set Range of Parameter r To : (-2,100)
Doing initial fit: 

 --- MultiDimFit ---
best fit parameter values and profile-likelihood uncertainties: 
   r :    -0.378   -0.738/+0.341 (68%)
Set Range of Parameter r To : (-2,100)
Doing initial fit: 

 --- MultiDimFit ---
best fit parameter values and profile-likelihood uncertainties: 
   r :    -0.161   -0.442/+0.448 (68%)
Set Range of Parameter r To : (-2,100)
Doing initial fit: 

 --- MultiDimFit ---
best fit parameter values and profile-likelihood uncertainties: 
   r :    -0.010   -0.474/+0.460 (68%)
Set Range of Parameter r To : (-2,100)
Doing initial fit: 

 --- MultiDimFit ---
best fit parameter values and profile-likelihood uncertainties: 
   r :    -0.180   -0.444/+0.447 (68%)
Set Range of Parameter r To : (-2,100)
Doing initial fit: 

 --- MultiDimFit ---
best fit parameter values and profile-likelihood uncertainties: 
   r :    +0.290   -0.475/+0.475 (68%)
Set Range of Parameter r To : (-2,100)
Doing initial fit: 

 --- MultiDimFit ---
best fit parameter values and profile-likelihood uncertainties: 
   r :    -0.017   -0.498/+0.491 (68%)
Set Range of Parameter r To : (-2,100)
Doing initial fit: 

 --- MultiDimFit ---
best fit parameter values and profile-likelihood uncertainties: 
   r :    +0.600   -0.514/+0.508 (68%)
Set Range of Parameter r To : (-2,100)
Doing initial fit: 

 --- MultiDimFit ---
best fit parameter values and profile-likelihood uncertainties: 
   r :    +0.223   -0.517/+0.536 (68%)
Set Range of Parameter r To : (-2,100)
Doing initial fit: 

 --- MultiDimFit ---
best fit parameter values and profile-likelihood uncertainties: 
   r :    -0.465   -0.559/+0.471 (68%)
Set Range of Parameter r To : (-2,100)
Doing initial fit: 

 --- MultiDimFit ---
best fit parameter values and profile-likelihood uncertainties: 
   r :    +0.092   -0.486/+0.482 (68%)
Set Range of Parameter r To : (-2,100)
Doing initial fit: 

 --- MultiDimFit ---
best fit parameter values and profile-likelihood uncertainties: 
   r :    -0.043   -0.498/+0.507 (68%)
Set Range of Parameter r To : (-2,100)
Doing initial fit: 

 

 ---------------------------

 WARNING: MultiDimFit failed

 ---------------------------

 
Set Range of Parameter r To : (-2,100)
Doing initial fit: 

 --- MultiDimFit ---
best fit parameter values and profile-likelihood uncertainties: 
   r :    +0.554   -0.546/+0.544 (68%)
Set Range of Parameter r To : (-2,100)
Doing initial fit: 

 --- MultiDimFit ---
best fit parameter values and profile-likelihood uncertainties: 
   r :    -0.392   -0.505/+0.447 (68%)
Set Range of Parameter r To : (-2,100)
Doing initial fit: 

 --- MultiDimFit ---
best fit parameter values and profile-likelihood uncertainties: 
   r :    -0.293   -0.467/+0.455 (68%)
Set Range of Parameter r To : (-2,100)
Doing initial fit: 

 --- MultiDimFit ---
best fit parameter values and profile-likelihood uncertainties: 
   r :    +0.448   -0.487/+0.487 (68%)
Set Range of Parameter r To : (-2,100)
Doing initial fit: 

 --- MultiDimFit ---
best fit parameter values and profile-likelihood uncertainties: 
   r :    +0.353   -0.535/+0.500 (68%)
Set Range of Parameter r To : (-2,100)
Doing initial fit: 

 --- MultiDimFit ---
best fit parameter values and profile-likelihood uncertainties: 
   r :    +0.922   -0.552/+0.536 (68%)
Set Range of Parameter r To : (-2,100)
Doing initial fit: 

 --- MultiDimFit ---
best fit parameter values and profile-likelihood uncertainties: 
   r :    -0.336   -0.538/+0.481 (68%)
Set Range of Parameter r To : (-2,100)
Doing initial fit: 

 --- MultiDimFit ---
best fit parameter values and profile-likelihood uncertainties: 
   r :    +0.210   -0.449/+0.466 (68%)
Set Range of Parameter r To : (-2,100)
Doing initial fit: 

 --- MultiDimFit ---
best fit parameter values and profile-likelihood uncertainties: 
   r :    -0.218   -0.499/+0.497 (68%)
Set Range of Parameter r To : (-2,100)
Doing initial fit: 

 --- MultiDimFit ---
best fit parameter values and profile-likelihood uncertainties: 
   r :    +0.467   -0.531/+0.572 (68%)
Set Range of Parameter r To : (-2,100)
Doing initial fit: 

 --- MultiDimFit ---
best fit parameter values and profile-likelihood uncertainties: 
   r :    +0.466   -0.523/+0.601 (68%)
Set Range of Parameter r To : (-2,100)
Doing initial fit: 

 --- MultiDimFit ---
best fit parameter values and profile-likelihood uncertainties: 
   r :    -0.053   -0.478/+0.469 (68%)
Set Range of Parameter r To : (-2,100)
Doing initial fit: 

 --- MultiDimFit ---
best fit parameter values and profile-likelihood uncertainties: 
   r :    -0.849   -0.399/+0.411 (68%)
Set Range of Parameter r To : (-2,100)
Doing initial fit: 

 --- MultiDimFit ---
best fit parameter values and profile-likelihood uncertainties: 
   r :    +0.521   -0.519/+0.508 (68%)
Set Range of Parameter r To : (-2,100)
Doing initial fit: 

 --- MultiDimFit ---
best fit parameter values and profile-likelihood uncertainties: 
   r :    +0.356   -0.470/+0.475 (68%)
Set Range of Parameter r To : (-2,100)
Doing initial fit: 

 --- MultiDimFit ---
best fit parameter values and profile-likelihood uncertainties: 
   r :    -0.136   -0.680/+0.462 (68%)
Set Range of Parameter r To : (-2,100)
Doing initial fit: 

 --- MultiDimFit ---
best fit parameter values and profile-likelihood uncertainties: 
   r :    +0.243   -0.510/+0.494 (68%)
Set Range of Parameter r To : (-2,100)
Doing initial fit: 

 --- MultiDimFit ---
best fit parameter values and profile-likelihood uncertainties: 
   r :    -0.355   -0.791/+0.268 (68%)
Set Range of Parameter r To : (-2,100)
Doing initial fit: 

 --- MultiDimFit ---
best fit parameter values and profile-likelihood uncertainties: 
   r :    -0.099   -0.470/+0.463 (68%)
Set Range of Parameter r To : (-2,100)
Doing initial fit: 

 --- MultiDimFit ---
best fit parameter values and profile-likelihood uncertainties: 
   r :    -0.073   -0.495/+0.577 (68%)
Set Range of Parameter r To : (-2,100)
Doing initial fit: 

 --- MultiDimFit ---
best fit parameter values and profile-likelihood uncertainties: 
   r :    -0.099   -0.526/+0.456 (68%)
Set Range of Parameter r To : (-2,100)
Doing initial fit: 

 --- MultiDimFit ---
best fit parameter values and profile-likelihood uncertainties: 
   r :    +0.330   -0.531/+0.539 (68%)
Set Range of Parameter r To : (-2,100)
Doing initial fit: 

 --- MultiDimFit ---
best fit parameter values and profile-likelihood uncertainties: 
   r :    -0.946   -0.453/+0.513 (68%)
Set Range of Parameter r To : (-2,100)
Doing initial fit: 

 --- MultiDimFit ---
best fit parameter values and profile-likelihood uncertainties: 
   r :    +0.031   -0.477/+0.471 (68%)
Set Range of Parameter r To : (-2,100)
Doing initial fit: 

 --- MultiDimFit ---
best fit parameter values and profile-likelihood uncertainties: 
   r :    -0.012   -0.471/+0.460 (68%)
Set Range of Parameter r To : (-2,100)
Doing initial fit: 

 --- MultiDimFit ---
best fit parameter values and profile-likelihood uncertainties: 
   r :    -0.285   -0.468/+0.455 (68%)
Set Range of Parameter r To : (-2,100)
Doing initial fit: 

 

 ---------------------------

 WARNING: MultiDimFit failed

 ---------------------------

 
Set Range of Parameter r To : (-2,100)
Doing initial fit: 

 --- MultiDimFit ---
best fit parameter values and profile-likelihood uncertainties: 
   r :    -0.216   -0.489/+0.537 (68%)
Set Range of Parameter r To : (-2,100)
Doing initial fit: 

 --- MultiDimFit ---
best fit parameter values and profile-likelihood uncertainties: 
   r :    +0.502   -0.529/+0.535 (68%)
Set Range of Parameter r To : (-2,100)
Doing initial fit: 

 --- MultiDimFit ---
best fit parameter values and profile-likelihood uncertainties: 
   r :    -0.852   -0.422/+0.412 (68%)
Set Range of Parameter r To : (-2,100)
Doing initial fit: 

 --- MultiDimFit ---
best fit parameter values and profile-likelihood uncertainties: 
   r :    -0.605   -0.576/+0.461 (68%)
Set Range of Parameter r To : (-2,100)
Doing initial fit: 

 --- MultiDimFit ---
best fit parameter values and profile-likelihood uncertainties: 
   r :    -0.464   -0.486/+0.469 (68%)
Set Range of Parameter r To : (-2,100)
Doing initial fit: 

 --- MultiDimFit ---
best fit parameter values and profile-likelihood uncertainties: 
   r :    -0.353   -0.487/+0.535 (68%)
Set Range of Parameter r To : (-2,100)
Doing initial fit: 

 --- MultiDimFit ---
best fit parameter values and profile-likelihood uncertainties: 
   r :    -0.127   -0.511/+0.540 (68%)
Set Range of Parameter r To : (-2,100)
Doing initial fit: 

 --- MultiDimFit ---
best fit parameter values and profile-likelihood uncertainties: 
   r :    -0.451   -0.631/+0.495 (68%)
Set Range of Parameter r To : (-2,100)
Doing initial fit: 

 --- MultiDimFit ---
best fit parameter values and profile-likelihood uncertainties: 
   r :    -0.104   -0.429/+0.445 (68%)
Set Range of Parameter r To : (-2,100)
Doing initial fit: 

 --- MultiDimFit ---
best fit parameter values and profile-likelihood uncertainties: 
   r :    +0.447   -0.501/+0.495 (68%)
Set Range of Parameter r To : (-2,100)
Doing initial fit: 

 --- MultiDimFit ---
best fit parameter values and profile-likelihood uncertainties: 
   r :    -0.325   -0.482/+0.525 (68%)
Set Range of Parameter r To : (-2,100)
Doing initial fit: 

 --- MultiDimFit ---
best fit parameter values and profile-likelihood uncertainties: 
   r :    -0.351   -0.478/+0.478 (68%)
Set Range of Parameter r To : (-2,100)
Doing initial fit: 

 --- MultiDimFit ---
best fit parameter values and profile-likelihood uncertainties: 
   r :    +0.252   -0.530/+0.528 (68%)
Set Range of Parameter r To : (-2,100)
Doing initial fit: 

 --- MultiDimFit ---
best fit parameter values and profile-likelihood uncertainties: 
   r :    -0.533   -0.436/+0.435 (68%)
Set Range of Parameter r To : (-2,100)
Doing initial fit: 

 --- MultiDimFit ---
best fit parameter values and profile-likelihood uncertainties: 
   r :    +0.045   -0.467/+0.468 (68%)
Set Range of Parameter r To : (-2,100)
Doing initial fit: 

 --- MultiDimFit ---
best fit parameter values and profile-likelihood uncertainties: 
   r :    -0.116   -0.489/+0.485 (68%)
Set Range of Parameter r To : (-2,100)
Doing initial fit: 

 --- MultiDimFit ---
best fit parameter values and profile-likelihood uncertainties: 
   r :    +0.082   -0.505/+0.489 (68%)
Set Range of Parameter r To : (-2,100)
Doing initial fit: 

 --- MultiDimFit ---
best fit parameter values and profile-likelihood uncertainties: 
   r :    -0.039   -0.496/+0.474 (68%)
Set Range of Parameter r To : (-2,100)
Doing initial fit: 

 --- MultiDimFit ---
best fit parameter values and profile-likelihood uncertainties: 
   r :    -0.053   -0.566/+0.488 (68%)
Set Range of Parameter r To : (-2,100)
Doing initial fit: 

 --- MultiDimFit ---
best fit parameter values and profile-likelihood uncertainties: 
   r :    +0.017   -0.497/+0.605 (68%)
Set Range of Parameter r To : (-2,100)
Doing initial fit: 

 --- MultiDimFit ---
best fit parameter values and profile-likelihood uncertainties: 
   r :    -0.494   -0.430/+0.434 (68%)
Set Range of Parameter r To : (-2,100)
Doing initial fit: 

 --- MultiDimFit ---
best fit parameter values and profile-likelihood uncertainties: 
   r :    +0.126   -0.427/+0.453 (68%)
Set Range of Parameter r To : (-2,100)
Doing initial fit: 

 --- MultiDimFit ---
best fit parameter values and profile-likelihood uncertainties: 
   r :    +0.596   -0.520/+0.505 (68%)
Set Range of Parameter r To : (-2,100)
Doing initial fit: 

 --- MultiDimFit ---
best fit parameter values and profile-likelihood uncertainties: 
   r :    -0.585   -0.443/+0.438 (68%)
Set Range of Parameter r To : (-2,100)
Doing initial fit: 

 --- MultiDimFit ---
best fit parameter values and profile-likelihood uncertainties: 
   r :    -0.119   -0.473/+0.464 (68%)
Set Range of Parameter r To : (-2,100)
Doing initial fit: 

 --- MultiDimFit ---
best fit parameter values and profile-likelihood uncertainties: 
   r :    +0.095   -0.494/+0.517 (68%)
Set Range of Parameter r To : (-2,100)
Doing initial fit: 

 --- MultiDimFit ---
best fit parameter values and profile-likelihood uncertainties: 
   r :    -0.292   -0.492/+0.475 (68%)
Set Range of Parameter r To : (-2,100)
Doing initial fit: 

 --- MultiDimFit ---
best fit parameter values and profile-likelihood uncertainties: 
   r :    +0.262   -0.488/+0.479 (68%)
Set Range of Parameter r To : (-2,100)
Doing initial fit: 

 --- MultiDimFit ---
best fit parameter values and profile-likelihood uncertainties: 
   r :    +0.722   -0.481/+0.494 (68%)
Set Range of Parameter r To : (-2,100)
Doing initial fit: 

 --- MultiDimFit ---
best fit parameter values and profile-likelihood uncertainties: 
   r :    +0.647   -0.526/+0.607 (68%)
Set Range of Parameter r To : (-2,100)
Doing initial fit: 

 --- MultiDimFit ---
best fit parameter values and profile-likelihood uncertainties: 
   r :    +0.101   -0.443/+0.456 (68%)
Set Range of Parameter r To : (-2,100)
Doing initial fit: 

 --- MultiDimFit ---
best fit parameter values and profile-likelihood uncertainties: 
   r :    -1.002   -0.637/+0.430 (68%)
Set Range of Parameter r To : (-2,100)
Doing initial fit: 

 --- MultiDimFit ---
best fit parameter values and profile-likelihood uncertainties: 
   r :    +0.440   -0.515/+0.512 (68%)
Set Range of Parameter r To : (-2,100)
Doing initial fit: 

 --- MultiDimFit ---
best fit parameter values and profile-likelihood uncertainties: 
   r :    +0.043   -0.502/+0.582 (68%)
Set Range of Parameter r To : (-2,100)
Doing initial fit: 

 --- MultiDimFit ---
best fit parameter values and profile-likelihood uncertainties: 
   r :    +0.243   -0.434/+0.456 (68%)
Set Range of Parameter r To : (-2,100)
Doing initial fit: 

 --- MultiDimFit ---
best fit parameter values and profile-likelihood uncertainties: 
   r :    -0.050   -0.501/+0.505 (68%)
Set Range of Parameter r To : (-2,100)
Doing initial fit: 

 --- MultiDimFit ---
best fit parameter values and profile-likelihood uncertainties: 
   r :    -0.577   -0.424/+0.429 (68%)
Set Range of Parameter r To : (-2,100)
Doing initial fit: 

 --- MultiDimFit ---
best fit parameter values and profile-likelihood uncertainties: 
   r :    +0.242   -0.457/+0.470 (68%)
Set Range of Parameter r To : (-2,100)
Doing initial fit: 

 --- MultiDimFit ---
best fit parameter values and profile-likelihood uncertainties: 
   r :    +0.270   -0.508/+0.494 (68%)
Set Range of Parameter r To : (-2,100)
Doing initial fit: 

 --- MultiDimFit ---
best fit parameter values and profile-likelihood uncertainties: 
   r :    +0.399   -0.531/+0.539 (68%)
Set Range of Parameter r To : (-2,100)
Doing initial fit: 

 --- MultiDimFit ---
best fit parameter values and profile-likelihood uncertainties: 
   r :    -0.685   -0.444/+0.431 (68%)
Set Range of Parameter r To : (-2,100)
Doing initial fit: 

 --- MultiDimFit ---
best fit parameter values and profile-likelihood uncertainties: 
   r :    -0.244   -0.767/+0.462 (68%)
Set Range of Parameter r To : (-2,100)
Doing initial fit: 

 --- MultiDimFit ---
best fit parameter values and profile-likelihood uncertainties: 
   r :    +0.541   -0.529/+0.502 (68%)
Set Range of Parameter r To : (-2,100)
Doing initial fit: 

 --- MultiDimFit ---
best fit parameter values and profile-likelihood uncertainties: 
   r :    +0.038   -0.523/+0.559 (68%)
Set Range of Parameter r To : (-2,100)
Doing initial fit: 

 --- MultiDimFit ---
best fit parameter values and profile-likelihood uncertainties: 
   r :    +0.382   -0.509/+0.499 (68%)
Set Range of Parameter r To : (-2,100)
Doing initial fit: 

 --- MultiDimFit ---
best fit parameter values and profile-likelihood uncertainties: 
   r :    -0.324   -0.520/+0.500 (68%)
Set Range of Parameter r To : (-2,100)
Doing initial fit: 

 --- MultiDimFit ---
best fit parameter values and profile-likelihood uncertainties: 
   r :    -0.186   -0.453/+0.454 (68%)
Set Range of Parameter r To : (-2,100)
Doing initial fit: 

 --- MultiDimFit ---
best fit parameter values and profile-likelihood uncertainties: 
   r :    -0.973   -0.412/+0.412 (68%)
Set Range of Parameter r To : (-2,100)
Doing initial fit: 

 --- MultiDimFit ---
best fit parameter values and profile-likelihood uncertainties: 
   r :    -0.149   -0.492/+0.580 (68%)
Set Range of Parameter r To : (-2,100)
Doing initial fit: 

 --- MultiDimFit ---
best fit parameter values and profile-likelihood uncertainties: 
   r :    -0.418   -0.435/+0.439 (68%)
Set Range of Parameter r To : (-2,100)
Doing initial fit: 

 --- MultiDimFit ---
best fit parameter values and profile-likelihood uncertainties: 
   r :    -0.307   -0.447/+0.445 (68%)
Set Range of Parameter r To : (-2,100)
Doing initial fit: 

 --- MultiDimFit ---
best fit parameter values and profile-likelihood uncertainties: 
   r :    +1.514   -0.561/+0.706 (68%)
Set Range of Parameter r To : (-2,100)
Doing initial fit: 

 --- MultiDimFit ---
best fit parameter values and profile-likelihood uncertainties: 
   r :    +0.078   -0.468/+0.468 (68%)
Set Range of Parameter r To : (-2,100)
Doing initial fit: 

 --- MultiDimFit ---
best fit parameter values and profile-likelihood uncertainties: 
   r :    -0.296   -0.494/+0.570 (68%)
Set Range of Parameter r To : (-2,100)
Doing initial fit: 

 --- MultiDimFit ---
best fit parameter values and profile-likelihood uncertainties: 
   r :    -0.326   -0.438/+0.441 (68%)
Set Range of Parameter r To : (-2,100)
Doing initial fit: 

 --- MultiDimFit ---
best fit parameter values and profile-likelihood uncertainties: 
   r :    -0.262   -0.462/+0.453 (68%)
Set Range of Parameter r To : (-2,100)
Doing initial fit: 

 --- MultiDimFit ---
best fit parameter values and profile-likelihood uncertainties: 
   r :    -0.205   -0.494/+0.503 (68%)
Set Range of Parameter r To : (-2,100)
Doing initial fit: 

 --- MultiDimFit ---
best fit parameter values and profile-likelihood uncertainties: 
   r :    +0.266   -0.507/+0.609 (68%)
Set Range of Parameter r To : (-2,100)
Doing initial fit: 

 --- MultiDimFit ---
best fit parameter values and profile-likelihood uncertainties: 
   r :    -0.565   -0.469/+0.524 (68%)
Set Range of Parameter r To : (-2,100)
Doing initial fit: 

 --- MultiDimFit ---
best fit parameter values and profile-likelihood uncertainties: 
   r :    +0.502   -0.489/+0.491 (68%)
Set Range of Parameter r To : (-2,100)
Doing initial fit: 

 --- MultiDimFit ---
best fit parameter values and profile-likelihood uncertainties: 
   r :    +0.223   -0.514/+0.488 (68%)
Set Range of Parameter r To : (-2,100)
Doing initial fit: 

 --- MultiDimFit ---
best fit parameter values and profile-likelihood uncertainties: 
   r :    -0.739   -0.395/+0.402 (68%)
Set Range of Parameter r To : (-2,100)
Doing initial fit: 

 --- MultiDimFit ---
best fit parameter values and profile-likelihood uncertainties: 
   r :    +0.209   -0.508/+0.592 (68%)
Set Range of Parameter r To : (-2,100)
Doing initial fit: 

 --- MultiDimFit ---
best fit parameter values and profile-likelihood uncertainties: 
   r :    -0.177   -0.491/+0.548 (68%)
Set Range of Parameter r To : (-2,100)
Doing initial fit: 

 --- MultiDimFit ---
best fit parameter values and profile-likelihood uncertainties: 
   r :    +0.066   -0.505/+0.493 (68%)
Set Range of Parameter r To : (-2,100)
Doing initial fit: 

 --- MultiDimFit ---
best fit parameter values and profile-likelihood uncertainties: 
   r :    +0.313   -0.508/+0.509 (68%)
Set Range of Parameter r To : (-2,100)
Doing initial fit: 

 --- MultiDimFit ---
best fit parameter values and profile-likelihood uncertainties: 
   r :    -0.128   -0.476/+0.462 (68%)
Set Range of Parameter r To : (-2,100)
Doing initial fit: 

 --- MultiDimFit ---
best fit parameter values and profile-likelihood uncertainties: 
   r :    +0.195   -0.501/+0.489 (68%)
Set Range of Parameter r To : (-2,100)
Doing initial fit: 

 --- MultiDimFit ---
best fit parameter values and profile-likelihood uncertainties: 
   r :    +0.413   -0.519/+0.515 (68%)
Set Range of Parameter r To : (-2,100)
Doing initial fit: 

 --- MultiDimFit ---
best fit parameter values and profile-likelihood uncertainties: 
   r :    +1.099   -0.541/+0.531 (68%)
Set Range of Parameter r To : (-2,100)
Doing initial fit: 

 --- MultiDimFit ---
best fit parameter values and profile-likelihood uncertainties: 
   r :    +0.797   -0.519/+0.513 (68%)
Set Range of Parameter r To : (-2,100)
Doing initial fit: 

 --- MultiDimFit ---
best fit parameter values and profile-likelihood uncertainties: 
   r :    +0.085   -0.501/+0.551 (68%)
Set Range of Parameter r To : (-2,100)
Doing initial fit: 

 --- MultiDimFit ---
best fit parameter values and profile-likelihood uncertainties: 
   r :    +0.132   -0.466/+0.468 (68%)
Set Range of Parameter r To : (-2,100)
Doing initial fit: 

 --- MultiDimFit ---
best fit parameter values and profile-likelihood uncertainties: 
   r :    -0.113   -0.495/+0.492 (68%)
Set Range of Parameter r To : (-2,100)
Doing initial fit: 

 --- MultiDimFit ---
best fit parameter values and profile-likelihood uncertainties: 
   r :    +0.347   -0.514/+0.594 (68%)
Set Range of Parameter r To : (-2,100)
Doing initial fit: 

 --- MultiDimFit ---
best fit parameter values and profile-likelihood uncertainties: 
   r :    +0.189   -0.517/+0.538 (68%)
Set Range of Parameter r To : (-2,100)
Doing initial fit: 

 --- MultiDimFit ---
best fit parameter values and profile-likelihood uncertainties: 
   r :    +0.100   -0.503/+0.566 (68%)
Set Range of Parameter r To : (-2,100)
Doing initial fit: 

 --- MultiDimFit ---
best fit parameter values and profile-likelihood uncertainties: 
   r :    -0.220   -0.426/+0.438 (68%)
Set Range of Parameter r To : (-2,100)
Doing initial fit: 

 --- MultiDimFit ---
best fit parameter values and profile-likelihood uncertainties: 
   r :    +0.875   -0.490/+0.500 (68%)
Set Range of Parameter r To : (-2,100)
Doing initial fit: 

 --- MultiDimFit ---
best fit parameter values and profile-likelihood uncertainties: 
   r :    +0.313   -0.529/+0.508 (68%)
Set Range of Parameter r To : (-2,100)
Doing initial fit: 

 --- MultiDimFit ---
best fit parameter values and profile-likelihood uncertainties: 
   r :    +0.229   -0.509/+0.578 (68%)
Set Range of Parameter r To : (-2,100)
Doing initial fit: 

 --- MultiDimFit ---
best fit parameter values and profile-likelihood uncertainties: 
   r :    -0.205   -0.497/+0.481 (68%)
Set Range of Parameter r To : (-2,100)
Doing initial fit: 

 --- MultiDimFit ---
best fit parameter values and profile-likelihood uncertainties: 
   r :    +0.168   -0.478/+0.477 (68%)
Set Range of Parameter r To : (-2,100)
Doing initial fit: 

 --- MultiDimFit ---
best fit parameter values and profile-likelihood uncertainties: 
   r :    +0.227   -0.460/+0.467 (68%)
Set Range of Parameter r To : (-2,100)
Doing initial fit: 

 --- MultiDimFit ---
best fit parameter values and profile-likelihood uncertainties: 
   r :    -0.382   -0.482/+0.444 (68%)
Set Range of Parameter r To : (-2,100)
Doing initial fit: 

 --- MultiDimFit ---
best fit parameter values and profile-likelihood uncertainties: 
   r :    -0.363   -0.635/+0.435 (68%)
Set Range of Parameter r To : (-2,100)
Doing initial fit: 

 --- MultiDimFit ---
best fit parameter values and profile-likelihood uncertainties: 
   r :    +0.251   -0.515/+0.560 (68%)
Set Range of Parameter r To : (-2,100)
Doing initial fit: 

 --- MultiDimFit ---
best fit parameter values and profile-likelihood uncertainties: 
   r :    -0.078   -0.499/+0.584 (68%)
Set Range of Parameter r To : (-2,100)
Doing initial fit: 

 --- MultiDimFit ---
best fit parameter values and profile-likelihood uncertainties: 
   r :    +0.165   -0.443/+0.458 (68%)
Set Range of Parameter r To : (-2,100)
Doing initial fit: 

 --- MultiDimFit ---
best fit parameter values and profile-likelihood uncertainties: 
   r :    -0.169   -0.485/+0.473 (68%)
Set Range of Parameter r To : (-2,100)
Doing initial fit: 

 --- MultiDimFit ---
best fit parameter values and profile-likelihood uncertainties: 
   r :    -0.249   -0.488/+0.482 (68%)
Set Range of Parameter r To : (-2,100)
Doing initial fit: 

 --- MultiDimFit ---
best fit parameter values and profile-likelihood uncertainties: 
   r :    +0.219   -0.459/+0.470 (68%)
Set Range of Parameter r To : (-2,100)
Doing initial fit: 

 --- MultiDimFit ---
best fit parameter values and profile-likelihood uncertainties: 
   r :    +0.441   -0.515/+0.504 (68%)
Set Range of Parameter r To : (-2,100)
Doing initial fit: 

 --- MultiDimFit ---
best fit parameter values and profile-likelihood uncertainties: 
   r :    +0.628   -0.491/+0.496 (68%)
Set Range of Parameter r To : (-2,100)
Doing initial fit: 

 --- MultiDimFit ---
best fit parameter values and profile-likelihood uncertainties: 
   r :    -0.095   -0.488/+0.476 (68%)
Set Range of Parameter r To : (-2,100)
Doing initial fit: 

 --- MultiDimFit ---
best fit parameter values and profile-likelihood uncertainties: 
   r :    -0.574   -0.500/+0.454 (68%)
Set Range of Parameter r To : (-2,100)
Doing initial fit: 

 --- MultiDimFit ---
best fit parameter values and profile-likelihood uncertainties: 
   r :    +0.210   -0.478/+0.475 (68%)
Set Range of Parameter r To : (-2,100)
Doing initial fit: 

 --- MultiDimFit ---
best fit parameter values and profile-likelihood uncertainties: 
   r :    -0.227   -0.498/+0.515 (68%)
Set Range of Parameter r To : (-2,100)
Doing initial fit: 

 --- MultiDimFit ---
best fit parameter values and profile-likelihood uncertainties: 
   r :    -0.571   -0.462/+0.448 (68%)
Set Range of Parameter r To : (-2,100)
Doing initial fit: 

 --- MultiDimFit ---
best fit parameter values and profile-likelihood uncertainties: 
   r :    -0.339   -0.423/+0.431 (68%)
Set Range of Parameter r To : (-2,100)
Doing initial fit: 

 --- MultiDimFit ---
best fit parameter values and profile-likelihood uncertainties: 
   r :    +0.960   -0.541/+0.547 (68%)
Set Range of Parameter r To : (-2,100)
Doing initial fit: 

 --- MultiDimFit ---
best fit parameter values and profile-likelihood uncertainties: 
   r :    -0.484   -0.460/+0.450 (68%)
Set Range of Parameter r To : (-2,100)
Doing initial fit: 

 --- MultiDimFit ---
best fit parameter values and profile-likelihood uncertainties: 
   r :    +0.347   -0.498/+0.490 (68%)
Set Range of Parameter r To : (-2,100)
Doing initial fit: 

 --- MultiDimFit ---
best fit parameter values and profile-likelihood uncertainties: 
   r :    +0.637   -0.452/+0.473 (68%)
Set Range of Parameter r To : (-2,100)
Doing initial fit: 

 --- MultiDimFit ---
best fit parameter values and profile-likelihood uncertainties: 
   r :    +0.076   -0.440/+0.456 (68%)
Set Range of Parameter r To : (-2,100)
Doing initial fit: 

 --- MultiDimFit ---
best fit parameter values and profile-likelihood uncertainties: 
   r :    -0.068   -0.714/+0.444 (68%)
Set Range of Parameter r To : (-2,100)
Doing initial fit: 

 --- MultiDimFit ---
best fit parameter values and profile-likelihood uncertainties: 
   r :    -0.592   -0.428/+0.428 (68%)
Set Range of Parameter r To : (-2,100)
Doing initial fit: 

 --- MultiDimFit ---
best fit parameter values and profile-likelihood uncertainties: 
   r :    -0.116   -0.466/+0.459 (68%)
Set Range of Parameter r To : (-2,100)
Doing initial fit: 

 --- MultiDimFit ---
best fit parameter values and profile-likelihood uncertainties: 
   r :    -0.126   -0.498/+0.494 (68%)
Set Range of Parameter r To : (-2,100)
Doing initial fit: 

 --- MultiDimFit ---
best fit parameter values and profile-likelihood uncertainties: 
   r :    -0.196   -0.484/+0.570 (68%)
Set Range of Parameter r To : (-2,100)
Doing initial fit: 

 --- MultiDimFit ---
best fit parameter values and profile-likelihood uncertainties: 
   r :    -0.301   -0.526/+0.574 (68%)
Set Range of Parameter r To : (-2,100)
Doing initial fit: 

 --- MultiDimFit ---
best fit parameter values and profile-likelihood uncertainties: 
   r :    -0.682   -0.447/+0.438 (68%)
Set Range of Parameter r To : (-2,100)
Doing initial fit: 

 --- MultiDimFit ---
best fit parameter values and profile-likelihood uncertainties: 
   r :    -0.197   -0.506/+0.458 (68%)
Set Range of Parameter r To : (-2,100)
Doing initial fit: 

 --- MultiDimFit ---
best fit parameter values and profile-likelihood uncertainties: 
   r :    -0.467   -0.474/+0.464 (68%)
Set Range of Parameter r To : (-2,100)
Doing initial fit: 

 --- MultiDimFit ---
best fit parameter values and profile-likelihood uncertainties: 
   r :    -0.480   -0.409/+0.426 (68%)
Set Range of Parameter r To : (-2,100)
Doing initial fit: 

 --- MultiDimFit ---
best fit parameter values and profile-likelihood uncertainties: 
   r :    -0.243   -0.482/+0.474 (68%)
Set Range of Parameter r To : (-2,100)
Doing initial fit: 

 --- MultiDimFit ---
best fit parameter values and profile-likelihood uncertainties: 
   r :    +0.650   -0.532/+0.538 (68%)
Set Range of Parameter r To : (-2,100)
Doing initial fit: 

 --- MultiDimFit ---
best fit parameter values and profile-likelihood uncertainties: 
   r :    +0.353   -0.519/+0.576 (68%)
Set Range of Parameter r To : (-2,100)
Doing initial fit: 

 --- MultiDimFit ---
best fit parameter values and profile-likelihood uncertainties: 
   r :    -0.105   -0.487/+0.475 (68%)
Set Range of Parameter r To : (-2,100)
Doing initial fit: 

 --- MultiDimFit ---
best fit parameter values and profile-likelihood uncertainties: 
   r :    +0.054   -0.502/+0.608 (68%)
Set Range of Parameter r To : (-2,100)
Doing initial fit: 

 --- MultiDimFit ---
best fit parameter values and profile-likelihood uncertainties: 
   r :    +0.670   -0.488/+0.495 (68%)
Set Range of Parameter r To : (-2,100)
Doing initial fit: 

 --- MultiDimFit ---
best fit parameter values and profile-likelihood uncertainties: 
   r :    -0.970   -0.454/+0.439 (68%)
Set Range of Parameter r To : (-2,100)
Doing initial fit: 

 --- MultiDimFit ---
best fit parameter values and profile-likelihood uncertainties: 
   r :    -0.707   -0.444/+0.432 (68%)
Set Range of Parameter r To : (-2,100)
Doing initial fit: 

 --- MultiDimFit ---
best fit parameter values and profile-likelihood uncertainties: 
   r :    -0.264   -0.465/+0.454 (68%)
Set Range of Parameter r To : (-2,100)
Doing initial fit: 

 --- MultiDimFit ---
best fit parameter values and profile-likelihood uncertainties: 
   r :    -0.244   -0.517/+0.468 (68%)
Set Range of Parameter r To : (-2,100)
Doing initial fit: 

 --- MultiDimFit ---
best fit parameter values and profile-likelihood uncertainties: 
   r :    -0.378   -0.453/+0.445 (68%)
Set Range of Parameter r To : (-2,100)
Doing initial fit: 

 --- MultiDimFit ---
best fit parameter values and profile-likelihood uncertainties: 
   r :    -0.494   -0.472/+0.541 (68%)
Set Range of Parameter r To : (-2,100)
Doing initial fit: 

 --- MultiDimFit ---
best fit parameter values and profile-likelihood uncertainties: 
   r :    +0.081   -0.519/+0.506 (68%)
Set Range of Parameter r To : (-2,100)
Doing initial fit: 

 --- MultiDimFit ---
best fit parameter values and profile-likelihood uncertainties: 
   r :    +0.417   -0.469/+0.478 (68%)
Set Range of Parameter r To : (-2,100)
Doing initial fit: 

 --- MultiDimFit ---
best fit parameter values and profile-likelihood uncertainties: 
   r :    -0.308   -0.488/+0.475 (68%)
Set Range of Parameter r To : (-2,100)
Doing initial fit: 

 --- MultiDimFit ---
best fit parameter values and profile-likelihood uncertainties: 
   r :    +0.516   -0.510/+0.506 (68%)
Set Range of Parameter r To : (-2,100)
Doing initial fit: 

 --- MultiDimFit ---
best fit parameter values and profile-likelihood uncertainties: 
   r :    +0.620   -0.494/+0.497 (68%)
Set Range of Parameter r To : (-2,100)
Doing initial fit: 

 --- MultiDimFit ---
best fit parameter values and profile-likelihood uncertainties: 
   r :    +0.736   -0.531/+0.527 (68%)
Set Range of Parameter r To : (-2,100)
Doing initial fit: 

 --- MultiDimFit ---
best fit parameter values and profile-likelihood uncertainties: 
   r :    -1.036   -0.379/+0.389 (68%)
Set Range of Parameter r To : (-2,100)
Doing initial fit: 

 --- MultiDimFit ---
best fit parameter values and profile-likelihood uncertainties: 
   r :    -0.430   -0.483/+0.493 (68%)
Set Range of Parameter r To : (-2,100)
Doing initial fit: 

 --- MultiDimFit ---
best fit parameter values and profile-likelihood uncertainties: 
   r :    +0.430   -0.535/+0.487 (68%)
Set Range of Parameter r To : (-2,100)
Doing initial fit: 

 --- MultiDimFit ---
best fit parameter values and profile-likelihood uncertainties: 
   r :    -0.502   -0.454/+0.440 (68%)
Set Range of Parameter r To : (-2,100)
Doing initial fit: 

 --- MultiDimFit ---
best fit parameter values and profile-likelihood uncertainties: 
   r :    +0.512   -0.530/+0.540 (68%)
Set Range of Parameter r To : (-2,100)
Doing initial fit: 

 --- MultiDimFit ---
best fit parameter values and profile-likelihood uncertainties: 
   r :    +0.648   -0.468/+0.485 (68%)
mean   expected limit: r < 2.95036e-316 +/- 0 @ 95%CL (500 toyMC)
median expected limit: r < 2.95036e-316 @ 95%CL (500 toyMC)
   68% expected band : 2.95036e-316 < r < 2.95036e-316
   95% expected band : 2.95036e-316 < r < 2.95036e-316
[RUN] (cd /data6/Users/joonblee/higgs_combine/CMSSW_14_1_0_pre4/src/NIsoMuon/review_outputs/Run2Run3/M70/bias && combine -M GenerateOnly /data6/Users/joonblee/higgs_combine/CMSSW_14_1_0_pre4/src/NIsoMuon/review_outputs/Run2Run3/M70/workspace_Run2Run3_M70.root -m 70 -t 500 --expectSignal 0.94921875 --setParameters r=0.94921875 --setParameterRanges r=0,100 --saveToys -s 12345 -n .ReviewBiasGen_Run2Run3_M70_r0p949219)
 <<< Combine >>> 
 <<< v11.0.0 >>>
>>> Random number generator seed is 12345
>>> Method used is GenerateOnly
Set Range of Parameter r To : (0,100)
Set Default Value of Parameter r To : 0.949219
Warning: A value of r is specified in both the --setParameters and --expectSignal options. The argument of --expectSignal will take precedence
Set Range of Parameter r To : (0,100)
Generate toy 1/500
Set Range of Parameter r To : (0,100)
Generate toy 2/500
Set Range of Parameter r To : (0,100)
Generate toy 3/500
Set Range of Parameter r To : (0,100)
Generate toy 4/500
Set Range of Parameter r To : (0,100)
Generate toy 5/500
Set Range of Parameter r To : (0,100)
Generate toy 6/500
Set Range of Parameter r To : (0,100)
Generate toy 7/500
Set Range of Parameter r To : (0,100)
Generate toy 8/500
Set Range of Parameter r To : (0,100)
Generate toy 9/500
Set Range of Parameter r To : (0,100)
Generate toy 10/500
Set Range of Parameter r To : (0,100)
Generate toy 11/500
Set Range of Parameter r To : (0,100)
Generate toy 12/500
Set Range of Parameter r To : (0,100)
Generate toy 13/500
Set Range of Parameter r To : (0,100)
Generate toy 14/500
Set Range of Parameter r To : (0,100)
Generate toy 15/500
Set Range of Parameter r To : (0,100)
Generate toy 16/500
Set Range of Parameter r To : (0,100)
Generate toy 17/500
Set Range of Parameter r To : (0,100)
Generate toy 18/500
Set Range of Parameter r To : (0,100)
Generate toy 19/500
Set Range of Parameter r To : (0,100)
Generate toy 20/500
Set Range of Parameter r To : (0,100)
Generate toy 21/500
Set Range of Parameter r To : (0,100)
Generate toy 22/500
Set Range of Parameter r To : (0,100)
Generate toy 23/500
Set Range of Parameter r To : (0,100)
Generate toy 24/500
Set Range of Parameter r To : (0,100)
Generate toy 25/500
Set Range of Parameter r To : (0,100)
Generate toy 26/500
Set Range of Parameter r To : (0,100)
Generate toy 27/500
Set Range of Parameter r To : (0,100)
Generate toy 28/500
Set Range of Parameter r To : (0,100)
Generate toy 29/500
Set Range of Parameter r To : (0,100)
Generate toy 30/500
Set Range of Parameter r To : (0,100)
Generate toy 31/500
Set Range of Parameter r To : (0,100)
Generate toy 32/500
Set Range of Parameter r To : (0,100)
Generate toy 33/500
Set Range of Parameter r To : (0,100)
Generate toy 34/500
Set Range of Parameter r To : (0,100)
Generate toy 35/500
Set Range of Parameter r To : (0,100)
Generate toy 36/500
Set Range of Parameter r To : (0,100)
Generate toy 37/500
Set Range of Parameter r To : (0,100)
Generate toy 38/500
Set Range of Parameter r To : (0,100)
Generate toy 39/500
Set Range of Parameter r To : (0,100)
Generate toy 40/500
Set Range of Parameter r To : (0,100)
Generate toy 41/500
Set Range of Parameter r To : (0,100)
Generate toy 42/500
Set Range of Parameter r To : (0,100)
Generate toy 43/500
Set Range of Parameter r To : (0,100)
Generate toy 44/500
Set Range of Parameter r To : (0,100)
Generate toy 45/500
Set Range of Parameter r To : (0,100)
Generate toy 46/500
Set Range of Parameter r To : (0,100)
Generate toy 47/500
Set Range of Parameter r To : (0,100)
Generate toy 48/500
Set Range of Parameter r To : (0,100)
Generate toy 49/500
Set Range of Parameter r To : (0,100)
Generate toy 50/500
Set Range of Parameter r To : (0,100)
Generate toy 51/500
Set Range of Parameter r To : (0,100)
Generate toy 52/500
Set Range of Parameter r To : (0,100)
Generate toy 53/500
Set Range of Parameter r To : (0,100)
Generate toy 54/500
Set Range of Parameter r To : (0,100)
Generate toy 55/500
Set Range of Parameter r To : (0,100)
Generate toy 56/500
Set Range of Parameter r To : (0,100)
Generate toy 57/500
Set Range of Parameter r To : (0,100)
Generate toy 58/500
Set Range of Parameter r To : (0,100)
Generate toy 59/500
Set Range of Parameter r To : (0,100)
Generate toy 60/500
Set Range of Parameter r To : (0,100)
Generate toy 61/500
Set Range of Parameter r To : (0,100)
Generate toy 62/500
Set Range of Parameter r To : (0,100)
Generate toy 63/500
Set Range of Parameter r To : (0,100)
Generate toy 64/500
Set Range of Parameter r To : (0,100)
Generate toy 65/500
Set Range of Parameter r To : (0,100)
Generate toy 66/500
Set Range of Parameter r To : (0,100)
Generate toy 67/500
Set Range of Parameter r To : (0,100)
Generate toy 68/500
Set Range of Parameter r To : (0,100)
Generate toy 69/500
Set Range of Parameter r To : (0,100)
Generate toy 70/500
Set Range of Parameter r To : (0,100)
Generate toy 71/500
Set Range of Parameter r To : (0,100)
Generate toy 72/500
Set Range of Parameter r To : (0,100)
Generate toy 73/500
Set Range of Parameter r To : (0,100)
Generate toy 74/500
Set Range of Parameter r To : (0,100)
Generate toy 75/500
Set Range of Parameter r To : (0,100)
Generate toy 76/500
Set Range of Parameter r To : (0,100)
Generate toy 77/500
Set Range of Parameter r To : (0,100)
Generate toy 78/500
Set Range of Parameter r To : (0,100)
Generate toy 79/500
Set Range of Parameter r To : (0,100)
Generate toy 80/500
Set Range of Parameter r To : (0,100)
Generate toy 81/500
Set Range of Parameter r To : (0,100)
Generate toy 82/500
Set Range of Parameter r To : (0,100)
Generate toy 83/500
Set Range of Parameter r To : (0,100)
Generate toy 84/500
Set Range of Parameter r To : (0,100)
Generate toy 85/500
Set Range of Parameter r To : (0,100)
Generate toy 86/500
Set Range of Parameter r To : (0,100)
Generate toy 87/500
Set Range of Parameter r To : (0,100)
Generate toy 88/500
Set Range of Parameter r To : (0,100)
Generate toy 89/500
Set Range of Parameter r To : (0,100)
Generate toy 90/500
Set Range of Parameter r To : (0,100)
Generate toy 91/500
Set Range of Parameter r To : (0,100)
Generate toy 92/500
Set Range of Parameter r To : (0,100)
Generate toy 93/500
Set Range of Parameter r To : (0,100)
Generate toy 94/500
Set Range of Parameter r To : (0,100)
Generate toy 95/500
Set Range of Parameter r To : (0,100)
Generate toy 96/500
Set Range of Parameter r To : (0,100)
Generate toy 97/500
Set Range of Parameter r To : (0,100)
Generate toy 98/500
Set Range of Parameter r To : (0,100)
Generate toy 99/500
Set Range of Parameter r To : (0,100)
Generate toy 100/500
Set Range of Parameter r To : (0,100)
Generate toy 101/500
Set Range of Parameter r To : (0,100)
Generate toy 102/500
Set Range of Parameter r To : (0,100)
Generate toy 103/500
Set Range of Parameter r To : (0,100)
Generate toy 104/500
Set Range of Parameter r To : (0,100)
Generate toy 105/500
Set Range of Parameter r To : (0,100)
Generate toy 106/500
Set Range of Parameter r To : (0,100)
Generate toy 107/500
Set Range of Parameter r To : (0,100)
Generate toy 108/500
Set Range of Parameter r To : (0,100)
Generate toy 109/500
Set Range of Parameter r To : (0,100)
Generate toy 110/500
Set Range of Parameter r To : (0,100)
Generate toy 111/500
Set Range of Parameter r To : (0,100)
Generate toy 112/500
Set Range of Parameter r To : (0,100)
Generate toy 113/500
Set Range of Parameter r To : (0,100)
Generate toy 114/500
Set Range of Parameter r To : (0,100)
Generate toy 115/500
Set Range of Parameter r To : (0,100)
Generate toy 116/500
Set Range of Parameter r To : (0,100)
Generate toy 117/500
Set Range of Parameter r To : (0,100)
Generate toy 118/500
Set Range of Parameter r To : (0,100)
Generate toy 119/500
Set Range of Parameter r To : (0,100)
Generate toy 120/500
Set Range of Parameter r To : (0,100)
Generate toy 121/500
Set Range of Parameter r To : (0,100)
Generate toy 122/500
Set Range of Parameter r To : (0,100)
Generate toy 123/500
Set Range of Parameter r To : (0,100)
Generate toy 124/500
Set Range of Parameter r To : (0,100)
Generate toy 125/500
Set Range of Parameter r To : (0,100)
Generate toy 126/500
Set Range of Parameter r To : (0,100)
Generate toy 127/500
Set Range of Parameter r To : (0,100)
Generate toy 128/500
Set Range of Parameter r To : (0,100)
Generate toy 129/500
Set Range of Parameter r To : (0,100)
Generate toy 130/500
Set Range of Parameter r To : (0,100)
Generate toy 131/500
Set Range of Parameter r To : (0,100)
Generate toy 132/500
Set Range of Parameter r To : (0,100)
Generate toy 133/500
Set Range of Parameter r To : (0,100)
Generate toy 134/500
Set Range of Parameter r To : (0,100)
Generate toy 135/500
Set Range of Parameter r To : (0,100)
Generate toy 136/500
Set Range of Parameter r To : (0,100)
Generate toy 137/500
Set Range of Parameter r To : (0,100)
Generate toy 138/500
Set Range of Parameter r To : (0,100)
Generate toy 139/500
Set Range of Parameter r To : (0,100)
Generate toy 140/500
Set Range of Parameter r To : (0,100)
Generate toy 141/500
Set Range of Parameter r To : (0,100)
Generate toy 142/500
Set Range of Parameter r To : (0,100)
Generate toy 143/500
Set Range of Parameter r To : (0,100)
Generate toy 144/500
Set Range of Parameter r To : (0,100)
Generate toy 145/500
Set Range of Parameter r To : (0,100)
Generate toy 146/500
Set Range of Parameter r To : (0,100)
Generate toy 147/500
Set Range of Parameter r To : (0,100)
Generate toy 148/500
Set Range of Parameter r To : (0,100)
Generate toy 149/500
Set Range of Parameter r To : (0,100)
Generate toy 150/500
Set Range of Parameter r To : (0,100)
Generate toy 151/500
Set Range of Parameter r To : (0,100)
Generate toy 152/500
Set Range of Parameter r To : (0,100)
Generate toy 153/500
Set Range of Parameter r To : (0,100)
Generate toy 154/500
Set Range of Parameter r To : (0,100)
Generate toy 155/500
Set Range of Parameter r To : (0,100)
Generate toy 156/500
Set Range of Parameter r To : (0,100)
Generate toy 157/500
Set Range of Parameter r To : (0,100)
Generate toy 158/500
Set Range of Parameter r To : (0,100)
Generate toy 159/500
Set Range of Parameter r To : (0,100)
Generate toy 160/500
Set Range of Parameter r To : (0,100)
Generate toy 161/500
Set Range of Parameter r To : (0,100)
Generate toy 162/500
Set Range of Parameter r To : (0,100)
Generate toy 163/500
Set Range of Parameter r To : (0,100)
Generate toy 164/500
Set Range of Parameter r To : (0,100)
Generate toy 165/500
Set Range of Parameter r To : (0,100)
Generate toy 166/500
Set Range of Parameter r To : (0,100)
Generate toy 167/500
Set Range of Parameter r To : (0,100)
Generate toy 168/500
Set Range of Parameter r To : (0,100)
Generate toy 169/500
Set Range of Parameter r To : (0,100)
Generate toy 170/500
Set Range of Parameter r To : (0,100)
Generate toy 171/500
Set Range of Parameter r To : (0,100)
Generate toy 172/500
Set Range of Parameter r To : (0,100)
Generate toy 173/500
Set Range of Parameter r To : (0,100)
Generate toy 174/500
Set Range of Parameter r To : (0,100)
Generate toy 175/500
Set Range of Parameter r To : (0,100)
Generate toy 176/500
Set Range of Parameter r To : (0,100)
Generate toy 177/500
Set Range of Parameter r To : (0,100)
Generate toy 178/500
Set Range of Parameter r To : (0,100)
Generate toy 179/500
Set Range of Parameter r To : (0,100)
Generate toy 180/500
Set Range of Parameter r To : (0,100)
Generate toy 181/500
Set Range of Parameter r To : (0,100)
Generate toy 182/500
Set Range of Parameter r To : (0,100)
Generate toy 183/500
Set Range of Parameter r To : (0,100)
Generate toy 184/500
Set Range of Parameter r To : (0,100)
Generate toy 185/500
Set Range of Parameter r To : (0,100)
Generate toy 186/500
Set Range of Parameter r To : (0,100)
Generate toy 187/500
Set Range of Parameter r To : (0,100)
Generate toy 188/500
Set Range of Parameter r To : (0,100)
Generate toy 189/500
Set Range of Parameter r To : (0,100)
Generate toy 190/500
Set Range of Parameter r To : (0,100)
Generate toy 191/500
Set Range of Parameter r To : (0,100)
Generate toy 192/500
Set Range of Parameter r To : (0,100)
Generate toy 193/500
Set Range of Parameter r To : (0,100)
Generate toy 194/500
Set Range of Parameter r To : (0,100)
Generate toy 195/500
Set Range of Parameter r To : (0,100)
Generate toy 196/500
Set Range of Parameter r To : (0,100)
Generate toy 197/500
Set Range of Parameter r To : (0,100)
Generate toy 198/500
Set Range of Parameter r To : (0,100)
Generate toy 199/500
Set Range of Parameter r To : (0,100)
Generate toy 200/500
Set Range of Parameter r To : (0,100)
Generate toy 201/500
Set Range of Parameter r To : (0,100)
Generate toy 202/500
Set Range of Parameter r To : (0,100)
Generate toy 203/500
Set Range of Parameter r To : (0,100)
Generate toy 204/500
Set Range of Parameter r To : (0,100)
Generate toy 205/500
Set Range of Parameter r To : (0,100)
Generate toy 206/500
Set Range of Parameter r To : (0,100)
Generate toy 207/500
Set Range of Parameter r To : (0,100)
Generate toy 208/500
Set Range of Parameter r To : (0,100)
Generate toy 209/500
Set Range of Parameter r To : (0,100)
Generate toy 210/500
Set Range of Parameter r To : (0,100)
Generate toy 211/500
Set Range of Parameter r To : (0,100)
Generate toy 212/500
Set Range of Parameter r To : (0,100)
Generate toy 213/500
Set Range of Parameter r To : (0,100)
Generate toy 214/500
Set Range of Parameter r To : (0,100)
Generate toy 215/500
Set Range of Parameter r To : (0,100)
Generate toy 216/500
Set Range of Parameter r To : (0,100)
Generate toy 217/500
Set Range of Parameter r To : (0,100)
Generate toy 218/500
Set Range of Parameter r To : (0,100)
Generate toy 219/500
Set Range of Parameter r To : (0,100)
Generate toy 220/500
Set Range of Parameter r To : (0,100)
Generate toy 221/500
Set Range of Parameter r To : (0,100)
Generate toy 222/500
Set Range of Parameter r To : (0,100)
Generate toy 223/500
Set Range of Parameter r To : (0,100)
Generate toy 224/500
Set Range of Parameter r To : (0,100)
Generate toy 225/500
Set Range of Parameter r To : (0,100)
Generate toy 226/500
Set Range of Parameter r To : (0,100)
Generate toy 227/500
Set Range of Parameter r To : (0,100)
Generate toy 228/500
Set Range of Parameter r To : (0,100)
Generate toy 229/500
Set Range of Parameter r To : (0,100)
Generate toy 230/500
Set Range of Parameter r To : (0,100)
Generate toy 231/500
Set Range of Parameter r To : (0,100)
Generate toy 232/500
Set Range of Parameter r To : (0,100)
Generate toy 233/500
Set Range of Parameter r To : (0,100)
Generate toy 234/500
Set Range of Parameter r To : (0,100)
Generate toy 235/500
Set Range of Parameter r To : (0,100)
Generate toy 236/500
Set Range of Parameter r To : (0,100)
Generate toy 237/500
Set Range of Parameter r To : (0,100)
Generate toy 238/500
Set Range of Parameter r To : (0,100)
Generate toy 239/500
Set Range of Parameter r To : (0,100)
Generate toy 240/500
Set Range of Parameter r To : (0,100)
Generate toy 241/500
Set Range of Parameter r To : (0,100)
Generate toy 242/500
Set Range of Parameter r To : (0,100)
Generate toy 243/500
Set Range of Parameter r To : (0,100)
Generate toy 244/500
Set Range of Parameter r To : (0,100)
Generate toy 245/500
Set Range of Parameter r To : (0,100)
Generate toy 246/500
Set Range of Parameter r To : (0,100)
Generate toy 247/500
Set Range of Parameter r To : (0,100)
Generate toy 248/500
Set Range of Parameter r To : (0,100)
Generate toy 249/500
Set Range of Parameter r To : (0,100)
Generate toy 250/500
Set Range of Parameter r To : (0,100)
Generate toy 251/500
Set Range of Parameter r To : (0,100)
Generate toy 252/500
Set Range of Parameter r To : (0,100)
Generate toy 253/500
Set Range of Parameter r To : (0,100)
Generate toy 254/500
Set Range of Parameter r To : (0,100)
Generate toy 255/500
Set Range of Parameter r To : (0,100)
Generate toy 256/500
Set Range of Parameter r To : (0,100)
Generate toy 257/500
Set Range of Parameter r To : (0,100)
Generate toy 258/500
Set Range of Parameter r To : (0,100)
Generate toy 259/500
Set Range of Parameter r To : (0,100)
Generate toy 260/500
Set Range of Parameter r To : (0,100)
Generate toy 261/500
Set Range of Parameter r To : (0,100)
Generate toy 262/500
Set Range of Parameter r To : (0,100)
Generate toy 263/500
Set Range of Parameter r To : (0,100)
Generate toy 264/500
Set Range of Parameter r To : (0,100)
Generate toy 265/500
Set Range of Parameter r To : (0,100)
Generate toy 266/500
Set Range of Parameter r To : (0,100)
Generate toy 267/500
Set Range of Parameter r To : (0,100)
Generate toy 268/500
Set Range of Parameter r To : (0,100)
Generate toy 269/500
Set Range of Parameter r To : (0,100)
Generate toy 270/500
Set Range of Parameter r To : (0,100)
Generate toy 271/500
Set Range of Parameter r To : (0,100)
Generate toy 272/500
Set Range of Parameter r To : (0,100)
Generate toy 273/500
Set Range of Parameter r To : (0,100)
Generate toy 274/500
Set Range of Parameter r To : (0,100)
Generate toy 275/500
Set Range of Parameter r To : (0,100)
Generate toy 276/500
Set Range of Parameter r To : (0,100)
Generate toy 277/500
Set Range of Parameter r To : (0,100)
Generate toy 278/500
Set Range of Parameter r To : (0,100)
Generate toy 279/500
Set Range of Parameter r To : (0,100)
Generate toy 280/500
Set Range of Parameter r To : (0,100)
Generate toy 281/500
Set Range of Parameter r To : (0,100)
Generate toy 282/500
Set Range of Parameter r To : (0,100)
Generate toy 283/500
Set Range of Parameter r To : (0,100)
Generate toy 284/500
Set Range of Parameter r To : (0,100)
Generate toy 285/500
Set Range of Parameter r To : (0,100)
Generate toy 286/500
Set Range of Parameter r To : (0,100)
Generate toy 287/500
Set Range of Parameter r To : (0,100)
Generate toy 288/500
Set Range of Parameter r To : (0,100)
Generate toy 289/500
Set Range of Parameter r To : (0,100)
Generate toy 290/500
Set Range of Parameter r To : (0,100)
Generate toy 291/500
Set Range of Parameter r To : (0,100)
Generate toy 292/500
Set Range of Parameter r To : (0,100)
Generate toy 293/500
Set Range of Parameter r To : (0,100)
Generate toy 294/500
Set Range of Parameter r To : (0,100)
Generate toy 295/500
Set Range of Parameter r To : (0,100)
Generate toy 296/500
Set Range of Parameter r To : (0,100)
Generate toy 297/500
Set Range of Parameter r To : (0,100)
Generate toy 298/500
Set Range of Parameter r To : (0,100)
Generate toy 299/500
Set Range of Parameter r To : (0,100)
Generate toy 300/500
Set Range of Parameter r To : (0,100)
Generate toy 301/500
Set Range of Parameter r To : (0,100)
Generate toy 302/500
Set Range of Parameter r To : (0,100)
Generate toy 303/500
Set Range of Parameter r To : (0,100)
Generate toy 304/500
Set Range of Parameter r To : (0,100)
Generate toy 305/500
Set Range of Parameter r To : (0,100)
Generate toy 306/500
Set Range of Parameter r To : (0,100)
Generate toy 307/500
Set Range of Parameter r To : (0,100)
Generate toy 308/500
Set Range of Parameter r To : (0,100)
Generate toy 309/500
Set Range of Parameter r To : (0,100)
Generate toy 310/500
Set Range of Parameter r To : (0,100)
Generate toy 311/500
Set Range of Parameter r To : (0,100)
Generate toy 312/500
Set Range of Parameter r To : (0,100)
Generate toy 313/500
Set Range of Parameter r To : (0,100)
Generate toy 314/500
Set Range of Parameter r To : (0,100)
Generate toy 315/500
Set Range of Parameter r To : (0,100)
Generate toy 316/500
Set Range of Parameter r To : (0,100)
Generate toy 317/500
Set Range of Parameter r To : (0,100)
Generate toy 318/500
Set Range of Parameter r To : (0,100)
Generate toy 319/500
Set Range of Parameter r To : (0,100)
Generate toy 320/500
Set Range of Parameter r To : (0,100)
Generate toy 321/500
Set Range of Parameter r To : (0,100)
Generate toy 322/500
Set Range of Parameter r To : (0,100)
Generate toy 323/500
Set Range of Parameter r To : (0,100)
Generate toy 324/500
Set Range of Parameter r To : (0,100)
Generate toy 325/500
Set Range of Parameter r To : (0,100)
Generate toy 326/500
Set Range of Parameter r To : (0,100)
Generate toy 327/500
Set Range of Parameter r To : (0,100)
Generate toy 328/500
Set Range of Parameter r To : (0,100)
Generate toy 329/500
Set Range of Parameter r To : (0,100)
Generate toy 330/500
Set Range of Parameter r To : (0,100)
Generate toy 331/500
Set Range of Parameter r To : (0,100)
Generate toy 332/500
Set Range of Parameter r To : (0,100)
Generate toy 333/500
Set Range of Parameter r To : (0,100)
Generate toy 334/500
Set Range of Parameter r To : (0,100)
Generate toy 335/500
Set Range of Parameter r To : (0,100)
Generate toy 336/500
Set Range of Parameter r To : (0,100)
Generate toy 337/500
Set Range of Parameter r To : (0,100)
Generate toy 338/500
Set Range of Parameter r To : (0,100)
Generate toy 339/500
Set Range of Parameter r To : (0,100)
Generate toy 340/500
Set Range of Parameter r To : (0,100)
Generate toy 341/500
Set Range of Parameter r To : (0,100)
Generate toy 342/500
Set Range of Parameter r To : (0,100)
Generate toy 343/500
Set Range of Parameter r To : (0,100)
Generate toy 344/500
Set Range of Parameter r To : (0,100)
Generate toy 345/500
Set Range of Parameter r To : (0,100)
Generate toy 346/500
Set Range of Parameter r To : (0,100)
Generate toy 347/500
Set Range of Parameter r To : (0,100)
Generate toy 348/500
Set Range of Parameter r To : (0,100)
Generate toy 349/500
Set Range of Parameter r To : (0,100)
Generate toy 350/500
Set Range of Parameter r To : (0,100)
Generate toy 351/500
Set Range of Parameter r To : (0,100)
Generate toy 352/500
Set Range of Parameter r To : (0,100)
Generate toy 353/500
Set Range of Parameter r To : (0,100)
Generate toy 354/500
Set Range of Parameter r To : (0,100)
Generate toy 355/500
Set Range of Parameter r To : (0,100)
Generate toy 356/500
Set Range of Parameter r To : (0,100)
Generate toy 357/500
Set Range of Parameter r To : (0,100)
Generate toy 358/500
Set Range of Parameter r To : (0,100)
Generate toy 359/500
Set Range of Parameter r To : (0,100)
Generate toy 360/500
Set Range of Parameter r To : (0,100)
Generate toy 361/500
Set Range of Parameter r To : (0,100)
Generate toy 362/500
Set Range of Parameter r To : (0,100)
Generate toy 363/500
Set Range of Parameter r To : (0,100)
Generate toy 364/500
Set Range of Parameter r To : (0,100)
Generate toy 365/500
Set Range of Parameter r To : (0,100)
Generate toy 366/500
Set Range of Parameter r To : (0,100)
Generate toy 367/500
Set Range of Parameter r To : (0,100)
Generate toy 368/500
Set Range of Parameter r To : (0,100)
Generate toy 369/500
Set Range of Parameter r To : (0,100)
Generate toy 370/500
Set Range of Parameter r To : (0,100)
Generate toy 371/500
Set Range of Parameter r To : (0,100)
Generate toy 372/500
Set Range of Parameter r To : (0,100)
Generate toy 373/500
Set Range of Parameter r To : (0,100)
Generate toy 374/500
Set Range of Parameter r To : (0,100)
Generate toy 375/500
Set Range of Parameter r To : (0,100)
Generate toy 376/500
Set Range of Parameter r To : (0,100)
Generate toy 377/500
Set Range of Parameter r To : (0,100)
Generate toy 378/500
Set Range of Parameter r To : (0,100)
Generate toy 379/500
Set Range of Parameter r To : (0,100)
Generate toy 380/500
Set Range of Parameter r To : (0,100)
Generate toy 381/500
Set Range of Parameter r To : (0,100)
Generate toy 382/500
Set Range of Parameter r To : (0,100)
Generate toy 383/500
Set Range of Parameter r To : (0,100)
Generate toy 384/500
Set Range of Parameter r To : (0,100)
Generate toy 385/500
Set Range of Parameter r To : (0,100)
Generate toy 386/500
Set Range of Parameter r To : (0,100)
Generate toy 387/500
Set Range of Parameter r To : (0,100)
Generate toy 388/500
Set Range of Parameter r To : (0,100)
Generate toy 389/500
Set Range of Parameter r To : (0,100)
Generate toy 390/500
Set Range of Parameter r To : (0,100)
Generate toy 391/500
Set Range of Parameter r To : (0,100)
Generate toy 392/500
Set Range of Parameter r To : (0,100)
Generate toy 393/500
Set Range of Parameter r To : (0,100)
Generate toy 394/500
Set Range of Parameter r To : (0,100)
Generate toy 395/500
Set Range of Parameter r To : (0,100)
Generate toy 396/500
Set Range of Parameter r To : (0,100)
Generate toy 397/500
Set Range of Parameter r To : (0,100)
Generate toy 398/500
Set Range of Parameter r To : (0,100)
Generate toy 399/500
Set Range of Parameter r To : (0,100)
Generate toy 400/500
Set Range of Parameter r To : (0,100)
Generate toy 401/500
Set Range of Parameter r To : (0,100)
Generate toy 402/500
Set Range of Parameter r To : (0,100)
Generate toy 403/500
Set Range of Parameter r To : (0,100)
Generate toy 404/500
Set Range of Parameter r To : (0,100)
Generate toy 405/500
Set Range of Parameter r To : (0,100)
Generate toy 406/500
Set Range of Parameter r To : (0,100)
Generate toy 407/500
Set Range of Parameter r To : (0,100)
Generate toy 408/500
Set Range of Parameter r To : (0,100)
Generate toy 409/500
Set Range of Parameter r To : (0,100)
Generate toy 410/500
Set Range of Parameter r To : (0,100)
Generate toy 411/500
Set Range of Parameter r To : (0,100)
Generate toy 412/500
Set Range of Parameter r To : (0,100)
Generate toy 413/500
Set Range of Parameter r To : (0,100)
Generate toy 414/500
Set Range of Parameter r To : (0,100)
Generate toy 415/500
Set Range of Parameter r To : (0,100)
Generate toy 416/500
Set Range of Parameter r To : (0,100)
Generate toy 417/500
Set Range of Parameter r To : (0,100)
Generate toy 418/500
Set Range of Parameter r To : (0,100)
Generate toy 419/500
Set Range of Parameter r To : (0,100)
Generate toy 420/500
Set Range of Parameter r To : (0,100)
Generate toy 421/500
Set Range of Parameter r To : (0,100)
Generate toy 422/500
Set Range of Parameter r To : (0,100)
Generate toy 423/500
Set Range of Parameter r To : (0,100)
Generate toy 424/500
Set Range of Parameter r To : (0,100)
Generate toy 425/500
Set Range of Parameter r To : (0,100)
Generate toy 426/500
Set Range of Parameter r To : (0,100)
Generate toy 427/500
Set Range of Parameter r To : (0,100)
Generate toy 428/500
Set Range of Parameter r To : (0,100)
Generate toy 429/500
Set Range of Parameter r To : (0,100)
Generate toy 430/500
Set Range of Parameter r To : (0,100)
Generate toy 431/500
Set Range of Parameter r To : (0,100)
Generate toy 432/500
Set Range of Parameter r To : (0,100)
Generate toy 433/500
Set Range of Parameter r To : (0,100)
Generate toy 434/500
Set Range of Parameter r To : (0,100)
Generate toy 435/500
Set Range of Parameter r To : (0,100)
Generate toy 436/500
Set Range of Parameter r To : (0,100)
Generate toy 437/500
Set Range of Parameter r To : (0,100)
Generate toy 438/500
Set Range of Parameter r To : (0,100)
Generate toy 439/500
Set Range of Parameter r To : (0,100)
Generate toy 440/500
Set Range of Parameter r To : (0,100)
Generate toy 441/500
Set Range of Parameter r To : (0,100)
Generate toy 442/500
Set Range of Parameter r To : (0,100)
Generate toy 443/500
Set Range of Parameter r To : (0,100)
Generate toy 444/500
Set Range of Parameter r To : (0,100)
Generate toy 445/500
Set Range of Parameter r To : (0,100)
Generate toy 446/500
Set Range of Parameter r To : (0,100)
Generate toy 447/500
Set Range of Parameter r To : (0,100)
Generate toy 448/500
Set Range of Parameter r To : (0,100)
Generate toy 449/500
Set Range of Parameter r To : (0,100)
Generate toy 450/500
Set Range of Parameter r To : (0,100)
Generate toy 451/500
Set Range of Parameter r To : (0,100)
Generate toy 452/500
Set Range of Parameter r To : (0,100)
Generate toy 453/500
Set Range of Parameter r To : (0,100)
Generate toy 454/500
Set Range of Parameter r To : (0,100)
Generate toy 455/500
Set Range of Parameter r To : (0,100)
Generate toy 456/500
Set Range of Parameter r To : (0,100)
Generate toy 457/500
Set Range of Parameter r To : (0,100)
Generate toy 458/500
Set Range of Parameter r To : (0,100)
Generate toy 459/500
Set Range of Parameter r To : (0,100)
Generate toy 460/500
Set Range of Parameter r To : (0,100)
Generate toy 461/500
Set Range of Parameter r To : (0,100)
Generate toy 462/500
Set Range of Parameter r To : (0,100)
Generate toy 463/500
Set Range of Parameter r To : (0,100)
Generate toy 464/500
Set Range of Parameter r To : (0,100)
Generate toy 465/500
Set Range of Parameter r To : (0,100)
Generate toy 466/500
Set Range of Parameter r To : (0,100)
Generate toy 467/500
Set Range of Parameter r To : (0,100)
Generate toy 468/500
Set Range of Parameter r To : (0,100)
Generate toy 469/500
Set Range of Parameter r To : (0,100)
Generate toy 470/500
Set Range of Parameter r To : (0,100)
Generate toy 471/500
Set Range of Parameter r To : (0,100)
Generate toy 472/500
Set Range of Parameter r To : (0,100)
Generate toy 473/500
Set Range of Parameter r To : (0,100)
Generate toy 474/500
Set Range of Parameter r To : (0,100)
Generate toy 475/500
Set Range of Parameter r To : (0,100)
Generate toy 476/500
Set Range of Parameter r To : (0,100)
Generate toy 477/500
Set Range of Parameter r To : (0,100)
Generate toy 478/500
Set Range of Parameter r To : (0,100)
Generate toy 479/500
Set Range of Parameter r To : (0,100)
Generate toy 480/500
Set Range of Parameter r To : (0,100)
Generate toy 481/500
Set Range of Parameter r To : (0,100)
Generate toy 482/500
Set Range of Parameter r To : (0,100)
Generate toy 483/500
Set Range of Parameter r To : (0,100)
Generate toy 484/500
Set Range of Parameter r To : (0,100)
Generate toy 485/500
Set Range of Parameter r To : (0,100)
Generate toy 486/500
Set Range of Parameter r To : (0,100)
Generate toy 487/500
Set Range of Parameter r To : (0,100)
Generate toy 488/500
Set Range of Parameter r To : (0,100)
Generate toy 489/500
Set Range of Parameter r To : (0,100)
Generate toy 490/500
Set Range of Parameter r To : (0,100)
Generate toy 491/500
Set Range of Parameter r To : (0,100)
Generate toy 492/500
Set Range of Parameter r To : (0,100)
Generate toy 493/500
Set Range of Parameter r To : (0,100)
Generate toy 494/500
Set Range of Parameter r To : (0,100)
Generate toy 495/500
Set Range of Parameter r To : (0,100)
Generate toy 496/500
Set Range of Parameter r To : (0,100)
Generate toy 497/500
Set Range of Parameter r To : (0,100)
Generate toy 498/500
Set Range of Parameter r To : (0,100)
Generate toy 499/500
Set Range of Parameter r To : (0,100)
Generate toy 500/500
mean   expected limit: r < 2.94878e-316 +/- 0 @ 95%CL (500 toyMC)
median expected limit: r < 2.94878e-316 @ 95%CL (500 toyMC)
   68% expected band : 2.94878e-316 < r < 2.94878e-316
   95% expected band : 2.94878e-316 < r < 2.94878e-316
[RUN] (cd /data6/Users/joonblee/higgs_combine/CMSSW_14_1_0_pre4/src/NIsoMuon/review_outputs/Run2Run3/M70/bias && combine -M MultiDimFit /data6/Users/joonblee/higgs_combine/CMSSW_14_1_0_pre4/src/NIsoMuon/review_outputs/Run2Run3/M70/workspace_Run2Run3_M70.root -m 70 -t 500 --toysFile /data6/Users/joonblee/higgs_combine/CMSSW_14_1_0_pre4/src/NIsoMuon/review_outputs/Run2Run3/M70/bias/higgsCombine.ReviewBiasGen_Run2Run3_M70_r0p949219.GenerateOnly.mH70.12345.root --algo singles --setParameters r=0.94921875 --rMin -2 --rMax 100 --setParameterRanges r=-2,100 -n .ReviewBiasFit_Run2Run3_M70_r0p949219)
 <<< Combine >>> 
 <<< v11.0.0 >>>
>>> Random number generator seed is 123456
>>> Method used is MultiDimFit
Set Range of Parameter r To : (-2,100)
Set Default Value of Parameter r To : 0.949219
Set Range of Parameter r To : (-2,100)
Doing initial fit: 

 --- MultiDimFit ---
best fit parameter values and profile-likelihood uncertainties: 
   r :    +1.401   -0.565/+0.630 (68%)
Set Range of Parameter r To : (-2,100)
Doing initial fit: 

 --- MultiDimFit ---
best fit parameter values and profile-likelihood uncertainties: 
   r :    +0.905   -0.545/+0.615 (68%)
Set Range of Parameter r To : (-2,100)
Doing initial fit: 

 --- MultiDimFit ---
best fit parameter values and profile-likelihood uncertainties: 
   r :    +0.273   -0.517/+0.542 (68%)
Set Range of Parameter r To : (-2,100)
Doing initial fit: 

 --- MultiDimFit ---
best fit parameter values and profile-likelihood uncertainties: 
   r :    +1.717   -0.520/+0.541 (68%)
Set Range of Parameter r To : (-2,100)
Doing initial fit: 

 --- MultiDimFit ---
best fit parameter values and profile-likelihood uncertainties: 
   r :    +0.999   -0.512/+0.514 (68%)
Set Range of Parameter r To : (-2,100)
Doing initial fit: 

 --- MultiDimFit ---
best fit parameter values and profile-likelihood uncertainties: 
   r :    +1.206   -0.563/+0.542 (68%)
Set Range of Parameter r To : (-2,100)
Doing initial fit: 

 --- MultiDimFit ---
best fit parameter values and profile-likelihood uncertainties: 
   r :    +0.922   -0.541/+0.532 (68%)
Set Range of Parameter r To : (-2,100)
Doing initial fit: 

 --- MultiDimFit ---
best fit parameter values and profile-likelihood uncertainties: 
   r :    +0.355   -0.507/+0.490 (68%)
Set Range of Parameter r To : (-2,100)
Doing initial fit: 

 --- MultiDimFit ---
best fit parameter values and profile-likelihood uncertainties: 
   r :    +0.346   -0.517/+0.594 (68%)
Set Range of Parameter r To : (-2,100)
Doing initial fit: 

 --- MultiDimFit ---
best fit parameter values and profile-likelihood uncertainties: 
   r :    +1.913   -0.560/+0.564 (68%)
Set Range of Parameter r To : (-2,100)
Doing initial fit: 

 --- MultiDimFit ---
best fit parameter values and profile-likelihood uncertainties: 
   r :    +0.774   -0.487/+0.496 (68%)
Set Range of Parameter r To : (-2,100)
Doing initial fit: 

 --- MultiDimFit ---
best fit parameter values and profile-likelihood uncertainties: 
   r :    +1.129   -0.545/+0.536 (68%)
Set Range of Parameter r To : (-2,100)
Doing initial fit: 

 --- MultiDimFit ---
best fit parameter values and profile-likelihood uncertainties: 
   r :    +1.752   -0.554/+0.556 (68%)
Set Range of Parameter r To : (-2,100)
Doing initial fit: 

 --- MultiDimFit ---
best fit parameter values and profile-likelihood uncertainties: 
   r :    +0.888   -0.542/+0.533 (68%)
Set Range of Parameter r To : (-2,100)
Doing initial fit: 

 --- MultiDimFit ---
best fit parameter values and profile-likelihood uncertainties: 
   r :    +1.592   -0.569/+0.700 (68%)
Set Range of Parameter r To : (-2,100)
Doing initial fit: 

 --- MultiDimFit ---
best fit parameter values and profile-likelihood uncertainties: 
   r :    +1.626   -0.571/+0.562 (68%)
Set Range of Parameter r To : (-2,100)
Doing initial fit: 

 --- MultiDimFit ---
best fit parameter values and profile-likelihood uncertainties: 
   r :    +0.337   -0.473/+0.478 (68%)
Set Range of Parameter r To : (-2,100)
Doing initial fit: 

 --- MultiDimFit ---
best fit parameter values and profile-likelihood uncertainties: 
   r :    +0.756   -0.478/+0.492 (68%)
Set Range of Parameter r To : (-2,100)
Doing initial fit: 

 --- MultiDimFit ---
best fit parameter values and profile-likelihood uncertainties: 
   r :    +2.349   -0.580/+0.586 (68%)
Set Range of Parameter r To : (-2,100)
Doing initial fit: 

 

 ---------------------------

 WARNING: MultiDimFit failed

 ---------------------------

 
Set Range of Parameter r To : (-2,100)
Doing initial fit: 

 --- MultiDimFit ---
best fit parameter values and profile-likelihood uncertainties: 
   r :    +1.081   -0.542/+0.690 (68%)
Set Range of Parameter r To : (-2,100)
Doing initial fit: 

 --- MultiDimFit ---
best fit parameter values and profile-likelihood uncertainties: 
   r :    +0.038   -0.469/+0.468 (68%)
Set Range of Parameter r To : (-2,100)
Doing initial fit: 

 --- MultiDimFit ---
best fit parameter values and profile-likelihood uncertainties: 
   r :    -0.150   -0.499/+0.519 (68%)
Set Range of Parameter r To : (-2,100)
Doing initial fit: 

 --- MultiDimFit ---
best fit parameter values and profile-likelihood uncertainties: 
   r :    +2.078   -0.541/+0.562 (68%)
Set Range of Parameter r To : (-2,100)
Doing initial fit: 

 --- MultiDimFit ---
best fit parameter values and profile-likelihood uncertainties: 
   r :    +0.977   -0.538/+0.531 (68%)
Set Range of Parameter r To : (-2,100)
Doing initial fit: 

 --- MultiDimFit ---
best fit parameter values and profile-likelihood uncertainties: 
   r :    +0.617   -0.535/+0.634 (68%)
Set Range of Parameter r To : (-2,100)
Doing initial fit: 

 --- MultiDimFit ---
best fit parameter values and profile-likelihood uncertainties: 
   r :    +0.013   -0.636/+0.522 (68%)
Set Range of Parameter r To : (-2,100)
Doing initial fit: 

 --- MultiDimFit ---
best fit parameter values and profile-likelihood uncertainties: 
   r :    +1.011   -0.549/+0.554 (68%)
Set Range of Parameter r To : (-2,100)
Doing initial fit: 

 --- MultiDimFit ---
best fit parameter values and profile-likelihood uncertainties: 
   r :    +1.772   -0.527/+0.545 (68%)
Set Range of Parameter r To : (-2,100)
Doing initial fit: 

 --- MultiDimFit ---
best fit parameter values and profile-likelihood uncertainties: 
   r :    +2.126   -0.599/+0.619 (68%)
Set Range of Parameter r To : (-2,100)
Doing initial fit: 

 --- MultiDimFit ---
best fit parameter values and profile-likelihood uncertainties: 
   r :    +1.310   -0.506/+0.520 (68%)
Set Range of Parameter r To : (-2,100)
Doing initial fit: 

 --- MultiDimFit ---
best fit parameter values and profile-likelihood uncertainties: 
   r :    +1.859   -0.524/+0.547 (68%)
Set Range of Parameter r To : (-2,100)
Doing initial fit: 

 --- MultiDimFit ---
best fit parameter values and profile-likelihood uncertainties: 
   r :    +1.014   -0.514/+0.523 (68%)
Set Range of Parameter r To : (-2,100)
Doing initial fit: 

 --- MultiDimFit ---
best fit parameter values and profile-likelihood uncertainties: 
   r :    +0.793   -0.512/+0.511 (68%)
Set Range of Parameter r To : (-2,100)
Doing initial fit: 

 --- MultiDimFit ---
best fit parameter values and profile-likelihood uncertainties: 
   r :    +1.236   -0.563/+0.636 (68%)
Set Range of Parameter r To : (-2,100)
Doing initial fit: 

 --- MultiDimFit ---
best fit parameter values and profile-likelihood uncertainties: 
   r :    +1.206   -0.552/+0.538 (68%)
Set Range of Parameter r To : (-2,100)
Doing initial fit: 

 --- MultiDimFit ---
best fit parameter values and profile-likelihood uncertainties: 
   r :    +0.948   -0.503/+0.515 (68%)
Set Range of Parameter r To : (-2,100)
Doing initial fit: 

 --- MultiDimFit ---
best fit parameter values and profile-likelihood uncertainties: 
   r :    +0.731   -0.514/+0.511 (68%)
Set Range of Parameter r To : (-2,100)
Doing initial fit: 

 --- MultiDimFit ---
best fit parameter values and profile-likelihood uncertainties: 
   r :    +0.916   -0.504/+0.508 (68%)
Set Range of Parameter r To : (-2,100)
Doing initial fit: 

 --- MultiDimFit ---
best fit parameter values and profile-likelihood uncertainties: 
   r :    +1.867   -0.546/+0.554 (68%)
Set Range of Parameter r To : (-2,100)
Doing initial fit: 

 --- MultiDimFit ---
best fit parameter values and profile-likelihood uncertainties: 
   r :    +0.628   -0.526/+0.609 (68%)
Set Range of Parameter r To : (-2,100)
Doing initial fit: 

 --- MultiDimFit ---
best fit parameter values and profile-likelihood uncertainties: 
   r :    +1.009   -0.538/+0.526 (68%)
Set Range of Parameter r To : (-2,100)
Doing initial fit: 

 --- MultiDimFit ---
best fit parameter values and profile-likelihood uncertainties: 
   r :    +1.366   -0.554/+0.555 (68%)
Set Range of Parameter r To : (-2,100)
Doing initial fit: 

 --- MultiDimFit ---
best fit parameter values and profile-likelihood uncertainties: 
   r :    +0.749   -0.468/+0.489 (68%)
Set Range of Parameter r To : (-2,100)
Doing initial fit: 

 --- MultiDimFit ---
best fit parameter values and profile-likelihood uncertainties: 
   r :    +0.633   -0.486/+0.494 (68%)
Set Range of Parameter r To : (-2,100)
Doing initial fit: 

 --- MultiDimFit ---
best fit parameter values and profile-likelihood uncertainties: 
   r :    +0.786   -0.479/+0.493 (68%)
Set Range of Parameter r To : (-2,100)
Doing initial fit: 

 --- MultiDimFit ---
best fit parameter values and profile-likelihood uncertainties: 
   r :    +1.543   -0.582/+0.625 (68%)
Set Range of Parameter r To : (-2,100)
Doing initial fit: 

 --- MultiDimFit ---
best fit parameter values and profile-likelihood uncertainties: 
   r :    +1.161   -0.534/+0.532 (68%)
Set Range of Parameter r To : (-2,100)
Doing initial fit: 

 --- MultiDimFit ---
best fit parameter values and profile-likelihood uncertainties: 
   r :    +1.636   -0.557/+0.557 (68%)
Set Range of Parameter r To : (-2,100)
Doing initial fit: 

 --- MultiDimFit ---
best fit parameter values and profile-likelihood uncertainties: 
   r :    +1.102   -0.525/+0.525 (68%)
Set Range of Parameter r To : (-2,100)
Doing initial fit: 

 --- MultiDimFit ---
best fit parameter values and profile-likelihood uncertainties: 
   r :    +0.805   -0.543/+0.594 (68%)
Set Range of Parameter r To : (-2,100)
Doing initial fit: 

 --- MultiDimFit ---
best fit parameter values and profile-likelihood uncertainties: 
   r :    +1.112   -0.492/+0.511 (68%)
Set Range of Parameter r To : (-2,100)
Doing initial fit: 

 --- MultiDimFit ---
best fit parameter values and profile-likelihood uncertainties: 
   r :    +0.882   -0.497/+0.501 (68%)
Set Range of Parameter r To : (-2,100)
Doing initial fit: 

 --- MultiDimFit ---
best fit parameter values and profile-likelihood uncertainties: 
   r :    +0.543   -0.477/+0.488 (68%)
Set Range of Parameter r To : (-2,100)
Doing initial fit: 

 --- MultiDimFit ---
best fit parameter values and profile-likelihood uncertainties: 
   r :    +0.845   -0.534/+0.640 (68%)
Set Range of Parameter r To : (-2,100)
Doing initial fit: 

 --- MultiDimFit ---
best fit parameter values and profile-likelihood uncertainties: 
   r :    +0.750   -0.521/+0.510 (68%)
Set Range of Parameter r To : (-2,100)
Doing initial fit: 

 --- MultiDimFit ---
best fit parameter values and profile-likelihood uncertainties: 
   r :    +0.960   -0.498/+0.514 (68%)
Set Range of Parameter r To : (-2,100)
Doing initial fit: 

 --- MultiDimFit ---
best fit parameter values and profile-likelihood uncertainties: 
   r :    +0.988   -0.492/+0.511 (68%)
Set Range of Parameter r To : (-2,100)
Doing initial fit: 

 --- MultiDimFit ---
best fit parameter values and profile-likelihood uncertainties: 
   r :    +1.653   -0.564/+0.564 (68%)
Set Range of Parameter r To : (-2,100)
Doing initial fit: 

 --- MultiDimFit ---
best fit parameter values and profile-likelihood uncertainties: 
   r :    +0.371   -0.728/+0.477 (68%)
Set Range of Parameter r To : (-2,100)
Doing initial fit: 

 --- MultiDimFit ---
best fit parameter values and profile-likelihood uncertainties: 
   r :    +0.626   -0.522/+0.619 (68%)
Set Range of Parameter r To : (-2,100)
Doing initial fit: 

 --- MultiDimFit ---
best fit parameter values and profile-likelihood uncertainties: 
   r :    +1.600   -0.571/+0.659 (68%)
Set Range of Parameter r To : (-2,100)
Doing initial fit: 

 --- MultiDimFit ---
best fit parameter values and profile-likelihood uncertainties: 
   r :    +1.963   -0.585/+0.686 (68%)
Set Range of Parameter r To : (-2,100)
Doing initial fit: 

 --- MultiDimFit ---
best fit parameter values and profile-likelihood uncertainties: 
   r :    +1.176   -0.555/+0.559 (68%)
Set Range of Parameter r To : (-2,100)
Doing initial fit: 

 --- MultiDimFit ---
best fit parameter values and profile-likelihood uncertainties: 
   r :    +0.629   -0.528/+0.534 (68%)
Set Range of Parameter r To : (-2,100)
Doing initial fit: 

 --- MultiDimFit ---
best fit parameter values and profile-likelihood uncertainties: 
   r :    +1.177   -0.558/+0.582 (68%)
Set Range of Parameter r To : (-2,100)
Doing initial fit: 

 --- MultiDimFit ---
best fit parameter values and profile-likelihood uncertainties: 
   r :    +0.640   -0.469/+0.486 (68%)
Set Range of Parameter r To : (-2,100)
Doing initial fit: 

 --- MultiDimFit ---
best fit parameter values and profile-likelihood uncertainties: 
   r :    +1.109   -0.541/+0.536 (68%)
Set Range of Parameter r To : (-2,100)
Doing initial fit: 

 --- MultiDimFit ---
best fit parameter values and profile-likelihood uncertainties: 
   r :    +1.458   -0.553/+0.554 (68%)
Set Range of Parameter r To : (-2,100)
Doing initial fit: 

 --- MultiDimFit ---
best fit parameter values and profile-likelihood uncertainties: 
   r :    +0.280   -0.452/+0.466 (68%)
Set Range of Parameter r To : (-2,100)
Doing initial fit: 

 --- MultiDimFit ---
best fit parameter values and profile-likelihood uncertainties: 
   r :    +0.603   -0.504/+0.502 (68%)
Set Range of Parameter r To : (-2,100)
Doing initial fit: 

 --- MultiDimFit ---
best fit parameter values and profile-likelihood uncertainties: 
   r :    +1.089   -0.544/+0.557 (68%)
Set Range of Parameter r To : (-2,100)
Doing initial fit: 

 --- MultiDimFit ---
best fit parameter values and profile-likelihood uncertainties: 
   r :    +0.584   -0.465/+0.483 (68%)
Set Range of Parameter r To : (-2,100)
Doing initial fit: 

 --- MultiDimFit ---
best fit parameter values and profile-likelihood uncertainties: 
   r :    +1.440   -0.575/+0.589 (68%)
Set Range of Parameter r To : (-2,100)
Doing initial fit: 

 --- MultiDimFit ---
best fit parameter values and profile-likelihood uncertainties: 
   r :    +1.103   -0.512/+0.518 (68%)
Set Range of Parameter r To : (-2,100)
Doing initial fit: 

 --- MultiDimFit ---
best fit parameter values and profile-likelihood uncertainties: 
   r :    +1.386   -0.522/+0.534 (68%)
Set Range of Parameter r To : (-2,100)
Doing initial fit: 

 --- MultiDimFit ---
best fit parameter values and profile-likelihood uncertainties: 
   r :    +0.722   -0.520/+0.513 (68%)
Set Range of Parameter r To : (-2,100)
Doing initial fit: 

 --- MultiDimFit ---
best fit parameter values and profile-likelihood uncertainties: 
   r :    +1.431   -0.548/+0.548 (68%)
Set Range of Parameter r To : (-2,100)
Doing initial fit: 

 --- MultiDimFit ---
best fit parameter values and profile-likelihood uncertainties: 
   r :    +1.538   -0.571/+0.640 (68%)
Set Range of Parameter r To : (-2,100)
Doing initial fit: 

 --- MultiDimFit ---
best fit parameter values and profile-likelihood uncertainties: 
   r :    +0.819   -0.535/+0.539 (68%)
Set Range of Parameter r To : (-2,100)
Doing initial fit: 

 --- MultiDimFit ---
best fit parameter values and profile-likelihood uncertainties: 
   r :    +1.598   -0.582/+0.603 (68%)
Set Range of Parameter r To : (-2,100)
Doing initial fit: 

 --- MultiDimFit ---
best fit parameter values and profile-likelihood uncertainties: 
   r :    +0.935   -0.527/+0.515 (68%)
Set Range of Parameter r To : (-2,100)
Doing initial fit: 

 --- MultiDimFit ---
best fit parameter values and profile-likelihood uncertainties: 
   r :    +1.338   -0.572/+0.587 (68%)
Set Range of Parameter r To : (-2,100)
Doing initial fit: 

 --- MultiDimFit ---
best fit parameter values and profile-likelihood uncertainties: 
   r :    +0.825   -0.537/+0.531 (68%)
Set Range of Parameter r To : (-2,100)
Doing initial fit: 

 --- MultiDimFit ---
best fit parameter values and profile-likelihood uncertainties: 
   r :    +0.604   -0.481/+0.488 (68%)
Set Range of Parameter r To : (-2,100)
Doing initial fit: 

 --- MultiDimFit ---
best fit parameter values and profile-likelihood uncertainties: 
   r :    +1.041   -0.499/+0.515 (68%)
Set Range of Parameter r To : (-2,100)
Doing initial fit: 

 --- MultiDimFit ---
best fit parameter values and profile-likelihood uncertainties: 
   r :    +1.526   -0.533/+0.541 (68%)
Set Range of Parameter r To : (-2,100)
Doing initial fit: 

 --- MultiDimFit ---
best fit parameter values and profile-likelihood uncertainties: 
   r :    +0.433   -0.511/+0.501 (68%)
Set Range of Parameter r To : (-2,100)
Doing initial fit: 

 --- MultiDimFit ---
best fit parameter values and profile-likelihood uncertainties: 
   r :    +2.014   -0.605/+0.587 (68%)
Set Range of Parameter r To : (-2,100)
Doing initial fit: 

 --- MultiDimFit ---
best fit parameter values and profile-likelihood uncertainties: 
   r :    +0.930   -0.476/+0.492 (68%)
Set Range of Parameter r To : (-2,100)
Doing initial fit: 

 --- MultiDimFit ---
best fit parameter values and profile-likelihood uncertainties: 
   r :    +1.529   -0.567/+0.565 (68%)
Set Range of Parameter r To : (-2,100)
Doing initial fit: 

 --- MultiDimFit ---
best fit parameter values and profile-likelihood uncertainties: 
   r :    +0.527   -0.510/+0.502 (68%)
Set Range of Parameter r To : (-2,100)
Doing initial fit: 

 --- MultiDimFit ---
best fit parameter values and profile-likelihood uncertainties: 
   r :    +0.962   -0.516/+0.511 (68%)
Set Range of Parameter r To : (-2,100)
Doing initial fit: 

 --- MultiDimFit ---
best fit parameter values and profile-likelihood uncertainties: 
   r :    +0.705   -0.485/+0.494 (68%)
Set Range of Parameter r To : (-2,100)
Doing initial fit: 

 --- MultiDimFit ---
best fit parameter values and profile-likelihood uncertainties: 
   r :    +0.276   -0.532/+0.584 (68%)
Set Range of Parameter r To : (-2,100)
Doing initial fit: 

 --- MultiDimFit ---
best fit parameter values and profile-likelihood uncertainties: 
   r :    +1.097   -0.550/+0.637 (68%)
Set Range of Parameter r To : (-2,100)
Doing initial fit: 

 --- MultiDimFit ---
best fit parameter values and profile-likelihood uncertainties: 
   r :    +0.697   -0.481/+0.493 (68%)
Set Range of Parameter r To : (-2,100)
Doing initial fit: 

 --- MultiDimFit ---
best fit parameter values and profile-likelihood uncertainties: 
   r :    +1.670   -0.577/+0.617 (68%)
Set Range of Parameter r To : (-2,100)
Doing initial fit: 

 --- MultiDimFit ---
best fit parameter values and profile-likelihood uncertainties: 
   r :    +0.425   -0.478/+0.484 (68%)
Set Range of Parameter r To : (-2,100)
Doing initial fit: 

 --- MultiDimFit ---
best fit parameter values and profile-likelihood uncertainties: 
   r :    +1.522   -0.584/+0.652 (68%)
Set Range of Parameter r To : (-2,100)
Doing initial fit: 

 --- MultiDimFit ---
best fit parameter values and profile-likelihood uncertainties: 
   r :    +0.975   -0.544/+0.652 (68%)
Set Range of Parameter r To : (-2,100)
Doing initial fit: 

 --- MultiDimFit ---
best fit parameter values and profile-likelihood uncertainties: 
   r :    +0.623   -0.517/+0.514 (68%)
Set Range of Parameter r To : (-2,100)
Doing initial fit: 

 --- MultiDimFit ---
best fit parameter values and profile-likelihood uncertainties: 
   r :    +1.748   -0.629/+0.654 (68%)
Set Range of Parameter r To : (-2,100)
Doing initial fit: 

 --- MultiDimFit ---
best fit parameter values and profile-likelihood uncertainties: 
   r :    +1.114   -0.554/+0.521 (68%)
Set Range of Parameter r To : (-2,100)
Doing initial fit: 

 --- MultiDimFit ---
best fit parameter values and profile-likelihood uncertainties: 
   r :    +0.576   -0.521/+0.506 (68%)
Set Range of Parameter r To : (-2,100)
Doing initial fit: 

 --- MultiDimFit ---
best fit parameter values and profile-likelihood uncertainties: 
   r :    +1.414   -0.566/+0.565 (68%)
Set Range of Parameter r To : (-2,100)
Doing initial fit: 

 --- MultiDimFit ---
best fit parameter values and profile-likelihood uncertainties: 
   r :    +0.968   -0.498/+0.507 (68%)
Set Range of Parameter r To : (-2,100)
Doing initial fit: 

 --- MultiDimFit ---
best fit parameter values and profile-likelihood uncertainties: 
   r :    +0.157   -0.470/+0.474 (68%)
Set Range of Parameter r To : (-2,100)
Doing initial fit: 

 --- MultiDimFit ---
best fit parameter values and profile-likelihood uncertainties: 
   r :    +0.322   -0.536/+0.516 (68%)
Set Range of Parameter r To : (-2,100)
Doing initial fit: 

 --- MultiDimFit ---
best fit parameter values and profile-likelihood uncertainties: 
   r :    +0.553   -0.682/+0.510 (68%)
Set Range of Parameter r To : (-2,100)
Doing initial fit: 

 --- MultiDimFit ---
best fit parameter values and profile-likelihood uncertainties: 
   r :    +0.876   -0.554/+0.625 (68%)
Set Range of Parameter r To : (-2,100)
Doing initial fit: 

 --- MultiDimFit ---
best fit parameter values and profile-likelihood uncertainties: 
   r :    +0.888   -0.476/+0.494 (68%)
Set Range of Parameter r To : (-2,100)
Doing initial fit: 

 --- MultiDimFit ---
best fit parameter values and profile-likelihood uncertainties: 
   r :    +0.963   -0.511/+0.515 (68%)
Set Range of Parameter r To : (-2,100)
Doing initial fit: 

 --- MultiDimFit ---
best fit parameter values and profile-likelihood uncertainties: 
   r :    +0.862   -0.546/+0.560 (68%)
Set Range of Parameter r To : (-2,100)
Doing initial fit: 

 --- MultiDimFit ---
best fit parameter values and profile-likelihood uncertainties: 
   r :    +0.807   -0.520/+0.516 (68%)
Set Range of Parameter r To : (-2,100)
Doing initial fit: 

 --- MultiDimFit ---
best fit parameter values and profile-likelihood uncertainties: 
   r :    +0.668   -0.479/+0.486 (68%)
Set Range of Parameter r To : (-2,100)
Doing initial fit: 

 --- MultiDimFit ---
best fit parameter values and profile-likelihood uncertainties: 
   r :    +2.138   -0.568/+0.576 (68%)
Set Range of Parameter r To : (-2,100)
Doing initial fit: 

 --- MultiDimFit ---
best fit parameter values and profile-likelihood uncertainties: 
   r :    +1.120   -0.495/+0.513 (68%)
Set Range of Parameter r To : (-2,100)
Doing initial fit: 

 --- MultiDimFit ---
best fit parameter values and profile-likelihood uncertainties: 
   r :    +0.955   -0.544/+0.531 (68%)
Set Range of Parameter r To : (-2,100)
Doing initial fit: 

 --- MultiDimFit ---
best fit parameter values and profile-likelihood uncertainties: 
   r :    +0.506   -0.478/+0.485 (68%)
Set Range of Parameter r To : (-2,100)
Doing initial fit: 

 --- MultiDimFit ---
best fit parameter values and profile-likelihood uncertainties: 
   r :    +1.276   -0.528/+0.531 (68%)
Set Range of Parameter r To : (-2,100)
Doing initial fit: 

 --- MultiDimFit ---
best fit parameter values and profile-likelihood uncertainties: 
   r :    +2.497   -0.574/+0.590 (68%)
Set Range of Parameter r To : (-2,100)
Doing initial fit: 

 --- MultiDimFit ---
best fit parameter values and profile-likelihood uncertainties: 
   r :    +1.113   -0.489/+0.509 (68%)
Set Range of Parameter r To : (-2,100)
Doing initial fit: 

 --- MultiDimFit ---
best fit parameter values and profile-likelihood uncertainties: 
   r :    +1.153   -0.483/+0.509 (68%)
Set Range of Parameter r To : (-2,100)
Doing initial fit: 

 --- MultiDimFit ---
best fit parameter values and profile-likelihood uncertainties: 
   r :    +0.147   -0.508/+0.532 (68%)
Set Range of Parameter r To : (-2,100)
Doing initial fit: 

 --- MultiDimFit ---
best fit parameter values and profile-likelihood uncertainties: 
   r :    +0.724   -0.534/+0.633 (68%)
Set Range of Parameter r To : (-2,100)
Doing initial fit: 

 --- MultiDimFit ---
best fit parameter values and profile-likelihood uncertainties: 
   r :    +0.893   -0.550/+0.513 (68%)
Set Range of Parameter r To : (-2,100)
Doing initial fit: 

 --- MultiDimFit ---
best fit parameter values and profile-likelihood uncertainties: 
   r :    +1.313   -0.559/+0.551 (68%)
Set Range of Parameter r To : (-2,100)
Doing initial fit: 

 --- MultiDimFit ---
best fit parameter values and profile-likelihood uncertainties: 
   r :    +1.360   -0.559/+0.666 (68%)
Set Range of Parameter r To : (-2,100)
Doing initial fit: 

 --- MultiDimFit ---
best fit parameter values and profile-likelihood uncertainties: 
   r :    +1.222   -0.550/+0.551 (68%)
Set Range of Parameter r To : (-2,100)
Doing initial fit: 

 --- MultiDimFit ---
best fit parameter values and profile-likelihood uncertainties: 
   r :    +1.064   -0.543/+0.550 (68%)
Set Range of Parameter r To : (-2,100)
Doing initial fit: 

 --- MultiDimFit ---
best fit parameter values and profile-likelihood uncertainties: 
   r :    +1.430   -0.584/+0.596 (68%)
Set Range of Parameter r To : (-2,100)
Doing initial fit: 

 --- MultiDimFit ---
best fit parameter values and profile-likelihood uncertainties: 
   r :    -0.035   -0.501/+0.498 (68%)
Set Range of Parameter r To : (-2,100)
Doing initial fit: 

 --- MultiDimFit ---
best fit parameter values and profile-likelihood uncertainties: 
   r :    +0.493   -0.525/+0.512 (68%)
Set Range of Parameter r To : (-2,100)
Doing initial fit: 

 --- MultiDimFit ---
best fit parameter values and profile-likelihood uncertainties: 
   r :    +2.255   -0.611/+0.630 (68%)
Set Range of Parameter r To : (-2,100)
Doing initial fit: 

 --- MultiDimFit ---
best fit parameter values and profile-likelihood uncertainties: 
   r :    +1.675   -0.537/+0.549 (68%)
Set Range of Parameter r To : (-2,100)
Doing initial fit: 

 --- MultiDimFit ---
best fit parameter values and profile-likelihood uncertainties: 
   r :    +1.195   -0.493/+0.515 (68%)
Set Range of Parameter r To : (-2,100)
Doing initial fit: 

 --- MultiDimFit ---
best fit parameter values and profile-likelihood uncertainties: 
   r :    +0.870   -0.478/+0.492 (68%)
Set Range of Parameter r To : (-2,100)
Doing initial fit: 

 --- MultiDimFit ---
best fit parameter values and profile-likelihood uncertainties: 
   r :    +1.417   -0.564/+0.599 (68%)
Set Range of Parameter r To : (-2,100)
Doing initial fit: 

 --- MultiDimFit ---
best fit parameter values and profile-likelihood uncertainties: 
   r :    +1.639   -0.583/+0.577 (68%)
Set Range of Parameter r To : (-2,100)
Doing initial fit: 

 --- MultiDimFit ---
best fit parameter values and profile-likelihood uncertainties: 
   r :    +1.174   -0.546/+0.551 (68%)
Set Range of Parameter r To : (-2,100)
Doing initial fit: 

 --- MultiDimFit ---
best fit parameter values and profile-likelihood uncertainties: 
   r :    +0.946   -0.546/+0.568 (68%)
Set Range of Parameter r To : (-2,100)
Doing initial fit: 

 --- MultiDimFit ---
best fit parameter values and profile-likelihood uncertainties: 
   r :    +0.874   -0.483/+0.498 (68%)
Set Range of Parameter r To : (-2,100)
Doing initial fit: 

 --- MultiDimFit ---
best fit parameter values and profile-likelihood uncertainties: 
   r :    +0.973   -0.489/+0.500 (68%)
Set Range of Parameter r To : (-2,100)
Doing initial fit: 

 --- MultiDimFit ---
best fit parameter values and profile-likelihood uncertainties: 
   r :    +0.949   -0.528/+0.523 (68%)
Set Range of Parameter r To : (-2,100)
Doing initial fit: 

 --- MultiDimFit ---
best fit parameter values and profile-likelihood uncertainties: 
   r :    +1.808   -0.540/+0.553 (68%)
Set Range of Parameter r To : (-2,100)
Doing initial fit: 

 --- MultiDimFit ---
best fit parameter values and profile-likelihood uncertainties: 
   r :    +1.876   -0.560/+0.566 (68%)
Set Range of Parameter r To : (-2,100)
Doing initial fit: 

 --- MultiDimFit ---
best fit parameter values and profile-likelihood uncertainties: 
   r :    +0.604   -0.459/+0.481 (68%)
Set Range of Parameter r To : (-2,100)
Doing initial fit: 

 --- MultiDimFit ---
best fit parameter values and profile-likelihood uncertainties: 
   r :    +0.479   -0.540/+0.522 (68%)
Set Range of Parameter r To : (-2,100)
Doing initial fit: 

 --- MultiDimFit ---
best fit parameter values and profile-likelihood uncertainties: 
   r :    +1.374   -0.559/+0.669 (68%)
Set Range of Parameter r To : (-2,100)
Doing initial fit: 

 --- MultiDimFit ---
best fit parameter values and profile-likelihood uncertainties: 
   r :    +1.978   -0.547/+0.563 (68%)
Set Range of Parameter r To : (-2,100)
Doing initial fit: 

 --- MultiDimFit ---
best fit parameter values and profile-likelihood uncertainties: 
   r :    +0.729   -0.532/+0.589 (68%)
Set Range of Parameter r To : (-2,100)
Doing initial fit: 

 --- MultiDimFit ---
best fit parameter values and profile-likelihood uncertainties: 
   r :    +1.339   -0.564/+0.611 (68%)
Set Range of Parameter r To : (-2,100)
Doing initial fit: 

 --- MultiDimFit ---
best fit parameter values and profile-likelihood uncertainties: 
   r :    +0.905   -0.476/+0.487 (68%)
Set Range of Parameter r To : (-2,100)
Doing initial fit: 

 --- MultiDimFit ---
best fit parameter values and profile-likelihood uncertainties: 
   r :    +1.253   -0.524/+0.529 (68%)
Set Range of Parameter r To : (-2,100)
Doing initial fit: 

 --- MultiDimFit ---
best fit parameter values and profile-likelihood uncertainties: 
   r :    +1.244   -0.505/+0.518 (68%)
Set Range of Parameter r To : (-2,100)
Doing initial fit: 

 --- MultiDimFit ---
best fit parameter values and profile-likelihood uncertainties: 
   r :    +1.047   -0.539/+0.533 (68%)
Set Range of Parameter r To : (-2,100)
Doing initial fit: 

 --- MultiDimFit ---
best fit parameter values and profile-likelihood uncertainties: 
   r :    +1.220   -0.524/+0.529 (68%)
Set Range of Parameter r To : (-2,100)
Doing initial fit: 

 --- MultiDimFit ---
best fit parameter values and profile-likelihood uncertainties: 
   r :    +0.036   -0.444/+0.455 (68%)
Set Range of Parameter r To : (-2,100)
Doing initial fit: 

 --- MultiDimFit ---
best fit parameter values and profile-likelihood uncertainties: 
   r :    +0.657   -0.470/+0.484 (68%)
Set Range of Parameter r To : (-2,100)
Doing initial fit: 

 --- MultiDimFit ---
best fit parameter values and profile-likelihood uncertainties: 
   r :    +0.811   -0.497/+0.503 (68%)
Set Range of Parameter r To : (-2,100)
Doing initial fit: 

 --- MultiDimFit ---
best fit parameter values and profile-likelihood uncertainties: 
   r :    +0.203   -0.475/+0.475 (68%)
Set Range of Parameter r To : (-2,100)
Doing initial fit: 

 --- MultiDimFit ---
best fit parameter values and profile-likelihood uncertainties: 
   r :    +1.451   -0.550/+0.546 (68%)
Set Range of Parameter r To : (-2,100)
Doing initial fit: 

 --- MultiDimFit ---
best fit parameter values and profile-likelihood uncertainties: 
   r :    +1.217   -0.504/+0.524 (68%)
Set Range of Parameter r To : (-2,100)
Doing initial fit: 

 --- MultiDimFit ---
best fit parameter values and profile-likelihood uncertainties: 
   r :    +0.614   -0.519/+0.516 (68%)
Set Range of Parameter r To : (-2,100)
Doing initial fit: 

 --- MultiDimFit ---
best fit parameter values and profile-likelihood uncertainties: 
   r :    +0.430   -0.500/+0.494 (68%)
Set Range of Parameter r To : (-2,100)
Doing initial fit: 

 --- MultiDimFit ---
best fit parameter values and profile-likelihood uncertainties: 
   r :    +0.267   -0.466/+0.473 (68%)
Set Range of Parameter r To : (-2,100)
Doing initial fit: 

 --- MultiDimFit ---
best fit parameter values and profile-likelihood uncertainties: 
   r :    +0.805   -0.477/+0.495 (68%)
Set Range of Parameter r To : (-2,100)
Doing initial fit: 

 --- MultiDimFit ---
best fit parameter values and profile-likelihood uncertainties: 
   r :    +1.117   -0.508/+0.520 (68%)
Set Range of Parameter r To : (-2,100)
Doing initial fit: 

 --- MultiDimFit ---
best fit parameter values and profile-likelihood uncertainties: 
   r :    +0.517   -0.511/+0.502 (68%)
Set Range of Parameter r To : (-2,100)
Doing initial fit: 

 --- MultiDimFit ---
best fit parameter values and profile-likelihood uncertainties: 
   r :    +1.099   -0.570/+0.571 (68%)
Set Range of Parameter r To : (-2,100)
Doing initial fit: 

 --- MultiDimFit ---
best fit parameter values and profile-likelihood uncertainties: 
   r :    +0.626   -0.527/+0.628 (68%)
Set Range of Parameter r To : (-2,100)
Doing initial fit: 

 --- MultiDimFit ---
best fit parameter values and profile-likelihood uncertainties: 
   r :    +0.671   -0.518/+0.510 (68%)
Set Range of Parameter r To : (-2,100)
Doing initial fit: 

 --- MultiDimFit ---
best fit parameter values and profile-likelihood uncertainties: 
   r :    +1.119   -0.553/+0.563 (68%)
Set Range of Parameter r To : (-2,100)
Doing initial fit: 

 --- MultiDimFit ---
best fit parameter values and profile-likelihood uncertainties: 
   r :    +2.024   -0.589/+0.596 (68%)
Set Range of Parameter r To : (-2,100)
Doing initial fit: 

 --- MultiDimFit ---
best fit parameter values and profile-likelihood uncertainties: 
   r :    +1.219   -0.570/+0.594 (68%)
Set Range of Parameter r To : (-2,100)
Doing initial fit: 

 --- MultiDimFit ---
best fit parameter values and profile-likelihood uncertainties: 
   r :    +1.167   -0.559/+0.565 (68%)
Set Range of Parameter r To : (-2,100)
Doing initial fit: 

 --- MultiDimFit ---
best fit parameter values and profile-likelihood uncertainties: 
   r :    +1.037   -0.567/+0.689 (68%)
Set Range of Parameter r To : (-2,100)
Doing initial fit: 

 --- MultiDimFit ---
best fit parameter values and profile-likelihood uncertainties: 
   r :    +0.780   -0.560/+0.521 (68%)
Set Range of Parameter r To : (-2,100)
Doing initial fit: 

 --- MultiDimFit ---
best fit parameter values and profile-likelihood uncertainties: 
   r :    +0.868   -0.527/+0.520 (68%)
Set Range of Parameter r To : (-2,100)
Doing initial fit: 

 --- MultiDimFit ---
best fit parameter values and profile-likelihood uncertainties: 
   r :    +1.298   -0.555/+0.682 (68%)
Set Range of Parameter r To : (-2,100)
Doing initial fit: 

 --- MultiDimFit ---
best fit parameter values and profile-likelihood uncertainties: 
   r :    +0.730   -0.516/+0.511 (68%)
Set Range of Parameter r To : (-2,100)
Doing initial fit: 

 --- MultiDimFit ---
best fit parameter values and profile-likelihood uncertainties: 
   r :    +1.344   -0.564/+0.630 (68%)
Set Range of Parameter r To : (-2,100)
Doing initial fit: 

 --- MultiDimFit ---
best fit parameter values and profile-likelihood uncertainties: 
   r :    +1.046   -0.489/+0.510 (68%)
Set Range of Parameter r To : (-2,100)
Doing initial fit: 

 --- MultiDimFit ---
best fit parameter values and profile-likelihood uncertainties: 
   r :    +2.247   -0.603/+0.739 (68%)
Set Range of Parameter r To : (-2,100)
Doing initial fit: 

 --- MultiDimFit ---
best fit parameter values and profile-likelihood uncertainties: 
   r :    +0.552   -0.535/+0.602 (68%)
Set Range of Parameter r To : (-2,100)
Doing initial fit: 

 --- MultiDimFit ---
best fit parameter values and profile-likelihood uncertainties: 
   r :    +1.523   -0.571/+0.642 (68%)
Set Range of Parameter r To : (-2,100)
Doing initial fit: 

 --- MultiDimFit ---
best fit parameter values and profile-likelihood uncertainties: 
   r :    +0.674   -0.531/+0.505 (68%)
Set Range of Parameter r To : (-2,100)
Doing initial fit: 

 --- MultiDimFit ---
best fit parameter values and profile-likelihood uncertainties: 
   r :    +0.151   -0.460/+0.468 (68%)
Set Range of Parameter r To : (-2,100)
Doing initial fit: 

 --- MultiDimFit ---
best fit parameter values and profile-likelihood uncertainties: 
   r :    +0.794   -0.574/+0.624 (68%)
Set Range of Parameter r To : (-2,100)
Doing initial fit: 

 --- MultiDimFit ---
best fit parameter values and profile-likelihood uncertainties: 
   r :    +1.317   -0.512/+0.526 (68%)
Set Range of Parameter r To : (-2,100)
Doing initial fit: 

 --- MultiDimFit ---
best fit parameter values and profile-likelihood uncertainties: 
   r :    +2.262   -0.593/+0.592 (68%)
Set Range of Parameter r To : (-2,100)
Doing initial fit: 

 --- MultiDimFit ---
best fit parameter values and profile-likelihood uncertainties: 
   r :    +0.119   -0.509/+0.582 (68%)
Set Range of Parameter r To : (-2,100)
Doing initial fit: 

 --- MultiDimFit ---
best fit parameter values and profile-likelihood uncertainties: 
   r :    +1.121   -0.538/+0.531 (68%)
Set Range of Parameter r To : (-2,100)
Doing initial fit: 

 --- MultiDimFit ---
best fit parameter values and profile-likelihood uncertainties: 
   r :    +0.752   -0.526/+0.519 (68%)
Set Range of Parameter r To : (-2,100)
Doing initial fit: 

 --- MultiDimFit ---
best fit parameter values and profile-likelihood uncertainties: 
   r :    +0.204   -0.506/+0.605 (68%)
Set Range of Parameter r To : (-2,100)
Doing initial fit: 

 --- MultiDimFit ---
best fit parameter values and profile-likelihood uncertainties: 
   r :    +1.400   -0.578/+0.665 (68%)
Set Range of Parameter r To : (-2,100)
Doing initial fit: 

 --- MultiDimFit ---
best fit parameter values and profile-likelihood uncertainties: 
   r :    +1.073   -0.529/+0.530 (68%)
Set Range of Parameter r To : (-2,100)
Doing initial fit: 

 --- MultiDimFit ---
best fit parameter values and profile-likelihood uncertainties: 
   r :    +1.465   -0.518/+0.533 (68%)
Set Range of Parameter r To : (-2,100)
Doing initial fit: 

 --- MultiDimFit ---
best fit parameter values and profile-likelihood uncertainties: 
   r :    +1.277   -0.501/+0.518 (68%)
Set Range of Parameter r To : (-2,100)
Doing initial fit: 

 --- MultiDimFit ---
best fit parameter values and profile-likelihood uncertainties: 
   r :    +1.970   -0.591/+0.588 (68%)
Set Range of Parameter r To : (-2,100)
Doing initial fit: 

 --- MultiDimFit ---
best fit parameter values and profile-likelihood uncertainties: 
   r :    +0.775   -0.461/+0.485 (68%)
Set Range of Parameter r To : (-2,100)
Doing initial fit: 

 --- MultiDimFit ---
best fit parameter values and profile-likelihood uncertainties: 
   r :    +1.644   -0.576/+0.568 (68%)
Set Range of Parameter r To : (-2,100)
Doing initial fit: 

 --- MultiDimFit ---
best fit parameter values and profile-likelihood uncertainties: 
   r :    +1.588   -0.580/+0.688 (68%)
Set Range of Parameter r To : (-2,100)
Doing initial fit: 

 --- MultiDimFit ---
best fit parameter values and profile-likelihood uncertainties: 
   r :    +0.658   -0.517/+0.511 (68%)
Set Range of Parameter r To : (-2,100)
Doing initial fit: 

 --- MultiDimFit ---
best fit parameter values and profile-likelihood uncertainties: 
   r :    +0.390   -0.526/+0.580 (68%)
Set Range of Parameter r To : (-2,100)
Doing initial fit: 

 --- MultiDimFit ---
best fit parameter values and profile-likelihood uncertainties: 
   r :    +0.605   -0.533/+0.506 (68%)
Set Range of Parameter r To : (-2,100)
Doing initial fit: 

 --- MultiDimFit ---
best fit parameter values and profile-likelihood uncertainties: 
   r :    +0.407   -0.498/+0.495 (68%)
Set Range of Parameter r To : (-2,100)
Doing initial fit: 

 --- MultiDimFit ---
best fit parameter values and profile-likelihood uncertainties: 
   r :    +0.971   -0.572/+0.681 (68%)
Set Range of Parameter r To : (-2,100)
Doing initial fit: 

 --- MultiDimFit ---
best fit parameter values and profile-likelihood uncertainties: 
   r :    +0.418   -0.463/+0.478 (68%)
Set Range of Parameter r To : (-2,100)
Doing initial fit: 

 

 ---------------------------

 WARNING: MultiDimFit failed

 ---------------------------

 
Set Range of Parameter r To : (-2,100)
Doing initial fit: 

 --- MultiDimFit ---
best fit parameter values and profile-likelihood uncertainties: 
   r :    +0.734   -0.495/+0.499 (68%)
Set Range of Parameter r To : (-2,100)
Doing initial fit: 

 --- MultiDimFit ---
best fit parameter values and profile-likelihood uncertainties: 
   r :    +1.145   -0.591/+0.642 (68%)
Set Range of Parameter r To : (-2,100)
Doing initial fit: 

 --- MultiDimFit ---
best fit parameter values and profile-likelihood uncertainties: 
   r :    +0.679   -0.493/+0.496 (68%)
Set Range of Parameter r To : (-2,100)
Doing initial fit: 

 --- MultiDimFit ---
best fit parameter values and profile-likelihood uncertainties: 
   r :    +2.783   -0.632/+0.704 (68%)
Set Range of Parameter r To : (-2,100)
Doing initial fit: 

 --- MultiDimFit ---
best fit parameter values and profile-likelihood uncertainties: 
   r :    +0.521   -0.545/+0.515 (68%)
Set Range of Parameter r To : (-2,100)
Doing initial fit: 

 --- MultiDimFit ---
best fit parameter values and profile-likelihood uncertainties: 
   r :    +0.834   -0.544/+0.539 (68%)
Set Range of Parameter r To : (-2,100)
Doing initial fit: 

 --- MultiDimFit ---
best fit parameter values and profile-likelihood uncertainties: 
   r :    +1.246   -0.491/+0.515 (68%)
Set Range of Parameter r To : (-2,100)
Doing initial fit: 

 --- MultiDimFit ---
best fit parameter values and profile-likelihood uncertainties: 
   r :    +1.122   -0.552/+0.609 (68%)
Set Range of Parameter r To : (-2,100)
Doing initial fit: 

 --- MultiDimFit ---
best fit parameter values and profile-likelihood uncertainties: 
   r :    +0.332   -0.516/+0.604 (68%)
Set Range of Parameter r To : (-2,100)
Doing initial fit: 

 --- MultiDimFit ---
best fit parameter values and profile-likelihood uncertainties: 
   r :    +1.530   -0.526/+0.538 (68%)
Set Range of Parameter r To : (-2,100)
Doing initial fit: 

 --- MultiDimFit ---
best fit parameter values and profile-likelihood uncertainties: 
   r :    +1.137   -0.552/+0.591 (68%)
Set Range of Parameter r To : (-2,100)
Doing initial fit: 

 --- MultiDimFit ---
best fit parameter values and profile-likelihood uncertainties: 
   r :    +0.234   -0.509/+0.595 (68%)
Set Range of Parameter r To : (-2,100)
Doing initial fit: 

 --- MultiDimFit ---
best fit parameter values and profile-likelihood uncertainties: 
   r :    +1.521   -0.577/+0.589 (68%)
Set Range of Parameter r To : (-2,100)
Doing initial fit: 

 --- MultiDimFit ---
best fit parameter values and profile-likelihood uncertainties: 
   r :    +1.177   -0.546/+0.547 (68%)
Set Range of Parameter r To : (-2,100)
Doing initial fit: 

 --- MultiDimFit ---
best fit parameter values and profile-likelihood uncertainties: 
   r :    +0.224   -0.491/+0.485 (68%)
Set Range of Parameter r To : (-2,100)
Doing initial fit: 

 --- MultiDimFit ---
best fit parameter values and profile-likelihood uncertainties: 
   r :    +0.503   -0.520/+0.509 (68%)
Set Range of Parameter r To : (-2,100)
Doing initial fit: 

 --- MultiDimFit ---
best fit parameter values and profile-likelihood uncertainties: 
   r :    +2.230   -0.564/+0.576 (68%)
Set Range of Parameter r To : (-2,100)
Doing initial fit: 

 --- MultiDimFit ---
best fit parameter values and profile-likelihood uncertainties: 
   r :    -0.040   -0.463/+0.463 (68%)
Set Range of Parameter r To : (-2,100)
Doing initial fit: 

 --- MultiDimFit ---
best fit parameter values and profile-likelihood uncertainties: 
   r :    +0.443   -0.473/+0.481 (68%)
Set Range of Parameter r To : (-2,100)
Doing initial fit: 

 --- MultiDimFit ---
best fit parameter values and profile-likelihood uncertainties: 
   r :    +0.648   -0.527/+0.521 (68%)
Set Range of Parameter r To : (-2,100)
Doing initial fit: 

 --- MultiDimFit ---
best fit parameter values and profile-likelihood uncertainties: 
   r :    +1.497   -0.606/+0.569 (68%)
Set Range of Parameter r To : (-2,100)
Doing initial fit: 

 --- MultiDimFit ---
best fit parameter values and profile-likelihood uncertainties: 
   r :    +0.397   -0.478/+0.482 (68%)
Set Range of Parameter r To : (-2,100)
Doing initial fit: 

 --- MultiDimFit ---
best fit parameter values and profile-likelihood uncertainties: 
   r :    +0.614   -0.457/+0.475 (68%)
Set Range of Parameter r To : (-2,100)
Doing initial fit: 

 --- MultiDimFit ---
best fit parameter values and profile-likelihood uncertainties: 
   r :    +1.947   -0.584/+0.582 (68%)
Set Range of Parameter r To : (-2,100)
Doing initial fit: 

 --- MultiDimFit ---
best fit parameter values and profile-likelihood uncertainties: 
   r :    +0.949   -0.517/+0.512 (68%)
Set Range of Parameter r To : (-2,100)
Doing initial fit: 

 --- MultiDimFit ---
best fit parameter values and profile-likelihood uncertainties: 
   r :    +1.541   -0.563/+0.563 (68%)
Set Range of Parameter r To : (-2,100)
Doing initial fit: 

 --- MultiDimFit ---
best fit parameter values and profile-likelihood uncertainties: 
   r :    -0.042   -0.490/+0.585 (68%)
Set Range of Parameter r To : (-2,100)
Doing initial fit: 

 --- MultiDimFit ---
best fit parameter values and profile-likelihood uncertainties: 
   r :    +0.947   -0.531/+0.512 (68%)
Set Range of Parameter r To : (-2,100)
Doing initial fit: 

 --- MultiDimFit ---
best fit parameter values and profile-likelihood uncertainties: 
   r :    +1.446   -0.530/+0.539 (68%)
Set Range of Parameter r To : (-2,100)
Doing initial fit: 

 --- MultiDimFit ---
best fit parameter values and profile-likelihood uncertainties: 
   r :    +0.765   -0.535/+0.532 (68%)
Set Range of Parameter r To : (-2,100)
Doing initial fit: 

 --- MultiDimFit ---
best fit parameter values and profile-likelihood uncertainties: 
   r :    +1.003   -0.527/+0.531 (68%)
Set Range of Parameter r To : (-2,100)
Doing initial fit: 

 --- MultiDimFit ---
best fit parameter values and profile-likelihood uncertainties: 
   r :    +1.664   -0.533/+0.548 (68%)
Set Range of Parameter r To : (-2,100)
Doing initial fit: 

 --- MultiDimFit ---
best fit parameter values and profile-likelihood uncertainties: 
   r :    +0.238   -0.467/+0.470 (68%)
Set Range of Parameter r To : (-2,100)
Doing initial fit: 

 --- MultiDimFit ---
best fit parameter values and profile-likelihood uncertainties: 
   r :    +0.858   -0.520/+0.515 (68%)
Set Range of Parameter r To : (-2,100)
Doing initial fit: 

 --- MultiDimFit ---
best fit parameter values and profile-likelihood uncertainties: 
   r :    +0.865   -0.535/+0.532 (68%)
Set Range of Parameter r To : (-2,100)
Doing initial fit: 

 --- MultiDimFit ---
best fit parameter values and profile-likelihood uncertainties: 
   r :    +0.599   -0.496/+0.499 (68%)
Set Range of Parameter r To : (-2,100)
Doing initial fit: 

 --- MultiDimFit ---
best fit parameter values and profile-likelihood uncertainties: 
   r :    +1.329   -0.559/+0.560 (68%)
Set Range of Parameter r To : (-2,100)
Doing initial fit: 

 --- MultiDimFit ---
best fit parameter values and profile-likelihood uncertainties: 
   r :    +1.916   -0.583/+0.594 (68%)
Set Range of Parameter r To : (-2,100)
Doing initial fit: 

 --- MultiDimFit ---
best fit parameter values and profile-likelihood uncertainties: 
   r :    +0.712   -0.494/+0.499 (68%)
Set Range of Parameter r To : (-2,100)
Doing initial fit: 

 --- MultiDimFit ---
best fit parameter values and profile-likelihood uncertainties: 
   r :    +1.329   -0.527/+0.532 (68%)
Set Range of Parameter r To : (-2,100)
Doing initial fit: 

 --- MultiDimFit ---
best fit parameter values and profile-likelihood uncertainties: 
   r :    +0.172   -0.477/+0.474 (68%)
Set Range of Parameter r To : (-2,100)
Doing initial fit: 

 --- MultiDimFit ---
best fit parameter values and profile-likelihood uncertainties: 
   r :    +1.053   -0.538/+0.528 (68%)
Set Range of Parameter r To : (-2,100)
Doing initial fit: 

 --- MultiDimFit ---
best fit parameter values and profile-likelihood uncertainties: 
   r :    +2.288   -0.609/+0.597 (68%)
Set Range of Parameter r To : (-2,100)
Doing initial fit: 

 --- MultiDimFit ---
best fit parameter values and profile-likelihood uncertainties: 
   r :    -0.030   -0.513/+0.521 (68%)
Set Range of Parameter r To : (-2,100)
Doing initial fit: 

 --- MultiDimFit ---
best fit parameter values and profile-likelihood uncertainties: 
   r :    +1.695   -0.543/+0.551 (68%)
Set Range of Parameter r To : (-2,100)
Doing initial fit: 

 --- MultiDimFit ---
best fit parameter values and profile-likelihood uncertainties: 
   r :    +0.812   -0.550/+0.547 (68%)
Set Range of Parameter r To : (-2,100)
Doing initial fit: 

 --- MultiDimFit ---
best fit parameter values and profile-likelihood uncertainties: 
   r :    +1.421   -0.562/+0.624 (68%)
Set Range of Parameter r To : (-2,100)
Doing initial fit: 

 --- MultiDimFit ---
best fit parameter values and profile-likelihood uncertainties: 
   r :    +0.443   -0.535/+0.580 (68%)
Set Range of Parameter r To : (-2,100)
Doing initial fit: 

 --- MultiDimFit ---
best fit parameter values and profile-likelihood uncertainties: 
   r :    +0.226   -0.660/+0.477 (68%)
Set Range of Parameter r To : (-2,100)
Doing initial fit: 

 --- MultiDimFit ---
best fit parameter values and profile-likelihood uncertainties: 
   r :    +1.665   -0.562/+0.565 (68%)
Set Range of Parameter r To : (-2,100)
Doing initial fit: 

 --- MultiDimFit ---
best fit parameter values and profile-likelihood uncertainties: 
   r :    +0.512   -0.498/+0.495 (68%)
Set Range of Parameter r To : (-2,100)
Doing initial fit: 

 --- MultiDimFit ---
best fit parameter values and profile-likelihood uncertainties: 
   r :    +2.090   -0.549/+0.565 (68%)
Set Range of Parameter r To : (-2,100)
Doing initial fit: 

 --- MultiDimFit ---
best fit parameter values and profile-likelihood uncertainties: 
   r :    +0.427   -0.475/+0.479 (68%)
Set Range of Parameter r To : (-2,100)
Doing initial fit: 

 --- MultiDimFit ---
best fit parameter values and profile-likelihood uncertainties: 
   r :    +1.984   -0.587/+0.588 (68%)
Set Range of Parameter r To : (-2,100)
Doing initial fit: 

 --- MultiDimFit ---
best fit parameter values and profile-likelihood uncertainties: 
   r :    +1.796   -0.535/+0.550 (68%)
Set Range of Parameter r To : (-2,100)
Doing initial fit: 

 --- MultiDimFit ---
best fit parameter values and profile-likelihood uncertainties: 
   r :    +1.891   -0.585/+0.717 (68%)
Set Range of Parameter r To : (-2,100)
Doing initial fit: 

 --- MultiDimFit ---
best fit parameter values and profile-likelihood uncertainties: 
   r :    +0.712   -0.476/+0.490 (68%)
Set Range of Parameter r To : (-2,100)
Doing initial fit: 

 --- MultiDimFit ---
best fit parameter values and profile-likelihood uncertainties: 
   r :    +0.616   -0.557/+0.557 (68%)
Set Range of Parameter r To : (-2,100)
Doing initial fit: 

 --- MultiDimFit ---
best fit parameter values and profile-likelihood uncertainties: 
   r :    +1.476   -0.513/+0.530 (68%)
Set Range of Parameter r To : (-2,100)
Doing initial fit: 

 --- MultiDimFit ---
best fit parameter values and profile-likelihood uncertainties: 
   r :    +2.912   -0.624/+0.753 (68%)
Set Range of Parameter r To : (-2,100)
Doing initial fit: 

 --- MultiDimFit ---
best fit parameter values and profile-likelihood uncertainties: 
   r :    -0.003   -0.506/+0.517 (68%)
Set Range of Parameter r To : (-2,100)
Doing initial fit: 

 --- MultiDimFit ---
best fit parameter values and profile-likelihood uncertainties: 
   r :    +1.234   -0.535/+0.532 (68%)
Set Range of Parameter r To : (-2,100)
Doing initial fit: 

 --- MultiDimFit ---
best fit parameter values and profile-likelihood uncertainties: 
   r :    +0.850   -0.466/+0.484 (68%)
Set Range of Parameter r To : (-2,100)
Doing initial fit: 

 

 ---------------------------

 WARNING: MultiDimFit failed

 ---------------------------

 
Set Range of Parameter r To : (-2,100)
Doing initial fit: 

 --- MultiDimFit ---
best fit parameter values and profile-likelihood uncertainties: 
   r :    +0.232   -0.506/+0.504 (68%)
Set Range of Parameter r To : (-2,100)
Doing initial fit: 

 --- MultiDimFit ---
best fit parameter values and profile-likelihood uncertainties: 
   r :    +1.695   -0.584/+0.605 (68%)
Set Range of Parameter r To : (-2,100)
Doing initial fit: 

 --- MultiDimFit ---
best fit parameter values and profile-likelihood uncertainties: 
   r :    +1.436   -0.555/+0.554 (68%)
Set Range of Parameter r To : (-2,100)
Doing initial fit: 

 --- MultiDimFit ---
best fit parameter values and profile-likelihood uncertainties: 
   r :    +0.033   -0.431/+0.448 (68%)
Set Range of Parameter r To : (-2,100)
Doing initial fit: 

 --- MultiDimFit ---
best fit parameter values and profile-likelihood uncertainties: 
   r :    +1.771   -0.578/+0.659 (68%)
Set Range of Parameter r To : (-2,100)
Doing initial fit: 

 --- MultiDimFit ---
best fit parameter values and profile-likelihood uncertainties: 
   r :    -0.064   -0.455/+0.458 (68%)
Set Range of Parameter r To : (-2,100)
Doing initial fit: 

 --- MultiDimFit ---
best fit parameter values and profile-likelihood uncertainties: 
   r :    +1.100   -0.549/+0.560 (68%)
Set Range of Parameter r To : (-2,100)
Doing initial fit: 

 --- MultiDimFit ---
best fit parameter values and profile-likelihood uncertainties: 
   r :    +1.383   -0.548/+0.548 (68%)
Set Range of Parameter r To : (-2,100)
Doing initial fit: 

 --- MultiDimFit ---
best fit parameter values and profile-likelihood uncertainties: 
   r :    +1.484   -0.567/+0.580 (68%)
Set Range of Parameter r To : (-2,100)
Doing initial fit: 

 --- MultiDimFit ---
best fit parameter values and profile-likelihood uncertainties: 
   r :    +1.771   -0.563/+0.561 (68%)
Set Range of Parameter r To : (-2,100)
Doing initial fit: 

 --- MultiDimFit ---
best fit parameter values and profile-likelihood uncertainties: 
   r :    +1.276   -0.561/+0.575 (68%)
Set Range of Parameter r To : (-2,100)
Doing initial fit: 

 --- MultiDimFit ---
best fit parameter values and profile-likelihood uncertainties: 
   r :    +0.495   -0.628/+0.533 (68%)
Set Range of Parameter r To : (-2,100)
Doing initial fit: 

 --- MultiDimFit ---
best fit parameter values and profile-likelihood uncertainties: 
   r :    +1.259   -0.529/+0.531 (68%)
Set Range of Parameter r To : (-2,100)
Doing initial fit: 

 --- MultiDimFit ---
best fit parameter values and profile-likelihood uncertainties: 
   r :    +1.248   -0.503/+0.517 (68%)
Set Range of Parameter r To : (-2,100)
Doing initial fit: 

 --- MultiDimFit ---
best fit parameter values and profile-likelihood uncertainties: 
   r :    -0.048   -0.454/+0.456 (68%)
Set Range of Parameter r To : (-2,100)
Doing initial fit: 

 --- MultiDimFit ---
best fit parameter values and profile-likelihood uncertainties: 
   r :    +0.596   -0.526/+0.527 (68%)
Set Range of Parameter r To : (-2,100)
Doing initial fit: 

 --- MultiDimFit ---
best fit parameter values and profile-likelihood uncertainties: 
   r :    +1.008   -0.562/+0.640 (68%)
Set Range of Parameter r To : (-2,100)
Doing initial fit: 

 --- MultiDimFit ---
best fit parameter values and profile-likelihood uncertainties: 
   r :    +1.332   -0.526/+0.533 (68%)
Set Range of Parameter r To : (-2,100)
Doing initial fit: 

 --- MultiDimFit ---
best fit parameter values and profile-likelihood uncertainties: 
   r :    +0.398   -0.452/+0.470 (68%)
Set Range of Parameter r To : (-2,100)
Doing initial fit: 

 --- MultiDimFit ---
best fit parameter values and profile-likelihood uncertainties: 
   r :    +0.724   -0.481/+0.490 (68%)
Set Range of Parameter r To : (-2,100)
Doing initial fit: 

 --- MultiDimFit ---
best fit parameter values and profile-likelihood uncertainties: 
   r :    +1.220   -0.510/+0.522 (68%)
Set Range of Parameter r To : (-2,100)
Doing initial fit: 

 --- MultiDimFit ---
best fit parameter values and profile-likelihood uncertainties: 
   r :    +0.583   -0.534/+0.614 (68%)
Set Range of Parameter r To : (-2,100)
Doing initial fit: 

 --- MultiDimFit ---
best fit parameter values and profile-likelihood uncertainties: 
   r :    +0.842   -0.493/+0.500 (68%)
Set Range of Parameter r To : (-2,100)
Doing initial fit: 

 --- MultiDimFit ---
best fit parameter values and profile-likelihood uncertainties: 
   r :    +1.121   -0.494/+0.514 (68%)
Set Range of Parameter r To : (-2,100)
Doing initial fit: 

 --- MultiDimFit ---
best fit parameter values and profile-likelihood uncertainties: 
   r :    +0.976   -0.519/+0.515 (68%)
Set Range of Parameter r To : (-2,100)
Doing initial fit: 

 --- MultiDimFit ---
best fit parameter values and profile-likelihood uncertainties: 
   r :    +1.353   -0.556/+0.559 (68%)
Set Range of Parameter r To : (-2,100)
Doing initial fit: 

 --- MultiDimFit ---
best fit parameter values and profile-likelihood uncertainties: 
   r :    +0.814   -0.550/+0.560 (68%)
Set Range of Parameter r To : (-2,100)
Doing initial fit: 

 --- MultiDimFit ---
best fit parameter values and profile-likelihood uncertainties: 
   r :    +2.053   -0.520/+0.548 (68%)
Set Range of Parameter r To : (-2,100)
Doing initial fit: 

 --- MultiDimFit ---
best fit parameter values and profile-likelihood uncertainties: 
   r :    +0.876   -0.681/+0.508 (68%)
Set Range of Parameter r To : (-2,100)
Doing initial fit: 

 --- MultiDimFit ---
best fit parameter values and profile-likelihood uncertainties: 
   r :    +1.186   -0.540/+0.542 (68%)
Set Range of Parameter r To : (-2,100)
Doing initial fit: 

 --- MultiDimFit ---
best fit parameter values and profile-likelihood uncertainties: 
   r :    +1.020   -0.549/+0.562 (68%)
Set Range of Parameter r To : (-2,100)
Doing initial fit: 

 --- MultiDimFit ---
best fit parameter values and profile-likelihood uncertainties: 
   r :    +0.490   -0.491/+0.491 (68%)
Set Range of Parameter r To : (-2,100)
Doing initial fit: 

 --- MultiDimFit ---
best fit parameter values and profile-likelihood uncertainties: 
   r :    +1.471   -0.574/+0.662 (68%)
Set Range of Parameter r To : (-2,100)
Doing initial fit: 

 --- MultiDimFit ---
best fit parameter values and profile-likelihood uncertainties: 
   r :    +1.424   -0.529/+0.537 (68%)
Set Range of Parameter r To : (-2,100)
Doing initial fit: 

 --- MultiDimFit ---
best fit parameter values and profile-likelihood uncertainties: 
   r :    +1.230   -0.504/+0.517 (68%)
Set Range of Parameter r To : (-2,100)
Doing initial fit: 

 --- MultiDimFit ---
best fit parameter values and profile-likelihood uncertainties: 
   r :    +0.953   -0.555/+0.607 (68%)
Set Range of Parameter r To : (-2,100)
Doing initial fit: 

 --- MultiDimFit ---
best fit parameter values and profile-likelihood uncertainties: 
   r :    +0.642   -0.479/+0.490 (68%)
Set Range of Parameter r To : (-2,100)
Doing initial fit: 

 --- MultiDimFit ---
best fit parameter values and profile-likelihood uncertainties: 
   r :    +1.291   -0.510/+0.523 (68%)
Set Range of Parameter r To : (-2,100)
Doing initial fit: 

 --- MultiDimFit ---
best fit parameter values and profile-likelihood uncertainties: 
   r :    +0.746   -0.528/+0.521 (68%)
Set Range of Parameter r To : (-2,100)
Doing initial fit: 

 --- MultiDimFit ---
best fit parameter values and profile-likelihood uncertainties: 
   r :    -0.289   -0.478/+0.458 (68%)
Set Range of Parameter r To : (-2,100)
Doing initial fit: 

 --- MultiDimFit ---
best fit parameter values and profile-likelihood uncertainties: 
   r :    +1.473   -0.570/+0.565 (68%)
Set Range of Parameter r To : (-2,100)
Doing initial fit: 

 --- MultiDimFit ---
best fit parameter values and profile-likelihood uncertainties: 
   r :    +1.384   -0.517/+0.531 (68%)
Set Range of Parameter r To : (-2,100)
Doing initial fit: 

 --- MultiDimFit ---
best fit parameter values and profile-likelihood uncertainties: 
   r :    +0.340   -0.529/+0.509 (68%)
Set Range of Parameter r To : (-2,100)
Doing initial fit: 

 --- MultiDimFit ---
best fit parameter values and profile-likelihood uncertainties: 
   r :    +0.647   -0.497/+0.499 (68%)
Set Range of Parameter r To : (-2,100)
Doing initial fit: 

 --- MultiDimFit ---
best fit parameter values and profile-likelihood uncertainties: 
   r :    +0.500   -0.532/+0.552 (68%)
Set Range of Parameter r To : (-2,100)
Doing initial fit: 

 --- MultiDimFit ---
best fit parameter values and profile-likelihood uncertainties: 
   r :    +1.378   -0.598/+0.633 (68%)
Set Range of Parameter r To : (-2,100)
Doing initial fit: 

 --- MultiDimFit ---
best fit parameter values and profile-likelihood uncertainties: 
   r :    +2.959   -0.644/+0.701 (68%)
Set Range of Parameter r To : (-2,100)
Doing initial fit: 

 --- MultiDimFit ---
best fit parameter values and profile-likelihood uncertainties: 
   r :    +0.522   -0.519/+0.518 (68%)
Set Range of Parameter r To : (-2,100)
Doing initial fit: 

 --- MultiDimFit ---
best fit parameter values and profile-likelihood uncertainties: 
   r :    +1.318   -0.527/+0.533 (68%)
Set Range of Parameter r To : (-2,100)
Doing initial fit: 

 --- MultiDimFit ---
best fit parameter values and profile-likelihood uncertainties: 
   r :    +0.936   -0.545/+0.542 (68%)
Set Range of Parameter r To : (-2,100)
Doing initial fit: 

 --- MultiDimFit ---
best fit parameter values and profile-likelihood uncertainties: 
   r :    +0.308   -0.522/+0.569 (68%)
Set Range of Parameter r To : (-2,100)
Doing initial fit: 

 --- MultiDimFit ---
best fit parameter values and profile-likelihood uncertainties: 
   r :    +0.863   -0.515/+0.514 (68%)
Set Range of Parameter r To : (-2,100)
Doing initial fit: 

 --- MultiDimFit ---
best fit parameter values and profile-likelihood uncertainties: 
   r :    +1.905   -0.527/+0.549 (68%)
Set Range of Parameter r To : (-2,100)
Doing initial fit: 

 --- MultiDimFit ---
best fit parameter values and profile-likelihood uncertainties: 
   r :    +0.882   -0.493/+0.501 (68%)
Set Range of Parameter r To : (-2,100)
Doing initial fit: 

 --- MultiDimFit ---
best fit parameter values and profile-likelihood uncertainties: 
   r :    +0.426   -0.554/+0.505 (68%)
Set Range of Parameter r To : (-2,100)
Doing initial fit: 

 --- MultiDimFit ---
best fit parameter values and profile-likelihood uncertainties: 
   r :    +1.013   -0.513/+0.518 (68%)
Set Range of Parameter r To : (-2,100)
Doing initial fit: 

 --- MultiDimFit ---
best fit parameter values and profile-likelihood uncertainties: 
   r :    +0.942   -0.541/+0.668 (68%)
Set Range of Parameter r To : (-2,100)
Doing initial fit: 

 --- MultiDimFit ---
best fit parameter values and profile-likelihood uncertainties: 
   r :    +0.463   -0.509/+0.500 (68%)
Set Range of Parameter r To : (-2,100)
Doing initial fit: 

 --- MultiDimFit ---
best fit parameter values and profile-likelihood uncertainties: 
   r :    +1.198   -0.511/+0.523 (68%)
Set Range of Parameter r To : (-2,100)
Doing initial fit: 

 --- MultiDimFit ---
best fit parameter values and profile-likelihood uncertainties: 
   r :    +0.821   -0.543/+0.549 (68%)
Set Range of Parameter r To : (-2,100)
Doing initial fit: 

 --- MultiDimFit ---
best fit parameter values and profile-likelihood uncertainties: 
   r :    +0.849   -0.538/+0.531 (68%)
Set Range of Parameter r To : (-2,100)
Doing initial fit: 

 --- MultiDimFit ---
best fit parameter values and profile-likelihood uncertainties: 
   r :    +0.614   -0.503/+0.501 (68%)
Set Range of Parameter r To : (-2,100)
Doing initial fit: 

 --- MultiDimFit ---
best fit parameter values and profile-likelihood uncertainties: 
   r :    +1.752   -0.557/+0.560 (68%)
Set Range of Parameter r To : (-2,100)
Doing initial fit: 

 --- MultiDimFit ---
best fit parameter values and profile-likelihood uncertainties: 
   r :    +1.641   -0.516/+0.538 (68%)
Set Range of Parameter r To : (-2,100)
Doing initial fit: 

 --- MultiDimFit ---
best fit parameter values and profile-likelihood uncertainties: 
   r :    +1.128   -0.507/+0.518 (68%)
Set Range of Parameter r To : (-2,100)
Doing initial fit: 

 --- MultiDimFit ---
best fit parameter values and profile-likelihood uncertainties: 
   r :    +1.163   -0.564/+0.586 (68%)
Set Range of Parameter r To : (-2,100)
Doing initial fit: 

 --- MultiDimFit ---
best fit parameter values and profile-likelihood uncertainties: 
   r :    +1.172   -0.610/+0.552 (68%)
Set Range of Parameter r To : (-2,100)
Doing initial fit: 

 --- MultiDimFit ---
best fit parameter values and profile-likelihood uncertainties: 
   r :    +0.978   -0.550/+0.605 (68%)
Set Range of Parameter r To : (-2,100)
Doing initial fit: 

 --- MultiDimFit ---
best fit parameter values and profile-likelihood uncertainties: 
   r :    +0.998   -0.539/+0.612 (68%)
Set Range of Parameter r To : (-2,100)
Doing initial fit: 

 --- MultiDimFit ---
best fit parameter values and profile-likelihood uncertainties: 
   r :    +1.682   -0.612/+0.589 (68%)
Set Range of Parameter r To : (-2,100)
Doing initial fit: 

 --- MultiDimFit ---
best fit parameter values and profile-likelihood uncertainties: 
   r :    +0.858   -0.553/+0.574 (68%)
Set Range of Parameter r To : (-2,100)
Doing initial fit: 

 --- MultiDimFit ---
best fit parameter values and profile-likelihood uncertainties: 
   r :    +0.898   -0.551/+0.577 (68%)
Set Range of Parameter r To : (-2,100)
Doing initial fit: 

 --- MultiDimFit ---
best fit parameter values and profile-likelihood uncertainties: 
   r :    +0.576   -0.464/+0.481 (68%)
Set Range of Parameter r To : (-2,100)
Doing initial fit: 

 --- MultiDimFit ---
best fit parameter values and profile-likelihood uncertainties: 
   r :    +0.937   -0.522/+0.520 (68%)
Set Range of Parameter r To : (-2,100)
Doing initial fit: 

 --- MultiDimFit ---
best fit parameter values and profile-likelihood uncertainties: 
   r :    +0.439   -0.529/+0.544 (68%)
Set Range of Parameter r To : (-2,100)
Doing initial fit: 

 --- MultiDimFit ---
best fit parameter values and profile-likelihood uncertainties: 
   r :    +2.153   -0.578/+0.581 (68%)
Set Range of Parameter r To : (-2,100)
Doing initial fit: 

 --- MultiDimFit ---
best fit parameter values and profile-likelihood uncertainties: 
   r :    +0.701   -0.534/+0.560 (68%)
Set Range of Parameter r To : (-2,100)
Doing initial fit: 

 --- MultiDimFit ---
best fit parameter values and profile-likelihood uncertainties: 
   r :    +1.003   -0.502/+0.505 (68%)
Set Range of Parameter r To : (-2,100)
Doing initial fit: 

 --- MultiDimFit ---
best fit parameter values and profile-likelihood uncertainties: 
   r :    +2.315   -0.571/+0.581 (68%)
Set Range of Parameter r To : (-2,100)
Doing initial fit: 

 --- MultiDimFit ---
best fit parameter values and profile-likelihood uncertainties: 
   r :    +0.775   -0.477/+0.493 (68%)
Set Range of Parameter r To : (-2,100)
Doing initial fit: 

 --- MultiDimFit ---
best fit parameter values and profile-likelihood uncertainties: 
   r :    +0.984   -0.520/+0.510 (68%)
Set Range of Parameter r To : (-2,100)
Doing initial fit: 

 --- MultiDimFit ---
best fit parameter values and profile-likelihood uncertainties: 
   r :    +0.284   -0.548/+0.492 (68%)
Set Range of Parameter r To : (-2,100)
Doing initial fit: 

 --- MultiDimFit ---
best fit parameter values and profile-likelihood uncertainties: 
   r :    +1.235   -0.525/+0.530 (68%)
Set Range of Parameter r To : (-2,100)
Doing initial fit: 

 --- MultiDimFit ---
best fit parameter values and profile-likelihood uncertainties: 
   r :    +0.999   -0.474/+0.506 (68%)
Set Range of Parameter r To : (-2,100)
Doing initial fit: 

 --- MultiDimFit ---
best fit parameter values and profile-likelihood uncertainties: 
   r :    +0.059   -0.482/+0.473 (68%)
Set Range of Parameter r To : (-2,100)
Doing initial fit: 

 --- MultiDimFit ---
best fit parameter values and profile-likelihood uncertainties: 
   r :    +1.669   -0.581/+0.572 (68%)
Set Range of Parameter r To : (-2,100)
Doing initial fit: 

 --- MultiDimFit ---
best fit parameter values and profile-likelihood uncertainties: 
   r :    +1.189   -0.512/+0.522 (68%)
Set Range of Parameter r To : (-2,100)
Doing initial fit: 

 --- MultiDimFit ---
best fit parameter values and profile-likelihood uncertainties: 
   r :    +1.673   -0.560/+0.560 (68%)
Set Range of Parameter r To : (-2,100)
Doing initial fit: 

 --- MultiDimFit ---
best fit parameter values and profile-likelihood uncertainties: 
   r :    +0.605   -0.556/+0.502 (68%)
Set Range of Parameter r To : (-2,100)
Doing initial fit: 

 --- MultiDimFit ---
best fit parameter values and profile-likelihood uncertainties: 
   r :    +0.654   -0.540/+0.528 (68%)
Set Range of Parameter r To : (-2,100)
Doing initial fit: 

 --- MultiDimFit ---
best fit parameter values and profile-likelihood uncertainties: 
   r :    +1.447   -0.539/+0.541 (68%)
Set Range of Parameter r To : (-2,100)
Doing initial fit: 

 --- MultiDimFit ---
best fit parameter values and profile-likelihood uncertainties: 
   r :    +0.801   -0.533/+0.620 (68%)
Set Range of Parameter r To : (-2,100)
Doing initial fit: 

 --- MultiDimFit ---
best fit parameter values and profile-likelihood uncertainties: 
   r :    +0.728   -0.528/+0.623 (68%)
Set Range of Parameter r To : (-2,100)
Doing initial fit: 

 --- MultiDimFit ---
best fit parameter values and profile-likelihood uncertainties: 
   r :    +0.437   -0.519/+0.515 (68%)
Set Range of Parameter r To : (-2,100)
Doing initial fit: 

 --- MultiDimFit ---
best fit parameter values and profile-likelihood uncertainties: 
   r :    +0.841   -0.505/+0.508 (68%)
Set Range of Parameter r To : (-2,100)
Doing initial fit: 

 --- MultiDimFit ---
best fit parameter values and profile-likelihood uncertainties: 
   r :    +0.870   -0.657/+0.542 (68%)
Set Range of Parameter r To : (-2,100)
Doing initial fit: 

 --- MultiDimFit ---
best fit parameter values and profile-likelihood uncertainties: 
   r :    +1.023   -0.509/+0.516 (68%)
Set Range of Parameter r To : (-2,100)
Doing initial fit: 

 --- MultiDimFit ---
best fit parameter values and profile-likelihood uncertainties: 
   r :    +0.629   -0.524/+0.540 (68%)
Set Range of Parameter r To : (-2,100)
Doing initial fit: 

 --- MultiDimFit ---
best fit parameter values and profile-likelihood uncertainties: 
   r :    +0.989   -0.471/+0.498 (68%)
Set Range of Parameter r To : (-2,100)
Doing initial fit: 

 --- MultiDimFit ---
best fit parameter values and profile-likelihood uncertainties: 
   r :    +0.591   -0.545/+0.608 (68%)
Set Range of Parameter r To : (-2,100)
Doing initial fit: 

 --- MultiDimFit ---
best fit parameter values and profile-likelihood uncertainties: 
   r :    +0.512   -0.479/+0.489 (68%)
Set Range of Parameter r To : (-2,100)
Doing initial fit: 

 --- MultiDimFit ---
best fit parameter values and profile-likelihood uncertainties: 
   r :    +0.137   -0.458/+0.466 (68%)
Set Range of Parameter r To : (-2,100)
Doing initial fit: 

 --- MultiDimFit ---
best fit parameter values and profile-likelihood uncertainties: 
   r :    +1.768   -0.585/+0.598 (68%)
Set Range of Parameter r To : (-2,100)
Doing initial fit: 

 --- MultiDimFit ---
best fit parameter values and profile-likelihood uncertainties: 
   r :    +1.980   -0.544/+0.557 (68%)
Set Range of Parameter r To : (-2,100)
Doing initial fit: 

 --- MultiDimFit ---
best fit parameter values and profile-likelihood uncertainties: 
   r :    +0.404   -0.619/+0.588 (68%)
Set Range of Parameter r To : (-2,100)
Doing initial fit: 

 --- MultiDimFit ---
best fit parameter values and profile-likelihood uncertainties: 
   r :    +1.545   -0.569/+0.567 (68%)
Set Range of Parameter r To : (-2,100)
Doing initial fit: 

 --- MultiDimFit ---
best fit parameter values and profile-likelihood uncertainties: 
   r :    +0.785   -0.542/+0.552 (68%)
Set Range of Parameter r To : (-2,100)
Doing initial fit: 

 --- MultiDimFit ---
best fit parameter values and profile-likelihood uncertainties: 
   r :    +0.547   -0.493/+0.493 (68%)
Set Range of Parameter r To : (-2,100)
Doing initial fit: 

 --- MultiDimFit ---
best fit parameter values and profile-likelihood uncertainties: 
   r :    +0.688   -0.528/+0.614 (68%)
Set Range of Parameter r To : (-2,100)
Doing initial fit: 

 --- MultiDimFit ---
best fit parameter values and profile-likelihood uncertainties: 
   r :    +1.190   -0.559/+0.554 (68%)
Set Range of Parameter r To : (-2,100)
Doing initial fit: 

 --- MultiDimFit ---
best fit parameter values and profile-likelihood uncertainties: 
   r :    +1.701   -0.530/+0.547 (68%)
Set Range of Parameter r To : (-2,100)
Doing initial fit: 

 --- MultiDimFit ---
best fit parameter values and profile-likelihood uncertainties: 
   r :    +1.113   -0.495/+0.519 (68%)
Set Range of Parameter r To : (-2,100)
Doing initial fit: 

 --- MultiDimFit ---
best fit parameter values and profile-likelihood uncertainties: 
   r :    +0.463   -0.466/+0.477 (68%)
Set Range of Parameter r To : (-2,100)
Doing initial fit: 

 --- MultiDimFit ---
best fit parameter values and profile-likelihood uncertainties: 
   r :    +1.012   -0.532/+0.534 (68%)
Set Range of Parameter r To : (-2,100)
Doing initial fit: 

 --- MultiDimFit ---
best fit parameter values and profile-likelihood uncertainties: 
   r :    +1.434   -0.527/+0.536 (68%)
Set Range of Parameter r To : (-2,100)
Doing initial fit: 

 --- MultiDimFit ---
best fit parameter values and profile-likelihood uncertainties: 
   r :    +1.230   -0.512/+0.522 (68%)
Set Range of Parameter r To : (-2,100)
Doing initial fit: 

 --- MultiDimFit ---
best fit parameter values and profile-likelihood uncertainties: 
   r :    +0.255   -0.500/+0.490 (68%)
Set Range of Parameter r To : (-2,100)
Doing initial fit: 

 --- MultiDimFit ---
best fit parameter values and profile-likelihood uncertainties: 
   r :    +0.461   -0.518/+0.608 (68%)
Set Range of Parameter r To : (-2,100)
Doing initial fit: 

 --- MultiDimFit ---
best fit parameter values and profile-likelihood uncertainties: 
   r :    +1.314   -0.526/+0.532 (68%)
Set Range of Parameter r To : (-2,100)
Doing initial fit: 

 --- MultiDimFit ---
best fit parameter values and profile-likelihood uncertainties: 
   r :    +0.626   -0.515/+0.511 (68%)
Set Range of Parameter r To : (-2,100)
Doing initial fit: 

 --- MultiDimFit ---
best fit parameter values and profile-likelihood uncertainties: 
   r :    +1.885   -0.583/+0.595 (68%)
Set Range of Parameter r To : (-2,100)
Doing initial fit: 

 --- MultiDimFit ---
best fit parameter values and profile-likelihood uncertainties: 
   r :    +1.064   -0.549/+0.639 (68%)
Set Range of Parameter r To : (-2,100)
Doing initial fit: 

 --- MultiDimFit ---
best fit parameter values and profile-likelihood uncertainties: 
   r :    +2.031   -0.537/+0.556 (68%)
Set Range of Parameter r To : (-2,100)
Doing initial fit: 

 --- MultiDimFit ---
best fit parameter values and profile-likelihood uncertainties: 
   r :    +0.338   -0.609/+0.516 (68%)
Set Range of Parameter r To : (-2,100)
Doing initial fit: 

 --- MultiDimFit ---
best fit parameter values and profile-likelihood uncertainties: 
   r :    +0.591   -0.524/+0.620 (68%)
Set Range of Parameter r To : (-2,100)
Doing initial fit: 

 --- MultiDimFit ---
best fit parameter values and profile-likelihood uncertainties: 
   r :    +1.425   -0.535/+0.540 (68%)
Set Range of Parameter r To : (-2,100)
Doing initial fit: 

 --- MultiDimFit ---
best fit parameter values and profile-likelihood uncertainties: 
   r :    +0.804   -0.498/+0.504 (68%)
Set Range of Parameter r To : (-2,100)
Doing initial fit: 

 --- MultiDimFit ---
best fit parameter values and profile-likelihood uncertainties: 
   r :    +0.094   -0.501/+0.487 (68%)
Set Range of Parameter r To : (-2,100)
Doing initial fit: 

 --- MultiDimFit ---
best fit parameter values and profile-likelihood uncertainties: 
   r :    +0.824   -0.587/+0.585 (68%)
Set Range of Parameter r To : (-2,100)
Doing initial fit: 

 --- MultiDimFit ---
best fit parameter values and profile-likelihood uncertainties: 
   r :    +1.465   -0.540/+0.541 (68%)
Set Range of Parameter r To : (-2,100)
Doing initial fit: 

 --- MultiDimFit ---
best fit parameter values and profile-likelihood uncertainties: 
   r :    +1.317   -0.510/+0.526 (68%)
Set Range of Parameter r To : (-2,100)
Doing initial fit: 

 --- MultiDimFit ---
best fit parameter values and profile-likelihood uncertainties: 
   r :    +0.702   -0.485/+0.496 (68%)
Set Range of Parameter r To : (-2,100)
Doing initial fit: 

 --- MultiDimFit ---
best fit parameter values and profile-likelihood uncertainties: 
   r :    -0.019   -0.449/+0.456 (68%)
Set Range of Parameter r To : (-2,100)
Doing initial fit: 

 --- MultiDimFit ---
best fit parameter values and profile-likelihood uncertainties: 
   r :    +0.192   -0.515/+0.547 (68%)
Set Range of Parameter r To : (-2,100)
Doing initial fit: 

 --- MultiDimFit ---
best fit parameter values and profile-likelihood uncertainties: 
   r :    +0.976   -0.557/+0.543 (68%)
Set Range of Parameter r To : (-2,100)
Doing initial fit: 

 --- MultiDimFit ---
best fit parameter values and profile-likelihood uncertainties: 
   r :    +1.286   -0.542/+0.538 (68%)
Set Range of Parameter r To : (-2,100)
Doing initial fit: 

 --- MultiDimFit ---
best fit parameter values and profile-likelihood uncertainties: 
   r :    +0.315   -0.442/+0.459 (68%)
Set Range of Parameter r To : (-2,100)
Doing initial fit: 

 --- MultiDimFit ---
best fit parameter values and profile-likelihood uncertainties: 
   r :    +1.623   -0.568/+0.684 (68%)
Set Range of Parameter r To : (-2,100)
Doing initial fit: 

 --- MultiDimFit ---
best fit parameter values and profile-likelihood uncertainties: 
   r :    +1.027   -0.544/+0.522 (68%)
Set Range of Parameter r To : (-2,100)
Doing initial fit: 

 --- MultiDimFit ---
best fit parameter values and profile-likelihood uncertainties: 
   r :    +0.229   -0.531/+0.599 (68%)
Set Range of Parameter r To : (-2,100)
Doing initial fit: 

 --- MultiDimFit ---
best fit parameter values and profile-likelihood uncertainties: 
   r :    +0.204   -0.470/+0.473 (68%)
Set Range of Parameter r To : (-2,100)
Doing initial fit: 

 --- MultiDimFit ---
best fit parameter values and profile-likelihood uncertainties: 
   r :    +0.770   -0.547/+0.617 (68%)
Set Range of Parameter r To : (-2,100)
Doing initial fit: 

 --- MultiDimFit ---
best fit parameter values and profile-likelihood uncertainties: 
   r :    +1.160   -0.543/+0.532 (68%)
Set Range of Parameter r To : (-2,100)
Doing initial fit: 

 --- MultiDimFit ---
best fit parameter values and profile-likelihood uncertainties: 
   r :    +1.382   -0.530/+0.536 (68%)
Set Range of Parameter r To : (-2,100)
Doing initial fit: 

 --- MultiDimFit ---
best fit parameter values and profile-likelihood uncertainties: 
   r :    +0.848   -0.502/+0.508 (68%)
Set Range of Parameter r To : (-2,100)
Doing initial fit: 

 --- MultiDimFit ---
best fit parameter values and profile-likelihood uncertainties: 
   r :    +2.036   -0.584/+0.740 (68%)
Set Range of Parameter r To : (-2,100)
Doing initial fit: 

 --- MultiDimFit ---
best fit parameter values and profile-likelihood uncertainties: 
   r :    +1.021   -0.535/+0.539 (68%)
Set Range of Parameter r To : (-2,100)
Doing initial fit: 

 --- MultiDimFit ---
best fit parameter values and profile-likelihood uncertainties: 
   r :    +0.985   -0.511/+0.521 (68%)
Set Range of Parameter r To : (-2,100)
Doing initial fit: 

 --- MultiDimFit ---
best fit parameter values and profile-likelihood uncertainties: 
   r :    +0.700   -0.509/+0.504 (68%)
Set Range of Parameter r To : (-2,100)
Doing initial fit: 

 --- MultiDimFit ---
best fit parameter values and profile-likelihood uncertainties: 
   r :    +0.558   -0.524/+0.506 (68%)
Set Range of Parameter r To : (-2,100)
Doing initial fit: 

 --- MultiDimFit ---
best fit parameter values and profile-likelihood uncertainties: 
   r :    +1.176   -0.530/+0.529 (68%)
Set Range of Parameter r To : (-2,100)
Doing initial fit: 

 --- MultiDimFit ---
best fit parameter values and profile-likelihood uncertainties: 
   r :    +2.389   -0.616/+0.613 (68%)
Set Range of Parameter r To : (-2,100)
Doing initial fit: 

 --- MultiDimFit ---
best fit parameter values and profile-likelihood uncertainties: 
   r :    +0.433   -0.526/+0.556 (68%)
Set Range of Parameter r To : (-2,100)
Doing initial fit: 

 --- MultiDimFit ---
best fit parameter values and profile-likelihood uncertainties: 
   r :    +1.630   -0.523/+0.543 (68%)
Set Range of Parameter r To : (-2,100)
Doing initial fit: 

 --- MultiDimFit ---
best fit parameter values and profile-likelihood uncertainties: 
   r :    +1.244   -0.585/+0.545 (68%)
Set Range of Parameter r To : (-2,100)
Doing initial fit: 

 --- MultiDimFit ---
best fit parameter values and profile-likelihood uncertainties: 
   r :    +0.511   -0.471/+0.478 (68%)
Set Range of Parameter r To : (-2,100)
Doing initial fit: 

 --- MultiDimFit ---
best fit parameter values and profile-likelihood uncertainties: 
   r :    +0.967   -0.592/+0.669 (68%)
Set Range of Parameter r To : (-2,100)
Doing initial fit: 

 --- MultiDimFit ---
best fit parameter values and profile-likelihood uncertainties: 
   r :    +0.707   -0.563/+0.520 (68%)
Set Range of Parameter r To : (-2,100)
Doing initial fit: 

 --- MultiDimFit ---
best fit parameter values and profile-likelihood uncertainties: 
   r :    +1.352   -0.571/+0.585 (68%)
Set Range of Parameter r To : (-2,100)
Doing initial fit: 

 --- MultiDimFit ---
best fit parameter values and profile-likelihood uncertainties: 
   r :    +1.509   -0.532/+0.540 (68%)
Set Range of Parameter r To : (-2,100)
Doing initial fit: 

 --- MultiDimFit ---
best fit parameter values and profile-likelihood uncertainties: 
   r :    +1.221   -0.534/+0.536 (68%)
Set Range of Parameter r To : (-2,100)
Doing initial fit: 

 --- MultiDimFit ---
best fit parameter values and profile-likelihood uncertainties: 
   r :    +0.604   -0.482/+0.492 (68%)
Set Range of Parameter r To : (-2,100)
Doing initial fit: 

 --- MultiDimFit ---
best fit parameter values and profile-likelihood uncertainties: 
   r :    +0.470   -0.470/+0.481 (68%)
Set Range of Parameter r To : (-2,100)
Doing initial fit: 

 --- MultiDimFit ---
best fit parameter values and profile-likelihood uncertainties: 
   r :    +1.250   -0.517/+0.530 (68%)
Set Range of Parameter r To : (-2,100)
Doing initial fit: 

 --- MultiDimFit ---
best fit parameter values and profile-likelihood uncertainties: 
   r :    +2.812   -0.689/+0.620 (68%)
Set Range of Parameter r To : (-2,100)
Doing initial fit: 

 --- MultiDimFit ---
best fit parameter values and profile-likelihood uncertainties: 
   r :    +1.185   -0.491/+0.513 (68%)
Set Range of Parameter r To : (-2,100)
Doing initial fit: 

 --- MultiDimFit ---
best fit parameter values and profile-likelihood uncertainties: 
   r :    +1.698   -0.580/+0.570 (68%)
Set Range of Parameter r To : (-2,100)
Doing initial fit: 

 --- MultiDimFit ---
best fit parameter values and profile-likelihood uncertainties: 
   r :    +1.049   -0.502/+0.516 (68%)
Set Range of Parameter r To : (-2,100)
Doing initial fit: 

 --- MultiDimFit ---
best fit parameter values and profile-likelihood uncertainties: 
   r :    +1.684   -0.576/+0.573 (68%)
Set Range of Parameter r To : (-2,100)
Doing initial fit: 

 --- MultiDimFit ---
best fit parameter values and profile-likelihood uncertainties: 
   r :    +1.317   -0.566/+0.551 (68%)
Set Range of Parameter r To : (-2,100)
Doing initial fit: 

 --- MultiDimFit ---
best fit parameter values and profile-likelihood uncertainties: 
   r :    +0.501   -0.509/+0.500 (68%)
Set Range of Parameter r To : (-2,100)
Doing initial fit: 

 --- MultiDimFit ---
best fit parameter values and profile-likelihood uncertainties: 
   r :    +1.078   -0.547/+0.552 (68%)
Set Range of Parameter r To : (-2,100)
Doing initial fit: 

 --- MultiDimFit ---
best fit parameter values and profile-likelihood uncertainties: 
   r :    +0.868   -0.481/+0.496 (68%)
Set Range of Parameter r To : (-2,100)
Doing initial fit: 

 --- MultiDimFit ---
best fit parameter values and profile-likelihood uncertainties: 
   r :    +0.480   -0.538/+0.574 (68%)
Set Range of Parameter r To : (-2,100)
Doing initial fit: 

 --- MultiDimFit ---
best fit parameter values and profile-likelihood uncertainties: 
   r :    +1.149   -0.561/+0.633 (68%)
Set Range of Parameter r To : (-2,100)
Doing initial fit: 

 --- MultiDimFit ---
best fit parameter values and profile-likelihood uncertainties: 
   r :    +1.358   -0.526/+0.530 (68%)
Set Range of Parameter r To : (-2,100)
Doing initial fit: 

 --- MultiDimFit ---
best fit parameter values and profile-likelihood uncertainties: 
   r :    +0.417   -0.521/+0.514 (68%)
Set Range of Parameter r To : (-2,100)
Doing initial fit: 

 --- MultiDimFit ---
best fit parameter values and profile-likelihood uncertainties: 
   r :    +0.110   -0.447/+0.460 (68%)
Set Range of Parameter r To : (-2,100)
Doing initial fit: 

 --- MultiDimFit ---
best fit parameter values and profile-likelihood uncertainties: 
   r :    +2.201   -0.551/+0.568 (68%)
Set Range of Parameter r To : (-2,100)
Doing initial fit: 

 --- MultiDimFit ---
best fit parameter values and profile-likelihood uncertainties: 
   r :    +1.650   -0.576/+0.713 (68%)
Set Range of Parameter r To : (-2,100)
Doing initial fit: 

 --- MultiDimFit ---
best fit parameter values and profile-likelihood uncertainties: 
   r :    +0.885   -0.517/+0.518 (68%)
Set Range of Parameter r To : (-2,100)
Doing initial fit: 

 --- MultiDimFit ---
best fit parameter values and profile-likelihood uncertainties: 
   r :    +0.327   -0.509/+0.512 (68%)
Set Range of Parameter r To : (-2,100)
Doing initial fit: 

 --- MultiDimFit ---
best fit parameter values and profile-likelihood uncertainties: 
   r :    +0.673   -0.772/+0.508 (68%)
Set Range of Parameter r To : (-2,100)
Doing initial fit: 

 --- MultiDimFit ---
best fit parameter values and profile-likelihood uncertainties: 
   r :    +0.724   -0.495/+0.500 (68%)
Set Range of Parameter r To : (-2,100)
Doing initial fit: 

 --- MultiDimFit ---
best fit parameter values and profile-likelihood uncertainties: 
   r :    +1.174   -0.546/+0.535 (68%)
Set Range of Parameter r To : (-2,100)
Doing initial fit: 

 --- MultiDimFit ---
best fit parameter values and profile-likelihood uncertainties: 
   r :    +1.314   -0.567/+0.610 (68%)
Set Range of Parameter r To : (-2,100)
Doing initial fit: 

 --- MultiDimFit ---
best fit parameter values and profile-likelihood uncertainties: 
   r :    +1.303   -0.578/+0.618 (68%)
Set Range of Parameter r To : (-2,100)
Doing initial fit: 

 --- MultiDimFit ---
best fit parameter values and profile-likelihood uncertainties: 
   r :    +0.209   -0.465/+0.471 (68%)
Set Range of Parameter r To : (-2,100)
Doing initial fit: 

 --- MultiDimFit ---
best fit parameter values and profile-likelihood uncertainties: 
   r :    +1.100   -0.530/+0.530 (68%)
Set Range of Parameter r To : (-2,100)
Doing initial fit: 

 --- MultiDimFit ---
best fit parameter values and profile-likelihood uncertainties: 
   r :    +0.417   -0.524/+0.515 (68%)
Set Range of Parameter r To : (-2,100)
Doing initial fit: 

 --- MultiDimFit ---
best fit parameter values and profile-likelihood uncertainties: 
   r :    +0.954   -0.481/+0.497 (68%)
Set Range of Parameter r To : (-2,100)
Doing initial fit: 

 --- MultiDimFit ---
best fit parameter values and profile-likelihood uncertainties: 
   r :    +0.614   -0.544/+0.574 (68%)
Set Range of Parameter r To : (-2,100)
Doing initial fit: 

 --- MultiDimFit ---
best fit parameter values and profile-likelihood uncertainties: 
   r :    +1.230   -0.516/+0.528 (68%)
Set Range of Parameter r To : (-2,100)
Doing initial fit: 

 --- MultiDimFit ---
best fit parameter values and profile-likelihood uncertainties: 
   r :    +1.406   -0.567/+0.588 (68%)
Set Range of Parameter r To : (-2,100)
Doing initial fit: 

 --- MultiDimFit ---
best fit parameter values and profile-likelihood uncertainties: 
   r :    +1.040   -0.521/+0.526 (68%)
Set Range of Parameter r To : (-2,100)
Doing initial fit: 

 --- MultiDimFit ---
best fit parameter values and profile-likelihood uncertainties: 
   r :    +0.849   -0.564/+0.603 (68%)
Set Range of Parameter r To : (-2,100)
Doing initial fit: 

 --- MultiDimFit ---
best fit parameter values and profile-likelihood uncertainties: 
   r :    +1.567   -0.520/+0.537 (68%)
Set Range of Parameter r To : (-2,100)
Doing initial fit: 

 --- MultiDimFit ---
best fit parameter values and profile-likelihood uncertainties: 
   r :    +0.962   -0.503/+0.508 (68%)
Set Range of Parameter r To : (-2,100)
Doing initial fit: 

 --- MultiDimFit ---
best fit parameter values and profile-likelihood uncertainties: 
   r :    +0.263   -0.506/+0.489 (68%)
Set Range of Parameter r To : (-2,100)
Doing initial fit: 

 --- MultiDimFit ---
best fit parameter values and profile-likelihood uncertainties: 
   r :    -0.379   -0.430/+0.435 (68%)
Set Range of Parameter r To : (-2,100)
Doing initial fit: 

 --- MultiDimFit ---
best fit parameter values and profile-likelihood uncertainties: 
   r :    +0.709   -0.485/+0.492 (68%)
Set Range of Parameter r To : (-2,100)
Doing initial fit: 

 --- MultiDimFit ---
best fit parameter values and profile-likelihood uncertainties: 
   r :    +0.777   -0.517/+0.510 (68%)
Set Range of Parameter r To : (-2,100)
Doing initial fit: 

 --- MultiDimFit ---
best fit parameter values and profile-likelihood uncertainties: 
   r :    +1.481   -0.538/+0.543 (68%)
Set Range of Parameter r To : (-2,100)
Doing initial fit: 

 --- MultiDimFit ---
best fit parameter values and profile-likelihood uncertainties: 
   r :    +0.594   -0.527/+0.624 (68%)
Set Range of Parameter r To : (-2,100)
Doing initial fit: 

 --- MultiDimFit ---
best fit parameter values and profile-likelihood uncertainties: 
   r :    +1.064   -0.519/+0.523 (68%)
Set Range of Parameter r To : (-2,100)
Doing initial fit: 

 --- MultiDimFit ---
best fit parameter values and profile-likelihood uncertainties: 
   r :    +1.265   -0.551/+0.546 (68%)
Set Range of Parameter r To : (-2,100)
Doing initial fit: 

 --- MultiDimFit ---
best fit parameter values and profile-likelihood uncertainties: 
   r :    +1.293   -0.548/+0.542 (68%)
Set Range of Parameter r To : (-2,100)
Doing initial fit: 

 --- MultiDimFit ---
best fit parameter values and profile-likelihood uncertainties: 
   r :    +1.215   -0.551/+0.557 (68%)
Set Range of Parameter r To : (-2,100)
Doing initial fit: 

 --- MultiDimFit ---
best fit parameter values and profile-likelihood uncertainties: 
   r :    -0.399   -0.686/+0.425 (68%)
Set Range of Parameter r To : (-2,100)
Doing initial fit: 

 --- MultiDimFit ---
best fit parameter values and profile-likelihood uncertainties: 
   r :    +0.905   -0.473/+0.487 (68%)
Set Range of Parameter r To : (-2,100)
Doing initial fit: 

 --- MultiDimFit ---
best fit parameter values and profile-likelihood uncertainties: 
   r :    +0.406   -0.526/+0.599 (68%)
Set Range of Parameter r To : (-2,100)
Doing initial fit: 

 --- MultiDimFit ---
best fit parameter values and profile-likelihood uncertainties: 
   r :    +0.695   -0.489/+0.499 (68%)
Set Range of Parameter r To : (-2,100)
Doing initial fit: 

 --- MultiDimFit ---
best fit parameter values and profile-likelihood uncertainties: 
   r :    +1.056   -0.550/+0.566 (68%)
Set Range of Parameter r To : (-2,100)
Doing initial fit: 

 --- MultiDimFit ---
best fit parameter values and profile-likelihood uncertainties: 
   r :    +1.609   -0.541/+0.548 (68%)
Set Range of Parameter r To : (-2,100)
Doing initial fit: 

 --- MultiDimFit ---
best fit parameter values and profile-likelihood uncertainties: 
   r :    +1.190   -0.561/+0.649 (68%)
Set Range of Parameter r To : (-2,100)
Doing initial fit: 

 --- MultiDimFit ---
best fit parameter values and profile-likelihood uncertainties: 
   r :    +1.759   -0.573/+0.569 (68%)
Set Range of Parameter r To : (-2,100)
Doing initial fit: 

 --- MultiDimFit ---
best fit parameter values and profile-likelihood uncertainties: 
   r :    +1.800   -0.517/+0.537 (68%)
Set Range of Parameter r To : (-2,100)
Doing initial fit: 

 --- MultiDimFit ---
best fit parameter values and profile-likelihood uncertainties: 
   r :    +1.016   -0.502/+0.511 (68%)
Set Range of Parameter r To : (-2,100)
Doing initial fit: 

 --- MultiDimFit ---
best fit parameter values and profile-likelihood uncertainties: 
   r :    +1.623   -0.547/+0.549 (68%)
Set Range of Parameter r To : (-2,100)
Doing initial fit: 

 --- MultiDimFit ---
best fit parameter values and profile-likelihood uncertainties: 
   r :    +0.219   -0.470/+0.473 (68%)
Set Range of Parameter r To : (-2,100)
Doing initial fit: 

 --- MultiDimFit ---
best fit parameter values and profile-likelihood uncertainties: 
   r :    +0.405   -0.465/+0.479 (68%)
Set Range of Parameter r To : (-2,100)
Doing initial fit: 

 --- MultiDimFit ---
best fit parameter values and profile-likelihood uncertainties: 
   r :    +0.560   -0.484/+0.489 (68%)
Set Range of Parameter r To : (-2,100)
Doing initial fit: 

 --- MultiDimFit ---
best fit parameter values and profile-likelihood uncertainties: 
   r :    +1.324   -0.509/+0.524 (68%)
Set Range of Parameter r To : (-2,100)
Doing initial fit: 

 --- MultiDimFit ---
best fit parameter values and profile-likelihood uncertainties: 
   r :    +1.253   -0.565/+0.623 (68%)
Set Range of Parameter r To : (-2,100)
Doing initial fit: 

 --- MultiDimFit ---
best fit parameter values and profile-likelihood uncertainties: 
   r :    +1.272   -0.558/+0.607 (68%)
mean   expected limit: r < 3.59773e-316 +/- 0 @ 95%CL (500 toyMC)
median expected limit: r < 3.59773e-316 @ 95%CL (500 toyMC)
   68% expected band : 3.59773e-316 < r < 3.59773e-316
   95% expected band : 3.59773e-316 < r < 3.59773e-316
[RUN] (cd /data6/Users/joonblee/higgs_combine/CMSSW_14_1_0_pre4/src/NIsoMuon/review_outputs/Run2Run3/M70/bias && combine -M GenerateOnly /data6/Users/joonblee/higgs_combine/CMSSW_14_1_0_pre4/src/NIsoMuon/review_outputs/Run2Run3/M70/workspace_Run2Run3_M70.root -m 70 -t 500 --expectSignal 1.8984375 --setParameters r=1.8984375 --setParameterRanges r=0,100 --saveToys -s 12345 -n .ReviewBiasGen_Run2Run3_M70_r1p89844)
 <<< Combine >>> 
 <<< v11.0.0 >>>
>>> Random number generator seed is 12345
>>> Method used is GenerateOnly
Set Range of Parameter r To : (0,100)
Set Default Value of Parameter r To : 1.89844
Warning: A value of r is specified in both the --setParameters and --expectSignal options. The argument of --expectSignal will take precedence
Set Range of Parameter r To : (0,100)
Generate toy 1/500
Set Range of Parameter r To : (0,100)
Generate toy 2/500
Set Range of Parameter r To : (0,100)
Generate toy 3/500
Set Range of Parameter r To : (0,100)
Generate toy 4/500
Set Range of Parameter r To : (0,100)
Generate toy 5/500
Set Range of Parameter r To : (0,100)
Generate toy 6/500
Set Range of Parameter r To : (0,100)
Generate toy 7/500
Set Range of Parameter r To : (0,100)
Generate toy 8/500
Set Range of Parameter r To : (0,100)
Generate toy 9/500
Set Range of Parameter r To : (0,100)
Generate toy 10/500
Set Range of Parameter r To : (0,100)
Generate toy 11/500
Set Range of Parameter r To : (0,100)
Generate toy 12/500
Set Range of Parameter r To : (0,100)
Generate toy 13/500
Set Range of Parameter r To : (0,100)
Generate toy 14/500
Set Range of Parameter r To : (0,100)
Generate toy 15/500
Set Range of Parameter r To : (0,100)
Generate toy 16/500
Set Range of Parameter r To : (0,100)
Generate toy 17/500
Set Range of Parameter r To : (0,100)
Generate toy 18/500
Set Range of Parameter r To : (0,100)
Generate toy 19/500
Set Range of Parameter r To : (0,100)
Generate toy 20/500
Set Range of Parameter r To : (0,100)
Generate toy 21/500
Set Range of Parameter r To : (0,100)
Generate toy 22/500
Set Range of Parameter r To : (0,100)
Generate toy 23/500
Set Range of Parameter r To : (0,100)
Generate toy 24/500
Set Range of Parameter r To : (0,100)
Generate toy 25/500
Set Range of Parameter r To : (0,100)
Generate toy 26/500
Set Range of Parameter r To : (0,100)
Generate toy 27/500
Set Range of Parameter r To : (0,100)
Generate toy 28/500
Set Range of Parameter r To : (0,100)
Generate toy 29/500
Set Range of Parameter r To : (0,100)
Generate toy 30/500
Set Range of Parameter r To : (0,100)
Generate toy 31/500
Set Range of Parameter r To : (0,100)
Generate toy 32/500
Set Range of Parameter r To : (0,100)
Generate toy 33/500
Set Range of Parameter r To : (0,100)
Generate toy 34/500
Set Range of Parameter r To : (0,100)
Generate toy 35/500
Set Range of Parameter r To : (0,100)
Generate toy 36/500
Set Range of Parameter r To : (0,100)
Generate toy 37/500
Set Range of Parameter r To : (0,100)
Generate toy 38/500
Set Range of Parameter r To : (0,100)
Generate toy 39/500
Set Range of Parameter r To : (0,100)
Generate toy 40/500
Set Range of Parameter r To : (0,100)
Generate toy 41/500
Set Range of Parameter r To : (0,100)
Generate toy 42/500
Set Range of Parameter r To : (0,100)
Generate toy 43/500
Set Range of Parameter r To : (0,100)
Generate toy 44/500
Set Range of Parameter r To : (0,100)
Generate toy 45/500
Set Range of Parameter r To : (0,100)
Generate toy 46/500
Set Range of Parameter r To : (0,100)
Generate toy 47/500
Set Range of Parameter r To : (0,100)
Generate toy 48/500
Set Range of Parameter r To : (0,100)
Generate toy 49/500
Set Range of Parameter r To : (0,100)
Generate toy 50/500
Set Range of Parameter r To : (0,100)
Generate toy 51/500
Set Range of Parameter r To : (0,100)
Generate toy 52/500
Set Range of Parameter r To : (0,100)
Generate toy 53/500
Set Range of Parameter r To : (0,100)
Generate toy 54/500
Set Range of Parameter r To : (0,100)
Generate toy 55/500
Set Range of Parameter r To : (0,100)
Generate toy 56/500
Set Range of Parameter r To : (0,100)
Generate toy 57/500
Set Range of Parameter r To : (0,100)
Generate toy 58/500
Set Range of Parameter r To : (0,100)
Generate toy 59/500
Set Range of Parameter r To : (0,100)
Generate toy 60/500
Set Range of Parameter r To : (0,100)
Generate toy 61/500
Set Range of Parameter r To : (0,100)
Generate toy 62/500
Set Range of Parameter r To : (0,100)
Generate toy 63/500
Set Range of Parameter r To : (0,100)
Generate toy 64/500
Set Range of Parameter r To : (0,100)
Generate toy 65/500
Set Range of Parameter r To : (0,100)
Generate toy 66/500
Set Range of Parameter r To : (0,100)
Generate toy 67/500
Set Range of Parameter r To : (0,100)
Generate toy 68/500
Set Range of Parameter r To : (0,100)
Generate toy 69/500
Set Range of Parameter r To : (0,100)
Generate toy 70/500
Set Range of Parameter r To : (0,100)
Generate toy 71/500
Set Range of Parameter r To : (0,100)
Generate toy 72/500
Set Range of Parameter r To : (0,100)
Generate toy 73/500
Set Range of Parameter r To : (0,100)
Generate toy 74/500
Set Range of Parameter r To : (0,100)
Generate toy 75/500
Set Range of Parameter r To : (0,100)
Generate toy 76/500
Set Range of Parameter r To : (0,100)
Generate toy 77/500
Set Range of Parameter r To : (0,100)
Generate toy 78/500
Set Range of Parameter r To : (0,100)
Generate toy 79/500
Set Range of Parameter r To : (0,100)
Generate toy 80/500
Set Range of Parameter r To : (0,100)
Generate toy 81/500
Set Range of Parameter r To : (0,100)
Generate toy 82/500
Set Range of Parameter r To : (0,100)
Generate toy 83/500
Set Range of Parameter r To : (0,100)
Generate toy 84/500
Set Range of Parameter r To : (0,100)
Generate toy 85/500
Set Range of Parameter r To : (0,100)
Generate toy 86/500
Set Range of Parameter r To : (0,100)
Generate toy 87/500
Set Range of Parameter r To : (0,100)
Generate toy 88/500
Set Range of Parameter r To : (0,100)
Generate toy 89/500
Set Range of Parameter r To : (0,100)
Generate toy 90/500
Set Range of Parameter r To : (0,100)
Generate toy 91/500
Set Range of Parameter r To : (0,100)
Generate toy 92/500
Set Range of Parameter r To : (0,100)
Generate toy 93/500
Set Range of Parameter r To : (0,100)
Generate toy 94/500
Set Range of Parameter r To : (0,100)
Generate toy 95/500
Set Range of Parameter r To : (0,100)
Generate toy 96/500
Set Range of Parameter r To : (0,100)
Generate toy 97/500
Set Range of Parameter r To : (0,100)
Generate toy 98/500
Set Range of Parameter r To : (0,100)
Generate toy 99/500
Set Range of Parameter r To : (0,100)
Generate toy 100/500
Set Range of Parameter r To : (0,100)
Generate toy 101/500
Set Range of Parameter r To : (0,100)
Generate toy 102/500
Set Range of Parameter r To : (0,100)
Generate toy 103/500
Set Range of Parameter r To : (0,100)
Generate toy 104/500
Set Range of Parameter r To : (0,100)
Generate toy 105/500
Set Range of Parameter r To : (0,100)
Generate toy 106/500
Set Range of Parameter r To : (0,100)
Generate toy 107/500
Set Range of Parameter r To : (0,100)
Generate toy 108/500
Set Range of Parameter r To : (0,100)
Generate toy 109/500
Set Range of Parameter r To : (0,100)
Generate toy 110/500
Set Range of Parameter r To : (0,100)
Generate toy 111/500
Set Range of Parameter r To : (0,100)
Generate toy 112/500
Set Range of Parameter r To : (0,100)
Generate toy 113/500
Set Range of Parameter r To : (0,100)
Generate toy 114/500
Set Range of Parameter r To : (0,100)
Generate toy 115/500
Set Range of Parameter r To : (0,100)
Generate toy 116/500
Set Range of Parameter r To : (0,100)
Generate toy 117/500
Set Range of Parameter r To : (0,100)
Generate toy 118/500
Set Range of Parameter r To : (0,100)
Generate toy 119/500
Set Range of Parameter r To : (0,100)
Generate toy 120/500
Set Range of Parameter r To : (0,100)
Generate toy 121/500
Set Range of Parameter r To : (0,100)
Generate toy 122/500
Set Range of Parameter r To : (0,100)
Generate toy 123/500
Set Range of Parameter r To : (0,100)
Generate toy 124/500
Set Range of Parameter r To : (0,100)
Generate toy 125/500
Set Range of Parameter r To : (0,100)
Generate toy 126/500
Set Range of Parameter r To : (0,100)
Generate toy 127/500
Set Range of Parameter r To : (0,100)
Generate toy 128/500
Set Range of Parameter r To : (0,100)
Generate toy 129/500
Set Range of Parameter r To : (0,100)
Generate toy 130/500
Set Range of Parameter r To : (0,100)
Generate toy 131/500
Set Range of Parameter r To : (0,100)
Generate toy 132/500
Set Range of Parameter r To : (0,100)
Generate toy 133/500
Set Range of Parameter r To : (0,100)
Generate toy 134/500
Set Range of Parameter r To : (0,100)
Generate toy 135/500
Set Range of Parameter r To : (0,100)
Generate toy 136/500
Set Range of Parameter r To : (0,100)
Generate toy 137/500
Set Range of Parameter r To : (0,100)
Generate toy 138/500
Set Range of Parameter r To : (0,100)
Generate toy 139/500
Set Range of Parameter r To : (0,100)
Generate toy 140/500
Set Range of Parameter r To : (0,100)
Generate toy 141/500
Set Range of Parameter r To : (0,100)
Generate toy 142/500
Set Range of Parameter r To : (0,100)
Generate toy 143/500
Set Range of Parameter r To : (0,100)
Generate toy 144/500
Set Range of Parameter r To : (0,100)
Generate toy 145/500
Set Range of Parameter r To : (0,100)
Generate toy 146/500
Set Range of Parameter r To : (0,100)
Generate toy 147/500
Set Range of Parameter r To : (0,100)
Generate toy 148/500
Set Range of Parameter r To : (0,100)
Generate toy 149/500
Set Range of Parameter r To : (0,100)
Generate toy 150/500
Set Range of Parameter r To : (0,100)
Generate toy 151/500
Set Range of Parameter r To : (0,100)
Generate toy 152/500
Set Range of Parameter r To : (0,100)
Generate toy 153/500
Set Range of Parameter r To : (0,100)
Generate toy 154/500
Set Range of Parameter r To : (0,100)
Generate toy 155/500
Set Range of Parameter r To : (0,100)
Generate toy 156/500
Set Range of Parameter r To : (0,100)
Generate toy 157/500
Set Range of Parameter r To : (0,100)
Generate toy 158/500
Set Range of Parameter r To : (0,100)
Generate toy 159/500
Set Range of Parameter r To : (0,100)
Generate toy 160/500
Set Range of Parameter r To : (0,100)
Generate toy 161/500
Set Range of Parameter r To : (0,100)
Generate toy 162/500
Set Range of Parameter r To : (0,100)
Generate toy 163/500
Set Range of Parameter r To : (0,100)
Generate toy 164/500
Set Range of Parameter r To : (0,100)
Generate toy 165/500
Set Range of Parameter r To : (0,100)
Generate toy 166/500
Set Range of Parameter r To : (0,100)
Generate toy 167/500
Set Range of Parameter r To : (0,100)
Generate toy 168/500
Set Range of Parameter r To : (0,100)
Generate toy 169/500
Set Range of Parameter r To : (0,100)
Generate toy 170/500
Set Range of Parameter r To : (0,100)
Generate toy 171/500
Set Range of Parameter r To : (0,100)
Generate toy 172/500
Set Range of Parameter r To : (0,100)
Generate toy 173/500
Set Range of Parameter r To : (0,100)
Generate toy 174/500
Set Range of Parameter r To : (0,100)
Generate toy 175/500
Set Range of Parameter r To : (0,100)
Generate toy 176/500
Set Range of Parameter r To : (0,100)
Generate toy 177/500
Set Range of Parameter r To : (0,100)
Generate toy 178/500
Set Range of Parameter r To : (0,100)
Generate toy 179/500
Set Range of Parameter r To : (0,100)
Generate toy 180/500
Set Range of Parameter r To : (0,100)
Generate toy 181/500
Set Range of Parameter r To : (0,100)
Generate toy 182/500
Set Range of Parameter r To : (0,100)
Generate toy 183/500
Set Range of Parameter r To : (0,100)
Generate toy 184/500
Set Range of Parameter r To : (0,100)
Generate toy 185/500
Set Range of Parameter r To : (0,100)
Generate toy 186/500
Set Range of Parameter r To : (0,100)
Generate toy 187/500
Set Range of Parameter r To : (0,100)
Generate toy 188/500
Set Range of Parameter r To : (0,100)
Generate toy 189/500
Set Range of Parameter r To : (0,100)
Generate toy 190/500
Set Range of Parameter r To : (0,100)
Generate toy 191/500
Set Range of Parameter r To : (0,100)
Generate toy 192/500
Set Range of Parameter r To : (0,100)
Generate toy 193/500
Set Range of Parameter r To : (0,100)
Generate toy 194/500
Set Range of Parameter r To : (0,100)
Generate toy 195/500
Set Range of Parameter r To : (0,100)
Generate toy 196/500
Set Range of Parameter r To : (0,100)
Generate toy 197/500
Set Range of Parameter r To : (0,100)
Generate toy 198/500
Set Range of Parameter r To : (0,100)
Generate toy 199/500
Set Range of Parameter r To : (0,100)
Generate toy 200/500
Set Range of Parameter r To : (0,100)
Generate toy 201/500
Set Range of Parameter r To : (0,100)
Generate toy 202/500
Set Range of Parameter r To : (0,100)
Generate toy 203/500
Set Range of Parameter r To : (0,100)
Generate toy 204/500
Set Range of Parameter r To : (0,100)
Generate toy 205/500
Set Range of Parameter r To : (0,100)
Generate toy 206/500
Set Range of Parameter r To : (0,100)
Generate toy 207/500
Set Range of Parameter r To : (0,100)
Generate toy 208/500
Set Range of Parameter r To : (0,100)
Generate toy 209/500
Set Range of Parameter r To : (0,100)
Generate toy 210/500
Set Range of Parameter r To : (0,100)
Generate toy 211/500
Set Range of Parameter r To : (0,100)
Generate toy 212/500
Set Range of Parameter r To : (0,100)
Generate toy 213/500
Set Range of Parameter r To : (0,100)
Generate toy 214/500
Set Range of Parameter r To : (0,100)
Generate toy 215/500
Set Range of Parameter r To : (0,100)
Generate toy 216/500
Set Range of Parameter r To : (0,100)
Generate toy 217/500
Set Range of Parameter r To : (0,100)
Generate toy 218/500
Set Range of Parameter r To : (0,100)
Generate toy 219/500
Set Range of Parameter r To : (0,100)
Generate toy 220/500
Set Range of Parameter r To : (0,100)
Generate toy 221/500
Set Range of Parameter r To : (0,100)
Generate toy 222/500
Set Range of Parameter r To : (0,100)
Generate toy 223/500
Set Range of Parameter r To : (0,100)
Generate toy 224/500
Set Range of Parameter r To : (0,100)
Generate toy 225/500
Set Range of Parameter r To : (0,100)
Generate toy 226/500
Set Range of Parameter r To : (0,100)
Generate toy 227/500
Set Range of Parameter r To : (0,100)
Generate toy 228/500
Set Range of Parameter r To : (0,100)
Generate toy 229/500
Set Range of Parameter r To : (0,100)
Generate toy 230/500
Set Range of Parameter r To : (0,100)
Generate toy 231/500
Set Range of Parameter r To : (0,100)
Generate toy 232/500
Set Range of Parameter r To : (0,100)
Generate toy 233/500
Set Range of Parameter r To : (0,100)
Generate toy 234/500
Set Range of Parameter r To : (0,100)
Generate toy 235/500
Set Range of Parameter r To : (0,100)
Generate toy 236/500
Set Range of Parameter r To : (0,100)
Generate toy 237/500
Set Range of Parameter r To : (0,100)
Generate toy 238/500
Set Range of Parameter r To : (0,100)
Generate toy 239/500
Set Range of Parameter r To : (0,100)
Generate toy 240/500
Set Range of Parameter r To : (0,100)
Generate toy 241/500
Set Range of Parameter r To : (0,100)
Generate toy 242/500
Set Range of Parameter r To : (0,100)
Generate toy 243/500
Set Range of Parameter r To : (0,100)
Generate toy 244/500
Set Range of Parameter r To : (0,100)
Generate toy 245/500
Set Range of Parameter r To : (0,100)
Generate toy 246/500
Set Range of Parameter r To : (0,100)
Generate toy 247/500
Set Range of Parameter r To : (0,100)
Generate toy 248/500
Set Range of Parameter r To : (0,100)
Generate toy 249/500
Set Range of Parameter r To : (0,100)
Generate toy 250/500
Set Range of Parameter r To : (0,100)
Generate toy 251/500
Set Range of Parameter r To : (0,100)
Generate toy 252/500
Set Range of Parameter r To : (0,100)
Generate toy 253/500
Set Range of Parameter r To : (0,100)
Generate toy 254/500
Set Range of Parameter r To : (0,100)
Generate toy 255/500
Set Range of Parameter r To : (0,100)
Generate toy 256/500
Set Range of Parameter r To : (0,100)
Generate toy 257/500
Set Range of Parameter r To : (0,100)
Generate toy 258/500
Set Range of Parameter r To : (0,100)
Generate toy 259/500
Set Range of Parameter r To : (0,100)
Generate toy 260/500
Set Range of Parameter r To : (0,100)
Generate toy 261/500
Set Range of Parameter r To : (0,100)
Generate toy 262/500
Set Range of Parameter r To : (0,100)
Generate toy 263/500
Set Range of Parameter r To : (0,100)
Generate toy 264/500
Set Range of Parameter r To : (0,100)
Generate toy 265/500
Set Range of Parameter r To : (0,100)
Generate toy 266/500
Set Range of Parameter r To : (0,100)
Generate toy 267/500
Set Range of Parameter r To : (0,100)
Generate toy 268/500
Set Range of Parameter r To : (0,100)
Generate toy 269/500
Set Range of Parameter r To : (0,100)
Generate toy 270/500
Set Range of Parameter r To : (0,100)
Generate toy 271/500
Set Range of Parameter r To : (0,100)
Generate toy 272/500
Set Range of Parameter r To : (0,100)
Generate toy 273/500
Set Range of Parameter r To : (0,100)
Generate toy 274/500
Set Range of Parameter r To : (0,100)
Generate toy 275/500
Set Range of Parameter r To : (0,100)
Generate toy 276/500
Set Range of Parameter r To : (0,100)
Generate toy 277/500
Set Range of Parameter r To : (0,100)
Generate toy 278/500
Set Range of Parameter r To : (0,100)
Generate toy 279/500
Set Range of Parameter r To : (0,100)
Generate toy 280/500
Set Range of Parameter r To : (0,100)
Generate toy 281/500
Set Range of Parameter r To : (0,100)
Generate toy 282/500
Set Range of Parameter r To : (0,100)
Generate toy 283/500
Set Range of Parameter r To : (0,100)
Generate toy 284/500
Set Range of Parameter r To : (0,100)
Generate toy 285/500
Set Range of Parameter r To : (0,100)
Generate toy 286/500
Set Range of Parameter r To : (0,100)
Generate toy 287/500
Set Range of Parameter r To : (0,100)
Generate toy 288/500
Set Range of Parameter r To : (0,100)
Generate toy 289/500
Set Range of Parameter r To : (0,100)
Generate toy 290/500
Set Range of Parameter r To : (0,100)
Generate toy 291/500
Set Range of Parameter r To : (0,100)
Generate toy 292/500
Set Range of Parameter r To : (0,100)
Generate toy 293/500
Set Range of Parameter r To : (0,100)
Generate toy 294/500
Set Range of Parameter r To : (0,100)
Generate toy 295/500
Set Range of Parameter r To : (0,100)
Generate toy 296/500
Set Range of Parameter r To : (0,100)
Generate toy 297/500
Set Range of Parameter r To : (0,100)
Generate toy 298/500
Set Range of Parameter r To : (0,100)
Generate toy 299/500
Set Range of Parameter r To : (0,100)
Generate toy 300/500
Set Range of Parameter r To : (0,100)
Generate toy 301/500
Set Range of Parameter r To : (0,100)
Generate toy 302/500
Set Range of Parameter r To : (0,100)
Generate toy 303/500
Set Range of Parameter r To : (0,100)
Generate toy 304/500
Set Range of Parameter r To : (0,100)
Generate toy 305/500
Set Range of Parameter r To : (0,100)
Generate toy 306/500
Set Range of Parameter r To : (0,100)
Generate toy 307/500
Set Range of Parameter r To : (0,100)
Generate toy 308/500
Set Range of Parameter r To : (0,100)
Generate toy 309/500
Set Range of Parameter r To : (0,100)
Generate toy 310/500
Set Range of Parameter r To : (0,100)
Generate toy 311/500
Set Range of Parameter r To : (0,100)
Generate toy 312/500
Set Range of Parameter r To : (0,100)
Generate toy 313/500
Set Range of Parameter r To : (0,100)
Generate toy 314/500
Set Range of Parameter r To : (0,100)
Generate toy 315/500
Set Range of Parameter r To : (0,100)
Generate toy 316/500
Set Range of Parameter r To : (0,100)
Generate toy 317/500
Set Range of Parameter r To : (0,100)
Generate toy 318/500
Set Range of Parameter r To : (0,100)
Generate toy 319/500
Set Range of Parameter r To : (0,100)
Generate toy 320/500
Set Range of Parameter r To : (0,100)
Generate toy 321/500
Set Range of Parameter r To : (0,100)
Generate toy 322/500
Set Range of Parameter r To : (0,100)
Generate toy 323/500
Set Range of Parameter r To : (0,100)
Generate toy 324/500
Set Range of Parameter r To : (0,100)
Generate toy 325/500
Set Range of Parameter r To : (0,100)
Generate toy 326/500
Set Range of Parameter r To : (0,100)
Generate toy 327/500
Set Range of Parameter r To : (0,100)
Generate toy 328/500
Set Range of Parameter r To : (0,100)
Generate toy 329/500
Set Range of Parameter r To : (0,100)
Generate toy 330/500
Set Range of Parameter r To : (0,100)
Generate toy 331/500
Set Range of Parameter r To : (0,100)
Generate toy 332/500
Set Range of Parameter r To : (0,100)
Generate toy 333/500
Set Range of Parameter r To : (0,100)
Generate toy 334/500
Set Range of Parameter r To : (0,100)
Generate toy 335/500
Set Range of Parameter r To : (0,100)
Generate toy 336/500
Set Range of Parameter r To : (0,100)
Generate toy 337/500
Set Range of Parameter r To : (0,100)
Generate toy 338/500
Set Range of Parameter r To : (0,100)
Generate toy 339/500
Set Range of Parameter r To : (0,100)
Generate toy 340/500
Set Range of Parameter r To : (0,100)
Generate toy 341/500
Set Range of Parameter r To : (0,100)
Generate toy 342/500
Set Range of Parameter r To : (0,100)
Generate toy 343/500
Set Range of Parameter r To : (0,100)
Generate toy 344/500
Set Range of Parameter r To : (0,100)
Generate toy 345/500
Set Range of Parameter r To : (0,100)
Generate toy 346/500
Set Range of Parameter r To : (0,100)
Generate toy 347/500
Set Range of Parameter r To : (0,100)
Generate toy 348/500
Set Range of Parameter r To : (0,100)
Generate toy 349/500
Set Range of Parameter r To : (0,100)
Generate toy 350/500
Set Range of Parameter r To : (0,100)
Generate toy 351/500
Set Range of Parameter r To : (0,100)
Generate toy 352/500
Set Range of Parameter r To : (0,100)
Generate toy 353/500
Set Range of Parameter r To : (0,100)
Generate toy 354/500
Set Range of Parameter r To : (0,100)
Generate toy 355/500
Set Range of Parameter r To : (0,100)
Generate toy 356/500
Set Range of Parameter r To : (0,100)
Generate toy 357/500
Set Range of Parameter r To : (0,100)
Generate toy 358/500
Set Range of Parameter r To : (0,100)
Generate toy 359/500
Set Range of Parameter r To : (0,100)
Generate toy 360/500
Set Range of Parameter r To : (0,100)
Generate toy 361/500
Set Range of Parameter r To : (0,100)
Generate toy 362/500
Set Range of Parameter r To : (0,100)
Generate toy 363/500
Set Range of Parameter r To : (0,100)
Generate toy 364/500
Set Range of Parameter r To : (0,100)
Generate toy 365/500
Set Range of Parameter r To : (0,100)
Generate toy 366/500
Set Range of Parameter r To : (0,100)
Generate toy 367/500
Set Range of Parameter r To : (0,100)
Generate toy 368/500
Set Range of Parameter r To : (0,100)
Generate toy 369/500
Set Range of Parameter r To : (0,100)
Generate toy 370/500
Set Range of Parameter r To : (0,100)
Generate toy 371/500
Set Range of Parameter r To : (0,100)
Generate toy 372/500
Set Range of Parameter r To : (0,100)
Generate toy 373/500
Set Range of Parameter r To : (0,100)
Generate toy 374/500
Set Range of Parameter r To : (0,100)
Generate toy 375/500
Set Range of Parameter r To : (0,100)
Generate toy 376/500
Set Range of Parameter r To : (0,100)
Generate toy 377/500
Set Range of Parameter r To : (0,100)
Generate toy 378/500
Set Range of Parameter r To : (0,100)
Generate toy 379/500
Set Range of Parameter r To : (0,100)
Generate toy 380/500
Set Range of Parameter r To : (0,100)
Generate toy 381/500
Set Range of Parameter r To : (0,100)
Generate toy 382/500
Set Range of Parameter r To : (0,100)
Generate toy 383/500
Set Range of Parameter r To : (0,100)
Generate toy 384/500
Set Range of Parameter r To : (0,100)
Generate toy 385/500
Set Range of Parameter r To : (0,100)
Generate toy 386/500
Set Range of Parameter r To : (0,100)
Generate toy 387/500
Set Range of Parameter r To : (0,100)
Generate toy 388/500
Set Range of Parameter r To : (0,100)
Generate toy 389/500
Set Range of Parameter r To : (0,100)
Generate toy 390/500
Set Range of Parameter r To : (0,100)
Generate toy 391/500
Set Range of Parameter r To : (0,100)
Generate toy 392/500
Set Range of Parameter r To : (0,100)
Generate toy 393/500
Set Range of Parameter r To : (0,100)
Generate toy 394/500
Set Range of Parameter r To : (0,100)
Generate toy 395/500
Set Range of Parameter r To : (0,100)
Generate toy 396/500
Set Range of Parameter r To : (0,100)
Generate toy 397/500
Set Range of Parameter r To : (0,100)
Generate toy 398/500
Set Range of Parameter r To : (0,100)
Generate toy 399/500
Set Range of Parameter r To : (0,100)
Generate toy 400/500
Set Range of Parameter r To : (0,100)
Generate toy 401/500
Set Range of Parameter r To : (0,100)
Generate toy 402/500
Set Range of Parameter r To : (0,100)
Generate toy 403/500
Set Range of Parameter r To : (0,100)
Generate toy 404/500
Set Range of Parameter r To : (0,100)
Generate toy 405/500
Set Range of Parameter r To : (0,100)
Generate toy 406/500
Set Range of Parameter r To : (0,100)
Generate toy 407/500
Set Range of Parameter r To : (0,100)
Generate toy 408/500
Set Range of Parameter r To : (0,100)
Generate toy 409/500
Set Range of Parameter r To : (0,100)
Generate toy 410/500
Set Range of Parameter r To : (0,100)
Generate toy 411/500
Set Range of Parameter r To : (0,100)
Generate toy 412/500
Set Range of Parameter r To : (0,100)
Generate toy 413/500
Set Range of Parameter r To : (0,100)
Generate toy 414/500
Set Range of Parameter r To : (0,100)
Generate toy 415/500
Set Range of Parameter r To : (0,100)
Generate toy 416/500
Set Range of Parameter r To : (0,100)
Generate toy 417/500
Set Range of Parameter r To : (0,100)
Generate toy 418/500
Set Range of Parameter r To : (0,100)
Generate toy 419/500
Set Range of Parameter r To : (0,100)
Generate toy 420/500
Set Range of Parameter r To : (0,100)
Generate toy 421/500
Set Range of Parameter r To : (0,100)
Generate toy 422/500
Set Range of Parameter r To : (0,100)
Generate toy 423/500
Set Range of Parameter r To : (0,100)
Generate toy 424/500
Set Range of Parameter r To : (0,100)
Generate toy 425/500
Set Range of Parameter r To : (0,100)
Generate toy 426/500
Set Range of Parameter r To : (0,100)
Generate toy 427/500
Set Range of Parameter r To : (0,100)
Generate toy 428/500
Set Range of Parameter r To : (0,100)
Generate toy 429/500
Set Range of Parameter r To : (0,100)
Generate toy 430/500
Set Range of Parameter r To : (0,100)
Generate toy 431/500
Set Range of Parameter r To : (0,100)
Generate toy 432/500
Set Range of Parameter r To : (0,100)
Generate toy 433/500
Set Range of Parameter r To : (0,100)
Generate toy 434/500
Set Range of Parameter r To : (0,100)
Generate toy 435/500
Set Range of Parameter r To : (0,100)
Generate toy 436/500
Set Range of Parameter r To : (0,100)
Generate toy 437/500
Set Range of Parameter r To : (0,100)
Generate toy 438/500
Set Range of Parameter r To : (0,100)
Generate toy 439/500
Set Range of Parameter r To : (0,100)
Generate toy 440/500
Set Range of Parameter r To : (0,100)
Generate toy 441/500
Set Range of Parameter r To : (0,100)
Generate toy 442/500
Set Range of Parameter r To : (0,100)
Generate toy 443/500
Set Range of Parameter r To : (0,100)
Generate toy 444/500
Set Range of Parameter r To : (0,100)
Generate toy 445/500
Set Range of Parameter r To : (0,100)
Generate toy 446/500
Set Range of Parameter r To : (0,100)
Generate toy 447/500
Set Range of Parameter r To : (0,100)
Generate toy 448/500
Set Range of Parameter r To : (0,100)
Generate toy 449/500
Set Range of Parameter r To : (0,100)
Generate toy 450/500
Set Range of Parameter r To : (0,100)
Generate toy 451/500
Set Range of Parameter r To : (0,100)
Generate toy 452/500
Set Range of Parameter r To : (0,100)
Generate toy 453/500
Set Range of Parameter r To : (0,100)
Generate toy 454/500
Set Range of Parameter r To : (0,100)
Generate toy 455/500
Set Range of Parameter r To : (0,100)
Generate toy 456/500
Set Range of Parameter r To : (0,100)
Generate toy 457/500
Set Range of Parameter r To : (0,100)
Generate toy 458/500
Set Range of Parameter r To : (0,100)
Generate toy 459/500
Set Range of Parameter r To : (0,100)
Generate toy 460/500
Set Range of Parameter r To : (0,100)
Generate toy 461/500
Set Range of Parameter r To : (0,100)
Generate toy 462/500
Set Range of Parameter r To : (0,100)
Generate toy 463/500
Set Range of Parameter r To : (0,100)
Generate toy 464/500
Set Range of Parameter r To : (0,100)
Generate toy 465/500
Set Range of Parameter r To : (0,100)
Generate toy 466/500
Set Range of Parameter r To : (0,100)
Generate toy 467/500
Set Range of Parameter r To : (0,100)
Generate toy 468/500
Set Range of Parameter r To : (0,100)
Generate toy 469/500
Set Range of Parameter r To : (0,100)
Generate toy 470/500
Set Range of Parameter r To : (0,100)
Generate toy 471/500
Set Range of Parameter r To : (0,100)
Generate toy 472/500
Set Range of Parameter r To : (0,100)
Generate toy 473/500
Set Range of Parameter r To : (0,100)
Generate toy 474/500
Set Range of Parameter r To : (0,100)
Generate toy 475/500
Set Range of Parameter r To : (0,100)
Generate toy 476/500
Set Range of Parameter r To : (0,100)
Generate toy 477/500
Set Range of Parameter r To : (0,100)
Generate toy 478/500
Set Range of Parameter r To : (0,100)
Generate toy 479/500
Set Range of Parameter r To : (0,100)
Generate toy 480/500
Set Range of Parameter r To : (0,100)
Generate toy 481/500
Set Range of Parameter r To : (0,100)
Generate toy 482/500
Set Range of Parameter r To : (0,100)
Generate toy 483/500
Set Range of Parameter r To : (0,100)
Generate toy 484/500
Set Range of Parameter r To : (0,100)
Generate toy 485/500
Set Range of Parameter r To : (0,100)
Generate toy 486/500
Set Range of Parameter r To : (0,100)
Generate toy 487/500
Set Range of Parameter r To : (0,100)
Generate toy 488/500
Set Range of Parameter r To : (0,100)
Generate toy 489/500
Set Range of Parameter r To : (0,100)
Generate toy 490/500
Set Range of Parameter r To : (0,100)
Generate toy 491/500
Set Range of Parameter r To : (0,100)
Generate toy 492/500
Set Range of Parameter r To : (0,100)
Generate toy 493/500
Set Range of Parameter r To : (0,100)
Generate toy 494/500
Set Range of Parameter r To : (0,100)
Generate toy 495/500
Set Range of Parameter r To : (0,100)
Generate toy 496/500
Set Range of Parameter r To : (0,100)
Generate toy 497/500
Set Range of Parameter r To : (0,100)
Generate toy 498/500
Set Range of Parameter r To : (0,100)
Generate toy 499/500
Set Range of Parameter r To : (0,100)
Generate toy 500/500
mean   expected limit: r < 3.79549e-316 +/- 0 @ 95%CL (500 toyMC)
median expected limit: r < 3.79549e-316 @ 95%CL (500 toyMC)
   68% expected band : 3.79549e-316 < r < 3.79549e-316
   95% expected band : 3.79549e-316 < r < 3.79549e-316
[RUN] (cd /data6/Users/joonblee/higgs_combine/CMSSW_14_1_0_pre4/src/NIsoMuon/review_outputs/Run2Run3/M70/bias && combine -M MultiDimFit /data6/Users/joonblee/higgs_combine/CMSSW_14_1_0_pre4/src/NIsoMuon/review_outputs/Run2Run3/M70/workspace_Run2Run3_M70.root -m 70 -t 500 --toysFile /data6/Users/joonblee/higgs_combine/CMSSW_14_1_0_pre4/src/NIsoMuon/review_outputs/Run2Run3/M70/bias/higgsCombine.ReviewBiasGen_Run2Run3_M70_r1p89844.GenerateOnly.mH70.12345.root --algo singles --setParameters r=1.8984375 --rMin -2 --rMax 100 --setParameterRanges r=-2,100 -n .ReviewBiasFit_Run2Run3_M70_r1p89844)
 <<< Combine >>> 
 <<< v11.0.0 >>>
>>> Random number generator seed is 123456
>>> Method used is MultiDimFit
Set Range of Parameter r To : (-2,100)
Set Default Value of Parameter r To : 1.89844
Set Range of Parameter r To : (-2,100)
Doing initial fit: 

 --- MultiDimFit ---
best fit parameter values and profile-likelihood uncertainties: 
   r :    +1.484   -0.565/+0.625 (68%)
Set Range of Parameter r To : (-2,100)
Doing initial fit: 

 --- MultiDimFit ---
best fit parameter values and profile-likelihood uncertainties: 
   r :    +1.907   -0.584/+0.704 (68%)
Set Range of Parameter r To : (-2,100)
Doing initial fit: 

 --- MultiDimFit ---
best fit parameter values and profile-likelihood uncertainties: 
   r :    +0.790   -0.534/+0.636 (68%)
Set Range of Parameter r To : (-2,100)
Doing initial fit: 

 --- MultiDimFit ---
best fit parameter values and profile-likelihood uncertainties: 
   r :    +2.135   -0.570/+0.575 (68%)
Set Range of Parameter r To : (-2,100)
Doing initial fit: 

 --- MultiDimFit ---
best fit parameter values and profile-likelihood uncertainties: 
   r :    +1.698   -0.575/+0.575 (68%)
Set Range of Parameter r To : (-2,100)
Doing initial fit: 

 --- MultiDimFit ---
best fit parameter values and profile-likelihood uncertainties: 
   r :    +2.149   -0.589/+0.730 (68%)
Set Range of Parameter r To : (-2,100)
Doing initial fit: 

 --- MultiDimFit ---
best fit parameter values and profile-likelihood uncertainties: 
   r :    +2.259   -0.579/+0.587 (68%)
Set Range of Parameter r To : (-2,100)
Doing initial fit: 

 --- MultiDimFit ---
best fit parameter values and profile-likelihood uncertainties: 
   r :    +1.393   -0.621/+0.531 (68%)
Set Range of Parameter r To : (-2,100)
Doing initial fit: 

 --- MultiDimFit ---
best fit parameter values and profile-likelihood uncertainties: 
   r :    +1.181   -0.560/+0.559 (68%)
Set Range of Parameter r To : (-2,100)
Doing initial fit: 

 --- MultiDimFit ---
best fit parameter values and profile-likelihood uncertainties: 
   r :    +2.777   -0.606/+0.608 (68%)
Set Range of Parameter r To : (-2,100)
Doing initial fit: 

 --- MultiDimFit ---
best fit parameter values and profile-likelihood uncertainties: 
   r :    +1.343   -0.514/+0.528 (68%)
Set Range of Parameter r To : (-2,100)
Doing initial fit: 

 --- MultiDimFit ---
best fit parameter values and profile-likelihood uncertainties: 
   r :    +2.153   -0.551/+0.569 (68%)
Set Range of Parameter r To : (-2,100)
Doing initial fit: 

 --- MultiDimFit ---
best fit parameter values and profile-likelihood uncertainties: 
   r :    +2.709   -0.627/+0.620 (68%)
Set Range of Parameter r To : (-2,100)
Doing initial fit: 

 --- MultiDimFit ---
best fit parameter values and profile-likelihood uncertainties: 
   r :    +1.388   -0.558/+0.550 (68%)
Set Range of Parameter r To : (-2,100)
Doing initial fit: 

 --- MultiDimFit ---
best fit parameter values and profile-likelihood uncertainties: 
   r :    +2.906   -0.640/+0.731 (68%)
Set Range of Parameter r To : (-2,100)
Doing initial fit: 

 --- MultiDimFit ---
best fit parameter values and profile-likelihood uncertainties: 
   r :    +2.420   -0.600/+0.601 (68%)
Set Range of Parameter r To : (-2,100)
Doing initial fit: 

 --- MultiDimFit ---
best fit parameter values and profile-likelihood uncertainties: 
   r :    +1.102   -0.491/+0.511 (68%)
Set Range of Parameter r To : (-2,100)
Doing initial fit: 

 --- MultiDimFit ---
best fit parameter values and profile-likelihood uncertainties: 
   r :    +1.941   -0.535/+0.558 (68%)
Set Range of Parameter r To : (-2,100)
Doing initial fit: 

 --- MultiDimFit ---
best fit parameter values and profile-likelihood uncertainties: 
   r :    +2.926   -0.636/+0.650 (68%)
Set Range of Parameter r To : (-2,100)
Doing initial fit: 

 --- MultiDimFit ---
best fit parameter values and profile-likelihood uncertainties: 
   r :    +2.327   -0.598/+0.593 (68%)
Set Range of Parameter r To : (-2,100)
Doing initial fit: 

 --- MultiDimFit ---
best fit parameter values and profile-likelihood uncertainties: 
   r :    +2.470   -0.610/+0.725 (68%)
Set Range of Parameter r To : (-2,100)
Doing initial fit: 

 --- MultiDimFit ---
best fit parameter values and profile-likelihood uncertainties: 
   r :    +1.315   -0.504/+0.521 (68%)
Set Range of Parameter r To : (-2,100)
Doing initial fit: 

 --- MultiDimFit ---
best fit parameter values and profile-likelihood uncertainties: 
   r :    +1.375   -0.564/+0.615 (68%)
Set Range of Parameter r To : (-2,100)
Doing initial fit: 

 --- MultiDimFit ---
best fit parameter values and profile-likelihood uncertainties: 
   r :    +2.306   -0.599/+0.678 (68%)
Set Range of Parameter r To : (-2,100)
Doing initial fit: 

 --- MultiDimFit ---
best fit parameter values and profile-likelihood uncertainties: 
   r :    +1.075   -0.513/+0.519 (68%)
Set Range of Parameter r To : (-2,100)
Doing initial fit: 

 --- MultiDimFit ---
best fit parameter values and profile-likelihood uncertainties: 
   r :    +1.477   -0.514/+0.531 (68%)
Set Range of Parameter r To : (-2,100)
Doing initial fit: 

 --- MultiDimFit ---
best fit parameter values and profile-likelihood uncertainties: 
   r :    +1.392   -0.568/+0.571 (68%)
Set Range of Parameter r To : (-2,100)
Doing initial fit: 

 --- MultiDimFit ---
best fit parameter values and profile-likelihood uncertainties: 
   r :    +1.273   -0.558/+0.639 (68%)
Set Range of Parameter r To : (-2,100)
Doing initial fit: 

 --- MultiDimFit ---
best fit parameter values and profile-likelihood uncertainties: 
   r :    +2.166   -0.555/+0.572 (68%)
Set Range of Parameter r To : (-2,100)
Doing initial fit: 

 --- MultiDimFit ---
best fit parameter values and profile-likelihood uncertainties: 
   r :    +2.622   -0.616/+0.684 (68%)
Set Range of Parameter r To : (-2,100)
Doing initial fit: 

 --- MultiDimFit ---
best fit parameter values and profile-likelihood uncertainties: 
   r :    +2.217   -0.562/+0.572 (68%)
Set Range of Parameter r To : (-2,100)
Doing initial fit: 

 --- MultiDimFit ---
best fit parameter values and profile-likelihood uncertainties: 
   r :    +3.763   -0.615/+0.638 (68%)
Set Range of Parameter r To : (-2,100)
Doing initial fit: 

 --- MultiDimFit ---
best fit parameter values and profile-likelihood uncertainties: 
   r :    +2.070   -0.565/+0.572 (68%)
Set Range of Parameter r To : (-2,100)
Doing initial fit: 

 --- MultiDimFit ---
best fit parameter values and profile-likelihood uncertainties: 
   r :    +2.056   -0.576/+0.580 (68%)
Set Range of Parameter r To : (-2,100)
Doing initial fit: 

 --- MultiDimFit ---
best fit parameter values and profile-likelihood uncertainties: 
   r :    +1.745   -0.577/+0.692 (68%)
Set Range of Parameter r To : (-2,100)
Doing initial fit: 

 --- MultiDimFit ---
best fit parameter values and profile-likelihood uncertainties: 
   r :    +1.844   -0.560/+0.560 (68%)
Set Range of Parameter r To : (-2,100)
Doing initial fit: 

 --- MultiDimFit ---
best fit parameter values and profile-likelihood uncertainties: 
   r :    +1.738   -0.517/+0.537 (68%)
Set Range of Parameter r To : (-2,100)
Doing initial fit: 

 --- MultiDimFit ---
best fit parameter values and profile-likelihood uncertainties: 
   r :    +2.486   -0.579/+0.588 (68%)
Set Range of Parameter r To : (-2,100)
Doing initial fit: 

 --- MultiDimFit ---
best fit parameter values and profile-likelihood uncertainties: 
   r :    +1.951   -0.587/+0.590 (68%)
Set Range of Parameter r To : (-2,100)
Doing initial fit: 

 --- MultiDimFit ---
best fit parameter values and profile-likelihood uncertainties: 
   r :    +1.701   -0.558/+0.559 (68%)
Set Range of Parameter r To : (-2,100)
Doing initial fit: 

 --- MultiDimFit ---
best fit parameter values and profile-likelihood uncertainties: 
   r :    +1.690   -0.581/+0.595 (68%)
Set Range of Parameter r To : (-2,100)
Doing initial fit: 

 --- MultiDimFit ---
best fit parameter values and profile-likelihood uncertainties: 
   r :    +2.169   -0.551/+0.567 (68%)
Set Range of Parameter r To : (-2,100)
Doing initial fit: 

 --- MultiDimFit ---
best fit parameter values and profile-likelihood uncertainties: 
   r :    +3.547   -0.677/+0.673 (68%)
Set Range of Parameter r To : (-2,100)
Doing initial fit: 

 --- MultiDimFit ---
best fit parameter values and profile-likelihood uncertainties: 
   r :    +1.139   -0.512/+0.520 (68%)
Set Range of Parameter r To : (-2,100)
Doing initial fit: 

 --- MultiDimFit ---
best fit parameter values and profile-likelihood uncertainties: 
   r :    +1.113   -0.513/+0.518 (68%)
Set Range of Parameter r To : (-2,100)
Doing initial fit: 

 --- MultiDimFit ---
best fit parameter values and profile-likelihood uncertainties: 
   r :    +1.392   -0.524/+0.534 (68%)
Set Range of Parameter r To : (-2,100)
Doing initial fit: 

 --- MultiDimFit ---
best fit parameter values and profile-likelihood uncertainties: 
   r :    +1.662   -0.581/+0.656 (68%)
Set Range of Parameter r To : (-2,100)
Doing initial fit: 

 --- MultiDimFit ---
best fit parameter values and profile-likelihood uncertainties: 
   r :    +1.884   -0.586/+0.685 (68%)
Set Range of Parameter r To : (-2,100)
Doing initial fit: 

 --- MultiDimFit ---
best fit parameter values and profile-likelihood uncertainties: 
   r :    +1.422   -0.577/+0.609 (68%)
Set Range of Parameter r To : (-2,100)
Doing initial fit: 

 --- MultiDimFit ---
best fit parameter values and profile-likelihood uncertainties: 
   r :    +2.144   -0.564/+0.573 (68%)
Set Range of Parameter r To : (-2,100)
Doing initial fit: 

 --- MultiDimFit ---
best fit parameter values and profile-likelihood uncertainties: 
   r :    +1.925   -0.533/+0.546 (68%)
Set Range of Parameter r To : (-2,100)
Doing initial fit: 

 --- MultiDimFit ---
best fit parameter values and profile-likelihood uncertainties: 
   r :    +2.382   -0.593/+0.598 (68%)
Set Range of Parameter r To : (-2,100)
Doing initial fit: 

 --- MultiDimFit ---
best fit parameter values and profile-likelihood uncertainties: 
   r :    +1.732   -0.525/+0.542 (68%)
Set Range of Parameter r To : (-2,100)
Doing initial fit: 

 --- MultiDimFit ---
best fit parameter values and profile-likelihood uncertainties: 
   r :    +1.557   -0.534/+0.542 (68%)
Set Range of Parameter r To : (-2,100)
Doing initial fit: 

 --- MultiDimFit ---
best fit parameter values and profile-likelihood uncertainties: 
   r :    +1.375   -0.558/+0.647 (68%)
Set Range of Parameter r To : (-2,100)
Doing initial fit: 

 --- MultiDimFit ---
best fit parameter values and profile-likelihood uncertainties: 
   r :    +2.560   -0.598/+0.603 (68%)
Set Range of Parameter r To : (-2,100)
Doing initial fit: 

 --- MultiDimFit ---
best fit parameter values and profile-likelihood uncertainties: 
   r :    +1.119   -0.558/+0.571 (68%)
Set Range of Parameter r To : (-2,100)
Doing initial fit: 

 --- MultiDimFit ---
best fit parameter values and profile-likelihood uncertainties: 
   r :    +2.187   -0.607/+0.633 (68%)
Set Range of Parameter r To : (-2,100)
Doing initial fit: 

 --- MultiDimFit ---
best fit parameter values and profile-likelihood uncertainties: 
   r :    +2.569   -0.566/+0.586 (68%)
Set Range of Parameter r To : (-2,100)
Doing initial fit: 

 --- MultiDimFit ---
best fit parameter values and profile-likelihood uncertainties: 
   r :    +1.163   -0.551/+0.620 (68%)
Set Range of Parameter r To : (-2,100)
Doing initial fit: 

 --- MultiDimFit ---
best fit parameter values and profile-likelihood uncertainties: 
   r :    +1.846   -0.591/+0.600 (68%)
Set Range of Parameter r To : (-2,100)
Doing initial fit: 

 --- MultiDimFit ---
best fit parameter values and profile-likelihood uncertainties: 
   r :    +2.254   -0.600/+0.685 (68%)
Set Range of Parameter r To : (-2,100)
Doing initial fit: 

 --- MultiDimFit ---
best fit parameter values and profile-likelihood uncertainties: 
   r :    +2.950   -0.624/+0.710 (68%)
Set Range of Parameter r To : (-2,100)
Doing initial fit: 

 --- MultiDimFit ---
best fit parameter values and profile-likelihood uncertainties: 
   r :    +2.158   -0.601/+0.624 (68%)
Set Range of Parameter r To : (-2,100)
Doing initial fit: 

 --- MultiDimFit ---
best fit parameter values and profile-likelihood uncertainties: 
   r :    +1.651   -0.565/+0.566 (68%)
Set Range of Parameter r To : (-2,100)
Doing initial fit: 

 --- MultiDimFit ---
best fit parameter values and profile-likelihood uncertainties: 
   r :    +2.315   -0.686/+0.586 (68%)
Set Range of Parameter r To : (-2,100)
Doing initial fit: 

 --- MultiDimFit ---
best fit parameter values and profile-likelihood uncertainties: 
   r :    +0.587   -0.530/+0.546 (68%)
Set Range of Parameter r To : (-2,100)
Doing initial fit: 

 --- MultiDimFit ---
best fit parameter values and profile-likelihood uncertainties: 
   r :    +1.858   -0.555/+0.558 (68%)
Set Range of Parameter r To : (-2,100)
Doing initial fit: 

 --- MultiDimFit ---
best fit parameter values and profile-likelihood uncertainties: 
   r :    +1.544   -0.578/+0.640 (68%)
Set Range of Parameter r To : (-2,100)
Doing initial fit: 

 --- MultiDimFit ---
best fit parameter values and profile-likelihood uncertainties: 
   r :    +1.815   -0.522/+0.544 (68%)
Set Range of Parameter r To : (-2,100)
Doing initial fit: 

 --- MultiDimFit ---
best fit parameter values and profile-likelihood uncertainties: 
   r :    +0.935   -0.552/+0.551 (68%)
Set Range of Parameter r To : (-2,100)
Doing initial fit: 

 --- MultiDimFit ---
best fit parameter values and profile-likelihood uncertainties: 
   r :    +2.949   -0.686/+0.640 (68%)
Set Range of Parameter r To : (-2,100)
Doing initial fit: 

 --- MultiDimFit ---
best fit parameter values and profile-likelihood uncertainties: 
   r :    +1.804   -0.530/+0.546 (68%)
Set Range of Parameter r To : (-2,100)
Doing initial fit: 

 --- MultiDimFit ---
best fit parameter values and profile-likelihood uncertainties: 
   r :    +1.629   -0.673/+0.611 (68%)
Set Range of Parameter r To : (-2,100)
Doing initial fit: 

 --- MultiDimFit ---
best fit parameter values and profile-likelihood uncertainties: 
   r :    +2.159   -0.596/+0.665 (68%)
Set Range of Parameter r To : (-2,100)
Doing initial fit: 

 --- MultiDimFit ---
best fit parameter values and profile-likelihood uncertainties: 
   r :    +1.788   -0.579/+0.568 (68%)
Set Range of Parameter r To : (-2,100)
Doing initial fit: 

 --- MultiDimFit ---
best fit parameter values and profile-likelihood uncertainties: 
   r :    +1.808   -0.609/+0.644 (68%)
Set Range of Parameter r To : (-2,100)
Doing initial fit: 

 --- MultiDimFit ---
best fit parameter values and profile-likelihood uncertainties: 
   r :    +1.817   -0.566/+0.562 (68%)
Set Range of Parameter r To : (-2,100)
Doing initial fit: 

 --- MultiDimFit ---
best fit parameter values and profile-likelihood uncertainties: 
   r :    +2.059   -0.594/+0.638 (68%)
Set Range of Parameter r To : (-2,100)
Doing initial fit: 

 --- MultiDimFit ---
best fit parameter values and profile-likelihood uncertainties: 
   r :    +2.975   -0.597/+0.612 (68%)
Set Range of Parameter r To : (-2,100)
Doing initial fit: 

 --- MultiDimFit ---
best fit parameter values and profile-likelihood uncertainties: 
   r :    +2.360   -0.606/+0.622 (68%)
Set Range of Parameter r To : (-2,100)
Doing initial fit: 

 --- MultiDimFit ---
best fit parameter values and profile-likelihood uncertainties: 
   r :    +1.480   -0.552/+0.548 (68%)
Set Range of Parameter r To : (-2,100)
Doing initial fit: 

 --- MultiDimFit ---
best fit parameter values and profile-likelihood uncertainties: 
   r :    +2.843   -0.589/+0.604 (68%)
Set Range of Parameter r To : (-2,100)
Doing initial fit: 

 --- MultiDimFit ---
best fit parameter values and profile-likelihood uncertainties: 
   r :    +0.876   -0.498/+0.507 (68%)
Set Range of Parameter r To : (-2,100)
Doing initial fit: 

 --- MultiDimFit ---
best fit parameter values and profile-likelihood uncertainties: 
   r :    +2.164   -0.612/+0.602 (68%)
Set Range of Parameter r To : (-2,100)
Doing initial fit: 

 --- MultiDimFit ---
best fit parameter values and profile-likelihood uncertainties: 
   r :    +1.793   -0.553/+0.557 (68%)
Set Range of Parameter r To : (-2,100)
Doing initial fit: 

 --- MultiDimFit ---
best fit parameter values and profile-likelihood uncertainties: 
   r :    +2.513   -0.598/+0.600 (68%)
Set Range of Parameter r To : (-2,100)
Doing initial fit: 

 --- MultiDimFit ---
best fit parameter values and profile-likelihood uncertainties: 
   r :    +1.778   -0.515/+0.538 (68%)
Set Range of Parameter r To : (-2,100)
Doing initial fit: 

 --- MultiDimFit ---
best fit parameter values and profile-likelihood uncertainties: 
   r :    +2.170   -0.610/+0.641 (68%)
Set Range of Parameter r To : (-2,100)
Doing initial fit: 

 --- MultiDimFit ---
best fit parameter values and profile-likelihood uncertainties: 
   r :    +1.343   -0.508/+0.526 (68%)
Set Range of Parameter r To : (-2,100)
Doing initial fit: 

 --- MultiDimFit ---
best fit parameter values and profile-likelihood uncertainties: 
   r :    +2.476   -0.621/+0.626 (68%)
Set Range of Parameter r To : (-2,100)
Doing initial fit: 

 --- MultiDimFit ---
best fit parameter values and profile-likelihood uncertainties: 
   r :    +0.770   -0.533/+0.614 (68%)
Set Range of Parameter r To : (-2,100)
Doing initial fit: 

 --- MultiDimFit ---
best fit parameter values and profile-likelihood uncertainties: 
   r :    +2.708   -0.602/+0.608 (68%)
Set Range of Parameter r To : (-2,100)
Doing initial fit: 

 --- MultiDimFit ---
best fit parameter values and profile-likelihood uncertainties: 
   r :    +1.310   -0.572/+0.568 (68%)
Set Range of Parameter r To : (-2,100)
Doing initial fit: 

 --- MultiDimFit ---
best fit parameter values and profile-likelihood uncertainties: 
   r :    +2.319   -0.581/+0.586 (68%)
Set Range of Parameter r To : (-2,100)
Doing initial fit: 

 --- MultiDimFit ---
best fit parameter values and profile-likelihood uncertainties: 
   r :    +2.553   -0.613/+0.731 (68%)
Set Range of Parameter r To : (-2,100)
Doing initial fit: 

 --- MultiDimFit ---
best fit parameter values and profile-likelihood uncertainties: 
   r :    +1.367   -0.571/+0.592 (68%)
Set Range of Parameter r To : (-2,100)
Doing initial fit: 

 --- MultiDimFit ---
best fit parameter values and profile-likelihood uncertainties: 
   r :    +2.095   -0.601/+0.618 (68%)
Set Range of Parameter r To : (-2,100)
Doing initial fit: 

 --- MultiDimFit ---
best fit parameter values and profile-likelihood uncertainties: 
   r :    +1.984   -0.567/+0.583 (68%)
Set Range of Parameter r To : (-2,100)
Doing initial fit: 

 --- MultiDimFit ---
best fit parameter values and profile-likelihood uncertainties: 
   r :    +2.492   -0.620/+0.747 (68%)
Set Range of Parameter r To : (-2,100)
Doing initial fit: 

 --- MultiDimFit ---
best fit parameter values and profile-likelihood uncertainties: 
   r :    +2.052   -0.591/+0.694 (68%)
Set Range of Parameter r To : (-2,100)
Doing initial fit: 

 --- MultiDimFit ---
best fit parameter values and profile-likelihood uncertainties: 
   r :    +1.491   -0.551/+0.551 (68%)
Set Range of Parameter r To : (-2,100)
Doing initial fit: 

 --- MultiDimFit ---
best fit parameter values and profile-likelihood uncertainties: 
   r :    +3.218   -0.615/+0.628 (68%)
Set Range of Parameter r To : (-2,100)
Doing initial fit: 

 --- MultiDimFit ---
best fit parameter values and profile-likelihood uncertainties: 
   r :    +2.049   -0.574/+0.578 (68%)
Set Range of Parameter r To : (-2,100)
Doing initial fit: 

 --- MultiDimFit ---
best fit parameter values and profile-likelihood uncertainties: 
   r :    +1.781   -0.587/+0.629 (68%)
Set Range of Parameter r To : (-2,100)
Doing initial fit: 

 --- MultiDimFit ---
best fit parameter values and profile-likelihood uncertainties: 
   r :    +2.062   -0.601/+0.616 (68%)
Set Range of Parameter r To : (-2,100)
Doing initial fit: 

 --- MultiDimFit ---
best fit parameter values and profile-likelihood uncertainties: 
   r :    +1.499   -0.570/+0.569 (68%)
Set Range of Parameter r To : (-2,100)
Doing initial fit: 

 --- MultiDimFit ---
best fit parameter values and profile-likelihood uncertainties: 
   r :    +2.266   -0.544/+0.566 (68%)
Set Range of Parameter r To : (-2,100)
Doing initial fit: 

 --- MultiDimFit ---
best fit parameter values and profile-likelihood uncertainties: 
   r :    +2.228   -0.539/+0.566 (68%)
Set Range of Parameter r To : (-2,100)
Doing initial fit: 

 --- MultiDimFit ---
best fit parameter values and profile-likelihood uncertainties: 
   r :    +2.046   -0.598/+0.638 (68%)
Set Range of Parameter r To : (-2,100)
Doing initial fit: 

 --- MultiDimFit ---
best fit parameter values and profile-likelihood uncertainties: 
   r :    +2.170   -0.601/+0.672 (68%)
Set Range of Parameter r To : (-2,100)
Doing initial fit: 

 --- MultiDimFit ---
best fit parameter values and profile-likelihood uncertainties: 
   r :    +1.297   -0.573/+0.568 (68%)
Set Range of Parameter r To : (-2,100)
Doing initial fit: 

 --- MultiDimFit ---
best fit parameter values and profile-likelihood uncertainties: 
   r :    +1.652   -0.525/+0.538 (68%)
Set Range of Parameter r To : (-2,100)
Doing initial fit: 

 --- MultiDimFit ---
best fit parameter values and profile-likelihood uncertainties: 
   r :    +1.706   -0.532/+0.546 (68%)
Set Range of Parameter r To : (-2,100)
Doing initial fit: 

 --- MultiDimFit ---
best fit parameter values and profile-likelihood uncertainties: 
   r :    +1.690   -0.536/+0.546 (68%)
Set Range of Parameter r To : (-2,100)
Doing initial fit: 

 --- MultiDimFit ---
best fit parameter values and profile-likelihood uncertainties: 
   r :    +1.791   -0.543/+0.546 (68%)
Set Range of Parameter r To : (-2,100)
Doing initial fit: 

 --- MultiDimFit ---
best fit parameter values and profile-likelihood uncertainties: 
   r :    +2.060   -0.590/+0.598 (68%)
Set Range of Parameter r To : (-2,100)
Doing initial fit: 

 --- MultiDimFit ---
best fit parameter values and profile-likelihood uncertainties: 
   r :    +2.297   -0.585/+0.587 (68%)
Set Range of Parameter r To : (-2,100)
Doing initial fit: 

 --- MultiDimFit ---
best fit parameter values and profile-likelihood uncertainties: 
   r :    +1.923   -0.577/+0.568 (68%)
Set Range of Parameter r To : (-2,100)
Doing initial fit: 

 --- MultiDimFit ---
best fit parameter values and profile-likelihood uncertainties: 
   r :    +1.658   -0.549/+0.553 (68%)
Set Range of Parameter r To : (-2,100)
Doing initial fit: 

 --- MultiDimFit ---
best fit parameter values and profile-likelihood uncertainties: 
   r :    +2.290   -0.547/+0.566 (68%)
Set Range of Parameter r To : (-2,100)
Doing initial fit: 

 --- MultiDimFit ---
best fit parameter values and profile-likelihood uncertainties: 
   r :    +2.443   -0.617/+0.698 (68%)
Set Range of Parameter r To : (-2,100)
Doing initial fit: 

 --- MultiDimFit ---
best fit parameter values and profile-likelihood uncertainties: 
   r :    +1.457   -0.527/+0.537 (68%)
Set Range of Parameter r To : (-2,100)
Doing initial fit: 

 --- MultiDimFit ---
best fit parameter values and profile-likelihood uncertainties: 
   r :    +1.265   -0.519/+0.530 (68%)
Set Range of Parameter r To : (-2,100)
Doing initial fit: 

 --- MultiDimFit ---
best fit parameter values and profile-likelihood uncertainties: 
   r :    +1.427   -0.585/+0.663 (68%)
Set Range of Parameter r To : (-2,100)
Doing initial fit: 

 --- MultiDimFit ---
best fit parameter values and profile-likelihood uncertainties: 
   r :    +1.699   -0.565/+0.563 (68%)
Set Range of Parameter r To : (-2,100)
Doing initial fit: 

 --- MultiDimFit ---
best fit parameter values and profile-likelihood uncertainties: 
   r :    +1.861   -0.601/+0.647 (68%)
Set Range of Parameter r To : (-2,100)
Doing initial fit: 

 --- MultiDimFit ---
best fit parameter values and profile-likelihood uncertainties: 
   r :    +2.911   -0.607/+0.614 (68%)
Set Range of Parameter r To : (-2,100)
Doing initial fit: 

 --- MultiDimFit ---
best fit parameter values and profile-likelihood uncertainties: 
   r :    +3.058   -0.642/+0.637 (68%)
Set Range of Parameter r To : (-2,100)
Doing initial fit: 

 --- MultiDimFit ---
best fit parameter values and profile-likelihood uncertainties: 
   r :    +2.286   -0.583/+0.587 (68%)
Set Range of Parameter r To : (-2,100)
Doing initial fit: 

 --- MultiDimFit ---
best fit parameter values and profile-likelihood uncertainties: 
   r :    +3.453   -0.637/+0.646 (68%)
Set Range of Parameter r To : (-2,100)
Doing initial fit: 

 --- MultiDimFit ---
best fit parameter values and profile-likelihood uncertainties: 
   r :    +2.590   -0.602/+0.605 (68%)
Set Range of Parameter r To : (-2,100)
Doing initial fit: 

 --- MultiDimFit ---
best fit parameter values and profile-likelihood uncertainties: 
   r :    +1.287   -0.568/+0.629 (68%)
Set Range of Parameter r To : (-2,100)
Doing initial fit: 

 --- MultiDimFit ---
best fit parameter values and profile-likelihood uncertainties: 
   r :    +1.362   -0.557/+0.549 (68%)
Set Range of Parameter r To : (-2,100)
Doing initial fit: 

 --- MultiDimFit ---
best fit parameter values and profile-likelihood uncertainties: 
   r :    +1.980   -0.589/+0.652 (68%)
Set Range of Parameter r To : (-2,100)
Doing initial fit: 

 --- MultiDimFit ---
best fit parameter values and profile-likelihood uncertainties: 
   r :    +3.109   -0.633/+0.639 (68%)
Set Range of Parameter r To : (-2,100)
Doing initial fit: 

 --- MultiDimFit ---
best fit parameter values and profile-likelihood uncertainties: 
   r :    +1.559   -0.546/+0.549 (68%)
Set Range of Parameter r To : (-2,100)
Doing initial fit: 

 --- MultiDimFit ---
best fit parameter values and profile-likelihood uncertainties: 
   r :    +2.795   -0.565/+0.591 (68%)
Set Range of Parameter r To : (-2,100)
Doing initial fit: 

 --- MultiDimFit ---
best fit parameter values and profile-likelihood uncertainties: 
   r :    +2.455   -0.617/+0.681 (68%)
Set Range of Parameter r To : (-2,100)
Doing initial fit: 

 --- MultiDimFit ---
best fit parameter values and profile-likelihood uncertainties: 
   r :    +2.438   -0.604/+0.753 (68%)
Set Range of Parameter r To : (-2,100)
Doing initial fit: 

 --- MultiDimFit ---
best fit parameter values and profile-likelihood uncertainties: 
   r :    +2.116   -0.559/+0.571 (68%)
Set Range of Parameter r To : (-2,100)
Doing initial fit: 

 --- MultiDimFit ---
best fit parameter values and profile-likelihood uncertainties: 
   r :    +1.969   -0.593/+0.580 (68%)
Set Range of Parameter r To : (-2,100)
Doing initial fit: 

 --- MultiDimFit ---
best fit parameter values and profile-likelihood uncertainties: 
   r :    +1.866   -0.550/+0.554 (68%)
Set Range of Parameter r To : (-2,100)
Doing initial fit: 

 --- MultiDimFit ---
best fit parameter values and profile-likelihood uncertainties: 
   r :    +2.259   -0.583/+0.590 (68%)
Set Range of Parameter r To : (-2,100)
Doing initial fit: 

 --- MultiDimFit ---
best fit parameter values and profile-likelihood uncertainties: 
   r :    +1.222   -0.526/+0.528 (68%)
Set Range of Parameter r To : (-2,100)
Doing initial fit: 

 --- MultiDimFit ---
best fit parameter values and profile-likelihood uncertainties: 
   r :    +2.796   -0.643/+0.670 (68%)
Set Range of Parameter r To : (-2,100)
Doing initial fit: 

 --- MultiDimFit ---
best fit parameter values and profile-likelihood uncertainties: 
   r :    +3.043   -0.637/+0.707 (68%)
Set Range of Parameter r To : (-2,100)
Doing initial fit: 

 --- MultiDimFit ---
best fit parameter values and profile-likelihood uncertainties: 
   r :    +2.035   -0.545/+0.562 (68%)
Set Range of Parameter r To : (-2,100)
Doing initial fit: 

 --- MultiDimFit ---
best fit parameter values and profile-likelihood uncertainties: 
   r :    +2.016   -0.539/+0.555 (68%)
Set Range of Parameter r To : (-2,100)
Doing initial fit: 

 --- MultiDimFit ---
best fit parameter values and profile-likelihood uncertainties: 
   r :    +2.182   -0.596/+0.695 (68%)
Set Range of Parameter r To : (-2,100)
Doing initial fit: 

 --- MultiDimFit ---
best fit parameter values and profile-likelihood uncertainties: 
   r :    +2.464   -0.604/+0.601 (68%)
Set Range of Parameter r To : (-2,100)
Doing initial fit: 

 --- MultiDimFit ---
best fit parameter values and profile-likelihood uncertainties: 
   r :    +1.700   -0.580/+0.584 (68%)
Set Range of Parameter r To : (-2,100)
Doing initial fit: 

 --- MultiDimFit ---
best fit parameter values and profile-likelihood uncertainties: 
   r :    +2.516   -0.611/+0.624 (68%)
Set Range of Parameter r To : (-2,100)
Doing initial fit: 

 --- MultiDimFit ---
best fit parameter values and profile-likelihood uncertainties: 
   r :    +2.148   -0.618/+0.579 (68%)
Set Range of Parameter r To : (-2,100)
Doing initial fit: 

 --- MultiDimFit ---
best fit parameter values and profile-likelihood uncertainties: 
   r :    +2.315   -0.577/+0.584 (68%)
Set Range of Parameter r To : (-2,100)
Doing initial fit: 

 --- MultiDimFit ---
best fit parameter values and profile-likelihood uncertainties: 
   r :    +1.315   -0.556/+0.648 (68%)
Set Range of Parameter r To : (-2,100)
Doing initial fit: 

 --- MultiDimFit ---
best fit parameter values and profile-likelihood uncertainties: 
   r :    +2.817   -0.624/+0.703 (68%)
Set Range of Parameter r To : (-2,100)
Doing initial fit: 

 --- MultiDimFit ---
best fit parameter values and profile-likelihood uncertainties: 
   r :    +2.260   -0.565/+0.577 (68%)
Set Range of Parameter r To : (-2,100)
Doing initial fit: 

 --- MultiDimFit ---
best fit parameter values and profile-likelihood uncertainties: 
   r :    +1.515   -0.516/+0.534 (68%)
Set Range of Parameter r To : (-2,100)
Doing initial fit: 

 --- MultiDimFit ---
best fit parameter values and profile-likelihood uncertainties: 
   r :    +1.565   -0.532/+0.542 (68%)
Set Range of Parameter r To : (-2,100)
Doing initial fit: 

 --- MultiDimFit ---
best fit parameter values and profile-likelihood uncertainties: 
   r :    +2.051   -0.557/+0.568 (68%)
Set Range of Parameter r To : (-2,100)
Doing initial fit: 

 --- MultiDimFit ---
best fit parameter values and profile-likelihood uncertainties: 
   r :    +1.606   -0.548/+0.550 (68%)
Set Range of Parameter r To : (-2,100)
Doing initial fit: 

 --- MultiDimFit ---
best fit parameter values and profile-likelihood uncertainties: 
   r :    +1.862   -0.551/+0.557 (68%)
Set Range of Parameter r To : (-2,100)
Doing initial fit: 

 --- MultiDimFit ---
best fit parameter values and profile-likelihood uncertainties: 
   r :    +1.695   -0.544/+0.551 (68%)
Set Range of Parameter r To : (-2,100)
Doing initial fit: 

 --- MultiDimFit ---
best fit parameter values and profile-likelihood uncertainties: 
   r :    +1.220   -0.509/+0.522 (68%)
Set Range of Parameter r To : (-2,100)
Doing initial fit: 

 --- MultiDimFit ---
best fit parameter values and profile-likelihood uncertainties: 
   r :    +1.395   -0.564/+0.560 (68%)
Set Range of Parameter r To : (-2,100)
Doing initial fit: 

 --- MultiDimFit ---
best fit parameter values and profile-likelihood uncertainties: 
   r :    +1.650   -0.521/+0.540 (68%)
Set Range of Parameter r To : (-2,100)
Doing initial fit: 

 --- MultiDimFit ---
best fit parameter values and profile-likelihood uncertainties: 
   r :    +1.084   -0.535/+0.531 (68%)
Set Range of Parameter r To : (-2,100)
Doing initial fit: 

 --- MultiDimFit ---
best fit parameter values and profile-likelihood uncertainties: 
   r :    +1.766   -0.556/+0.559 (68%)
Set Range of Parameter r To : (-2,100)
Doing initial fit: 

 --- MultiDimFit ---
best fit parameter values and profile-likelihood uncertainties: 
   r :    +1.036   -0.501/+0.511 (68%)
Set Range of Parameter r To : (-2,100)
Doing initial fit: 

 --- MultiDimFit ---
best fit parameter values and profile-likelihood uncertainties: 
   r :    +1.698   -0.727/+0.566 (68%)
Set Range of Parameter r To : (-2,100)
Doing initial fit: 

 --- MultiDimFit ---
best fit parameter values and profile-likelihood uncertainties: 
   r :    +1.396   -0.736/+0.528 (68%)
Set Range of Parameter r To : (-2,100)
Doing initial fit: 

 --- MultiDimFit ---
best fit parameter values and profile-likelihood uncertainties: 
   r :    +1.376   -0.529/+0.534 (68%)
Set Range of Parameter r To : (-2,100)
Doing initial fit: 

 --- MultiDimFit ---
best fit parameter values and profile-likelihood uncertainties: 
   r :    +1.346   -0.560/+0.650 (68%)
Set Range of Parameter r To : (-2,100)
Doing initial fit: 

 --- MultiDimFit ---
best fit parameter values and profile-likelihood uncertainties: 
   r :    +2.836   -0.598/+0.611 (68%)
Set Range of Parameter r To : (-2,100)
Doing initial fit: 

 --- MultiDimFit ---
best fit parameter values and profile-likelihood uncertainties: 
   r :    +2.542   -0.625/+0.634 (68%)
Set Range of Parameter r To : (-2,100)
Doing initial fit: 

 --- MultiDimFit ---
best fit parameter values and profile-likelihood uncertainties: 
   r :    +2.739   -0.629/+0.649 (68%)
Set Range of Parameter r To : (-2,100)
Doing initial fit: 

 --- MultiDimFit ---
best fit parameter values and profile-likelihood uncertainties: 
   r :    +0.963   -0.543/+0.620 (68%)
Set Range of Parameter r To : (-2,100)
Doing initial fit: 

 --- MultiDimFit ---
best fit parameter values and profile-likelihood uncertainties: 
   r :    +1.929   -0.569/+0.570 (68%)
Set Range of Parameter r To : (-2,100)
Doing initial fit: 

 --- MultiDimFit ---
best fit parameter values and profile-likelihood uncertainties: 
   r :    +1.555   -0.569/+0.666 (68%)
Set Range of Parameter r To : (-2,100)
Doing initial fit: 

 --- MultiDimFit ---
best fit parameter values and profile-likelihood uncertainties: 
   r :    +0.808   -0.574/+0.636 (68%)
Set Range of Parameter r To : (-2,100)
Doing initial fit: 

 --- MultiDimFit ---
best fit parameter values and profile-likelihood uncertainties: 
   r :    +1.522   -0.538/+0.542 (68%)
Set Range of Parameter r To : (-2,100)
Doing initial fit: 

 --- MultiDimFit ---
best fit parameter values and profile-likelihood uncertainties: 
   r :    +1.880   -0.600/+0.640 (68%)
Set Range of Parameter r To : (-2,100)
Doing initial fit: 

 --- MultiDimFit ---
best fit parameter values and profile-likelihood uncertainties: 
   r :    +1.640   -0.573/+0.571 (68%)
Set Range of Parameter r To : (-2,100)
Doing initial fit: 

 --- MultiDimFit ---
best fit parameter values and profile-likelihood uncertainties: 
   r :    +2.617   -0.619/+0.741 (68%)
Set Range of Parameter r To : (-2,100)
Doing initial fit: 

 --- MultiDimFit ---
best fit parameter values and profile-likelihood uncertainties: 
   r :    +1.675   -0.538/+0.548 (68%)
Set Range of Parameter r To : (-2,100)
Doing initial fit: 

 --- MultiDimFit ---
best fit parameter values and profile-likelihood uncertainties: 
   r :    +1.688   -0.593/+0.629 (68%)
Set Range of Parameter r To : (-2,100)
Doing initial fit: 

 --- MultiDimFit ---
best fit parameter values and profile-likelihood uncertainties: 
   r :    +2.196   -0.559/+0.573 (68%)
Set Range of Parameter r To : (-2,100)
Doing initial fit: 

 --- MultiDimFit ---
best fit parameter values and profile-likelihood uncertainties: 
   r :    +1.685   -0.535/+0.545 (68%)
Set Range of Parameter r To : (-2,100)
Doing initial fit: 

 --- MultiDimFit ---
best fit parameter values and profile-likelihood uncertainties: 
   r :    +1.637   -0.589/+0.636 (68%)
Set Range of Parameter r To : (-2,100)
Doing initial fit: 

 --- MultiDimFit ---
best fit parameter values and profile-likelihood uncertainties: 
   r :    +3.004   -0.575/+0.599 (68%)
Set Range of Parameter r To : (-2,100)
Doing initial fit: 

 --- MultiDimFit ---
best fit parameter values and profile-likelihood uncertainties: 
   r :    +2.270   -0.603/+0.604 (68%)
Set Range of Parameter r To : (-2,100)
Doing initial fit: 

 --- MultiDimFit ---
best fit parameter values and profile-likelihood uncertainties: 
   r :    +1.308   -0.578/+0.612 (68%)
Set Range of Parameter r To : (-2,100)
Doing initial fit: 

 --- MultiDimFit ---
best fit parameter values and profile-likelihood uncertainties: 
   r :    +2.536   -0.611/+0.604 (68%)
Set Range of Parameter r To : (-2,100)
Doing initial fit: 

 --- MultiDimFit ---
best fit parameter values and profile-likelihood uncertainties: 
   r :    +3.000   -0.609/+0.620 (68%)
Set Range of Parameter r To : (-2,100)
Doing initial fit: 

 --- MultiDimFit ---
best fit parameter values and profile-likelihood uncertainties: 
   r :    +2.238   -0.608/+0.637 (68%)
Set Range of Parameter r To : (-2,100)
Doing initial fit: 

 --- MultiDimFit ---
best fit parameter values and profile-likelihood uncertainties: 
   r :    +2.133   -0.605/+0.710 (68%)
Set Range of Parameter r To : (-2,100)
Doing initial fit: 

 --- MultiDimFit ---
best fit parameter values and profile-likelihood uncertainties: 
   r :    +2.402   -0.565/+0.583 (68%)
Set Range of Parameter r To : (-2,100)
Doing initial fit: 

 --- MultiDimFit ---
best fit parameter values and profile-likelihood uncertainties: 
   r :    +2.574   -0.564/+0.585 (68%)
Set Range of Parameter r To : (-2,100)
Doing initial fit: 

 --- MultiDimFit ---
best fit parameter values and profile-likelihood uncertainties: 
   r :    +1.551   -0.530/+0.538 (68%)
Set Range of Parameter r To : (-2,100)
Doing initial fit: 

 --- MultiDimFit ---
best fit parameter values and profile-likelihood uncertainties: 
   r :    +1.825   -0.580/+0.574 (68%)
Set Range of Parameter r To : (-2,100)
Doing initial fit: 

 --- MultiDimFit ---
best fit parameter values and profile-likelihood uncertainties: 
   r :    +1.840   -0.541/+0.549 (68%)
Set Range of Parameter r To : (-2,100)
Doing initial fit: 

 --- MultiDimFit ---
best fit parameter values and profile-likelihood uncertainties: 
   r :    +1.123   -0.511/+0.519 (68%)
Set Range of Parameter r To : (-2,100)
Doing initial fit: 

 --- MultiDimFit ---
best fit parameter values and profile-likelihood uncertainties: 
   r :    +3.089   -0.657/+0.759 (68%)
Set Range of Parameter r To : (-2,100)
Doing initial fit: 

 --- MultiDimFit ---
best fit parameter values and profile-likelihood uncertainties: 
   r :    +0.725   -0.490/+0.495 (68%)
Set Range of Parameter r To : (-2,100)
Doing initial fit: 

 --- MultiDimFit ---
best fit parameter values and profile-likelihood uncertainties: 
   r :    +1.756   -0.545/+0.552 (68%)
Set Range of Parameter r To : (-2,100)
Doing initial fit: 

 --- MultiDimFit ---
best fit parameter values and profile-likelihood uncertainties: 
   r :    +2.245   -0.566/+0.577 (68%)
Set Range of Parameter r To : (-2,100)
Doing initial fit: 

 

 ---------------------------

 WARNING: MultiDimFit failed

 ---------------------------

 
Set Range of Parameter r To : (-2,100)
Doing initial fit: 

 --- MultiDimFit ---
best fit parameter values and profile-likelihood uncertainties: 
   r :    +1.170   -0.518/+0.525 (68%)
Set Range of Parameter r To : (-2,100)
Doing initial fit: 

 --- MultiDimFit ---
best fit parameter values and profile-likelihood uncertainties: 
   r :    +2.150   -0.576/+0.578 (68%)
Set Range of Parameter r To : (-2,100)
Doing initial fit: 

 --- MultiDimFit ---
best fit parameter values and profile-likelihood uncertainties: 
   r :    +2.374   -0.566/+0.581 (68%)
Set Range of Parameter r To : (-2,100)
Doing initial fit: 

 --- MultiDimFit ---
best fit parameter values and profile-likelihood uncertainties: 
   r :    +1.116   -0.539/+0.533 (68%)
Set Range of Parameter r To : (-2,100)
Doing initial fit: 

 --- MultiDimFit ---
best fit parameter values and profile-likelihood uncertainties: 
   r :    +2.323   -0.568/+0.579 (68%)
Set Range of Parameter r To : (-2,100)
Doing initial fit: 

 --- MultiDimFit ---
best fit parameter values and profile-likelihood uncertainties: 
   r :    +2.607   -0.584/+0.600 (68%)
Set Range of Parameter r To : (-2,100)
Doing initial fit: 

 --- MultiDimFit ---
best fit parameter values and profile-likelihood uncertainties: 
   r :    +2.090   -0.589/+0.700 (68%)
Set Range of Parameter r To : (-2,100)
Doing initial fit: 

 --- MultiDimFit ---
best fit parameter values and profile-likelihood uncertainties: 
   r :    +2.331   -0.610/+0.694 (68%)
Set Range of Parameter r To : (-2,100)
Doing initial fit: 

 --- MultiDimFit ---
best fit parameter values and profile-likelihood uncertainties: 
   r :    +1.353   -0.582/+0.548 (68%)
Set Range of Parameter r To : (-2,100)
Doing initial fit: 

 --- MultiDimFit ---
best fit parameter values and profile-likelihood uncertainties: 
   r :    +2.564   -0.571/+0.588 (68%)
Set Range of Parameter r To : (-2,100)
Doing initial fit: 

 --- MultiDimFit ---
best fit parameter values and profile-likelihood uncertainties: 
   r :    +1.643   -0.556/+0.553 (68%)
Set Range of Parameter r To : (-2,100)
Doing initial fit: 

 --- MultiDimFit ---
best fit parameter values and profile-likelihood uncertainties: 
   r :    +1.798   -0.585/+0.625 (68%)
Set Range of Parameter r To : (-2,100)
Doing initial fit: 

 --- MultiDimFit ---
best fit parameter values and profile-likelihood uncertainties: 
   r :    +2.304   -0.597/+0.689 (68%)
Set Range of Parameter r To : (-2,100)
Doing initial fit: 

 --- MultiDimFit ---
best fit parameter values and profile-likelihood uncertainties: 
   r :    +2.243   -0.561/+0.576 (68%)
Set Range of Parameter r To : (-2,100)
Doing initial fit: 

 --- MultiDimFit ---
best fit parameter values and profile-likelihood uncertainties: 
   r :    +1.768   -0.536/+0.543 (68%)
Set Range of Parameter r To : (-2,100)
Doing initial fit: 

 --- MultiDimFit ---
best fit parameter values and profile-likelihood uncertainties: 
   r :    +2.135   -0.601/+0.588 (68%)
Set Range of Parameter r To : (-2,100)
Doing initial fit: 

 --- MultiDimFit ---
best fit parameter values and profile-likelihood uncertainties: 
   r :    +1.217   -0.787/+0.539 (68%)
Set Range of Parameter r To : (-2,100)
Doing initial fit: 

 --- MultiDimFit ---
best fit parameter values and profile-likelihood uncertainties: 
   r :    +1.046   -0.488/+0.505 (68%)
Set Range of Parameter r To : (-2,100)
Doing initial fit: 

 --- MultiDimFit ---
best fit parameter values and profile-likelihood uncertainties: 
   r :    +0.843   -0.545/+0.617 (68%)
Set Range of Parameter r To : (-2,100)
Doing initial fit: 

 --- MultiDimFit ---
best fit parameter values and profile-likelihood uncertainties: 
   r :    +2.431   -0.590/+0.592 (68%)
Set Range of Parameter r To : (-2,100)
Doing initial fit: 

 --- MultiDimFit ---
best fit parameter values and profile-likelihood uncertainties: 
   r :    +2.069   -0.582/+0.583 (68%)
Set Range of Parameter r To : (-2,100)
Doing initial fit: 

 --- MultiDimFit ---
best fit parameter values and profile-likelihood uncertainties: 
   r :    +1.790   -0.531/+0.549 (68%)
Set Range of Parameter r To : (-2,100)
Doing initial fit: 

 --- MultiDimFit ---
best fit parameter values and profile-likelihood uncertainties: 
   r :    +2.075   -0.543/+0.560 (68%)
Set Range of Parameter r To : (-2,100)
Doing initial fit: 

 --- MultiDimFit ---
best fit parameter values and profile-likelihood uncertainties: 
   r :    +1.190   -0.555/+0.659 (68%)
Set Range of Parameter r To : (-2,100)
Doing initial fit: 

 --- MultiDimFit ---
best fit parameter values and profile-likelihood uncertainties: 
   r :    +1.822   -0.580/+0.572 (68%)
Set Range of Parameter r To : (-2,100)
Doing initial fit: 

 --- MultiDimFit ---
best fit parameter values and profile-likelihood uncertainties: 
   r :    +2.004   -0.552/+0.567 (68%)
Set Range of Parameter r To : (-2,100)
Doing initial fit: 

 --- MultiDimFit ---
best fit parameter values and profile-likelihood uncertainties: 
   r :    +2.216   -0.542/+0.565 (68%)
Set Range of Parameter r To : (-2,100)
Doing initial fit: 

 --- MultiDimFit ---
best fit parameter values and profile-likelihood uncertainties: 
   r :    +2.155   -0.599/+0.595 (68%)
Set Range of Parameter r To : (-2,100)
Doing initial fit: 

 --- MultiDimFit ---
best fit parameter values and profile-likelihood uncertainties: 
   r :    +1.904   -0.551/+0.561 (68%)
Set Range of Parameter r To : (-2,100)
Doing initial fit: 

 --- MultiDimFit ---
best fit parameter values and profile-likelihood uncertainties: 
   r :    +1.485   -0.572/+0.617 (68%)
Set Range of Parameter r To : (-2,100)
Doing initial fit: 

 --- MultiDimFit ---
best fit parameter values and profile-likelihood uncertainties: 
   r :    +1.717   -0.531/+0.544 (68%)
Set Range of Parameter r To : (-2,100)
Doing initial fit: 

 --- MultiDimFit ---
best fit parameter values and profile-likelihood uncertainties: 
   r :    +1.587   -0.576/+0.616 (68%)
Set Range of Parameter r To : (-2,100)
Doing initial fit: 

 --- MultiDimFit ---
best fit parameter values and profile-likelihood uncertainties: 
   r :    +1.571   -0.533/+0.541 (68%)
Set Range of Parameter r To : (-2,100)
Doing initial fit: 

 --- MultiDimFit ---
best fit parameter values and profile-likelihood uncertainties: 
   r :    +2.176   -0.592/+0.667 (68%)
Set Range of Parameter r To : (-2,100)
Doing initial fit: 

 --- MultiDimFit ---
best fit parameter values and profile-likelihood uncertainties: 
   r :    +2.000   -0.600/+0.613 (68%)
Set Range of Parameter r To : (-2,100)
Doing initial fit: 

 --- MultiDimFit ---
best fit parameter values and profile-likelihood uncertainties: 
   r :    +0.827   -0.535/+0.629 (68%)
Set Range of Parameter r To : (-2,100)
Doing initial fit: 

 --- MultiDimFit ---
best fit parameter values and profile-likelihood uncertainties: 
   r :    +2.284   -0.614/+0.612 (68%)
Set Range of Parameter r To : (-2,100)
Doing initial fit: 

 --- MultiDimFit ---
best fit parameter values and profile-likelihood uncertainties: 
   r :    +2.617   -0.628/+0.646 (68%)
Set Range of Parameter r To : (-2,100)
Doing initial fit: 

 --- MultiDimFit ---
best fit parameter values and profile-likelihood uncertainties: 
   r :    +1.468   -0.575/+0.662 (68%)
Set Range of Parameter r To : (-2,100)
Doing initial fit: 

 --- MultiDimFit ---
best fit parameter values and profile-likelihood uncertainties: 
   r :    +1.758   -0.519/+0.539 (68%)
Set Range of Parameter r To : (-2,100)
Doing initial fit: 

 --- MultiDimFit ---
best fit parameter values and profile-likelihood uncertainties: 
   r :    +2.314   -0.548/+0.570 (68%)
Set Range of Parameter r To : (-2,100)
Doing initial fit: 

 --- MultiDimFit ---
best fit parameter values and profile-likelihood uncertainties: 
   r :    +2.203   -0.662/+0.602 (68%)
Set Range of Parameter r To : (-2,100)
Doing initial fit: 

 --- MultiDimFit ---
best fit parameter values and profile-likelihood uncertainties: 
   r :    +3.050   -0.607/+0.619 (68%)
Set Range of Parameter r To : (-2,100)
Doing initial fit: 

 --- MultiDimFit ---
best fit parameter values and profile-likelihood uncertainties: 
   r :    +0.859   -0.547/+0.601 (68%)
Set Range of Parameter r To : (-2,100)
Doing initial fit: 

 --- MultiDimFit ---
best fit parameter values and profile-likelihood uncertainties: 
   r :    +2.011   -0.520/+0.554 (68%)
Set Range of Parameter r To : (-2,100)
Doing initial fit: 

 --- MultiDimFit ---
best fit parameter values and profile-likelihood uncertainties: 
   r :    +3.223   -0.608/+0.624 (68%)
Set Range of Parameter r To : (-2,100)
Doing initial fit: 

 --- MultiDimFit ---
best fit parameter values and profile-likelihood uncertainties: 
   r :    +1.100   -0.542/+0.537 (68%)
Set Range of Parameter r To : (-2,100)
Doing initial fit: 

 --- MultiDimFit ---
best fit parameter values and profile-likelihood uncertainties: 
   r :    +1.726   -0.557/+0.558 (68%)
Set Range of Parameter r To : (-2,100)
Doing initial fit: 

 --- MultiDimFit ---
best fit parameter values and profile-likelihood uncertainties: 
   r :    +2.888   -0.586/+0.603 (68%)
Set Range of Parameter r To : (-2,100)
Doing initial fit: 

 --- MultiDimFit ---
best fit parameter values and profile-likelihood uncertainties: 
   r :    +2.650   -0.597/+0.605 (68%)
Set Range of Parameter r To : (-2,100)
Doing initial fit: 

 

 ---------------------------

 WARNING: MultiDimFit failed

 ---------------------------

 
Set Range of Parameter r To : (-2,100)
Doing initial fit: 

 --- MultiDimFit ---
best fit parameter values and profile-likelihood uncertainties: 
   r :    +1.837   -0.596/+0.570 (68%)
Set Range of Parameter r To : (-2,100)
Doing initial fit: 

 --- MultiDimFit ---
best fit parameter values and profile-likelihood uncertainties: 
   r :    +1.843   -0.577/+0.570 (68%)
Set Range of Parameter r To : (-2,100)
Doing initial fit: 

 --- MultiDimFit ---
best fit parameter values and profile-likelihood uncertainties: 
   r :    +1.224   -0.552/+0.545 (68%)
Set Range of Parameter r To : (-2,100)
Doing initial fit: 

 --- MultiDimFit ---
best fit parameter values and profile-likelihood uncertainties: 
   r :    +1.424   -0.554/+0.544 (68%)
Set Range of Parameter r To : (-2,100)
Doing initial fit: 

 --- MultiDimFit ---
best fit parameter values and profile-likelihood uncertainties: 
   r :    +1.657   -0.513/+0.533 (68%)
Set Range of Parameter r To : (-2,100)
Doing initial fit: 

 --- MultiDimFit ---
best fit parameter values and profile-likelihood uncertainties: 
   r :    +4.171   -0.703/+0.704 (68%)
Set Range of Parameter r To : (-2,100)
Doing initial fit: 

 --- MultiDimFit ---
best fit parameter values and profile-likelihood uncertainties: 
   r :    +2.449   -0.593/+0.597 (68%)
Set Range of Parameter r To : (-2,100)
Doing initial fit: 

 --- MultiDimFit ---
best fit parameter values and profile-likelihood uncertainties: 
   r :    +2.226   -0.596/+0.596 (68%)
Set Range of Parameter r To : (-2,100)
Doing initial fit: 

 --- MultiDimFit ---
best fit parameter values and profile-likelihood uncertainties: 
   r :    +2.101   -0.611/+0.637 (68%)
Set Range of Parameter r To : (-2,100)
Doing initial fit: 

 --- MultiDimFit ---
best fit parameter values and profile-likelihood uncertainties: 
   r :    +1.619   -0.562/+0.561 (68%)
Set Range of Parameter r To : (-2,100)
Doing initial fit: 

 --- MultiDimFit ---
best fit parameter values and profile-likelihood uncertainties: 
   r :    +1.612   -0.598/+0.590 (68%)
Set Range of Parameter r To : (-2,100)
Doing initial fit: 

 --- MultiDimFit ---
best fit parameter values and profile-likelihood uncertainties: 
   r :    +3.228   -0.636/+0.644 (68%)
Set Range of Parameter r To : (-2,100)
Doing initial fit: 

 --- MultiDimFit ---
best fit parameter values and profile-likelihood uncertainties: 
   r :    +1.723   -0.528/+0.541 (68%)
Set Range of Parameter r To : (-2,100)
Doing initial fit: 

 --- MultiDimFit ---
best fit parameter values and profile-likelihood uncertainties: 
   r :    +2.892   -0.637/+0.646 (68%)
Set Range of Parameter r To : (-2,100)
Doing initial fit: 

 --- MultiDimFit ---
best fit parameter values and profile-likelihood uncertainties: 
   r :    +3.220   -0.573/+0.605 (68%)
Set Range of Parameter r To : (-2,100)
Doing initial fit: 

 --- MultiDimFit ---
best fit parameter values and profile-likelihood uncertainties: 
   r :    +2.313   -0.544/+0.566 (68%)
Set Range of Parameter r To : (-2,100)
Doing initial fit: 

 --- MultiDimFit ---
best fit parameter values and profile-likelihood uncertainties: 
   r :    +1.847   -0.536/+0.545 (68%)
Set Range of Parameter r To : (-2,100)
Doing initial fit: 

 --- MultiDimFit ---
best fit parameter values and profile-likelihood uncertainties: 
   r :    +1.614   -0.569/+0.660 (68%)
Set Range of Parameter r To : (-2,100)
Doing initial fit: 

 --- MultiDimFit ---
best fit parameter values and profile-likelihood uncertainties: 
   r :    +2.934   -0.630/+0.720 (68%)
Set Range of Parameter r To : (-2,100)
Doing initial fit: 

 --- MultiDimFit ---
best fit parameter values and profile-likelihood uncertainties: 
   r :    +1.559   -0.569/+0.567 (68%)
Set Range of Parameter r To : (-2,100)
Doing initial fit: 

 --- MultiDimFit ---
best fit parameter values and profile-likelihood uncertainties: 
   r :    +1.528   -0.576/+0.581 (68%)
Set Range of Parameter r To : (-2,100)
Doing initial fit: 

 --- MultiDimFit ---
best fit parameter values and profile-likelihood uncertainties: 
   r :    +1.275   -0.501/+0.521 (68%)
Set Range of Parameter r To : (-2,100)
Doing initial fit: 

 --- MultiDimFit ---
best fit parameter values and profile-likelihood uncertainties: 
   r :    +1.931   -0.591/+0.577 (68%)
Set Range of Parameter r To : (-2,100)
Doing initial fit: 

 --- MultiDimFit ---
best fit parameter values and profile-likelihood uncertainties: 
   r :    +2.394   -0.606/+0.678 (68%)
Set Range of Parameter r To : (-2,100)
Doing initial fit: 

 --- MultiDimFit ---
best fit parameter values and profile-likelihood uncertainties: 
   r :    +3.126   -0.638/+0.648 (68%)
Set Range of Parameter r To : (-2,100)
Doing initial fit: 

 --- MultiDimFit ---
best fit parameter values and profile-likelihood uncertainties: 
   r :    +2.136   -0.578/+0.580 (68%)
Set Range of Parameter r To : (-2,100)
Doing initial fit: 

 --- MultiDimFit ---
best fit parameter values and profile-likelihood uncertainties: 
   r :    +2.391   -0.583/+0.590 (68%)
Set Range of Parameter r To : (-2,100)
Doing initial fit: 

 --- MultiDimFit ---
best fit parameter values and profile-likelihood uncertainties: 
   r :    +1.922   -0.603/+0.598 (68%)
Set Range of Parameter r To : (-2,100)
Doing initial fit: 

 --- MultiDimFit ---
best fit parameter values and profile-likelihood uncertainties: 
   r :    +1.467   -0.565/+0.625 (68%)
Set Range of Parameter r To : (-2,100)
Doing initial fit: 

 --- MultiDimFit ---
best fit parameter values and profile-likelihood uncertainties: 
   r :    +1.452   -0.559/+0.553 (68%)
Set Range of Parameter r To : (-2,100)
Doing initial fit: 

 --- MultiDimFit ---
best fit parameter values and profile-likelihood uncertainties: 
   r :    +1.748   -0.562/+0.559 (68%)
Set Range of Parameter r To : (-2,100)
Doing initial fit: 

 --- MultiDimFit ---
best fit parameter values and profile-likelihood uncertainties: 
   r :    +1.223   -0.552/+0.552 (68%)
Set Range of Parameter r To : (-2,100)
Doing initial fit: 

 --- MultiDimFit ---
best fit parameter values and profile-likelihood uncertainties: 
   r :    +2.814   -0.637/+0.664 (68%)
Set Range of Parameter r To : (-2,100)
Doing initial fit: 

 --- MultiDimFit ---
best fit parameter values and profile-likelihood uncertainties: 
   r :    +1.974   -0.587/+0.696 (68%)
Set Range of Parameter r To : (-2,100)
Doing initial fit: 

 --- MultiDimFit ---
best fit parameter values and profile-likelihood uncertainties: 
   r :    +2.197   -0.616/+0.591 (68%)
Set Range of Parameter r To : (-2,100)
Doing initial fit: 

 --- MultiDimFit ---
best fit parameter values and profile-likelihood uncertainties: 
   r :    +2.134   -0.562/+0.572 (68%)
Set Range of Parameter r To : (-2,100)
Doing initial fit: 

 --- MultiDimFit ---
best fit parameter values and profile-likelihood uncertainties: 
   r :    +1.583   -0.539/+0.544 (68%)
Set Range of Parameter r To : (-2,100)
Doing initial fit: 

 --- MultiDimFit ---
best fit parameter values and profile-likelihood uncertainties: 
   r :    +2.474   -0.630/+0.656 (68%)
Set Range of Parameter r To : (-2,100)
Doing initial fit: 

 --- MultiDimFit ---
best fit parameter values and profile-likelihood uncertainties: 
   r :    +1.472   -0.535/+0.540 (68%)
Set Range of Parameter r To : (-2,100)
Doing initial fit: 

 --- MultiDimFit ---
best fit parameter values and profile-likelihood uncertainties: 
   r :    +2.915   -0.627/+0.634 (68%)
Set Range of Parameter r To : (-2,100)
Doing initial fit: 

 --- MultiDimFit ---
best fit parameter values and profile-likelihood uncertainties: 
   r :    +2.294   -0.635/+0.627 (68%)
Set Range of Parameter r To : (-2,100)
Doing initial fit: 

 --- MultiDimFit ---
best fit parameter values and profile-likelihood uncertainties: 
   r :    +2.143   -0.597/+0.789 (68%)
Set Range of Parameter r To : (-2,100)
Doing initial fit: 

 --- MultiDimFit ---
best fit parameter values and profile-likelihood uncertainties: 
   r :    +2.382   -0.608/+0.702 (68%)
Set Range of Parameter r To : (-2,100)
Doing initial fit: 

 --- MultiDimFit ---
best fit parameter values and profile-likelihood uncertainties: 
   r :    +1.161   -0.548/+0.540 (68%)
Set Range of Parameter r To : (-2,100)
Doing initial fit: 

 --- MultiDimFit ---
best fit parameter values and profile-likelihood uncertainties: 
   r :    +2.052   -0.593/+0.703 (68%)
Set Range of Parameter r To : (-2,100)
Doing initial fit: 

 --- MultiDimFit ---
best fit parameter values and profile-likelihood uncertainties: 
   r :    +1.551   -0.570/+0.580 (68%)
Set Range of Parameter r To : (-2,100)
Doing initial fit: 

 --- MultiDimFit ---
best fit parameter values and profile-likelihood uncertainties: 
   r :    +2.085   -0.586/+0.587 (68%)
Set Range of Parameter r To : (-2,100)
Doing initial fit: 

 --- MultiDimFit ---
best fit parameter values and profile-likelihood uncertainties: 
   r :    +1.532   -0.576/+0.623 (68%)
Set Range of Parameter r To : (-2,100)
Doing initial fit: 

 --- MultiDimFit ---
best fit parameter values and profile-likelihood uncertainties: 
   r :    +2.767   -0.578/+0.600 (68%)
Set Range of Parameter r To : (-2,100)
Doing initial fit: 

 --- MultiDimFit ---
best fit parameter values and profile-likelihood uncertainties: 
   r :    +2.998   -0.641/+0.636 (68%)
Set Range of Parameter r To : (-2,100)
Doing initial fit: 

 --- MultiDimFit ---
best fit parameter values and profile-likelihood uncertainties: 
   r :    +1.314   -0.563/+0.589 (68%)
Set Range of Parameter r To : (-2,100)
Doing initial fit: 

 --- MultiDimFit ---
best fit parameter values and profile-likelihood uncertainties: 
   r :    +2.108   -0.592/+0.685 (68%)
Set Range of Parameter r To : (-2,100)
Doing initial fit: 

 --- MultiDimFit ---
best fit parameter values and profile-likelihood uncertainties: 
   r :    +1.852   -0.563/+0.558 (68%)
Set Range of Parameter r To : (-2,100)
Doing initial fit: 

 --- MultiDimFit ---
best fit parameter values and profile-likelihood uncertainties: 
   r :    +1.546   -0.757/+0.542 (68%)
Set Range of Parameter r To : (-2,100)
Doing initial fit: 

 --- MultiDimFit ---
best fit parameter values and profile-likelihood uncertainties: 
   r :    +1.744   -0.573/+0.566 (68%)
Set Range of Parameter r To : (-2,100)
Doing initial fit: 

 --- MultiDimFit ---
best fit parameter values and profile-likelihood uncertainties: 
   r :    +1.232   -0.514/+0.524 (68%)
Set Range of Parameter r To : (-2,100)
Doing initial fit: 

 --- MultiDimFit ---
best fit parameter values and profile-likelihood uncertainties: 
   r :    +2.051   -0.566/+0.574 (68%)
Set Range of Parameter r To : (-2,100)
Doing initial fit: 

 --- MultiDimFit ---
best fit parameter values and profile-likelihood uncertainties: 
   r :    +2.097   -0.542/+0.566 (68%)
Set Range of Parameter r To : (-2,100)
Doing initial fit: 

 --- MultiDimFit ---
best fit parameter values and profile-likelihood uncertainties: 
   r :    +1.278   -0.520/+0.528 (68%)
Set Range of Parameter r To : (-2,100)
Doing initial fit: 

 --- MultiDimFit ---
best fit parameter values and profile-likelihood uncertainties: 
   r :    +1.420   -0.518/+0.533 (68%)
Set Range of Parameter r To : (-2,100)
Doing initial fit: 

 --- MultiDimFit ---
best fit parameter values and profile-likelihood uncertainties: 
   r :    +1.656   -0.579/+0.659 (68%)
Set Range of Parameter r To : (-2,100)
Doing initial fit: 

 --- MultiDimFit ---
best fit parameter values and profile-likelihood uncertainties: 
   r :    +1.732   -0.579/+0.651 (68%)
Set Range of Parameter r To : (-2,100)
Doing initial fit: 

 --- MultiDimFit ---
best fit parameter values and profile-likelihood uncertainties: 
   r :    +2.679   -0.627/+0.676 (68%)
Set Range of Parameter r To : (-2,100)
Doing initial fit: 

 --- MultiDimFit ---
best fit parameter values and profile-likelihood uncertainties: 
   r :    +2.614   -0.624/+0.614 (68%)
Set Range of Parameter r To : (-2,100)
Doing initial fit: 

 --- MultiDimFit ---
best fit parameter values and profile-likelihood uncertainties: 
   r :    +1.633   -0.565/+0.565 (68%)
Set Range of Parameter r To : (-2,100)
Doing initial fit: 

 --- MultiDimFit ---
best fit parameter values and profile-likelihood uncertainties: 
   r :    +2.093   -0.605/+0.589 (68%)
Set Range of Parameter r To : (-2,100)
Doing initial fit: 

 --- MultiDimFit ---
best fit parameter values and profile-likelihood uncertainties: 
   r :    +2.473   -0.554/+0.578 (68%)
Set Range of Parameter r To : (-2,100)
Doing initial fit: 

 --- MultiDimFit ---
best fit parameter values and profile-likelihood uncertainties: 
   r :    +1.902   -0.577/+0.695 (68%)
Set Range of Parameter r To : (-2,100)
Doing initial fit: 

 --- MultiDimFit ---
best fit parameter values and profile-likelihood uncertainties: 
   r :    +1.902   -0.532/+0.550 (68%)
Set Range of Parameter r To : (-2,100)
Doing initial fit: 

 --- MultiDimFit ---
best fit parameter values and profile-likelihood uncertainties: 
   r :    +1.630   -0.548/+0.552 (68%)
Set Range of Parameter r To : (-2,100)
Doing initial fit: 

 --- MultiDimFit ---
best fit parameter values and profile-likelihood uncertainties: 
   r :    +1.569   -0.603/+0.571 (68%)
Set Range of Parameter r To : (-2,100)
Doing initial fit: 

 --- MultiDimFit ---
best fit parameter values and profile-likelihood uncertainties: 
   r :    +1.679   -0.525/+0.543 (68%)
Set Range of Parameter r To : (-2,100)
Doing initial fit: 

 --- MultiDimFit ---
best fit parameter values and profile-likelihood uncertainties: 
   r :    +2.512   -0.618/+0.627 (68%)
Set Range of Parameter r To : (-2,100)
Doing initial fit: 

 --- MultiDimFit ---
best fit parameter values and profile-likelihood uncertainties: 
   r :    +1.548   -0.533/+0.542 (68%)
Set Range of Parameter r To : (-2,100)
Doing initial fit: 

 --- MultiDimFit ---
best fit parameter values and profile-likelihood uncertainties: 
   r :    +1.938   -0.590/+0.608 (68%)
Set Range of Parameter r To : (-2,100)
Doing initial fit: 

 --- MultiDimFit ---
best fit parameter values and profile-likelihood uncertainties: 
   r :    +2.472   -0.594/+0.598 (68%)
Set Range of Parameter r To : (-2,100)
Doing initial fit: 

 --- MultiDimFit ---
best fit parameter values and profile-likelihood uncertainties: 
   r :    +2.173   -0.546/+0.565 (68%)
Set Range of Parameter r To : (-2,100)
Doing initial fit: 

 --- MultiDimFit ---
best fit parameter values and profile-likelihood uncertainties: 
   r :    +1.871   -0.584/+0.676 (68%)
Set Range of Parameter r To : (-2,100)
Doing initial fit: 

 --- MultiDimFit ---
best fit parameter values and profile-likelihood uncertainties: 
   r :    +2.001   -0.545/+0.563 (68%)
Set Range of Parameter r To : (-2,100)
Doing initial fit: 

 --- MultiDimFit ---
best fit parameter values and profile-likelihood uncertainties: 
   r :    +2.248   -0.547/+0.569 (68%)
Set Range of Parameter r To : (-2,100)
Doing initial fit: 

 --- MultiDimFit ---
best fit parameter values and profile-likelihood uncertainties: 
   r :    +2.161   -0.599/+0.608 (68%)
Set Range of Parameter r To : (-2,100)
Doing initial fit: 

 --- MultiDimFit ---
best fit parameter values and profile-likelihood uncertainties: 
   r :    +2.105   -0.586/+0.586 (68%)
Set Range of Parameter r To : (-2,100)
Doing initial fit: 

 --- MultiDimFit ---
best fit parameter values and profile-likelihood uncertainties: 
   r :    +2.836   -0.641/+0.674 (68%)
Set Range of Parameter r To : (-2,100)
Doing initial fit: 

 --- MultiDimFit ---
best fit parameter values and profile-likelihood uncertainties: 
   r :    +2.650   -0.580/+0.592 (68%)
Set Range of Parameter r To : (-2,100)
Doing initial fit: 

 --- MultiDimFit ---
best fit parameter values and profile-likelihood uncertainties: 
   r :    +2.301   -0.604/+0.733 (68%)
Set Range of Parameter r To : (-2,100)
Doing initial fit: 

 --- MultiDimFit ---
best fit parameter values and profile-likelihood uncertainties: 
   r :    +2.061   -0.581/+0.582 (68%)
Set Range of Parameter r To : (-2,100)
Doing initial fit: 

 --- MultiDimFit ---
best fit parameter values and profile-likelihood uncertainties: 
   r :    +1.016   -0.564/+0.621 (68%)
Set Range of Parameter r To : (-2,100)
Doing initial fit: 

 --- MultiDimFit ---
best fit parameter values and profile-likelihood uncertainties: 
   r :    +1.638   -0.576/+0.556 (68%)
Set Range of Parameter r To : (-2,100)
Doing initial fit: 

 --- MultiDimFit ---
best fit parameter values and profile-likelihood uncertainties: 
   r :    +0.997   -0.547/+0.568 (68%)
Set Range of Parameter r To : (-2,100)
Doing initial fit: 

 --- MultiDimFit ---
best fit parameter values and profile-likelihood uncertainties: 
   r :    +2.357   -0.577/+0.586 (68%)
Set Range of Parameter r To : (-2,100)
Doing initial fit: 

 --- MultiDimFit ---
best fit parameter values and profile-likelihood uncertainties: 
   r :    +1.831   -0.565/+0.560 (68%)
Set Range of Parameter r To : (-2,100)
Doing initial fit: 

 --- MultiDimFit ---
best fit parameter values and profile-likelihood uncertainties: 
   r :    +2.720   -0.584/+0.598 (68%)
Set Range of Parameter r To : (-2,100)
Doing initial fit: 

 --- MultiDimFit ---
best fit parameter values and profile-likelihood uncertainties: 
   r :    +1.132   -0.533/+0.533 (68%)
Set Range of Parameter r To : (-2,100)
Doing initial fit: 

 --- MultiDimFit ---
best fit parameter values and profile-likelihood uncertainties: 
   r :    +2.527   -0.598/+0.601 (68%)
Set Range of Parameter r To : (-2,100)
Doing initial fit: 

 --- MultiDimFit ---
best fit parameter values and profile-likelihood uncertainties: 
   r :    +1.886   -0.520/+0.540 (68%)
Set Range of Parameter r To : (-2,100)
Doing initial fit: 

 --- MultiDimFit ---
best fit parameter values and profile-likelihood uncertainties: 
   r :    +1.380   -0.572/+0.568 (68%)
Set Range of Parameter r To : (-2,100)
Doing initial fit: 

 --- MultiDimFit ---
best fit parameter values and profile-likelihood uncertainties: 
   r :    +2.503   -0.621/+0.681 (68%)
Set Range of Parameter r To : (-2,100)
Doing initial fit: 

 --- MultiDimFit ---
best fit parameter values and profile-likelihood uncertainties: 
   r :    +0.946   -0.492/+0.507 (68%)
Set Range of Parameter r To : (-2,100)
Doing initial fit: 

 --- MultiDimFit ---
best fit parameter values and profile-likelihood uncertainties: 
   r :    +2.067   -0.547/+0.563 (68%)
Set Range of Parameter r To : (-2,100)
Doing initial fit: 

 --- MultiDimFit ---
best fit parameter values and profile-likelihood uncertainties: 
   r :    +1.037   -0.529/+0.524 (68%)
Set Range of Parameter r To : (-2,100)
Doing initial fit: 

 --- MultiDimFit ---
best fit parameter values and profile-likelihood uncertainties: 
   r :    +1.965   -0.550/+0.572 (68%)
Set Range of Parameter r To : (-2,100)
Doing initial fit: 

 --- MultiDimFit ---
best fit parameter values and profile-likelihood uncertainties: 
   r :    +2.122   -0.581/+0.582 (68%)
Set Range of Parameter r To : (-2,100)
Doing initial fit: 

 --- MultiDimFit ---
best fit parameter values and profile-likelihood uncertainties: 
   r :    +1.566   -0.561/+0.554 (68%)
Set Range of Parameter r To : (-2,100)
Doing initial fit: 

 --- MultiDimFit ---
best fit parameter values and profile-likelihood uncertainties: 
   r :    +2.564   -0.596/+0.598 (68%)
Set Range of Parameter r To : (-2,100)
Doing initial fit: 

 --- MultiDimFit ---
best fit parameter values and profile-likelihood uncertainties: 
   r :    +0.756   -0.492/+0.500 (68%)
Set Range of Parameter r To : (-2,100)
Doing initial fit: 

 --- MultiDimFit ---
best fit parameter values and profile-likelihood uncertainties: 
   r :    +2.155   -0.621/+0.671 (68%)
Set Range of Parameter r To : (-2,100)
Doing initial fit: 

 --- MultiDimFit ---
best fit parameter values and profile-likelihood uncertainties: 
   r :    +2.651   -0.587/+0.596 (68%)
Set Range of Parameter r To : (-2,100)
Doing initial fit: 

 --- MultiDimFit ---
best fit parameter values and profile-likelihood uncertainties: 
   r :    +2.501   -0.618/+0.685 (68%)
Set Range of Parameter r To : (-2,100)
Doing initial fit: 

 --- MultiDimFit ---
best fit parameter values and profile-likelihood uncertainties: 
   r :    +2.266   -0.573/+0.582 (68%)
Set Range of Parameter r To : (-2,100)
Doing initial fit: 

 --- MultiDimFit ---
best fit parameter values and profile-likelihood uncertainties: 
   r :    +1.578   -0.595/+0.571 (68%)
Set Range of Parameter r To : (-2,100)
Doing initial fit: 

 --- MultiDimFit ---
best fit parameter values and profile-likelihood uncertainties: 
   r :    +1.665   -0.525/+0.543 (68%)
Set Range of Parameter r To : (-2,100)
Doing initial fit: 

 --- MultiDimFit ---
best fit parameter values and profile-likelihood uncertainties: 
   r :    +1.977   -0.583/+0.667 (68%)
Set Range of Parameter r To : (-2,100)
Doing initial fit: 

 --- MultiDimFit ---
best fit parameter values and profile-likelihood uncertainties: 
   r :    +1.984   -0.590/+0.599 (68%)
Set Range of Parameter r To : (-2,100)
Doing initial fit: 

 --- MultiDimFit ---
best fit parameter values and profile-likelihood uncertainties: 
   r :    +0.980   -0.490/+0.505 (68%)
Set Range of Parameter r To : (-2,100)
Doing initial fit: 

 --- MultiDimFit ---
best fit parameter values and profile-likelihood uncertainties: 
   r :    +1.745   -0.533/+0.544 (68%)
Set Range of Parameter r To : (-2,100)
Doing initial fit: 

 --- MultiDimFit ---
best fit parameter values and profile-likelihood uncertainties: 
   r :    +1.629   -0.595/+0.583 (68%)
Set Range of Parameter r To : (-2,100)
Doing initial fit: 

 --- MultiDimFit ---
best fit parameter values and profile-likelihood uncertainties: 
   r :    +1.908   -0.544/+0.564 (68%)
Set Range of Parameter r To : (-2,100)
Doing initial fit: 

 --- MultiDimFit ---
best fit parameter values and profile-likelihood uncertainties: 
   r :    +1.232   -0.528/+0.532 (68%)
Set Range of Parameter r To : (-2,100)
Doing initial fit: 

 --- MultiDimFit ---
best fit parameter values and profile-likelihood uncertainties: 
   r :    +2.012   -0.599/+0.638 (68%)
Set Range of Parameter r To : (-2,100)
Doing initial fit: 

 --- MultiDimFit ---
best fit parameter values and profile-likelihood uncertainties: 
   r :    +2.091   -0.581/+0.591 (68%)
Set Range of Parameter r To : (-2,100)
Doing initial fit: 

 --- MultiDimFit ---
best fit parameter values and profile-likelihood uncertainties: 
   r :    +1.306   -0.557/+0.653 (68%)
Set Range of Parameter r To : (-2,100)
Doing initial fit: 

 --- MultiDimFit ---
best fit parameter values and profile-likelihood uncertainties: 
   r :    +2.064   -0.600/+0.655 (68%)
Set Range of Parameter r To : (-2,100)
Doing initial fit: 

 --- MultiDimFit ---
best fit parameter values and profile-likelihood uncertainties: 
   r :    +1.911   -0.601/+0.607 (68%)
Set Range of Parameter r To : (-2,100)
Doing initial fit: 

 --- MultiDimFit ---
best fit parameter values and profile-likelihood uncertainties: 
   r :    +1.484   -0.513/+0.528 (68%)
Set Range of Parameter r To : (-2,100)
Doing initial fit: 

 --- MultiDimFit ---
best fit parameter values and profile-likelihood uncertainties: 
   r :    +2.283   -0.600/+0.598 (68%)
Set Range of Parameter r To : (-2,100)
Doing initial fit: 

 --- MultiDimFit ---
best fit parameter values and profile-likelihood uncertainties: 
   r :    +1.756   -0.584/+0.588 (68%)
Set Range of Parameter r To : (-2,100)
Doing initial fit: 

 --- MultiDimFit ---
best fit parameter values and profile-likelihood uncertainties: 
   r :    +2.318   -0.564/+0.580 (68%)
Set Range of Parameter r To : (-2,100)
Doing initial fit: 

 --- MultiDimFit ---
best fit parameter values and profile-likelihood uncertainties: 
   r :    +2.026   -0.533/+0.559 (68%)
Set Range of Parameter r To : (-2,100)
Doing initial fit: 

 --- MultiDimFit ---
best fit parameter values and profile-likelihood uncertainties: 
   r :    +1.571   -0.538/+0.546 (68%)
Set Range of Parameter r To : (-2,100)
Doing initial fit: 

 --- MultiDimFit ---
best fit parameter values and profile-likelihood uncertainties: 
   r :    +2.049   -0.578/+0.581 (68%)
Set Range of Parameter r To : (-2,100)
Doing initial fit: 

 --- MultiDimFit ---
best fit parameter values and profile-likelihood uncertainties: 
   r :    +1.619   -0.516/+0.535 (68%)
Set Range of Parameter r To : (-2,100)
Doing initial fit: 

 --- MultiDimFit ---
best fit parameter values and profile-likelihood uncertainties: 
   r :    +2.242   -0.597/+0.606 (68%)
Set Range of Parameter r To : (-2,100)
Doing initial fit: 

 --- MultiDimFit ---
best fit parameter values and profile-likelihood uncertainties: 
   r :    +1.594   -0.519/+0.534 (68%)
Set Range of Parameter r To : (-2,100)
Doing initial fit: 

 --- MultiDimFit ---
best fit parameter values and profile-likelihood uncertainties: 
   r :    +1.438   -0.558/+0.559 (68%)
Set Range of Parameter r To : (-2,100)
Doing initial fit: 

 --- MultiDimFit ---
best fit parameter values and profile-likelihood uncertainties: 
   r :    +1.295   -0.556/+0.620 (68%)
Set Range of Parameter r To : (-2,100)
Doing initial fit: 

 --- MultiDimFit ---
best fit parameter values and profile-likelihood uncertainties: 
   r :    +1.992   -0.552/+0.565 (68%)
Set Range of Parameter r To : (-2,100)
Doing initial fit: 

 --- MultiDimFit ---
best fit parameter values and profile-likelihood uncertainties: 
   r :    +1.669   -0.585/+0.679 (68%)
Set Range of Parameter r To : (-2,100)
Doing initial fit: 

 --- MultiDimFit ---
best fit parameter values and profile-likelihood uncertainties: 
   r :    +2.244   -0.604/+0.684 (68%)
Set Range of Parameter r To : (-2,100)
Doing initial fit: 

 --- MultiDimFit ---
best fit parameter values and profile-likelihood uncertainties: 
   r :    +2.198   -0.572/+0.579 (68%)
Set Range of Parameter r To : (-2,100)
Doing initial fit: 

 --- MultiDimFit ---
best fit parameter values and profile-likelihood uncertainties: 
   r :    +1.331   -0.588/+0.531 (68%)
Set Range of Parameter r To : (-2,100)
Doing initial fit: 

 --- MultiDimFit ---
best fit parameter values and profile-likelihood uncertainties: 
   r :    +1.495   -0.604/+0.572 (68%)
Set Range of Parameter r To : (-2,100)
Doing initial fit: 

 --- MultiDimFit ---
best fit parameter values and profile-likelihood uncertainties: 
   r :    +2.548   -0.592/+0.596 (68%)
Set Range of Parameter r To : (-2,100)
Doing initial fit: 

 --- MultiDimFit ---
best fit parameter values and profile-likelihood uncertainties: 
   r :    +1.904   -0.599/+0.583 (68%)
Set Range of Parameter r To : (-2,100)
Doing initial fit: 

 --- MultiDimFit ---
best fit parameter values and profile-likelihood uncertainties: 
   r :    +1.963   -0.595/+0.607 (68%)
Set Range of Parameter r To : (-2,100)
Doing initial fit: 

 --- MultiDimFit ---
best fit parameter values and profile-likelihood uncertainties: 
   r :    +1.856   -0.601/+0.680 (68%)
Set Range of Parameter r To : (-2,100)
Doing initial fit: 

 --- MultiDimFit ---
best fit parameter values and profile-likelihood uncertainties: 
   r :    +1.988   -0.596/+0.659 (68%)
Set Range of Parameter r To : (-2,100)
Doing initial fit: 

 --- MultiDimFit ---
best fit parameter values and profile-likelihood uncertainties: 
   r :    +1.231   -0.524/+0.528 (68%)
Set Range of Parameter r To : (-2,100)
Doing initial fit: 

 --- MultiDimFit ---
best fit parameter values and profile-likelihood uncertainties: 
   r :    +1.162   -0.501/+0.516 (68%)
Set Range of Parameter r To : (-2,100)
Doing initial fit: 

 --- MultiDimFit ---
best fit parameter values and profile-likelihood uncertainties: 
   r :    +1.365   -0.513/+0.529 (68%)
Set Range of Parameter r To : (-2,100)
Doing initial fit: 

 --- MultiDimFit ---
best fit parameter values and profile-likelihood uncertainties: 
   r :    +1.122   -0.536/+0.528 (68%)
Set Range of Parameter r To : (-2,100)
Doing initial fit: 

 --- MultiDimFit ---
best fit parameter values and profile-likelihood uncertainties: 
   r :    +2.337   -0.587/+0.589 (68%)
Set Range of Parameter r To : (-2,100)
Doing initial fit: 

 --- MultiDimFit ---
best fit parameter values and profile-likelihood uncertainties: 
   r :    +2.444   -0.590/+0.591 (68%)
Set Range of Parameter r To : (-2,100)
Doing initial fit: 

 --- MultiDimFit ---
best fit parameter values and profile-likelihood uncertainties: 
   r :    +1.060   -0.510/+0.517 (68%)
Set Range of Parameter r To : (-2,100)
Doing initial fit: 

 --- MultiDimFit ---
best fit parameter values and profile-likelihood uncertainties: 
   r :    +2.561   -0.603/+0.606 (68%)
Set Range of Parameter r To : (-2,100)
Doing initial fit: 

 --- MultiDimFit ---
best fit parameter values and profile-likelihood uncertainties: 
   r :    +2.348   -0.558/+0.578 (68%)
Set Range of Parameter r To : (-2,100)
Doing initial fit: 

 --- MultiDimFit ---
best fit parameter values and profile-likelihood uncertainties: 
   r :    +1.453   -0.552/+0.552 (68%)
Set Range of Parameter r To : (-2,100)
Doing initial fit: 

 --- MultiDimFit ---
best fit parameter values and profile-likelihood uncertainties: 
   r :    +1.999   -0.535/+0.556 (68%)
Set Range of Parameter r To : (-2,100)
Doing initial fit: 

 --- MultiDimFit ---
best fit parameter values and profile-likelihood uncertainties: 
   r :    +1.521   -0.572/+0.607 (68%)
Set Range of Parameter r To : (-2,100)
Doing initial fit: 

 --- MultiDimFit ---
best fit parameter values and profile-likelihood uncertainties: 
   r :    +1.771   -0.597/+0.620 (68%)
Set Range of Parameter r To : (-2,100)
Doing initial fit: 

 --- MultiDimFit ---
best fit parameter values and profile-likelihood uncertainties: 
   r :    +2.551   -0.610/+0.708 (68%)
Set Range of Parameter r To : (-2,100)
Doing initial fit: 

 --- MultiDimFit ---
best fit parameter values and profile-likelihood uncertainties: 
   r :    +1.267   -0.532/+0.534 (68%)
Set Range of Parameter r To : (-2,100)
Doing initial fit: 

 --- MultiDimFit ---
best fit parameter values and profile-likelihood uncertainties: 
   r :    +2.151   -0.609/+0.658 (68%)
Set Range of Parameter r To : (-2,100)
Doing initial fit: 

 --- MultiDimFit ---
best fit parameter values and profile-likelihood uncertainties: 
   r :    +1.797   -0.536/+0.546 (68%)
Set Range of Parameter r To : (-2,100)
Doing initial fit: 

 --- MultiDimFit ---
best fit parameter values and profile-likelihood uncertainties: 
   r :    +1.176   -0.795/+0.426 (68%)
Set Range of Parameter r To : (-2,100)
Doing initial fit: 

 --- MultiDimFit ---
best fit parameter values and profile-likelihood uncertainties: 
   r :    +2.489   -0.608/+0.612 (68%)
Set Range of Parameter r To : (-2,100)
Doing initial fit: 

 --- MultiDimFit ---
best fit parameter values and profile-likelihood uncertainties: 
   r :    +1.769   -0.523/+0.542 (68%)
Set Range of Parameter r To : (-2,100)
Doing initial fit: 

 --- MultiDimFit ---
best fit parameter values and profile-likelihood uncertainties: 
   r :    +2.289   -0.618/+0.619 (68%)
Set Range of Parameter r To : (-2,100)
Doing initial fit: 

 --- MultiDimFit ---
best fit parameter values and profile-likelihood uncertainties: 
   r :    +2.426   -0.584/+0.594 (68%)
Set Range of Parameter r To : (-2,100)
Doing initial fit: 

 --- MultiDimFit ---
best fit parameter values and profile-likelihood uncertainties: 
   r :    +1.960   -0.601/+0.592 (68%)
Set Range of Parameter r To : (-2,100)
Doing initial fit: 

 --- MultiDimFit ---
best fit parameter values and profile-likelihood uncertainties: 
   r :    +2.248   -0.588/+0.590 (68%)
Set Range of Parameter r To : (-2,100)
Doing initial fit: 

 --- MultiDimFit ---
best fit parameter values and profile-likelihood uncertainties: 
   r :    +1.729   -0.612/+0.574 (68%)
Set Range of Parameter r To : (-2,100)
Doing initial fit: 

 --- MultiDimFit ---
best fit parameter values and profile-likelihood uncertainties: 
   r :    +2.979   -0.586/+0.607 (68%)
Set Range of Parameter r To : (-2,100)
Doing initial fit: 

 --- MultiDimFit ---
best fit parameter values and profile-likelihood uncertainties: 
   r :    +2.060   -0.595/+0.693 (68%)
Set Range of Parameter r To : (-2,100)
Doing initial fit: 

 --- MultiDimFit ---
best fit parameter values and profile-likelihood uncertainties: 
   r :    +1.635   -0.575/+0.573 (68%)
Set Range of Parameter r To : (-2,100)
Doing initial fit: 

 --- MultiDimFit ---
best fit parameter values and profile-likelihood uncertainties: 
   r :    +1.938   -0.597/+0.652 (68%)
Set Range of Parameter r To : (-2,100)
Doing initial fit: 

 --- MultiDimFit ---
best fit parameter values and profile-likelihood uncertainties: 
   r :    +2.498   -0.556/+0.581 (68%)
Set Range of Parameter r To : (-2,100)
Doing initial fit: 

 --- MultiDimFit ---
best fit parameter values and profile-likelihood uncertainties: 
   r :    +1.905   -0.551/+0.562 (68%)
Set Range of Parameter r To : (-2,100)
Doing initial fit: 

 --- MultiDimFit ---
best fit parameter values and profile-likelihood uncertainties: 
   r :    +2.049   -0.557/+0.572 (68%)
Set Range of Parameter r To : (-2,100)
Doing initial fit: 

 --- MultiDimFit ---
best fit parameter values and profile-likelihood uncertainties: 
   r :    +1.591   -0.597/+0.639 (68%)
Set Range of Parameter r To : (-2,100)
Doing initial fit: 

 --- MultiDimFit ---
best fit parameter values and profile-likelihood uncertainties: 
   r :    +1.482   -0.510/+0.525 (68%)
Set Range of Parameter r To : (-2,100)
Doing initial fit: 

 --- MultiDimFit ---
best fit parameter values and profile-likelihood uncertainties: 
   r :    +2.908   -0.623/+0.632 (68%)
Set Range of Parameter r To : (-2,100)
Doing initial fit: 

 --- MultiDimFit ---
best fit parameter values and profile-likelihood uncertainties: 
   r :    +1.606   -0.541/+0.549 (68%)
Set Range of Parameter r To : (-2,100)
Doing initial fit: 

 --- MultiDimFit ---
best fit parameter values and profile-likelihood uncertainties: 
   r :    +1.907   -0.635/+0.603 (68%)
Set Range of Parameter r To : (-2,100)
Doing initial fit: 

 --- MultiDimFit ---
best fit parameter values and profile-likelihood uncertainties: 
   r :    +1.417   -0.576/+0.603 (68%)
Set Range of Parameter r To : (-2,100)
Doing initial fit: 

 --- MultiDimFit ---
best fit parameter values and profile-likelihood uncertainties: 
   r :    +1.422   -0.509/+0.528 (68%)
Set Range of Parameter r To : (-2,100)
Doing initial fit: 

 --- MultiDimFit ---
best fit parameter values and profile-likelihood uncertainties: 
   r :    +1.555   -0.540/+0.544 (68%)
Set Range of Parameter r To : (-2,100)
Doing initial fit: 

 --- MultiDimFit ---
best fit parameter values and profile-likelihood uncertainties: 
   r :    +1.657   -0.573/+0.563 (68%)
Set Range of Parameter r To : (-2,100)
Doing initial fit: 

 --- MultiDimFit ---
best fit parameter values and profile-likelihood uncertainties: 
   r :    +1.990   -0.527/+0.555 (68%)
Set Range of Parameter r To : (-2,100)
Doing initial fit: 

 --- MultiDimFit ---
best fit parameter values and profile-likelihood uncertainties: 
   r :    +1.588   -0.546/+0.552 (68%)
Set Range of Parameter r To : (-2,100)
Doing initial fit: 

 --- MultiDimFit ---
best fit parameter values and profile-likelihood uncertainties: 
   r :    +2.408   -0.621/+0.606 (68%)
Set Range of Parameter r To : (-2,100)
Doing initial fit: 

 --- MultiDimFit ---
best fit parameter values and profile-likelihood uncertainties: 
   r :    +2.273   -0.606/+0.597 (68%)
Set Range of Parameter r To : (-2,100)
Doing initial fit: 

 --- MultiDimFit ---
best fit parameter values and profile-likelihood uncertainties: 
   r :    +2.772   -0.578/+0.597 (68%)
Set Range of Parameter r To : (-2,100)
Doing initial fit: 

 --- MultiDimFit ---
best fit parameter values and profile-likelihood uncertainties: 
   r :    +1.970   -0.575/+0.571 (68%)
Set Range of Parameter r To : (-2,100)
Doing initial fit: 

 --- MultiDimFit ---
best fit parameter values and profile-likelihood uncertainties: 
   r :    +0.908   -0.480/+0.499 (68%)
Set Range of Parameter r To : (-2,100)
Doing initial fit: 

 --- MultiDimFit ---
best fit parameter values and profile-likelihood uncertainties: 
   r :    +2.635   -0.599/+0.603 (68%)
Set Range of Parameter r To : (-2,100)
Doing initial fit: 

 --- MultiDimFit ---
best fit parameter values and profile-likelihood uncertainties: 
   r :    +3.341   -0.622/+0.632 (68%)
Set Range of Parameter r To : (-2,100)
Doing initial fit: 

 --- MultiDimFit ---
best fit parameter values and profile-likelihood uncertainties: 
   r :    +2.512   -0.576/+0.592 (68%)
Set Range of Parameter r To : (-2,100)
Doing initial fit: 

 --- MultiDimFit ---
best fit parameter values and profile-likelihood uncertainties: 
   r :    +1.954   -0.521/+0.553 (68%)
Set Range of Parameter r To : (-2,100)
Doing initial fit: 

 --- MultiDimFit ---
best fit parameter values and profile-likelihood uncertainties: 
   r :    +1.993   -0.544/+0.561 (68%)
Set Range of Parameter r To : (-2,100)
Doing initial fit: 

 --- MultiDimFit ---
best fit parameter values and profile-likelihood uncertainties: 
   r :    +1.633   -0.530/+0.544 (68%)
Set Range of Parameter r To : (-2,100)
Doing initial fit: 

 --- MultiDimFit ---
best fit parameter values and profile-likelihood uncertainties: 
   r :    +1.635   -0.577/+0.627 (68%)
Set Range of Parameter r To : (-2,100)
Doing initial fit: 

 --- MultiDimFit ---
best fit parameter values and profile-likelihood uncertainties: 
   r :    +2.234   -0.621/+0.609 (68%)
Set Range of Parameter r To : (-2,100)
Doing initial fit: 

 --- MultiDimFit ---
best fit parameter values and profile-likelihood uncertainties: 
   r :    +2.642   -0.615/+0.715 (68%)
Set Range of Parameter r To : (-2,100)
Doing initial fit: 

 --- MultiDimFit ---
best fit parameter values and profile-likelihood uncertainties: 
   r :    +1.117   -0.489/+0.511 (68%)
Set Range of Parameter r To : (-2,100)
Doing initial fit: 

 --- MultiDimFit ---
best fit parameter values and profile-likelihood uncertainties: 
   r :    +2.135   -0.572/+0.581 (68%)
Set Range of Parameter r To : (-2,100)
Doing initial fit: 

 --- MultiDimFit ---
best fit parameter values and profile-likelihood uncertainties: 
   r :    +1.940   -0.527/+0.551 (68%)
Set Range of Parameter r To : (-2,100)
Doing initial fit: 

 --- MultiDimFit ---
best fit parameter values and profile-likelihood uncertainties: 
   r :    +1.816   -0.575/+0.567 (68%)
Set Range of Parameter r To : (-2,100)
Doing initial fit: 

 --- MultiDimFit ---
best fit parameter values and profile-likelihood uncertainties: 
   r :    +1.501   -0.737/+0.578 (68%)
Set Range of Parameter r To : (-2,100)
Doing initial fit: 

 --- MultiDimFit ---
best fit parameter values and profile-likelihood uncertainties: 
   r :    +2.100   -0.600/+0.673 (68%)
Set Range of Parameter r To : (-2,100)
Doing initial fit: 

 --- MultiDimFit ---
best fit parameter values and profile-likelihood uncertainties: 
   r :    +1.502   -0.574/+0.660 (68%)
Set Range of Parameter r To : (-2,100)
Doing initial fit: 

 --- MultiDimFit ---
best fit parameter values and profile-likelihood uncertainties: 
   r :    +1.886   -0.529/+0.553 (68%)
Set Range of Parameter r To : (-2,100)
Doing initial fit: 

 --- MultiDimFit ---
best fit parameter values and profile-likelihood uncertainties: 
   r :    +1.408   -0.555/+0.654 (68%)
Set Range of Parameter r To : (-2,100)
Doing initial fit: 

 --- MultiDimFit ---
best fit parameter values and profile-likelihood uncertainties: 
   r :    +1.832   -0.538/+0.549 (68%)
Set Range of Parameter r To : (-2,100)
Doing initial fit: 

 --- MultiDimFit ---
best fit parameter values and profile-likelihood uncertainties: 
   r :    +2.086   -0.537/+0.559 (68%)
Set Range of Parameter r To : (-2,100)
Doing initial fit: 

 --- MultiDimFit ---
best fit parameter values and profile-likelihood uncertainties: 
   r :    +2.096   -0.556/+0.571 (68%)
Set Range of Parameter r To : (-2,100)
Doing initial fit: 

 --- MultiDimFit ---
best fit parameter values and profile-likelihood uncertainties: 
   r :    +1.936   -0.536/+0.550 (68%)
Set Range of Parameter r To : (-2,100)
Doing initial fit: 

 --- MultiDimFit ---
best fit parameter values and profile-likelihood uncertainties: 
   r :    +2.014   -0.552/+0.568 (68%)
Set Range of Parameter r To : (-2,100)
Doing initial fit: 

 --- MultiDimFit ---
best fit parameter values and profile-likelihood uncertainties: 
   r :    +2.127   -0.569/+0.575 (68%)
Set Range of Parameter r To : (-2,100)
Doing initial fit: 

 --- MultiDimFit ---
best fit parameter values and profile-likelihood uncertainties: 
   r :    +1.998   -0.570/+0.577 (68%)
Set Range of Parameter r To : (-2,100)
Doing initial fit: 

 --- MultiDimFit ---
best fit parameter values and profile-likelihood uncertainties: 
   r :    +1.283   -0.561/+0.643 (68%)
Set Range of Parameter r To : (-2,100)
Doing initial fit: 

 --- MultiDimFit ---
best fit parameter values and profile-likelihood uncertainties: 
   r :    +1.415   -0.530/+0.537 (68%)
Set Range of Parameter r To : (-2,100)
Doing initial fit: 

 --- MultiDimFit ---
best fit parameter values and profile-likelihood uncertainties: 
   r :    +2.118   -0.599/+0.622 (68%)
Set Range of Parameter r To : (-2,100)
Doing initial fit: 

 --- MultiDimFit ---
best fit parameter values and profile-likelihood uncertainties: 
   r :    +2.383   -0.572/+0.584 (68%)
Set Range of Parameter r To : (-2,100)
Doing initial fit: 

 --- MultiDimFit ---
best fit parameter values and profile-likelihood uncertainties: 
   r :    +1.629   -0.580/+0.590 (68%)
Set Range of Parameter r To : (-2,100)
Doing initial fit: 

 --- MultiDimFit ---
best fit parameter values and profile-likelihood uncertainties: 
   r :    +1.855   -0.608/+0.596 (68%)
Set Range of Parameter r To : (-2,100)
Doing initial fit: 

 --- MultiDimFit ---
best fit parameter values and profile-likelihood uncertainties: 
   r :    +1.880   -0.572/+0.565 (68%)
Set Range of Parameter r To : (-2,100)
Doing initial fit: 

 --- MultiDimFit ---
best fit parameter values and profile-likelihood uncertainties: 
   r :    +2.266   -0.549/+0.574 (68%)
Set Range of Parameter r To : (-2,100)
Doing initial fit: 

 --- MultiDimFit ---
best fit parameter values and profile-likelihood uncertainties: 
   r :    +1.899   -0.600/+0.587 (68%)
Set Range of Parameter r To : (-2,100)
Doing initial fit: 

 --- MultiDimFit ---
best fit parameter values and profile-likelihood uncertainties: 
   r :    +1.581   -0.543/+0.547 (68%)
Set Range of Parameter r To : (-2,100)
Doing initial fit: 

 --- MultiDimFit ---
best fit parameter values and profile-likelihood uncertainties: 
   r :    +2.174   -0.575/+0.582 (68%)
Set Range of Parameter r To : (-2,100)
Doing initial fit: 

 --- MultiDimFit ---
best fit parameter values and profile-likelihood uncertainties: 
   r :    +1.944   -0.560/+0.567 (68%)
Set Range of Parameter r To : (-2,100)
Doing initial fit: 

 --- MultiDimFit ---
best fit parameter values and profile-likelihood uncertainties: 
   r :    +1.967   -0.590/+0.598 (68%)
Set Range of Parameter r To : (-2,100)
Doing initial fit: 

 --- MultiDimFit ---
best fit parameter values and profile-likelihood uncertainties: 
   r :    +2.697   -0.592/+0.603 (68%)
Set Range of Parameter r To : (-2,100)
Doing initial fit: 

 --- MultiDimFit ---
best fit parameter values and profile-likelihood uncertainties: 
   r :    +1.693   -0.540/+0.549 (68%)
Set Range of Parameter r To : (-2,100)
Doing initial fit: 

 --- MultiDimFit ---
best fit parameter values and profile-likelihood uncertainties: 
   r :    +1.819   -0.522/+0.543 (68%)
Set Range of Parameter r To : (-2,100)
Doing initial fit: 

 --- MultiDimFit ---
best fit parameter values and profile-likelihood uncertainties: 
   r :    +1.709   -0.565/+0.561 (68%)
Set Range of Parameter r To : (-2,100)
Doing initial fit: 

 --- MultiDimFit ---
best fit parameter values and profile-likelihood uncertainties: 
   r :    +1.566   -0.527/+0.539 (68%)
Set Range of Parameter r To : (-2,100)
Doing initial fit: 

 --- MultiDimFit ---
best fit parameter values and profile-likelihood uncertainties: 
   r :    +1.500   -0.556/+0.550 (68%)
Set Range of Parameter r To : (-2,100)
Doing initial fit: 

 --- MultiDimFit ---
best fit parameter values and profile-likelihood uncertainties: 
   r :    +1.324   -0.520/+0.529 (68%)
Set Range of Parameter r To : (-2,100)
Doing initial fit: 

 --- MultiDimFit ---
best fit parameter values and profile-likelihood uncertainties: 
   r :    +2.861   -0.613/+0.614 (68%)
Set Range of Parameter r To : (-2,100)
Doing initial fit: 

 --- MultiDimFit ---
best fit parameter values and profile-likelihood uncertainties: 
   r :    +1.807   -0.529/+0.544 (68%)
mean   expected limit: r < 3.50848e-316 +/- 0 @ 95%CL (500 toyMC)
median expected limit: r < 3.50848e-316 @ 95%CL (500 toyMC)
   68% expected band : 3.50848e-316 < r < 3.50848e-316
   95% expected band : 3.50848e-316 < r < 3.50848e-316

[BIAS SUMMARY]
[
  {
    "fit_file": "/data6/Users/joonblee/higgs_combine/CMSSW_14_1_0_pre4/src/NIsoMuon/review_outputs/Run2Run3/M70/bias/higgsCombine.ReviewBiasFit_Run2Run3_M70_r0.MultiDimFit.mH70.123456.root",
    "injected_alpha": 0.0,
    "injected_r": 0.0,
    "mean_bias_r": 0.007970473734479833,
    "mean_fitted_r": 0.007970473734479833,
    "multiplier_of_existing_expected_r95": 0.0,
    "n_best_fits_read": 498,
    "n_toys_requested": 500,
    "std_fitted_r": 0.47806059831117154
  },
  {
    "fit_file": "/data6/Users/joonblee/higgs_combine/CMSSW_14_1_0_pre4/src/NIsoMuon/review_outputs/Run2Run3/M70/bias/higgsCombine.ReviewBiasFit_Run2Run3_M70_r0p949219.MultiDimFit.mH70.123456.root",
    "injected_alpha": 0.0003910017938680879,
    "injected_r": 0.94921875,
    "mean_bias_r": 0.06838366625197168,
    "mean_fitted_r": 1.0176024162519717,
    "multiplier_of_existing_expected_r95": 1.0,
    "n_best_fits_read": 497,
    "n_toys_requested": 500,
    "std_fitted_r": 0.5529819250478216
  },
  {
    "fit_file": "/data6/Users/joonblee/higgs_combine/CMSSW_14_1_0_pre4/src/NIsoMuon/review_outputs/Run2Run3/M70/bias/higgsCombine.ReviewBiasFit_Run2Run3_M70_r1p89844.MultiDimFit.mH70.123456.root",
    "injected_alpha": 0.0007820035877361758,
    "injected_r": 1.8984375,
    "mean_bias_r": 0.045760455739546124,
    "mean_fitted_r": 1.9441979557395461,
    "multiplier_of_existing_expected_r95": 2.0,
    "n_best_fits_read": 498,
    "n_toys_requested": 500,
    "std_fitted_r": 0.5483638272407445
  }
]
[SAVED] /data6/Users/joonblee/higgs_combine/CMSSW_14_1_0_pre4/src/NIsoMuon/review_outputs/Run2Run3/M70/bias/bias_summary_Run2Run3_M70.json

[DONE] review outputs: /data6/Users/joonblee/higgs_combine/CMSSW_14_1_0_pre4/src/NIsoMuon/review_outputs/Run2Run3/M70
