[REVIEW CONFIG]
{
  "alpha_internal_unit": 0.0004119195853095905,
  "card": "/data6/Users/joonblee/higgs_combine/CMSSW_14_1_0_pre4/src/NIsoMuon/datacards_NIsoMuon/alpha/blind/combined/Run2Run3/datacard_M-70_Run2Run3.txt",
  "cmssw_base": "/data6/Users/joonblee/higgs_combine/CMSSW_16_0_0",
  "existing_expected_median_alpha95": 0.0003910017938680879,
  "existing_expected_median_r95": 0.94921875,
  "mass": 70.0,
  "scram_arch": "el9_amd64_gcc13",
  "target": "Run2Run3",
  "tasks": [
    "sb-impacts"
  ]
}

========================================================================================
[TASK] sb-impacts | target=Run2Run3 | M=70
========================================================================================
[WORKSPACE] reuse /data6/Users/joonblee/higgs_combine/CMSSW_14_1_0_pre4/src/NIsoMuon/review_outputs/Run2Run3/M70/workspace_Run2Run3_M70.root
[RUN] (cd /data6/Users/joonblee/higgs_combine/CMSSW_14_1_0_pre4/src/NIsoMuon/review_outputs/Run2Run3/M70 && combineTool.py -M Impacts -d /data6/Users/joonblee/higgs_combine/CMSSW_14_1_0_pre4/src/NIsoMuon/review_outputs/Run2Run3/M70/workspace_Run2Run3_M70.root -m 70 --robustFit 1 --setCrossingTolerance 1e-8 --cminDefaultMinimizerStrategy 1 --cminDefaultMinimizerTolerance 1e-4 --setRobustFitStrategy 1 --setRobustFitTolerance 1e-4 --setParameters r=0.94921875 --rMin 0 --rMax 100 -t -1 --expectSignal 0.94921875 -n .ReviewSBImpacts_Run2Run3_M70 --doInitialFit)
Have POIs: ['r']
 <<< Combine >>> 
 <<< v11.0.0 >>>
>>> Random number generator seed is 123456
>>> Method used is MultiDimFit
Set Default Value of Parameter r To : 0.949219
Warning: A value of r is specified in both the --setParameters and --expectSignal options. The argument of --expectSignal will take precedence
Doing initial fit: 

 --- MultiDimFit ---
best fit parameter values and profile-likelihood uncertainties: 
   r :    +0.949   -0.525/+0.523 (68%)
>> combine -M MultiDimFit -n _initialFit_.ReviewSBImpacts_Run2Run3_M70 --algo singles --redefineSignalPOIs r --robustFit 1 --setCrossingTolerance 1e-8 --cminDefaultMinimizerStrategy 1 --cminDefaultMinimizerTolerance 1e-4 --setRobustFitStrategy 1 --setRobustFitTolerance 1e-4 --rMin 0 --rMax 100 -t -1 --expectSignal 0.94921875 -m 70 -d /data6/Users/joonblee/higgs_combine/CMSSW_14_1_0_pre4/src/NIsoMuon/review_outputs/Run2Run3/M70/workspace_Run2Run3_M70.root --setParameters r=0.94921875
[RUN] (cd /data6/Users/joonblee/higgs_combine/CMSSW_14_1_0_pre4/src/NIsoMuon/review_outputs/Run2Run3/M70 && combineTool.py -M Impacts -d /data6/Users/joonblee/higgs_combine/CMSSW_14_1_0_pre4/src/NIsoMuon/review_outputs/Run2Run3/M70/workspace_Run2Run3_M70.root -m 70 --robustFit 1 --setCrossingTolerance 1e-8 --cminDefaultMinimizerStrategy 1 --cminDefaultMinimizerTolerance 1e-4 --setRobustFitStrategy 1 --setRobustFitTolerance 1e-4 --setParameters r=0.94921875 --rMin 0 --rMax 100 -t -1 --expectSignal 0.94921875 -n .ReviewSBImpacts_Run2Run3_M70 --doFits --parallel 40)
Have POIs: ['r']
Have parameters: 130
Setting parameter r to 0.949219
 <<< Combine >>> 
 <<< v11.0.0 >>>
>>> Random number generator seed is 123456
>>> Method used is MultiDimFit
 <<< Combine >>> 
 <<< v11.0.0 >>>
>>> Random number generator seed is 123456
>>> Method used is MultiDimFit
 <<< Combine >>> 
 <<< v11.0.0 >>>
>>> Random number generator seed is 123456
>>> Method used is MultiDimFit
 <<< Combine >>> 
 <<< v11.0.0 >>>
>>> Random number generator seed is 123456
>>> Method used is MultiDimFit
 <<< Combine >>> 
 <<< v11.0.0 >>>
>>> Random number generator seed is 123456
>>> Method used is MultiDimFit
 <<< Combine >>> 
 <<< v11.0.0 >>>
>>> Random number generator seed is 123456
>>> Method used is MultiDimFit
 <<< Combine >>> 
 <<< v11.0.0 >>>
>>> Random number generator seed is 123456
>>> Method used is MultiDimFit
 <<< Combine >>> 
 <<< v11.0.0 >>>
>>> Random number generator seed is 123456
>>> Method used is MultiDimFit
Set Default Value of Parameter r To : 0.949219
Set Default Value of Parameter r To : 0.949219
Warning: A value of r is specified in both the --setParameters and --expectSignal options. The argument of --expectSignal will take precedence
Warning: A value of r is specified in both the --setParameters and --expectSignal options. The argument of --expectSignal will take precedence
Doing initial fit: 
Doing initial fit: 
 <<< Combine >>> 
 <<< v11.0.0 >>>
>>> Random number generator seed is 123456
>>> Method used is MultiDimFit
 <<< Combine >>> 
 <<< v11.0.0 >>>
>>> Random number generator seed is 123456
>>> Method used is MultiDimFit
 <<< Combine >>> 
 <<< v11.0.0 >>>
>>> Random number generator seed is 123456
>>> Method used is MultiDimFit
 <<< Combine >>> 
 <<< v11.0.0 >>>
>>> Random number generator seed is 123456
>>> Method used is MultiDimFit
Set Default Value of Parameter r To : 0.949219
Warning: A value of r is specified in both the --setParameters and --expectSignal options. The argument of --expectSignal will take precedence
Doing initial fit: 
 <<< Combine >>> 
 <<< v11.0.0 >>>
>>> Random number generator seed is 123456
>>> Method used is MultiDimFit
 <<< Combine >>> 
 <<< v11.0.0 >>>
>>> Random number generator seed is 123456
>>> Method used is MultiDimFit
 <<< Combine >>> 
 <<< v11.0.0 >>>
>>> Random number generator seed is 123456
>>> Method used is MultiDimFit
 <<< Combine >>> 
 <<< v11.0.0 >>>
>>> Random number generator seed is 123456
>>> Method used is MultiDimFit
 <<< Combine >>> 
 <<< v11.0.0 >>>
>>> Random number generator seed is 123456
>>> Method used is MultiDimFit
Set Default Value of Parameter r To : 0.949219
Warning: A value of r is specified in both the --setParameters and --expectSignal options. The argument of --expectSignal will take precedence
Doing initial fit: 
 <<< Combine >>> 
 <<< v11.0.0 >>>
>>> Random number generator seed is 123456
>>> Method used is MultiDimFit
 <<< Combine >>> 
 <<< v11.0.0 >>>
 <<< Combine >>> 
 <<< v11.0.0 >>>
>>> Random number generator seed is 123456
>>> Method used is MultiDimFit
>>> Random number generator seed is 123456
>>> Method used is MultiDimFit
 <<< Combine >>> 
 <<< v11.0.0 >>>
>>> Random number generator seed is 123456
>>> Method used is MultiDimFit
Set Default Value of Parameter r To : 0.949219
Warning: A value of r is specified in both the --setParameters and --expectSignal options. The argument of --expectSignal will take precedence
Doing initial fit: 
 <<< Combine >>> 
 <<< v11.0.0 >>>
>>> Random number generator seed is 123456
>>> Method used is MultiDimFit
 <<< Combine >>> 
 <<< v11.0.0 >>>
 <<< Combine >>> 
 <<< v11.0.0 >>>
>>> Random number generator seed is 123456
>>> Method used is MultiDimFit
>>> Random number generator seed is 123456
>>> Method used is MultiDimFit
 <<< Combine >>> 
 <<< v11.0.0 >>>
>>> Random number generator seed is 123456
>>> Method used is MultiDimFit
 <<< Combine >>> 
 <<< v11.0.0 >>>
>>> Random number generator seed is 123456
>>> Method used is MultiDimFit
 <<< Combine >>> 
 <<< v11.0.0 >>>
>>> Random number generator seed is 123456
>>> Method used is MultiDimFit
Set Default Value of Parameter r To : 0.949219
Warning: A value of r is specified in both the --setParameters and --expectSignal options. The argument of --expectSignal will take precedence
Doing initial fit: 
 <<< Combine >>> 
 <<< v11.0.0 >>>
>>> Random number generator seed is 123456
>>> Method used is MultiDimFit
Set Default Value of Parameter r To : 0.949219
Warning: A value of r is specified in both the --setParameters and --expectSignal options. The argument of --expectSignal will take precedence
 <<< Combine >>> 
 <<< v11.0.0 >>>
Doing initial fit: 
>>> Random number generator seed is 123456
>>> Method used is MultiDimFit
Set Default Value of Parameter r To : 0.949219
Warning: A value of r is specified in both the --setParameters and --expectSignal options. The argument of --expectSignal will take precedence
Doing initial fit: 
 <<< Combine >>> 
 <<< v11.0.0 >>>
>>> Random number generator seed is 123456
>>> Method used is MultiDimFit
 <<< Combine >>> 
 <<< v11.0.0 >>>
>>> Random number generator seed is 123456
>>> Method used is MultiDimFit
 <<< Combine >>> 
 <<< v11.0.0 >>>
>>> Random number generator seed is 123456
>>> Method used is MultiDimFit
 <<< Combine >>> 
 <<< v11.0.0 >>>
>>> Random number generator seed is 123456
>>> Method used is MultiDimFit
 <<< Combine >>> 
 <<< v11.0.0 >>>
>>> Random number generator seed is 123456
 <<< Combine >>> 
 <<< v11.0.0 >>>
>>> Method used is MultiDimFit
>>> Random number generator seed is 123456
>>> Method used is MultiDimFit
 <<< Combine >>> 
 <<< v11.0.0 >>>
 <<< Combine >>> 
 <<< v11.0.0 >>>
>>> Random number generator seed is 123456
>>> Method used is MultiDimFit
>>> Random number generator seed is 123456
>>> Method used is MultiDimFit
 <<< Combine >>> 
 <<< v11.0.0 >>>
>>> Random number generator seed is 123456
>>> Method used is MultiDimFit
 <<< Combine >>> 
 <<< v11.0.0 >>>
>>> Random number generator seed is 123456
>>> Method used is MultiDimFit
 <<< Combine >>> 
 <<< v11.0.0 >>>
>>> Random number generator seed is 123456
>>> Method used is MultiDimFit
Set Default Value of Parameter r To : 0.949219
Warning: A value of r is specified in both the --setParameters and --expectSignal options. The argument of --expectSignal will take precedence
Doing initial fit: 
Set Default Value of Parameter r To : 0.949219
Warning: A value of r is specified in both the --setParameters and --expectSignal options. The argument of --expectSignal will take precedence
Doing initial fit: 
Set Default Value of Parameter r To : 0.949219
Warning: A value of r is specified in both the --setParameters and --expectSignal options. The argument of --expectSignal will take precedence
Doing initial fit: 
Set Default Value of Parameter r To : 0.949219
Warning: A value of r is specified in both the --setParameters and --expectSignal options. The argument of --expectSignal will take precedence
Doing initial fit: 
Set Default Value of Parameter r To : 0.949219
Warning: A value of r is specified in both the --setParameters and --expectSignal options. The argument of --expectSignal will take precedence
Doing initial fit: 
Set Default Value of Parameter r To : 0.949219
Warning: A value of r is specified in both the --setParameters and --expectSignal options. The argument of --expectSignal will take precedence
Doing initial fit: 
Set Default Value of Parameter r To : 0.949219
Warning: A value of r is specified in both the --setParameters and --expectSignal options. The argument of --expectSignal will take precedence
Doing initial fit: 
Set Default Value of Parameter r To : 0.949219
Warning: A value of r is specified in both the --setParameters and --expectSignal options. The argument of --expectSignal will take precedence
Doing initial fit: 
Set Default Value of Parameter r To : 0.949219
Warning: A value of r is specified in both the --setParameters and --expectSignal options. The argument of --expectSignal will take precedence
Doing initial fit: 
Set Default Value of Parameter r To : 0.949219
Warning: A value of r is specified in both the --setParameters and --expectSignal options. The argument of --expectSignal will take precedence
Doing initial fit: 
Set Default Value of Parameter r To : 0.949219
Warning: A value of r is specified in both the --setParameters and --expectSignal options. The argument of --expectSignal will take precedence
Doing initial fit: 
Set Default Value of Parameter r To : 0.949219
Warning: A value of r is specified in both the --setParameters and --expectSignal options. The argument of --expectSignal will take precedence
Doing initial fit: 
Set Default Value of Parameter r To : 0.949219
Warning: A value of r is specified in both the --setParameters and --expectSignal options. The argument of --expectSignal will take precedence
Doing initial fit: 
Set Default Value of Parameter r To : 0.949219
Warning: A value of r is specified in both the --setParameters and --expectSignal options. The argument of --expectSignal will take precedence
Doing initial fit: 
Set Default Value of Parameter r To : 0.949219
Warning: A value of r is specified in both the --setParameters and --expectSignal options. The argument of --expectSignal will take precedence
Doing initial fit: 
Set Default Value of Parameter r To : 0.949219
Warning: A value of r is specified in both the --setParameters and --expectSignal options. The argument of --expectSignal will take precedence
Doing initial fit: 
Set Default Value of Parameter r To : 0.949219
Warning: A value of r is specified in both the --setParameters and --expectSignal options. The argument of --expectSignal will take precedence
Doing initial fit: 
Set Default Value of Parameter r To : 0.949219
Warning: A value of r is specified in both the --setParameters and --expectSignal options. The argument of --expectSignal will take precedence
Doing initial fit: 
Set Default Value of Parameter r To : 0.949219
Warning: A value of r is specified in both the --setParameters and --expectSignal options. The argument of --expectSignal will take precedence
Doing initial fit: 
Set Default Value of Parameter r To : 0.949219
Warning: A value of r is specified in both the --setParameters and --expectSignal options. The argument of --expectSignal will take precedence
Doing initial fit: 
Set Default Value of Parameter r To : 0.949219
Warning: A value of r is specified in both the --setParameters and --expectSignal options. The argument of --expectSignal will take precedence
Doing initial fit: 
Set Default Value of Parameter r To : 0.949219
Warning: A value of r is specified in both the --setParameters and --expectSignal options. The argument of --expectSignal will take precedence
Doing initial fit: 
Set Default Value of Parameter r To : 0.949219
Warning: A value of r is specified in both the --setParameters and --expectSignal options. The argument of --expectSignal will take precedence
Doing initial fit: 
Set Default Value of Parameter r To : 0.949219
Warning: A value of r is specified in both the --setParameters and --expectSignal options. The argument of --expectSignal will take precedence
Doing initial fit: 
Set Default Value of Parameter r To : 0.949219
Warning: A value of r is specified in both the --setParameters and --expectSignal options. The argument of --expectSignal will take precedence
Doing initial fit: 
Set Default Value of Parameter r To : 0.949219
Warning: A value of r is specified in both the --setParameters and --expectSignal options. The argument of --expectSignal will take precedence
Doing initial fit: 
Set Default Value of Parameter r To : 0.949219
Warning: A value of r is specified in both the --setParameters and --expectSignal options. The argument of --expectSignal will take precedence
Doing initial fit: 
Set Default Value of Parameter r To : 0.949219
Warning: A value of r is specified in both the --setParameters and --expectSignal options. The argument of --expectSignal will take precedence
Doing initial fit: 
Set Default Value of Parameter r To : 0.949219
Warning: A value of r is specified in both the --setParameters and --expectSignal options. The argument of --expectSignal will take precedence
Doing initial fit: 
Set Default Value of Parameter r To : 0.949219
Warning: A value of r is specified in both the --setParameters and --expectSignal options. The argument of --expectSignal will take precedence
Doing initial fit: 
Set Default Value of Parameter r To : 0.949219
Warning: A value of r is specified in both the --setParameters and --expectSignal options. The argument of --expectSignal will take precedence
Doing initial fit: 
Set Default Value of Parameter r To : 0.949219
Warning: A value of r is specified in both the --setParameters and --expectSignal options. The argument of --expectSignal will take precedence
Doing initial fit: 

 --- MultiDimFit ---
Parameter impacts: 

 --- MultiDimFit ---
Parameter impacts: 
  Parameter                              :   Best-fit               r            
  CMS_NPS26009_MCstat_signal_BJetOS_2017 :   +0.000  -0.994/+0.994  +0.004/-0.004

 --- MultiDimFit ---
Parameter impacts: 
  Parameter                              :   Best-fit               r            
  CMS_NPS26009_MCstat_signal_BJetOS_2018 :   +0.000  -0.994/+0.994  +0.006/-0.006

 --- MultiDimFit ---
Parameter impacts: 

 --- MultiDimFit ---
Parameter impacts: 
  Parameter                             :   Best-fit               r            
  CMS_NPS26009_MCstat_other_BJetOS_2018 :   +0.000  -0.994/+0.994  +0.011/-0.011
 <<< Combine >>> 
 <<< v11.0.0 >>>
>>> Random number generator seed is 123456
>>> Method used is MultiDimFit
 <<< Combine >>> 
 <<< v11.0.0 >>>
>>> Random number generator seed is 123456
>>> Method used is MultiDimFit
  Parameter                             :   Best-fit               r            
  CMS_NPS26009_MCstat_other_BJetOS_2017 :   +0.000  -0.994/+0.994  +0.000/-0.008
 <<< Combine >>> 
 <<< v11.0.0 >>>
>>> Random number generator seed is 123456
>>> Method used is MultiDimFit
  Parameter                                :   Best-fit               r            
  CMS_NPS26009_LightJetStat_DY_BJetOS_2023 :   +0.000  -0.000/+0.000  +0.000/-0.000
Set Default Value of Parameter r To : 0.949219
Warning: A value of r is specified in both the --setParameters and --expectSignal options. The argument of --expectSignal will take precedence
Doing initial fit: 
Set Default Value of Parameter r To : 0.949219
Warning: A value of r is specified in both the --setParameters and --expectSignal options. The argument of --expectSignal will take precedence
Doing initial fit: 

 --- MultiDimFit ---
Parameter impacts: 

 --- MultiDimFit ---
Parameter impacts: 

 --- MultiDimFit ---
Parameter impacts: 
 <<< Combine >>> 
 <<< v11.0.0 >>>
>>> Random number generator seed is 123456
>>> Method used is MultiDimFit
 <<< Combine >>> 
 <<< v11.0.0 >>>
>>> Random number generator seed is 123456
>>> Method used is MultiDimFit

 --- MultiDimFit ---
Parameter impacts: 
Set Default Value of Parameter r To : 0.949219
Warning: A value of r is specified in both the --setParameters and --expectSignal options. The argument of --expectSignal will take precedence
Doing initial fit: 

 --- MultiDimFit ---
Parameter impacts: 

 --- MultiDimFit ---
Parameter impacts: 
  Parameter                                :   Best-fit               r            
  CMS_NPS26009_LightJetStat_DY_BJetOS_2022 :   +0.000  -0.994/+0.994  +0.001/-0.001
  Parameter                             :   Best-fit               r            
  CMS_NPS26009_MCstat_ttbar_BJetOS_2018 :   +0.000  -0.990/+0.990  +0.038/-0.037
Set Default Value of Parameter r To : 0.949219
Warning: A value of r is specified in both the --setParameters and --expectSignal options. The argument of --expectSignal will take precedence
Doing initial fit: 

 --- MultiDimFit ---
Parameter impacts: 
  Parameter                                   :   Best-fit               r            
  CMS_NPS26009_MCstat_singleTop_BJetOS_2022EE :   +0.000  -0.976/+0.979  +0.015/-0.013
Set Default Value of Parameter r To : 0.949219
Warning: A value of r is specified in both the --setParameters and --expectSignal options. The argument of --expectSignal will take precedence
Doing initial fit: 
  Parameter                                  :   Best-fit               r            
  CMS_NPS26009_MCstat_signal_BJetOS_2023BPix :   +0.000  -0.994/+0.994  +0.000/-0.001

 --- MultiDimFit ---
Parameter impacts: 
  Parameter                             :   Best-fit               r            
  CMS_NPS26009_MCstat_ttbar_BJetOS_2022 :   +0.000  -0.976/+0.978  +0.009/-0.006

 --- MultiDimFit ---
Parameter impacts: 

 --- MultiDimFit ---
Parameter impacts: 
 <<< Combine >>> 
 <<< v11.0.0 >>>
>>> Random number generator seed is 123456
>>> Method used is MultiDimFit
  Parameter                                       :   Best-fit               r            
  CMS_NPS26009_LightJetStat_DY_BJetOS_2016postVFP :   +0.000  -0.985/+0.985  +0.021/-0.019
 <<< Combine >>> 
 <<< v11.0.0 >>>
>>> Random number generator seed is 123456
>>> Method used is MultiDimFit
 <<< Combine >>> 
 <<< v11.0.0 >>>
>>> Random number generator seed is 123456
>>> Method used is MultiDimFit

 --- MultiDimFit ---
Parameter impacts: 
  Parameter                                    :   Best-fit               r            
  CMS_NPS26009_MCstat_ttbar_BJetOS_2016postVFP :   +0.000  -0.984/+0.985  +0.023/-0.020

 --- MultiDimFit ---
Parameter impacts: 
 <<< Combine >>> 
 <<< v11.0.0 >>>
>>> Random number generator seed is 123456
>>> Method used is MultiDimFit

 --- MultiDimFit ---
Parameter impacts: 
 <<< Combine >>> 
 <<< v11.0.0 >>>
>>> Random number generator seed is 123456
>>> Method used is MultiDimFit
  Parameter                                :   Best-fit               r            
  CMS_NPS26009_LightJetStat_DY_BJetOS_2017 :   +0.000  -0.986/+0.986  +0.034/-0.031
 <<< Combine >>> 
 <<< v11.0.0 >>>
>>> Random number generator seed is 123456
>>> Method used is MultiDimFit
  Parameter                             :   Best-fit               r            
  CMS_NPS26009_MCstat_other_BJetOS_2023 :   +0.000  -0.994/+0.994  +0.002/-0.002

 --- MultiDimFit ---
Parameter impacts: 
Set Default Value of Parameter r To : 0.949219
Warning: A value of r is specified in both the --setParameters and --expectSignal options. The argument of --expectSignal will take precedence
Doing initial fit: 
Set Default Value of Parameter r To : 0.949219
Warning: A value of r is specified in both the --setParameters and --expectSignal options. The argument of --expectSignal will take precedence
Doing initial fit: 
Set Default Value of Parameter r To : 0.949219
Warning: A value of r is specified in both the --setParameters and --expectSignal options. The argument of --expectSignal will take precedence
  Parameter                                :   Best-fit               r            
  CMS_NPS26009_MCstat_signal_BJetOS_2022EE :   +0.000  -0.994/+0.994  +0.001/-0.001
Doing initial fit: 
 <<< Combine >>> 
 <<< v11.0.0 >>>
>>> Random number generator seed is 123456
>>> Method used is MultiDimFit
  Parameter                                 :   Best-fit               r            
  CMS_NPS26009_MCstat_singleTop_BJetOS_2023 :   +0.000  -0.994/+0.994  +0.002/-0.002
  Parameter                                      :   Best-fit               r            
  CMS_NPS26009_LightJetStat_DY_BJetOS_2016preVFP :   +0.000  -0.980/+0.981  +0.029/-0.027
Set Default Value of Parameter r To : 0.949219
Warning: A value of r is specified in both the --setParameters and --expectSignal options. The argument of --expectSignal will take precedence
Doing initial fit: 

 --- MultiDimFit ---
Parameter impacts: 

 --- MultiDimFit ---
Parameter impacts: 
 <<< Combine >>> 
 <<< v11.0.0 >>>
>>> Random number generator seed is 123456
>>> Method used is MultiDimFit
Set Default Value of Parameter r To : 0.949219
Warning: A value of r is specified in both the --setParameters and --expectSignal options. The argument of --expectSignal will take precedence
Doing initial fit: 
  Parameter                                    :   Best-fit               r            
  CMS_NPS26009_MCstat_other_BJetOS_2016postVFP :   +0.000  -0.992/+0.992  +0.010/-0.009
 <<< Combine >>> 
 <<< v11.0.0 >>>
>>> Random number generator seed is 123456
>>> Method used is MultiDimFit
Set Default Value of Parameter r To : 0.949219
Warning: A value of r is specified in both the --setParameters and --expectSignal options. The argument of --expectSignal will take precedence
Doing initial fit: 
 <<< Combine >>> 
 <<< v11.0.0 >>>
>>> Random number generator seed is 123456
>>> Method used is MultiDimFit
  Parameter                                 :   Best-fit               r            
  CMS_NPS26009_MCstat_singleTop_BJetOS_2018 :   +0.000  -0.994/+0.994  +0.012/-0.012
  Parameter                                   :   Best-fit               r            
  CMS_NPS26009_MCstat_other_BJetOS_2016preVFP :   +0.000  -0.994/+0.993  +0.006/-0.010
 <<< Combine >>> 
 <<< v11.0.0 >>>
>>> Random number generator seed is 123456
>>> Method used is MultiDimFit

 --- MultiDimFit ---
Parameter impacts: 
Set Default Value of Parameter r To : 0.949219
Warning: A value of r is specified in both the --setParameters and --expectSignal options. The argument of --expectSignal will take precedence
Doing initial fit: 
 <<< Combine >>> 
 <<< v11.0.0 >>>
>>> Random number generator seed is 123456
>>> Method used is MultiDimFit

 --- MultiDimFit ---
Parameter impacts: 

 --- MultiDimFit ---
Parameter impacts: 
  Parameter                             :   Best-fit               r            
  CMS_NPS26009_MCstat_other_BJetOS_2022 :   +0.000  -0.994/+0.994  +0.000/-0.001
Set Default Value of Parameter r To : 0.949219
Warning: A value of r is specified in both the --setParameters and --expectSignal options. The argument of --expectSignal will take precedence
Doing initial fit: 
Set Default Value of Parameter r To : 0.949219
Warning: A value of r is specified in both the --setParameters and --expectSignal options. The argument of --expectSignal will take precedence
Doing initial fit: 
 <<< Combine >>> 
 <<< v11.0.0 >>>
>>> Random number generator seed is 123456
>>> Method used is MultiDimFit

 --- MultiDimFit ---
Parameter impacts: 
Set Default Value of Parameter r To : 0.949219
Warning: A value of r is specified in both the --setParameters and --expectSignal options. The argument of --expectSignal will take precedence
 <<< Combine >>> 
 <<< v11.0.0 >>>
>>> Random number generator seed is 123456
>>> Method used is MultiDimFit
Doing initial fit: 
  Parameter                               :   Best-fit               r            
  CMS_NPS26009_MCstat_other_BJetOS_2022EE :   +0.000  -0.994/+0.994  +0.003/-0.003
 <<< Combine >>> 
 <<< v11.0.0 >>>
>>> Random number generator seed is 123456
>>> Method used is MultiDimFit
Set Default Value of Parameter r To : 0.949219
Warning: A value of r is specified in both the --setParameters and --expectSignal options. The argument of --expectSignal will take precedence
Doing initial fit: 
Set Default Value of Parameter r To : 0.949219
Warning: A value of r is specified in both the --setParameters and --expectSignal options. The argument of --expectSignal will take precedence
Doing initial fit: 

 --- MultiDimFit ---
Parameter impacts: 
 <<< Combine >>> 
 <<< v11.0.0 >>>
>>> Random number generator seed is 123456
>>> Method used is MultiDimFit
  Parameter                              :   Best-fit               r            
  CMS_NPS26009_MCstat_signal_BJetOS_2023 :   +0.000  -0.994/+0.994  +0.001/-0.001
  Parameter                                 :   Best-fit               r            
  CMS_NPS26009_MCstat_singleTop_BJetOS_2017 :   +0.000  -0.994/+0.994  +0.009/-0.009

 --- MultiDimFit ---
Parameter impacts: 

 --- MultiDimFit ---
Parameter impacts: 

 --- MultiDimFit ---
Parameter impacts: 
Set Default Value of Parameter r To : 0.949219
Warning: A value of r is specified in both the --setParameters and --expectSignal options. The argument of --expectSignal will take precedence
Doing initial fit: 

 --- MultiDimFit ---
Parameter impacts: 

 --- MultiDimFit ---
Parameter impacts: 
  Parameter                             :   Best-fit               r            
  CMS_NPS26009_MCstat_ttbar_BJetOS_2023 :   +0.000  -0.970/+0.973  +0.024/-0.018

 --- MultiDimFit ---
Parameter impacts: 
Set Default Value of Parameter r To : 0.949219
Warning: A value of r is specified in both the --setParameters and --expectSignal options. The argument of --expectSignal will take precedence
Doing initial fit: 
Set Default Value of Parameter r To : 0.949219
Warning: A value of r is specified in both the --setParameters and --expectSignal options. The argument of --expectSignal will take precedence
Doing initial fit: 
 <<< Combine >>> 
 <<< v11.0.0 >>>
>>> Random number generator seed is 123456
>>> Method used is MultiDimFit

 --- MultiDimFit ---
Parameter impacts: 
 <<< Combine >>> 
 <<< v11.0.0 >>>
>>> Random number generator seed is 123456
>>> Method used is MultiDimFit

 --- MultiDimFit ---
Parameter impacts: 
Set Default Value of Parameter r To : 0.949219
Warning: A value of r is specified in both the --setParameters and --expectSignal options. The argument of --expectSignal will take precedence
Doing initial fit: 
  Parameter                                        :   Best-fit               r            
  CMS_NPS26009_MCstat_singleTop_BJetOS_2016postVFP :   +0.000  -0.994/+0.994  +0.003/-0.003
  Parameter                                :   Best-fit               r            
  CMS_NPS26009_LightJetStat_DY_BJetOS_2018 :   +0.000  -0.984/+0.984  +0.056/-0.054
  Parameter                                     :   Best-fit               r            
  CMS_NPS26009_MCstat_singleTop_BJetOS_2023BPix :   +0.000  -0.994/+0.994  +0.002/-0.002
 <<< Combine >>> 
 <<< v11.0.0 >>>
>>> Random number generator seed is 123456
>>> Method used is MultiDimFit

 --- MultiDimFit ---
Parameter impacts: 
 <<< Combine >>> 
 <<< v11.0.0 >>>
>>> Random number generator seed is 123456
>>> Method used is MultiDimFit
  Parameter                                 :   Best-fit               r            
  CMS_NPS26009_MCstat_other_BJetOS_2023BPix :   +0.000  -0.985/+0.986  +0.010/-0.009
  Parameter                                 :   Best-fit               r            
  CMS_NPS26009_MCstat_ttbar_BJetOS_2023BPix :   +0.000  -0.971/+0.974  +0.018/-0.012
  Parameter                                    :   Best-fit               r            
  CMS_NPS26009_LightJetStat_DY_BJetOS_2023BPix :   +0.000  -0.011/+0.011  +0.000/-0.000

 --- MultiDimFit ---
Parameter impacts: 
  Parameter                                  :   Best-fit               r            
  CMS_NPS26009_LightJetStat_DY_BJetOS_2022EE :   +0.000  -0.994/+0.994  +0.001/-0.001
Set Default Value of Parameter r To : 0.949219
Warning: A value of r is specified in both the --setParameters and --expectSignal options. The argument of --expectSignal will take precedence
Doing initial fit: 

 --- MultiDimFit ---
Parameter impacts: 
  Parameter                             :   Best-fit               r            
  CMS_NPS26009_MCstat_ttbar_BJetOS_2017 :   +0.000  -0.988/+0.988  +0.029/-0.027
 <<< Combine >>> 
 <<< v11.0.0 >>>
>>> Random number generator seed is 123456
>>> Method used is MultiDimFit
Set Default Value of Parameter r To : 0.949219
Warning: A value of r is specified in both the --setParameters and --expectSignal options. The argument of --expectSignal will take precedence
Doing initial fit: 
Set Default Value of Parameter r To : 0.949219
Warning: A value of r is specified in both the --setParameters and --expectSignal options. The argument of --expectSignal will take precedence
Doing initial fit: 
 <<< Combine >>> 
 <<< v11.0.0 >>>
>>> Random number generator seed is 123456
>>> Method used is MultiDimFit
 <<< Combine >>> 
 <<< v11.0.0 >>>
>>> Random number generator seed is 123456
>>> Method used is MultiDimFit
  Parameter                                     :   Best-fit               r            
  CMS_NPS26009_MCstat_signal_BJetOS_2016postVFP :   +0.000  -0.994/+0.994  +0.002/-0.002
 <<< Combine >>> 
 <<< v11.0.0 >>>
>>> Random number generator seed is 123456
>>> Method used is MultiDimFit
 <<< Combine >>> 
 <<< v11.0.0 >>>
>>> Random number generator seed is 123456
>>> Method used is MultiDimFit
Set Default Value of Parameter r To : 0.949219
Warning: A value of r is specified in both the --setParameters and --expectSignal options. The argument of --expectSignal will take precedence
Doing initial fit: 
 <<< Combine >>> 
 <<< v11.0.0 >>>
>>> Random number generator seed is 123456
>>> Method used is MultiDimFit
  Parameter                               :   Best-fit               r            
  CMS_NPS26009_MCstat_ttbar_BJetOS_2022EE :   +0.000  -0.970/+0.972  +0.019/-0.015
  Parameter                                 :   Best-fit               r            
  CMS_NPS26009_MCstat_singleTop_BJetOS_2022 :   +0.000  -0.994/+0.994  +0.001/-0.001
  Parameter                              :   Best-fit               r            
  CMS_NPS26009_MCstat_signal_BJetOS_2022 :   +0.000  -0.994/+0.994  +0.000/-0.000
 <<< Combine >>> 
 <<< v11.0.0 >>>
>>> Random number generator seed is 123456
>>> Method used is MultiDimFit

 --- MultiDimFit ---
Parameter impacts: 
 <<< Combine >>> 
 <<< v11.0.0 >>>
>>> Random number generator seed is 123456
>>> Method used is MultiDimFit
Set Default Value of Parameter r To : 0.949219
Warning: A value of r is specified in both the --setParameters and --expectSignal options. The argument of --expectSignal will take precedence
Doing initial fit: 
 <<< Combine >>> 
 <<< v11.0.0 >>>
>>> Random number generator seed is 123456
>>> Method used is MultiDimFit
Set Default Value of Parameter r To : 0.949219
Warning: A value of r is specified in both the --setParameters and --expectSignal options. The argument of --expectSignal will take precedence
Set Default Value of Parameter r To : 0.949219
Warning: A value of r is specified in both the --setParameters and --expectSignal options. The argument of --expectSignal will take precedence
Doing initial fit: 
Doing initial fit: 
Set Default Value of Parameter r To : 0.949219
Warning: A value of r is specified in both the --setParameters and --expectSignal options. The argument of --expectSignal will take precedence
Doing initial fit: 
Set Default Value of Parameter r To : 0.949219
Warning: A value of r is specified in both the --setParameters and --expectSignal options. The argument of --expectSignal will take precedence
Doing initial fit: 
Set Default Value of Parameter r To : 0.949219
Warning: A value of r is specified in both the --setParameters and --expectSignal options. The argument of --expectSignal will take precedence
Doing initial fit: 
 <<< Combine >>> 
 <<< v11.0.0 >>>
>>> Random number generator seed is 123456
>>> Method used is MultiDimFit
 <<< Combine >>> 
 <<< v11.0.0 >>>
>>> Random number generator seed is 123456
>>> Method used is MultiDimFit
 <<< Combine >>> 
 <<< v11.0.0 >>>
>>> Random number generator seed is 123456
>>> Method used is MultiDimFit
Set Default Value of Parameter r To : 0.949219
Warning: A value of r is specified in both the --setParameters and --expectSignal options. The argument of --expectSignal will take precedence
Doing initial fit: 

 --- MultiDimFit ---
Parameter impacts: 
  Parameter                                    :   Best-fit               r            
  CMS_NPS26009_MCstat_signal_BJetOS_2016preVFP :   +0.000  -0.994/+0.994  +0.002/-0.002

 --- MultiDimFit ---
Parameter impacts: 
Set Default Value of Parameter r To : 0.949219
Warning: A value of r is specified in both the --setParameters and --expectSignal options. The argument of --expectSignal will take precedence
Doing initial fit: 
Set Default Value of Parameter r To : 0.949219
Warning: A value of r is specified in both the --setParameters and --expectSignal options. The argument of --expectSignal will take precedence
Doing initial fit: 
Set Default Value of Parameter r To : 0.949219
Warning: A value of r is specified in both the --setParameters and --expectSignal options. The argument of --expectSignal will take precedence
Doing initial fit: 
Set Default Value of Parameter r To : 0.949219
Warning: A value of r is specified in both the --setParameters and --expectSignal options. The argument of --expectSignal will take precedence
Doing initial fit: 
  Parameter                                       :   Best-fit               r            
  CMS_NPS26009_MCstat_singleTop_BJetOS_2016preVFP :   +0.000  -0.993/+0.993  +0.008/-0.007
Set Default Value of Parameter r To : 0.949219
Warning: A value of r is specified in both the --setParameters and --expectSignal options. The argument of --expectSignal will take precedence
Doing initial fit: 
 <<< Combine >>> 
 <<< v11.0.0 >>>
>>> Random number generator seed is 123456
>>> Method used is MultiDimFit
  Parameter                                   :   Best-fit               r            
  CMS_NPS26009_MCstat_ttbar_BJetOS_2016preVFP :   +0.000  -0.985/+0.986  +0.023/-0.021
 <<< Combine >>> 
 <<< v11.0.0 >>>
>>> Random number generator seed is 123456
>>> Method used is MultiDimFit
 <<< Combine >>> 
 <<< v11.0.0 >>>
>>> Random number generator seed is 123456
>>> Method used is MultiDimFit
Set Default Value of Parameter r To : 0.949219
Warning: A value of r is specified in both the --setParameters and --expectSignal options. The argument of --expectSignal will take precedence
Doing initial fit: 
Set Default Value of Parameter r To : 0.949219
Warning: A value of r is specified in both the --setParameters and --expectSignal options. The argument of --expectSignal will take precedence
Doing initial fit: 
Set Default Value of Parameter r To : 0.949219
Warning: A value of r is specified in both the --setParameters and --expectSignal options. The argument of --expectSignal will take precedence
Doing initial fit: 

 --- MultiDimFit ---
Parameter impacts: 

 --- MultiDimFit ---
Parameter impacts: 

 --- MultiDimFit ---
Parameter impacts: 

 --- MultiDimFit ---
Parameter impacts: 

 --- MultiDimFit ---
Parameter impacts: 
  Parameter                                :   Best-fit               r            
  CMS_NPS26009_NFStat_DY_BJetOS_2016preVFP :   +0.140  -0.018/+0.018  +0.017/-0.016

 --- MultiDimFit ---
Parameter impacts: 
  Parameter                           :   Best-fit               r            
  CMS_NPS26009_QCDscale_fac_singleTop :   +0.000  -0.994/+0.994  -0.007/+0.008
  Parameter                          :   Best-fit               r            
  CMS_NPS26009_NFStat_DY_BJetOS_2017 :   +0.105  -0.010/+0.010  +0.026/-0.024

 --- MultiDimFit ---
Parameter impacts: 

 --- MultiDimFit ---
Parameter impacts: 
  Parameter                                 :   Best-fit               r            
  CMS_NPS26009_NFStat_DY_BJetOS_2016postVFP :   +0.105  -0.013/+0.013  +0.011/-0.011

 --- MultiDimFit ---
Parameter impacts: 
 <<< Combine >>> 
 <<< v11.0.0 >>>
>>> Random number generator seed is 123456
>>> Method used is MultiDimFit
  Parameter                              :   Best-fit               r            
  CMS_NPS26009_NFModel_DY_BJetOS_13p6TeV :   +0.000  -0.994/+0.994  +0.000/-0.000
 <<< Combine >>> 
 <<< v11.0.0 >>>
>>> Random number generator seed is 123456
>>> Method used is MultiDimFit
  Parameter                            :   Best-fit               r            
  CMS_NPS26009_NFStat_DY_BJetOS_2022EE :   +0.074  -0.008/+0.008  +0.000/-0.000

 --- MultiDimFit ---
Parameter impacts: 
 <<< Combine >>> 
 <<< v11.0.0 >>>
>>> Random number generator seed is 123456
>>> Method used is MultiDimFit
  Parameter                          :   Best-fit               r            
  CMS_NPS26009_NFStat_DY_BJetOS_2018 :   +0.122  -0.011/+0.011  +0.052/-0.050
 <<< Combine >>> 
 <<< v11.0.0 >>>
>>> Random number generator seed is 123456
>>> Method used is MultiDimFit
  Parameter                            :   Best-fit               r            
  CMS_NPS26009_NFModel_DY_BJetOS_13TeV :   +0.000  -0.974/+0.975  +0.107/-0.102
 <<< Combine >>> 
 <<< v11.0.0 >>>
>>> Random number generator seed is 123456
>>> Method used is MultiDimFit
  Parameter                                     :   Best-fit               r            
  CMS_NPS26009_bckgShape_QCD_BJetOS_2016postVFP :   +0.000  -0.146/+0.146  +0.006/-0.006
Set Default Value of Parameter r To : 0.949219
Warning: A value of r is specified in both the --setParameters and --expectSignal options. The argument of --expectSignal will take precedence
Doing initial fit: 

 --- MultiDimFit ---
Parameter impacts: 

 --- MultiDimFit ---
Parameter impacts: 
 <<< Combine >>> 
 <<< v11.0.0 >>>
>>> Random number generator seed is 123456
>>> Method used is MultiDimFit
Set Default Value of Parameter r To : 0.949219
Warning: A value of r is specified in both the --setParameters and --expectSignal options. The argument of --expectSignal will take precedence
Doing initial fit: 
Set Default Value of Parameter r To : 0.949219
Warning: A value of r is specified in both the --setParameters and --expectSignal options. The argument of --expectSignal will take precedence
Doing initial fit: 
  Parameter                          :   Best-fit               r            
  CMS_NPS26009_NFStat_DY_BJetOS_2022 :   +0.070  -0.013/+0.013  +0.000/-0.000
 <<< Combine >>> 
 <<< v11.0.0 >>>
>>> Random number generator seed is 123456
>>> Method used is MultiDimFit
Set Default Value of Parameter r To : 0.949219
Warning: A value of r is specified in both the --setParameters and --expectSignal options. The argument of --expectSignal will take precedence
Doing initial fit: 
 <<< Combine >>> 
 <<< v11.0.0 >>>
>>> Random number generator seed is 123456
>>> Method used is MultiDimFit
Set Default Value of Parameter r To : 0.949219
Warning: A value of r is specified in both the --setParameters and --expectSignal options. The argument of --expectSignal will take precedence
Doing initial fit: 
  Parameter                             :   Best-fit               r            
  CMS_NPS26009_bckgNorm_QCD_BJetOS_2018 :   +0.000  -0.994/+0.994  +0.000/-0.000
 <<< Combine >>> 
 <<< v11.0.0 >>>
>>> Random number generator seed is 123456
>>> Method used is MultiDimFit

 --- MultiDimFit ---
Parameter impacts: 
  Parameter                           :   Best-fit               r            
  CMS_NPS26009_QCDscale_ren_singleTop :   +0.000  -0.994/+0.994  -0.014/+0.013
Set Default Value of Parameter r To : 0.949219
Warning: A value of r is specified in both the --setParameters and --expectSignal options. The argument of --expectSignal will take precedence
Doing initial fit: 

 --- MultiDimFit ---
Parameter impacts: 
 <<< Combine >>> 
 <<< v11.0.0 >>>
>>> Random number generator seed is 123456
>>> Method used is MultiDimFit
Set Default Value of Parameter r To : 0.949219
Warning: A value of r is specified in both the --setParameters and --expectSignal options. The argument of --expectSignal will take precedence
Doing initial fit: 
 <<< Combine >>> 
 <<< v11.0.0 >>>
>>> Random number generator seed is 123456
>>> Method used is MultiDimFit
Set Default Value of Parameter r To : 0.949219
Warning: A value of r is specified in both the --setParameters and --expectSignal options. The argument of --expectSignal will take precedence
Doing initial fit: 
 <<< Combine >>> 
 <<< v11.0.0 >>>
>>> Random number generator seed is 123456
>>> Method used is MultiDimFit
Set Default Value of Parameter r To : 0.949219
Warning: A value of r is specified in both the --setParameters and --expectSignal options. The argument of --expectSignal will take precedence
Doing initial fit: 

 --- MultiDimFit ---
Parameter impacts: 

 --- MultiDimFit ---
Parameter impacts: 

 --- MultiDimFit ---
Parameter impacts: 
  Parameter                              :   Best-fit               r            
  CMS_NPS26009_bckgShape_QCD_BJetOS_2018 :   +0.000  -0.437/+0.437  +0.019/-0.019

 --- MultiDimFit ---
Parameter impacts: 
Set Default Value of Parameter r To : 0.949219
Warning: A value of r is specified in both the --setParameters and --expectSignal options. The argument of --expectSignal will take precedence
Doing initial fit: 
  Parameter                                             :   Best-fit               r            
  CMS_NPS26009_btag_fixedWP_incl_light_correlated_13TeV :   +0.000  -0.994/+0.994  +0.017/-0.017

 --- MultiDimFit ---
Parameter impacts: 

 --- MultiDimFit ---
Parameter impacts: 
Set Default Value of Parameter r To : 0.949219
Warning: A value of r is specified in both the --setParameters and --expectSignal options. The argument of --expectSignal will take precedence
Doing initial fit: 

 --- MultiDimFit ---
Parameter impacts: 

 --- MultiDimFit ---
Parameter impacts: 
  Parameter                                 :   Best-fit               r            
  CMS_NPS26009_bckgNorm_QCD_BJetOS_2023BPix :   +0.000  -0.994/+0.994  -0.000/-0.000

 --- MultiDimFit ---
Parameter impacts: 
Set Default Value of Parameter r To : 0.949219
Warning: A value of r is specified in both the --setParameters and --expectSignal options. The argument of --expectSignal will take precedence
Doing initial fit: 
 <<< Combine >>> 
 <<< v11.0.0 >>>
>>> Random number generator seed is 123456
>>> Method used is MultiDimFit
  Parameter                             :   Best-fit               r            
  CMS_NPS26009_bckgNorm_QCD_BJetOS_2023 :   +0.000  -0.994/+0.994  -0.000/-0.000

 --- MultiDimFit ---
Parameter impacts: 
 <<< Combine >>> 
 <<< v11.0.0 >>>
>>> Random number generator seed is 123456
>>> Method used is MultiDimFit
  Parameter                              :   Best-fit               r            
  CMS_NPS26009_bckgShape_QCD_BJetOS_2017 :   +0.000  -0.449/+0.449  +0.018/-0.018
  Parameter                                    :   Best-fit               r            
  CMS_NPS26009_bckgNorm_QCD_BJetOS_2016postVFP :   +0.000  -0.994/+0.994  -0.000/-0.000
  Parameter                             :   Best-fit               r            
  CMS_NPS26009_bckgNorm_QCD_BJetOS_2022 :   +0.000  -0.994/+0.994  -0.000/-0.000
  Parameter                              :   Best-fit               r            
  CMS_NPS26009_eff_m_trigger_2016postVFP :   +0.000  -0.994/+0.994  +0.002/-0.002
  Parameter                                          :   Best-fit               r            
  CMS_NPS26009_btag_fixedWP_comb_bc_correlated_13TeV :   +0.000  -0.991/+0.991  +0.084/-0.080

 --- MultiDimFit ---
Parameter impacts: 
 <<< Combine >>> 
 <<< v11.0.0 >>>
>>> Random number generator seed is 123456
>>> Method used is MultiDimFit
  Parameter                       :   Best-fit               r            
  CMS_NPS26009_eff_m_trigger_2022 :   +0.000  -0.994/+0.994  +0.001/-0.001
Set Default Value of Parameter r To : 0.949219
Warning: A value of r is specified in both the --setParameters and --expectSignal options. The argument of --expectSignal will take precedence
  Parameter                                   :   Best-fit               r            
  CMS_NPS26009_bckgNorm_QCD_BJetOS_2016preVFP :   +0.000  -0.994/+0.994  -0.000/-0.000
Doing initial fit: 
 <<< Combine >>> 
 <<< v11.0.0 >>>
>>> Random number generator seed is 123456
>>> Method used is MultiDimFit
 <<< Combine >>> 
 <<< v11.0.0 >>>
>>> Random number generator seed is 123456
>>> Method used is MultiDimFit
Set Default Value of Parameter r To : 0.949219
Warning: A value of r is specified in both the --setParameters and --expectSignal options. The argument of --expectSignal will take precedence
Doing initial fit: 
 <<< Combine >>> 
 <<< v11.0.0 >>>
>>> Random number generator seed is 123456
>>> Method used is MultiDimFit
  Parameter                                               :   Best-fit               r            
  CMS_NPS26009_btag_fixedWP_incl_light_correlated_13p6TeV :   +0.000  -0.994/+0.994  +0.004/-0.004
 <<< Combine >>> 
 <<< v11.0.0 >>>
>>> Random number generator seed is 123456
>>> Method used is MultiDimFit
 <<< Combine >>> 
 <<< v11.0.0 >>>
>>> Random number generator seed is 123456
>>> Method used is MultiDimFit
  Parameter                  :   Best-fit               r            
  CMS_NPS26009_eff_m_id_Run3 :   +0.000  -0.994/+0.994  +0.003/-0.003
 <<< Combine >>> 
 <<< v11.0.0 >>>
>>> Random number generator seed is 123456
>>> Method used is MultiDimFit

 --- MultiDimFit ---
Parameter impacts: 
 <<< Combine >>> 
 <<< v11.0.0 >>>
>>> Random number generator seed is 123456
>>> Method used is MultiDimFit
Set Default Value of Parameter r To : 0.949219
Warning: A value of r is specified in both the --setParameters and --expectSignal options. The argument of --expectSignal will take precedence
Doing initial fit: 
 <<< Combine >>> 
 <<< v11.0.0 >>>
>>> Random number generator seed is 123456
>>> Method used is MultiDimFit

 --- MultiDimFit ---
Parameter impacts: 

 --- MultiDimFit ---
Parameter impacts: 
Set Default Value of Parameter r To : 0.949219
Warning: A value of r is specified in both the --setParameters and --expectSignal options. The argument of --expectSignal will take precedence
Doing initial fit: 
Set Default Value of Parameter r To : 0.949219
Warning: A value of r is specified in both the --setParameters and --expectSignal options. The argument of --expectSignal will take precedence
Doing initial fit: 
 <<< Combine >>> 
 <<< v11.0.0 >>>
>>> Random number generator seed is 123456
>>> Method used is MultiDimFit

 --- MultiDimFit ---
Parameter impacts: 

 --- MultiDimFit ---
Parameter impacts: 
Set Default Value of Parameter r To : 0.949219
Warning: A value of r is specified in both the --setParameters and --expectSignal options. The argument of --expectSignal will take precedence
Doing initial fit: 

 --- MultiDimFit ---
Parameter impacts: 
 <<< Combine >>> 
 <<< v11.0.0 >>>
>>> Random number generator seed is 123456
>>> Method used is MultiDimFit
Set Default Value of Parameter r To : 0.949219
Warning: A value of r is specified in both the --setParameters and --expectSignal options. The argument of --expectSignal will take precedence
Doing initial fit: 
Set Default Value of Parameter r To : 0.949219
Warning: A value of r is specified in both the --setParameters and --expectSignal options. The argument of --expectSignal will take precedence
Doing initial fit: 

 --- MultiDimFit ---
Parameter impacts: 

 --- MultiDimFit ---
Parameter impacts: 
Set Default Value of Parameter r To : 0.949219
Warning: A value of r is specified in both the --setParameters and --expectSignal options. The argument of --expectSignal will take precedence
Doing initial fit: 

 --- MultiDimFit ---
Parameter impacts: 
Set Default Value of Parameter r To : 0.949219
Warning: A value of r is specified in both the --setParameters and --expectSignal options. The argument of --expectSignal will take precedence
Doing initial fit: 
  Parameter                                :   Best-fit               r            
  CMS_NPS26009_bckgShape_QCD_BJetOS_2022EE :   +0.000  -0.015/+0.015  +0.000/-0.000
  Parameter                              :   Best-fit               r            
  CMS_NPS26009_bckgShape_QCD_BJetOS_2022 :   +0.000  -0.002/+0.002  +0.000/-0.000

 --- MultiDimFit ---
Parameter impacts: 
Set Default Value of Parameter r To : 0.949219
Warning: A value of r is specified in both the --setParameters and --expectSignal options. The argument of --expectSignal will take precedence
Doing initial fit: 
Set Default Value of Parameter r To : 0.949219
Warning: A value of r is specified in both the --setParameters and --expectSignal options. The argument of --expectSignal will take precedence
Doing initial fit: 

 --- MultiDimFit ---
Parameter impacts: 
  Parameter                               :   Best-fit               r            
  CMS_NPS26009_bckgNorm_QCD_BJetOS_2022EE :   +0.000  -0.994/+0.994  -0.000/-0.000
Set Default Value of Parameter r To : 0.949219
Warning: A value of r is specified in both the --setParameters and --expectSignal options. The argument of --expectSignal will take precedence
Doing initial fit: 
  Parameter                                    :   Best-fit               r            
  CMS_NPS26009_bckgShape_QCD_BJetOS_2016preVFP :   +0.000  -0.068/+0.068  +0.003/-0.003

 --- MultiDimFit ---
Parameter impacts: 
  Parameter                                  :   Best-fit               r            
  CMS_NPS26009_bckgShape_QCD_BJetOS_2023BPix :   +0.000  -0.009/+0.009  +0.000/-0.000
  Parameter                             :   Best-fit               r            
  CMS_NPS26009_eff_m_trigger_2016preVFP :   +0.000  -0.994/+0.994  +0.002/-0.002
  Parameter                       :   Best-fit               r            
  CMS_NPS26009_eff_m_trigger_2018 :   +0.000  -0.994/+0.994  +0.004/-0.004
  Parameter                             :   Best-fit               r            
  CMS_NPS26009_bckgNorm_QCD_BJetOS_2017 :   +0.000  -0.994/+0.994  -0.000/-0.000
 <<< Combine >>> 
 <<< v11.0.0 >>>
>>> Random number generator seed is 123456
>>> Method used is MultiDimFit
 <<< Combine >>> 
 <<< v11.0.0 >>>
>>> Random number generator seed is 123456
>>> Method used is MultiDimFit
  Parameter                              :   Best-fit               r            
  CMS_NPS26009_bckgShape_QCD_BJetOS_2023 :   +0.000  -0.104/+0.104  +0.004/-0.004
  Parameter                  :   Best-fit               r            
  CMS_NPS26009_eff_m_id_Run2 :   +0.000  -0.994/+0.994  +0.003/-0.003
  Parameter                                            :   Best-fit               r            
  CMS_NPS26009_btag_fixedWP_comb_bc_correlated_13p6TeV :   +0.000  -0.950/+0.956  +0.036/-0.038

 --- MultiDimFit ---
Parameter impacts: 
  Parameter                           :   Best-fit               r            
  CMS_NPS26009_eff_m_trigger_2023BPix :   +0.000  -0.994/+0.994  +0.001/-0.001
 <<< Combine >>> 
 <<< v11.0.0 >>>
>>> Random number generator seed is 123456
>>> Method used is MultiDimFit
 <<< Combine >>> 
 <<< v11.0.0 >>>
>>> Random number generator seed is 123456
>>> Method used is MultiDimFit
 <<< Combine >>> 
 <<< v11.0.0 >>>
>>> Random number generator seed is 123456
>>> Method used is MultiDimFit
 <<< Combine >>> 
 <<< v11.0.0 >>>
>>> Random number generator seed is 123456
>>> Method used is MultiDimFit
 <<< Combine >>> 
 <<< v11.0.0 >>>
>>> Random number generator seed is 123456
>>> Method used is MultiDimFit
Set Default Value of Parameter r To : 0.949219
Warning: A value of r is specified in both the --setParameters and --expectSignal options. The argument of --expectSignal will take precedence
Doing initial fit: 
 <<< Combine >>> 
 <<< v11.0.0 >>>
>>> Random number generator seed is 123456
>>> Method used is MultiDimFit
 <<< Combine >>> 
 <<< v11.0.0 >>>
>>> Random number generator seed is 123456
>>> Method used is MultiDimFit
 <<< Combine >>> 
 <<< v11.0.0 >>>
>>> Random number generator seed is 123456
>>> Method used is MultiDimFit
Set Default Value of Parameter r To : 0.949219
Warning: A value of r is specified in both the --setParameters and --expectSignal options. The argument of --expectSignal will take precedence
Doing initial fit: 
 <<< Combine >>> 
 <<< v11.0.0 >>>
>>> Random number generator seed is 123456
>>> Method used is MultiDimFit

 --- MultiDimFit ---
Parameter impacts: 
 <<< Combine >>> 
 <<< v11.0.0 >>>
>>> Random number generator seed is 123456
>>> Method used is MultiDimFit
  Parameter                         :   Best-fit               r            
  CMS_NPS26009_eff_m_trigger_2022EE :   +0.000  -0.994/+0.994  +0.001/-0.001
Set Default Value of Parameter r To : 0.949219
Warning: A value of r is specified in both the --setParameters and --expectSignal options. The argument of --expectSignal will take precedence
Doing initial fit: 
Set Default Value of Parameter r To : 0.949219
Warning: A value of r is specified in both the --setParameters and --expectSignal options. The argument of --expectSignal will take precedence
Doing initial fit: 
Set Default Value of Parameter r To : 0.949219
Warning: A value of r is specified in both the --setParameters and --expectSignal options. The argument of --expectSignal will take precedence
Doing initial fit: 
Set Default Value of Parameter r To : 0.949219
Warning: A value of r is specified in both the --setParameters and --expectSignal options. The argument of --expectSignal will take precedence
Doing initial fit: 
Set Default Value of Parameter r To : 0.949219
Warning: A value of r is specified in both the --setParameters and --expectSignal options. The argument of --expectSignal will take precedence
Doing initial fit: 
Set Default Value of Parameter r To : 0.949219
Warning: A value of r is specified in both the --setParameters and --expectSignal options. The argument of --expectSignal will take precedence
Doing initial fit: 
Set Default Value of Parameter r To : 0.949219
Warning: A value of r is specified in both the --setParameters and --expectSignal options. The argument of --expectSignal will take precedence
Doing initial fit: 
Set Default Value of Parameter r To : 0.949219
Warning: A value of r is specified in both the --setParameters and --expectSignal options. The argument of --expectSignal will take precedence
Set Default Value of Parameter r To : 0.949219
Warning: A value of r is specified in both the --setParameters and --expectSignal options. The argument of --expectSignal will take precedence
Doing initial fit: 
Doing initial fit: 
Set Default Value of Parameter r To : 0.949219
Warning: A value of r is specified in both the --setParameters and --expectSignal options. The argument of --expectSignal will take precedence
Doing initial fit: 
 <<< Combine >>> 
 <<< v11.0.0 >>>
>>> Random number generator seed is 123456
>>> Method used is MultiDimFit
  Parameter                       :   Best-fit               r            
  CMS_NPS26009_eff_m_trigger_2017 :   +0.000  -0.994/+0.994  +0.003/-0.003
 <<< Combine >>> 
 <<< v11.0.0 >>>
>>> Random number generator seed is 123456
>>> Method used is MultiDimFit

 --- MultiDimFit ---
Parameter impacts: 
Set Default Value of Parameter r To : 0.949219
Warning: A value of r is specified in both the --setParameters and --expectSignal options. The argument of --expectSignal will take precedence
Doing initial fit: 
Set Default Value of Parameter r To : 0.949219
Warning: A value of r is specified in both the --setParameters and --expectSignal options. The argument of --expectSignal will take precedence
Doing initial fit: 
  Parameter                       :   Best-fit               r            
  CMS_NPS26009_eff_m_trigger_2023 :   +0.000  -0.994/+0.994  +0.002/-0.002
 <<< Combine >>> 
 <<< v11.0.0 >>>
>>> Random number generator seed is 123456
>>> Method used is MultiDimFit
Set Default Value of Parameter r To : 0.949219
Warning: A value of r is specified in both the --setParameters and --expectSignal options. The argument of --expectSignal will take precedence
Doing initial fit: 

 --- MultiDimFit ---
Parameter impacts: 

 --- MultiDimFit ---
Parameter impacts: 
  Parameter                                    :   Best-fit               r            
  CMS_btag_fixedWP_comb_bc_uncorrelated_2022EE :   +0.000  -0.992/+0.993  +0.005/-0.005
  Parameter              :   Best-fit               r            
  CMS_NPS26009_lumi_2023 :   +0.000  -0.994/+0.994  +0.004/-0.004
 <<< Combine >>> 
 <<< v11.0.0 >>>
>>> Random number generator seed is 123456
>>> Method used is MultiDimFit
 <<< Combine >>> 
 <<< v11.0.0 >>>
>>> Random number generator seed is 123456
>>> Method used is MultiDimFit
Set Default Value of Parameter r To : 0.949219
Warning: A value of r is specified in both the --setParameters and --expectSignal options. The argument of --expectSignal will take precedence
Doing initial fit: 

 --- MultiDimFit ---
Parameter impacts: 
Set Default Value of Parameter r To : 0.949219
Warning: A value of r is specified in both the --setParameters and --expectSignal options. The argument of --expectSignal will take precedence
Doing initial fit: 

 --- MultiDimFit ---
Parameter impacts: 

 --- MultiDimFit ---
Parameter impacts: 
  Parameter              :   Best-fit               r            
  CMS_NPS26009_lumi_2016 :   +0.000  -0.994/+0.994  +0.008/-0.008
  Parameter                                     :   Best-fit               r            
  CMS_btag_fixedWP_incl_light_uncorrelated_2023 :   +0.000  -0.994/+0.994  +0.000/-0.000

 --- MultiDimFit ---
Parameter impacts: 
  Parameter              :   Best-fit               r            
  CMS_NPS26009_lumi_2022 :   +0.000  -0.993/+0.993  +0.004/-0.004
  Parameter        :   Best-fit               r            
  CMS_pileup_13TeV :   +0.000  -0.993/+0.993  +0.009/-0.010
 <<< Combine >>> 
 <<< v11.0.0 >>>
>>> Random number generator seed is 123456
>>> Method used is MultiDimFit
 <<< Combine >>> 
 <<< v11.0.0 >>>
>>> Random number generator seed is 123456
>>> Method used is MultiDimFit
 <<< Combine >>> 
 <<< v11.0.0 >>>
>>> Random number generator seed is 123456
>>> Method used is MultiDimFit

 --- MultiDimFit ---
Parameter impacts: 

 --- MultiDimFit ---
Parameter impacts: 

 --- MultiDimFit ---
Parameter impacts: 
 <<< Combine >>> 
 <<< v11.0.0 >>>
>>> Random number generator seed is 123456
>>> Method used is MultiDimFit
Set Default Value of Parameter r To : 0.949219
Warning: A value of r is specified in both the --setParameters and --expectSignal options. The argument of --expectSignal will take precedence
Doing initial fit: 
Set Default Value of Parameter r To : 0.949219
Warning: A value of r is specified in both the --setParameters and --expectSignal options. The argument of --expectSignal will take precedence
Doing initial fit: 
Set Default Value of Parameter r To : 0.949219
Warning: A value of r is specified in both the --setParameters and --expectSignal options. The argument of --expectSignal will take precedence
Doing initial fit: 

 --- MultiDimFit ---
Parameter impacts: 
  Parameter              :   Best-fit               r            
  CMS_NPS26009_lumi_2017 :   +0.000  -0.992/+0.992  +0.017/-0.017
  Parameter                                           :   Best-fit               r            
  CMS_btag_fixedWP_incl_light_uncorrelated_2016preVFP :   +0.000  -0.994/+0.994  +0.001/-0.001
  Parameter                :   Best-fit               r            
  CMS_NPS26009_pdf_NNPDF31 :   +0.000  -0.989/+0.989  +0.058/-0.057
Set Default Value of Parameter r To : 0.949219
Warning: A value of r is specified in both the --setParameters and --expectSignal options. The argument of --expectSignal will take precedence
Doing initial fit: 

 --- MultiDimFit ---
Parameter impacts: 

 --- MultiDimFit ---
Parameter impacts: 
 <<< Combine >>> 
 <<< v11.0.0 >>>
>>> Random number generator seed is 123456
>>> Method used is MultiDimFit
  Parameter                                         :   Best-fit               r            
  CMS_btag_fixedWP_comb_bc_uncorrelated_2016postVFP :   +0.000  -0.992/+0.992  +0.011/-0.011
 <<< Combine >>> 
 <<< v11.0.0 >>>
>>> Random number generator seed is 123456
>>> Method used is MultiDimFit
 <<< Combine >>> 
 <<< v11.0.0 >>>
>>> Random number generator seed is 123456
>>> Method used is MultiDimFit

 --- MultiDimFit ---
Parameter impacts: 
  Parameter                                         :   Best-fit               r            
  CMS_btag_fixedWP_incl_light_uncorrelated_2023BPix :   +0.000  -0.994/+0.994  +0.000/-0.000
Set Default Value of Parameter r To : 0.949219
Warning: A value of r is specified in both the --setParameters and --expectSignal options. The argument of --expectSignal will take precedence
Doing initial fit: 

 --- MultiDimFit ---
Parameter impacts: 
  Parameter                         :   Best-fit               r            
  CMS_NPS26009_topmass_ttbar_BJetOS :   +0.000  -0.993/+0.993  +0.057/-0.058
 <<< Combine >>> 
 <<< v11.0.0 >>>
>>> Random number generator seed is 123456
>>> Method used is MultiDimFit
Set Default Value of Parameter r To : 0.949219
Warning: A value of r is specified in both the --setParameters and --expectSignal options. The argument of --expectSignal will take precedence
Doing initial fit: 
Set Default Value of Parameter r To : 0.949219
Warning: A value of r is specified in both the --setParameters and --expectSignal options. The argument of --expectSignal will take precedence
Doing initial fit: 

 --- MultiDimFit ---
Parameter impacts: 
  Parameter                   :   Best-fit               r            
  CMS_l1_prefiring_2016preVFP :   +0.000  -0.994/+0.994  -0.003/+0.003
Set Default Value of Parameter r To : 0.949219
Warning: A value of r is specified in both the --setParameters and --expectSignal options. The argument of --expectSignal will take precedence
Doing initial fit: 
  Parameter                                  :   Best-fit               r            
  CMS_btag_fixedWP_comb_bc_uncorrelated_2022 :   +0.000  -0.993/+0.993  +0.002/-0.002

 --- MultiDimFit ---
Parameter impacts: 

 --- MultiDimFit ---
Parameter impacts: 
  Parameter                                  :   Best-fit               r            
  CMS_btag_fixedWP_comb_bc_uncorrelated_2018 :   +0.000  -0.991/+0.991  +0.032/-0.032

 --- MultiDimFit ---
Parameter impacts: 
  Parameter                                        :   Best-fit               r            
  CMS_btag_fixedWP_comb_bc_uncorrelated_2016preVFP :   +0.000  -0.992/+0.992  +0.011/-0.011
  Parameter                                            :   Best-fit               r            
  CMS_btag_fixedWP_incl_light_uncorrelated_2016postVFP :   +0.000  -0.994/+0.994  +0.004/-0.004

 --- MultiDimFit ---
Parameter impacts: 
  Parameter                                       :   Best-fit               r            
  CMS_btag_fixedWP_incl_light_uncorrelated_2022EE :   +0.000  -0.994/+0.994  +0.001/-0.001

 --- MultiDimFit ---
Parameter impacts: 

 --- MultiDimFit ---
Parameter impacts: 

 --- MultiDimFit ---
Parameter impacts: 
  Parameter              :   Best-fit               r            
  CMS_NPS26009_lumi_2018 :   +0.000  -0.991/+0.991  +0.029/-0.030

 --- MultiDimFit ---
Parameter impacts: 

 --- MultiDimFit ---
Parameter impacts: 

 --- MultiDimFit ---
Parameter impacts: 

 --- MultiDimFit ---
Parameter impacts: 

 --- MultiDimFit ---
Parameter impacts: 

 --- MultiDimFit ---
Parameter impacts: 
  Parameter                                      :   Best-fit               r            
  CMS_btag_fixedWP_comb_bc_uncorrelated_2023BPix :   +0.000  -0.992/+0.992  +0.005/-0.005
  Parameter             :   Best-fit               r            
  CMS_l1_prefiring_2017 :   +0.000  -0.994/+0.994  -0.007/+0.007
  Parameter                                     :   Best-fit               r            
  CMS_btag_fixedWP_incl_light_uncorrelated_2018 :   +0.000  -0.994/+0.994  +0.005/-0.005
  Parameter          :   Best-fit               r            
  CMS_pileup_13p6TeV :   +0.000  -0.987/+0.986  +0.002/-0.004
  Parameter                                  :   Best-fit               r            
  CMS_btag_fixedWP_comb_bc_uncorrelated_2017 :   +0.000  -0.988/+0.989  +0.027/-0.027

 --- MultiDimFit ---
Parameter impacts: 

 --- MultiDimFit ---
Parameter impacts: 

 --- MultiDimFit ---
Parameter impacts: 

 --- MultiDimFit ---
Parameter impacts: 
  Parameter            :   Best-fit               r            
  CMS_res_j_2016preVFP :   +0.000  -0.994/+0.994  +0.000/+0.000
  Parameter      :   Best-fit               r            
  CMS_res_j_2023 :   +0.000  -0.994/+0.994  -0.000/+0.000
  Parameter      :   Best-fit               r            
  CMS_res_j_2022 :   +0.000  -0.994/+0.994  -0.000/+0.000

 --- MultiDimFit ---
Parameter impacts: 
  Parameter                                     :   Best-fit               r            
  CMS_btag_fixedWP_incl_light_uncorrelated_2022 :   +0.000  -0.994/+0.994  +0.000/-0.000
  Parameter          :   Best-fit               r            
  CMS_res_j_2023BPix :   +0.000  -0.994/+0.994  +0.000/-0.000
  Parameter                                  :   Best-fit               r            
  CMS_btag_fixedWP_comb_bc_uncorrelated_2023 :   +0.000  -0.991/+0.991  +0.007/-0.007
  Parameter                                     :   Best-fit               r            
  CMS_btag_fixedWP_incl_light_uncorrelated_2017 :   +0.000  -0.994/+0.994  +0.003/-0.003

 --- MultiDimFit ---
Parameter impacts: 
  Parameter        :   Best-fit               r            
  CMS_res_j_2022EE :   +0.000  -0.994/+0.994  -0.000/-0.000

 --- MultiDimFit ---
Parameter impacts: 
  Parameter      :   Best-fit               r            
  CMS_res_j_2018 :   +0.000  -0.994/+0.994  +0.002/-0.001

 --- MultiDimFit ---
Parameter impacts: 
  Parameter                    :   Best-fit               r            
  CMS_l1_prefiring_2016postVFP :   +0.000  -0.994/+0.994  -0.004/+0.004

 --- MultiDimFit ---
Parameter impacts: 
  Parameter      :   Best-fit               r            
  CMS_res_j_2017 :   +0.000  -0.994/+0.994  -0.000/-0.001
  Parameter               :   Best-fit               r            
  CMS_scale_j_2016postVFP :   +0.000  -0.994/+0.994  +0.001/+0.000
  Parameter             :   Best-fit               r            
  CMS_res_j_2016postVFP :   +0.000  -0.994/+0.994  +0.001/+0.000

 --- MultiDimFit ---
Parameter impacts: 

 --- MultiDimFit ---
Parameter impacts: 
  Parameter             :   Best-fit               r            
  CMS_l1_prefiring_2018 :   +0.000  -0.994/+0.994  -0.002/+0.002
  Parameter              :   Best-fit               r            
  CMS_scale_j_2016preVFP :   +0.000  -0.994/+0.994  -0.000/+0.000

 --- MultiDimFit ---
Parameter impacts: 
  Parameter        :   Best-fit               r            
  CMS_scale_j_2017 :   +0.000  -0.994/+0.994  +0.005/-0.002

 --- MultiDimFit ---
Parameter impacts: 
  Parameter        :   Best-fit               r            
  CMS_scale_j_2018 :   +0.000  -0.994/+0.994  +0.005/-0.000

 --- MultiDimFit ---
Parameter impacts: 

 --- MultiDimFit ---
Parameter impacts: 
  Parameter          :   Best-fit               r            
  CMS_scale_j_2022EE :   +0.000  -0.994/+0.994  -0.000/-0.000
  Parameter           :   Best-fit               r            
  CMS_scale_m_13p6TeV :   +0.000  -0.993/+0.993  +0.005/-0.006

 --- MultiDimFit ---
Parameter impacts: 

 --- MultiDimFit ---
Parameter impacts: 

 --- MultiDimFit ---
Parameter impacts: 

 --- MultiDimFit ---
Parameter impacts: 

 --- MultiDimFit ---
Parameter impacts: 
  Parameter        :   Best-fit               r            
  CMS_scale_j_2023 :   +0.000  -0.994/+0.994  +0.000/-0.002
  Parameter        :   Best-fit               r            
  CMS_scale_j_2022 :   +0.000  -0.994/+0.994  +0.000/+0.000
  Parameter         :   Best-fit               r            
  CMS_scale_m_13TeV :   +0.000  -0.994/+0.994  +0.016/+0.005
  Parameter            :   Best-fit               r            
  CMS_scale_j_2023BPix :   +0.000  -0.990/+0.994  +0.007/-0.000
  Parameter          :   Best-fit               r            
  QCDscale_fac_ttbar :   +0.000  -0.981/+0.990  -0.122/+0.078

 --- MultiDimFit ---
Parameter impacts: 

 --- MultiDimFit ---
Parameter impacts: 
  Parameter          :   Best-fit               r            
  QCDscale_ren_ttbar :   +0.000  -0.982/+0.991  -0.234/+0.176
  Parameter  :   Best-fit               r            
  pdf_alphas :   -0.000  -0.992/+0.993  +0.047/-0.057
>> combine -M MultiDimFit -n _paramFit_.ReviewSBImpacts_Run2Run3_M70_CMS_NPS26009_MCstat_ttbar_BJetOS_2016postVFP --algo impact --redefineSignalPOIs r -P CMS_NPS26009_MCstat_ttbar_BJetOS_2016postVFP --floatOtherPOIs 1 --saveInactivePOI 1 --robustFit 1 --setCrossingTolerance 1e-8 --cminDefaultMinimizerStrategy 1 --cminDefaultMinimizerTolerance 1e-4 --setRobustFitStrategy 1 --setRobustFitTolerance 1e-4 --rMin 0 --rMax 100 -t -1 --expectSignal 0.94921875 -m 70 -d /data6/Users/joonblee/higgs_combine/CMSSW_14_1_0_pre4/src/NIsoMuon/review_outputs/Run2Run3/M70/workspace_Run2Run3_M70.root --setParameters r=0.94921875
>> combine -M MultiDimFit -n _paramFit_.ReviewSBImpacts_Run2Run3_M70_CMS_NPS26009_bckgNorm_QCD_BJetOS_2016preVFP --algo impact --redefineSignalPOIs r -P CMS_NPS26009_bckgNorm_QCD_BJetOS_2016preVFP --floatOtherPOIs 1 --saveInactivePOI 1 --robustFit 1 --setCrossingTolerance 1e-8 --cminDefaultMinimizerStrategy 1 --cminDefaultMinimizerTolerance 1e-4 --setRobustFitStrategy 1 --setRobustFitTolerance 1e-4 --rMin 0 --rMax 100 -t -1 --expectSignal 0.94921875 -m 70 -d /data6/Users/joonblee/higgs_combine/CMSSW_14_1_0_pre4/src/NIsoMuon/review_outputs/Run2Run3/M70/workspace_Run2Run3_M70.root --setParameters r=0.94921875
>> combine -M MultiDimFit -n _paramFit_.ReviewSBImpacts_Run2Run3_M70_CMS_btag_fixedWP_incl_light_uncorrelated_2023BPix --algo impact --redefineSignalPOIs r -P CMS_btag_fixedWP_incl_light_uncorrelated_2023BPix --floatOtherPOIs 1 --saveInactivePOI 1 --robustFit 1 --setCrossingTolerance 1e-8 --cminDefaultMinimizerStrategy 1 --cminDefaultMinimizerTolerance 1e-4 --setRobustFitStrategy 1 --setRobustFitTolerance 1e-4 --rMin 0 --rMax 100 -t -1 --expectSignal 0.94921875 -m 70 -d /data6/Users/joonblee/higgs_combine/CMSSW_14_1_0_pre4/src/NIsoMuon/review_outputs/Run2Run3/M70/workspace_Run2Run3_M70.root --setParameters r=0.94921875
>> combine -M MultiDimFit -n _paramFit_.ReviewSBImpacts_Run2Run3_M70_CMS_NPS26009_LightJetStat_DY_BJetOS_2022 --algo impact --redefineSignalPOIs r -P CMS_NPS26009_LightJetStat_DY_BJetOS_2022 --floatOtherPOIs 1 --saveInactivePOI 1 --robustFit 1 --setCrossingTolerance 1e-8 --cminDefaultMinimizerStrategy 1 --cminDefaultMinimizerTolerance 1e-4 --setRobustFitStrategy 1 --setRobustFitTolerance 1e-4 --rMin 0 --rMax 100 -t -1 --expectSignal 0.94921875 -m 70 -d /data6/Users/joonblee/higgs_combine/CMSSW_14_1_0_pre4/src/NIsoMuon/review_outputs/Run2Run3/M70/workspace_Run2Run3_M70.root --setParameters r=0.94921875
>> combine -M MultiDimFit -n _paramFit_.ReviewSBImpacts_Run2Run3_M70_CMS_NPS26009_NFStat_DY_BJetOS_2018 --algo impact --redefineSignalPOIs r -P CMS_NPS26009_NFStat_DY_BJetOS_2018 --floatOtherPOIs 1 --saveInactivePOI 1 --robustFit 1 --setCrossingTolerance 1e-8 --cminDefaultMinimizerStrategy 1 --cminDefaultMinimizerTolerance 1e-4 --setRobustFitStrategy 1 --setRobustFitTolerance 1e-4 --rMin 0 --rMax 100 -t -1 --expectSignal 0.94921875 -m 70 -d /data6/Users/joonblee/higgs_combine/CMSSW_14_1_0_pre4/src/NIsoMuon/review_outputs/Run2Run3/M70/workspace_Run2Run3_M70.root --setParameters r=0.94921875
>> combine -M MultiDimFit -n _paramFit_.ReviewSBImpacts_Run2Run3_M70_CMS_NPS26009_topmass_ttbar_BJetOS --algo impact --redefineSignalPOIs r -P CMS_NPS26009_topmass_ttbar_BJetOS --floatOtherPOIs 1 --saveInactivePOI 1 --robustFit 1 --setCrossingTolerance 1e-8 --cminDefaultMinimizerStrategy 1 --cminDefaultMinimizerTolerance 1e-4 --setRobustFitStrategy 1 --setRobustFitTolerance 1e-4 --rMin 0 --rMax 100 -t -1 --expectSignal 0.94921875 -m 70 -d /data6/Users/joonblee/higgs_combine/CMSSW_14_1_0_pre4/src/NIsoMuon/review_outputs/Run2Run3/M70/workspace_Run2Run3_M70.root --setParameters r=0.94921875
>> combine -M MultiDimFit -n _paramFit_.ReviewSBImpacts_Run2Run3_M70_CMS_NPS26009_LightJetStat_DY_BJetOS_2022EE --algo impact --redefineSignalPOIs r -P CMS_NPS26009_LightJetStat_DY_BJetOS_2022EE --floatOtherPOIs 1 --saveInactivePOI 1 --robustFit 1 --setCrossingTolerance 1e-8 --cminDefaultMinimizerStrategy 1 --cminDefaultMinimizerTolerance 1e-4 --setRobustFitStrategy 1 --setRobustFitTolerance 1e-4 --rMin 0 --rMax 100 -t -1 --expectSignal 0.94921875 -m 70 -d /data6/Users/joonblee/higgs_combine/CMSSW_14_1_0_pre4/src/NIsoMuon/review_outputs/Run2Run3/M70/workspace_Run2Run3_M70.root --setParameters r=0.94921875
>> combine -M MultiDimFit -n _paramFit_.ReviewSBImpacts_Run2Run3_M70_CMS_NPS26009_eff_m_id_Run3 --algo impact --redefineSignalPOIs r -P CMS_NPS26009_eff_m_id_Run3 --floatOtherPOIs 1 --saveInactivePOI 1 --robustFit 1 --setCrossingTolerance 1e-8 --cminDefaultMinimizerStrategy 1 --cminDefaultMinimizerTolerance 1e-4 --setRobustFitStrategy 1 --setRobustFitTolerance 1e-4 --rMin 0 --rMax 100 -t -1 --expectSignal 0.94921875 -m 70 -d /data6/Users/joonblee/higgs_combine/CMSSW_14_1_0_pre4/src/NIsoMuon/review_outputs/Run2Run3/M70/workspace_Run2Run3_M70.root --setParameters r=0.94921875
>> combine -M MultiDimFit -n _paramFit_.ReviewSBImpacts_Run2Run3_M70_CMS_l1_prefiring_2016preVFP --algo impact --redefineSignalPOIs r -P CMS_l1_prefiring_2016preVFP --floatOtherPOIs 1 --saveInactivePOI 1 --robustFit 1 --setCrossingTolerance 1e-8 --cminDefaultMinimizerStrategy 1 --cminDefaultMinimizerTolerance 1e-4 --setRobustFitStrategy 1 --setRobustFitTolerance 1e-4 --rMin 0 --rMax 100 -t -1 --expectSignal 0.94921875 -m 70 -d /data6/Users/joonblee/higgs_combine/CMSSW_14_1_0_pre4/src/NIsoMuon/review_outputs/Run2Run3/M70/workspace_Run2Run3_M70.root --setParameters r=0.94921875
>> combine -M MultiDimFit -n _paramFit_.ReviewSBImpacts_Run2Run3_M70_CMS_NPS26009_MCstat_ttbar_BJetOS_2022 --algo impact --redefineSignalPOIs r -P CMS_NPS26009_MCstat_ttbar_BJetOS_2022 --floatOtherPOIs 1 --saveInactivePOI 1 --robustFit 1 --setCrossingTolerance 1e-8 --cminDefaultMinimizerStrategy 1 --cminDefaultMinimizerTolerance 1e-4 --setRobustFitStrategy 1 --setRobustFitTolerance 1e-4 --rMin 0 --rMax 100 -t -1 --expectSignal 0.94921875 -m 70 -d /data6/Users/joonblee/higgs_combine/CMSSW_14_1_0_pre4/src/NIsoMuon/review_outputs/Run2Run3/M70/workspace_Run2Run3_M70.root --setParameters r=0.94921875
>> combine -M MultiDimFit -n _paramFit_.ReviewSBImpacts_Run2Run3_M70_CMS_NPS26009_QCDscale_ren_singleTop --algo impact --redefineSignalPOIs r -P CMS_NPS26009_QCDscale_ren_singleTop --floatOtherPOIs 1 --saveInactivePOI 1 --robustFit 1 --setCrossingTolerance 1e-8 --cminDefaultMinimizerStrategy 1 --cminDefaultMinimizerTolerance 1e-4 --setRobustFitStrategy 1 --setRobustFitTolerance 1e-4 --rMin 0 --rMax 100 -t -1 --expectSignal 0.94921875 -m 70 -d /data6/Users/joonblee/higgs_combine/CMSSW_14_1_0_pre4/src/NIsoMuon/review_outputs/Run2Run3/M70/workspace_Run2Run3_M70.root --setParameters r=0.94921875
>> combine -M MultiDimFit -n _paramFit_.ReviewSBImpacts_Run2Run3_M70_CMS_btag_fixedWP_comb_bc_uncorrelated_2022 --algo impact --redefineSignalPOIs r -P CMS_btag_fixedWP_comb_bc_uncorrelated_2022 --floatOtherPOIs 1 --saveInactivePOI 1 --robustFit 1 --setCrossingTolerance 1e-8 --cminDefaultMinimizerStrategy 1 --cminDefaultMinimizerTolerance 1e-4 --setRobustFitStrategy 1 --setRobustFitTolerance 1e-4 --rMin 0 --rMax 100 -t -1 --expectSignal 0.94921875 -m 70 -d /data6/Users/joonblee/higgs_combine/CMSSW_14_1_0_pre4/src/NIsoMuon/review_outputs/Run2Run3/M70/workspace_Run2Run3_M70.root --setParameters r=0.94921875
>> combine -M MultiDimFit -n _paramFit_.ReviewSBImpacts_Run2Run3_M70_CMS_NPS26009_MCstat_singleTop_BJetOS_2018 --algo impact --redefineSignalPOIs r -P CMS_NPS26009_MCstat_singleTop_BJetOS_2018 --floatOtherPOIs 1 --saveInactivePOI 1 --robustFit 1 --setCrossingTolerance 1e-8 --cminDefaultMinimizerStrategy 1 --cminDefaultMinimizerTolerance 1e-4 --setRobustFitStrategy 1 --setRobustFitTolerance 1e-4 --rMin 0 --rMax 100 -t -1 --expectSignal 0.94921875 -m 70 -d /data6/Users/joonblee/higgs_combine/CMSSW_14_1_0_pre4/src/NIsoMuon/review_outputs/Run2Run3/M70/workspace_Run2Run3_M70.root --setParameters r=0.94921875
>> combine -M MultiDimFit -n _paramFit_.ReviewSBImpacts_Run2Run3_M70_CMS_NPS26009_bckgShape_QCD_BJetOS_2016postVFP --algo impact --redefineSignalPOIs r -P CMS_NPS26009_bckgShape_QCD_BJetOS_2016postVFP --floatOtherPOIs 1 --saveInactivePOI 1 --robustFit 1 --setCrossingTolerance 1e-8 --cminDefaultMinimizerStrategy 1 --cminDefaultMinimizerTolerance 1e-4 --setRobustFitStrategy 1 --setRobustFitTolerance 1e-4 --rMin 0 --rMax 100 -t -1 --expectSignal 0.94921875 -m 70 -d /data6/Users/joonblee/higgs_combine/CMSSW_14_1_0_pre4/src/NIsoMuon/review_outputs/Run2Run3/M70/workspace_Run2Run3_M70.root --setParameters r=0.94921875
>> combine -M MultiDimFit -n _paramFit_.ReviewSBImpacts_Run2Run3_M70_CMS_btag_fixedWP_comb_bc_uncorrelated_2016preVFP --algo impact --redefineSignalPOIs r -P CMS_btag_fixedWP_comb_bc_uncorrelated_2016preVFP --floatOtherPOIs 1 --saveInactivePOI 1 --robustFit 1 --setCrossingTolerance 1e-8 --cminDefaultMinimizerStrategy 1 --cminDefaultMinimizerTolerance 1e-4 --setRobustFitStrategy 1 --setRobustFitTolerance 1e-4 --rMin 0 --rMax 100 -t -1 --expectSignal 0.94921875 -m 70 -d /data6/Users/joonblee/higgs_combine/CMSSW_14_1_0_pre4/src/NIsoMuon/review_outputs/Run2Run3/M70/workspace_Run2Run3_M70.root --setParameters r=0.94921875
>> combine -M MultiDimFit -n _paramFit_.ReviewSBImpacts_Run2Run3_M70_CMS_NPS26009_MCstat_other_BJetOS_2023 --algo impact --redefineSignalPOIs r -P CMS_NPS26009_MCstat_other_BJetOS_2023 --floatOtherPOIs 1 --saveInactivePOI 1 --robustFit 1 --setCrossingTolerance 1e-8 --cminDefaultMinimizerStrategy 1 --cminDefaultMinimizerTolerance 1e-4 --setRobustFitStrategy 1 --setRobustFitTolerance 1e-4 --rMin 0 --rMax 100 -t -1 --expectSignal 0.94921875 -m 70 -d /data6/Users/joonblee/higgs_combine/CMSSW_14_1_0_pre4/src/NIsoMuon/review_outputs/Run2Run3/M70/workspace_Run2Run3_M70.root --setParameters r=0.94921875
>> combine -M MultiDimFit -n _paramFit_.ReviewSBImpacts_Run2Run3_M70_CMS_NPS26009_bckgNorm_QCD_BJetOS_2018 --algo impact --redefineSignalPOIs r -P CMS_NPS26009_bckgNorm_QCD_BJetOS_2018 --floatOtherPOIs 1 --saveInactivePOI 1 --robustFit 1 --setCrossingTolerance 1e-8 --cminDefaultMinimizerStrategy 1 --cminDefaultMinimizerTolerance 1e-4 --setRobustFitStrategy 1 --setRobustFitTolerance 1e-4 --rMin 0 --rMax 100 -t -1 --expectSignal 0.94921875 -m 70 -d /data6/Users/joonblee/higgs_combine/CMSSW_14_1_0_pre4/src/NIsoMuon/review_outputs/Run2Run3/M70/workspace_Run2Run3_M70.root --setParameters r=0.94921875
>> combine -M MultiDimFit -n _paramFit_.ReviewSBImpacts_Run2Run3_M70_CMS_btag_fixedWP_comb_bc_uncorrelated_2018 --algo impact --redefineSignalPOIs r -P CMS_btag_fixedWP_comb_bc_uncorrelated_2018 --floatOtherPOIs 1 --saveInactivePOI 1 --robustFit 1 --setCrossingTolerance 1e-8 --cminDefaultMinimizerStrategy 1 --cminDefaultMinimizerTolerance 1e-4 --setRobustFitStrategy 1 --setRobustFitTolerance 1e-4 --rMin 0 --rMax 100 -t -1 --expectSignal 0.94921875 -m 70 -d /data6/Users/joonblee/higgs_combine/CMSSW_14_1_0_pre4/src/NIsoMuon/review_outputs/Run2Run3/M70/workspace_Run2Run3_M70.root --setParameters r=0.94921875
>> combine -M MultiDimFit -n _paramFit_.ReviewSBImpacts_Run2Run3_M70_CMS_NPS26009_LightJetStat_DY_BJetOS_2018 --algo impact --redefineSignalPOIs r -P CMS_NPS26009_LightJetStat_DY_BJetOS_2018 --floatOtherPOIs 1 --saveInactivePOI 1 --robustFit 1 --setCrossingTolerance 1e-8 --cminDefaultMinimizerStrategy 1 --cminDefaultMinimizerTolerance 1e-4 --setRobustFitStrategy 1 --setRobustFitTolerance 1e-4 --rMin 0 --rMax 100 -t -1 --expectSignal 0.94921875 -m 70 -d /data6/Users/joonblee/higgs_combine/CMSSW_14_1_0_pre4/src/NIsoMuon/review_outputs/Run2Run3/M70/workspace_Run2Run3_M70.root --setParameters r=0.94921875
>> combine -M MultiDimFit -n _paramFit_.ReviewSBImpacts_Run2Run3_M70_CMS_NPS26009_btag_fixedWP_comb_bc_correlated_13TeV --algo impact --redefineSignalPOIs r -P CMS_NPS26009_btag_fixedWP_comb_bc_correlated_13TeV --floatOtherPOIs 1 --saveInactivePOI 1 --robustFit 1 --setCrossingTolerance 1e-8 --cminDefaultMinimizerStrategy 1 --cminDefaultMinimizerTolerance 1e-4 --setRobustFitStrategy 1 --setRobustFitTolerance 1e-4 --rMin 0 --rMax 100 -t -1 --expectSignal 0.94921875 -m 70 -d /data6/Users/joonblee/higgs_combine/CMSSW_14_1_0_pre4/src/NIsoMuon/review_outputs/Run2Run3/M70/workspace_Run2Run3_M70.root --setParameters r=0.94921875
>> combine -M MultiDimFit -n _paramFit_.ReviewSBImpacts_Run2Run3_M70_CMS_btag_fixedWP_incl_light_uncorrelated_2022EE --algo impact --redefineSignalPOIs r -P CMS_btag_fixedWP_incl_light_uncorrelated_2022EE --floatOtherPOIs 1 --saveInactivePOI 1 --robustFit 1 --setCrossingTolerance 1e-8 --cminDefaultMinimizerStrategy 1 --cminDefaultMinimizerTolerance 1e-4 --setRobustFitStrategy 1 --setRobustFitTolerance 1e-4 --rMin 0 --rMax 100 -t -1 --expectSignal 0.94921875 -m 70 -d /data6/Users/joonblee/higgs_combine/CMSSW_14_1_0_pre4/src/NIsoMuon/review_outputs/Run2Run3/M70/workspace_Run2Run3_M70.root --setParameters r=0.94921875
>> combine -M MultiDimFit -n _paramFit_.ReviewSBImpacts_Run2Run3_M70_CMS_NPS26009_LightJetStat_DY_BJetOS_2016preVFP --algo impact --redefineSignalPOIs r -P CMS_NPS26009_LightJetStat_DY_BJetOS_2016preVFP --floatOtherPOIs 1 --saveInactivePOI 1 --robustFit 1 --setCrossingTolerance 1e-8 --cminDefaultMinimizerStrategy 1 --cminDefaultMinimizerTolerance 1e-4 --setRobustFitStrategy 1 --setRobustFitTolerance 1e-4 --rMin 0 --rMax 100 -t -1 --expectSignal 0.94921875 -m 70 -d /data6/Users/joonblee/higgs_combine/CMSSW_14_1_0_pre4/src/NIsoMuon/review_outputs/Run2Run3/M70/workspace_Run2Run3_M70.root --setParameters r=0.94921875
>> combine -M MultiDimFit -n _paramFit_.ReviewSBImpacts_Run2Run3_M70_CMS_NPS26009_bckgNorm_QCD_BJetOS_2023 --algo impact --redefineSignalPOIs r -P CMS_NPS26009_bckgNorm_QCD_BJetOS_2023 --floatOtherPOIs 1 --saveInactivePOI 1 --robustFit 1 --setCrossingTolerance 1e-8 --cminDefaultMinimizerStrategy 1 --cminDefaultMinimizerTolerance 1e-4 --setRobustFitStrategy 1 --setRobustFitTolerance 1e-4 --rMin 0 --rMax 100 -t -1 --expectSignal 0.94921875 -m 70 -d /data6/Users/joonblee/higgs_combine/CMSSW_14_1_0_pre4/src/NIsoMuon/review_outputs/Run2Run3/M70/workspace_Run2Run3_M70.root --setParameters r=0.94921875
>> combine -M MultiDimFit -n _paramFit_.ReviewSBImpacts_Run2Run3_M70_CMS_btag_fixedWP_incl_light_uncorrelated_2016postVFP --algo impact --redefineSignalPOIs r -P CMS_btag_fixedWP_incl_light_uncorrelated_2016postVFP --floatOtherPOIs 1 --saveInactivePOI 1 --robustFit 1 --setCrossingTolerance 1e-8 --cminDefaultMinimizerStrategy 1 --cminDefaultMinimizerTolerance 1e-4 --setRobustFitStrategy 1 --setRobustFitTolerance 1e-4 --rMin 0 --rMax 100 -t -1 --expectSignal 0.94921875 -m 70 -d /data6/Users/joonblee/higgs_combine/CMSSW_14_1_0_pre4/src/NIsoMuon/review_outputs/Run2Run3/M70/workspace_Run2Run3_M70.root --setParameters r=0.94921875
>> combine -M MultiDimFit -n _paramFit_.ReviewSBImpacts_Run2Run3_M70_CMS_NPS26009_MCstat_other_BJetOS_2016postVFP --algo impact --redefineSignalPOIs r -P CMS_NPS26009_MCstat_other_BJetOS_2016postVFP --floatOtherPOIs 1 --saveInactivePOI 1 --robustFit 1 --setCrossingTolerance 1e-8 --cminDefaultMinimizerStrategy 1 --cminDefaultMinimizerTolerance 1e-4 --setRobustFitStrategy 1 --setRobustFitTolerance 1e-4 --rMin 0 --rMax 100 -t -1 --expectSignal 0.94921875 -m 70 -d /data6/Users/joonblee/higgs_combine/CMSSW_14_1_0_pre4/src/NIsoMuon/review_outputs/Run2Run3/M70/workspace_Run2Run3_M70.root --setParameters r=0.94921875
>> combine -M MultiDimFit -n _paramFit_.ReviewSBImpacts_Run2Run3_M70_CMS_NPS26009_bckgNorm_QCD_BJetOS_2023BPix --algo impact --redefineSignalPOIs r -P CMS_NPS26009_bckgNorm_QCD_BJetOS_2023BPix --floatOtherPOIs 1 --saveInactivePOI 1 --robustFit 1 --setCrossingTolerance 1e-8 --cminDefaultMinimizerStrategy 1 --cminDefaultMinimizerTolerance 1e-4 --setRobustFitStrategy 1 --setRobustFitTolerance 1e-4 --rMin 0 --rMax 100 -t -1 --expectSignal 0.94921875 -m 70 -d /data6/Users/joonblee/higgs_combine/CMSSW_14_1_0_pre4/src/NIsoMuon/review_outputs/Run2Run3/M70/workspace_Run2Run3_M70.root --setParameters r=0.94921875
>> combine -M MultiDimFit -n _paramFit_.ReviewSBImpacts_Run2Run3_M70_CMS_btag_fixedWP_comb_bc_uncorrelated_2023BPix --algo impact --redefineSignalPOIs r -P CMS_btag_fixedWP_comb_bc_uncorrelated_2023BPix --floatOtherPOIs 1 --saveInactivePOI 1 --robustFit 1 --setCrossingTolerance 1e-8 --cminDefaultMinimizerStrategy 1 --cminDefaultMinimizerTolerance 1e-4 --setRobustFitStrategy 1 --setRobustFitTolerance 1e-4 --rMin 0 --rMax 100 -t -1 --expectSignal 0.94921875 -m 70 -d /data6/Users/joonblee/higgs_combine/CMSSW_14_1_0_pre4/src/NIsoMuon/review_outputs/Run2Run3/M70/workspace_Run2Run3_M70.root --setParameters r=0.94921875
>> combine -M MultiDimFit -n _paramFit_.ReviewSBImpacts_Run2Run3_M70_CMS_NPS26009_LightJetStat_DY_BJetOS_2023 --algo impact --redefineSignalPOIs r -P CMS_NPS26009_LightJetStat_DY_BJetOS_2023 --floatOtherPOIs 1 --saveInactivePOI 1 --robustFit 1 --setCrossingTolerance 1e-8 --cminDefaultMinimizerStrategy 1 --cminDefaultMinimizerTolerance 1e-4 --setRobustFitStrategy 1 --setRobustFitTolerance 1e-4 --rMin 0 --rMax 100 -t -1 --expectSignal 0.94921875 -m 70 -d /data6/Users/joonblee/higgs_combine/CMSSW_14_1_0_pre4/src/NIsoMuon/review_outputs/Run2Run3/M70/workspace_Run2Run3_M70.root --setParameters r=0.94921875
>> combine -M MultiDimFit -n _paramFit_.ReviewSBImpacts_Run2Run3_M70_CMS_NPS26009_NFStat_DY_BJetOS_2017 --algo impact --redefineSignalPOIs r -P CMS_NPS26009_NFStat_DY_BJetOS_2017 --floatOtherPOIs 1 --saveInactivePOI 1 --robustFit 1 --setCrossingTolerance 1e-8 --cminDefaultMinimizerStrategy 1 --cminDefaultMinimizerTolerance 1e-4 --setRobustFitStrategy 1 --setRobustFitTolerance 1e-4 --rMin 0 --rMax 100 -t -1 --expectSignal 0.94921875 -m 70 -d /data6/Users/joonblee/higgs_combine/CMSSW_14_1_0_pre4/src/NIsoMuon/review_outputs/Run2Run3/M70/workspace_Run2Run3_M70.root --setParameters r=0.94921875
>> combine -M MultiDimFit -n _paramFit_.ReviewSBImpacts_Run2Run3_M70_CMS_NPS26009_lumi_2018 --algo impact --redefineSignalPOIs r -P CMS_NPS26009_lumi_2018 --floatOtherPOIs 1 --saveInactivePOI 1 --robustFit 1 --setCrossingTolerance 1e-8 --cminDefaultMinimizerStrategy 1 --cminDefaultMinimizerTolerance 1e-4 --setRobustFitStrategy 1 --setRobustFitTolerance 1e-4 --rMin 0 --rMax 100 -t -1 --expectSignal 0.94921875 -m 70 -d /data6/Users/joonblee/higgs_combine/CMSSW_14_1_0_pre4/src/NIsoMuon/review_outputs/Run2Run3/M70/workspace_Run2Run3_M70.root --setParameters r=0.94921875
>> combine -M MultiDimFit -n _paramFit_.ReviewSBImpacts_Run2Run3_M70_CMS_NPS26009_MCstat_other_BJetOS_2016preVFP --algo impact --redefineSignalPOIs r -P CMS_NPS26009_MCstat_other_BJetOS_2016preVFP --floatOtherPOIs 1 --saveInactivePOI 1 --robustFit 1 --setCrossingTolerance 1e-8 --cminDefaultMinimizerStrategy 1 --cminDefaultMinimizerTolerance 1e-4 --setRobustFitStrategy 1 --setRobustFitTolerance 1e-4 --rMin 0 --rMax 100 -t -1 --expectSignal 0.94921875 -m 70 -d /data6/Users/joonblee/higgs_combine/CMSSW_14_1_0_pre4/src/NIsoMuon/review_outputs/Run2Run3/M70/workspace_Run2Run3_M70.root --setParameters r=0.94921875
>> combine -M MultiDimFit -n _paramFit_.ReviewSBImpacts_Run2Run3_M70_CMS_NPS26009_bckgShape_QCD_BJetOS_2016preVFP --algo impact --redefineSignalPOIs r -P CMS_NPS26009_bckgShape_QCD_BJetOS_2016preVFP --floatOtherPOIs 1 --saveInactivePOI 1 --robustFit 1 --setCrossingTolerance 1e-8 --cminDefaultMinimizerStrategy 1 --cminDefaultMinimizerTolerance 1e-4 --setRobustFitStrategy 1 --setRobustFitTolerance 1e-4 --rMin 0 --rMax 100 -t -1 --expectSignal 0.94921875 -m 70 -d /data6/Users/joonblee/higgs_combine/CMSSW_14_1_0_pre4/src/NIsoMuon/review_outputs/Run2Run3/M70/workspace_Run2Run3_M70.root --setParameters r=0.94921875
>> combine -M MultiDimFit -n _paramFit_.ReviewSBImpacts_Run2Run3_M70_CMS_pileup_13p6TeV --algo impact --redefineSignalPOIs r -P CMS_pileup_13p6TeV --floatOtherPOIs 1 --saveInactivePOI 1 --robustFit 1 --setCrossingTolerance 1e-8 --cminDefaultMinimizerStrategy 1 --cminDefaultMinimizerTolerance 1e-4 --setRobustFitStrategy 1 --setRobustFitTolerance 1e-4 --rMin 0 --rMax 100 -t -1 --expectSignal 0.94921875 -m 70 -d /data6/Users/joonblee/higgs_combine/CMSSW_14_1_0_pre4/src/NIsoMuon/review_outputs/Run2Run3/M70/workspace_Run2Run3_M70.root --setParameters r=0.94921875
>> combine -M MultiDimFit -n _paramFit_.ReviewSBImpacts_Run2Run3_M70_CMS_NPS26009_MCstat_singleTop_BJetOS_2017 --algo impact --redefineSignalPOIs r -P CMS_NPS26009_MCstat_singleTop_BJetOS_2017 --floatOtherPOIs 1 --saveInactivePOI 1 --robustFit 1 --setCrossingTolerance 1e-8 --cminDefaultMinimizerStrategy 1 --cminDefaultMinimizerTolerance 1e-4 --setRobustFitStrategy 1 --setRobustFitTolerance 1e-4 --rMin 0 --rMax 100 -t -1 --expectSignal 0.94921875 -m 70 -d /data6/Users/joonblee/higgs_combine/CMSSW_14_1_0_pre4/src/NIsoMuon/review_outputs/Run2Run3/M70/workspace_Run2Run3_M70.root --setParameters r=0.94921875
>> combine -M MultiDimFit -n _paramFit_.ReviewSBImpacts_Run2Run3_M70_CMS_NPS26009_bckgShape_QCD_BJetOS_2022EE --algo impact --redefineSignalPOIs r -P CMS_NPS26009_bckgShape_QCD_BJetOS_2022EE --floatOtherPOIs 1 --saveInactivePOI 1 --robustFit 1 --setCrossingTolerance 1e-8 --cminDefaultMinimizerStrategy 1 --cminDefaultMinimizerTolerance 1e-4 --setRobustFitStrategy 1 --setRobustFitTolerance 1e-4 --rMin 0 --rMax 100 -t -1 --expectSignal 0.94921875 -m 70 -d /data6/Users/joonblee/higgs_combine/CMSSW_14_1_0_pre4/src/NIsoMuon/review_outputs/Run2Run3/M70/workspace_Run2Run3_M70.root --setParameters r=0.94921875
>> combine -M MultiDimFit -n _paramFit_.ReviewSBImpacts_Run2Run3_M70_CMS_l1_prefiring_2017 --algo impact --redefineSignalPOIs r -P CMS_l1_prefiring_2017 --floatOtherPOIs 1 --saveInactivePOI 1 --robustFit 1 --setCrossingTolerance 1e-8 --cminDefaultMinimizerStrategy 1 --cminDefaultMinimizerTolerance 1e-4 --setRobustFitStrategy 1 --setRobustFitTolerance 1e-4 --rMin 0 --rMax 100 -t -1 --expectSignal 0.94921875 -m 70 -d /data6/Users/joonblee/higgs_combine/CMSSW_14_1_0_pre4/src/NIsoMuon/review_outputs/Run2Run3/M70/workspace_Run2Run3_M70.root --setParameters r=0.94921875
>> combine -M MultiDimFit -n _paramFit_.ReviewSBImpacts_Run2Run3_M70_CMS_NPS26009_MCstat_ttbar_BJetOS_2018 --algo impact --redefineSignalPOIs r -P CMS_NPS26009_MCstat_ttbar_BJetOS_2018 --floatOtherPOIs 1 --saveInactivePOI 1 --robustFit 1 --setCrossingTolerance 1e-8 --cminDefaultMinimizerStrategy 1 --cminDefaultMinimizerTolerance 1e-4 --setRobustFitStrategy 1 --setRobustFitTolerance 1e-4 --rMin 0 --rMax 100 -t -1 --expectSignal 0.94921875 -m 70 -d /data6/Users/joonblee/higgs_combine/CMSSW_14_1_0_pre4/src/NIsoMuon/review_outputs/Run2Run3/M70/workspace_Run2Run3_M70.root --setParameters r=0.94921875
>> combine -M MultiDimFit -n _paramFit_.ReviewSBImpacts_Run2Run3_M70_CMS_NPS26009_NFStat_DY_BJetOS_2022 --algo impact --redefineSignalPOIs r -P CMS_NPS26009_NFStat_DY_BJetOS_2022 --floatOtherPOIs 1 --saveInactivePOI 1 --robustFit 1 --setCrossingTolerance 1e-8 --cminDefaultMinimizerStrategy 1 --cminDefaultMinimizerTolerance 1e-4 --setRobustFitStrategy 1 --setRobustFitTolerance 1e-4 --rMin 0 --rMax 100 -t -1 --expectSignal 0.94921875 -m 70 -d /data6/Users/joonblee/higgs_combine/CMSSW_14_1_0_pre4/src/NIsoMuon/review_outputs/Run2Run3/M70/workspace_Run2Run3_M70.root --setParameters r=0.94921875
>> combine -M MultiDimFit -n _paramFit_.ReviewSBImpacts_Run2Run3_M70_CMS_btag_fixedWP_comb_bc_uncorrelated_2017 --algo impact --redefineSignalPOIs r -P CMS_btag_fixedWP_comb_bc_uncorrelated_2017 --floatOtherPOIs 1 --saveInactivePOI 1 --robustFit 1 --setCrossingTolerance 1e-8 --cminDefaultMinimizerStrategy 1 --cminDefaultMinimizerTolerance 1e-4 --setRobustFitStrategy 1 --setRobustFitTolerance 1e-4 --rMin 0 --rMax 100 -t -1 --expectSignal 0.94921875 -m 70 -d /data6/Users/joonblee/higgs_combine/CMSSW_14_1_0_pre4/src/NIsoMuon/review_outputs/Run2Run3/M70/workspace_Run2Run3_M70.root --setParameters r=0.94921875
>> combine -M MultiDimFit -n _paramFit_.ReviewSBImpacts_Run2Run3_M70_CMS_NPS26009_MCstat_signal_BJetOS_2022EE --algo impact --redefineSignalPOIs r -P CMS_NPS26009_MCstat_signal_BJetOS_2022EE --floatOtherPOIs 1 --saveInactivePOI 1 --robustFit 1 --setCrossingTolerance 1e-8 --cminDefaultMinimizerStrategy 1 --cminDefaultMinimizerTolerance 1e-4 --setRobustFitStrategy 1 --setRobustFitTolerance 1e-4 --rMin 0 --rMax 100 -t -1 --expectSignal 0.94921875 -m 70 -d /data6/Users/joonblee/higgs_combine/CMSSW_14_1_0_pre4/src/NIsoMuon/review_outputs/Run2Run3/M70/workspace_Run2Run3_M70.root --setParameters r=0.94921875
>> combine -M MultiDimFit -n _paramFit_.ReviewSBImpacts_Run2Run3_M70_CMS_NPS26009_bckgNorm_QCD_BJetOS_2022 --algo impact --redefineSignalPOIs r -P CMS_NPS26009_bckgNorm_QCD_BJetOS_2022 --floatOtherPOIs 1 --saveInactivePOI 1 --robustFit 1 --setCrossingTolerance 1e-8 --cminDefaultMinimizerStrategy 1 --cminDefaultMinimizerTolerance 1e-4 --setRobustFitStrategy 1 --setRobustFitTolerance 1e-4 --rMin 0 --rMax 100 -t -1 --expectSignal 0.94921875 -m 70 -d /data6/Users/joonblee/higgs_combine/CMSSW_14_1_0_pre4/src/NIsoMuon/review_outputs/Run2Run3/M70/workspace_Run2Run3_M70.root --setParameters r=0.94921875
>> combine -M MultiDimFit -n _paramFit_.ReviewSBImpacts_Run2Run3_M70_CMS_btag_fixedWP_incl_light_uncorrelated_2018 --algo impact --redefineSignalPOIs r -P CMS_btag_fixedWP_incl_light_uncorrelated_2018 --floatOtherPOIs 1 --saveInactivePOI 1 --robustFit 1 --setCrossingTolerance 1e-8 --cminDefaultMinimizerStrategy 1 --cminDefaultMinimizerTolerance 1e-4 --setRobustFitStrategy 1 --setRobustFitTolerance 1e-4 --rMin 0 --rMax 100 -t -1 --expectSignal 0.94921875 -m 70 -d /data6/Users/joonblee/higgs_combine/CMSSW_14_1_0_pre4/src/NIsoMuon/review_outputs/Run2Run3/M70/workspace_Run2Run3_M70.root --setParameters r=0.94921875
>> combine -M MultiDimFit -n _paramFit_.ReviewSBImpacts_Run2Run3_M70_CMS_NPS26009_MCstat_signal_BJetOS_2016postVFP --algo impact --redefineSignalPOIs r -P CMS_NPS26009_MCstat_signal_BJetOS_2016postVFP --floatOtherPOIs 1 --saveInactivePOI 1 --robustFit 1 --setCrossingTolerance 1e-8 --cminDefaultMinimizerStrategy 1 --cminDefaultMinimizerTolerance 1e-4 --setRobustFitStrategy 1 --setRobustFitTolerance 1e-4 --rMin 0 --rMax 100 -t -1 --expectSignal 0.94921875 -m 70 -d /data6/Users/joonblee/higgs_combine/CMSSW_14_1_0_pre4/src/NIsoMuon/review_outputs/Run2Run3/M70/workspace_Run2Run3_M70.root --setParameters r=0.94921875
>> combine -M MultiDimFit -n _paramFit_.ReviewSBImpacts_Run2Run3_M70_CMS_NPS26009_eff_m_trigger_2016preVFP --algo impact --redefineSignalPOIs r -P CMS_NPS26009_eff_m_trigger_2016preVFP --floatOtherPOIs 1 --saveInactivePOI 1 --robustFit 1 --setCrossingTolerance 1e-8 --cminDefaultMinimizerStrategy 1 --cminDefaultMinimizerTolerance 1e-4 --setRobustFitStrategy 1 --setRobustFitTolerance 1e-4 --rMin 0 --rMax 100 -t -1 --expectSignal 0.94921875 -m 70 -d /data6/Users/joonblee/higgs_combine/CMSSW_14_1_0_pre4/src/NIsoMuon/review_outputs/Run2Run3/M70/workspace_Run2Run3_M70.root --setParameters r=0.94921875
>> combine -M MultiDimFit -n _paramFit_.ReviewSBImpacts_Run2Run3_M70_CMS_res_j_2016preVFP --algo impact --redefineSignalPOIs r -P CMS_res_j_2016preVFP --floatOtherPOIs 1 --saveInactivePOI 1 --robustFit 1 --setCrossingTolerance 1e-8 --cminDefaultMinimizerStrategy 1 --cminDefaultMinimizerTolerance 1e-4 --setRobustFitStrategy 1 --setRobustFitTolerance 1e-4 --rMin 0 --rMax 100 -t -1 --expectSignal 0.94921875 -m 70 -d /data6/Users/joonblee/higgs_combine/CMSSW_14_1_0_pre4/src/NIsoMuon/review_outputs/Run2Run3/M70/workspace_Run2Run3_M70.root --setParameters r=0.94921875
>> combine -M MultiDimFit -n _paramFit_.ReviewSBImpacts_Run2Run3_M70_CMS_NPS26009_MCstat_singleTop_BJetOS_2023BPix --algo impact --redefineSignalPOIs r -P CMS_NPS26009_MCstat_singleTop_BJetOS_2023BPix --floatOtherPOIs 1 --saveInactivePOI 1 --robustFit 1 --setCrossingTolerance 1e-8 --cminDefaultMinimizerStrategy 1 --cminDefaultMinimizerTolerance 1e-4 --setRobustFitStrategy 1 --setRobustFitTolerance 1e-4 --rMin 0 --rMax 100 -t -1 --expectSignal 0.94921875 -m 70 -d /data6/Users/joonblee/higgs_combine/CMSSW_14_1_0_pre4/src/NIsoMuon/review_outputs/Run2Run3/M70/workspace_Run2Run3_M70.root --setParameters r=0.94921875
>> combine -M MultiDimFit -n _paramFit_.ReviewSBImpacts_Run2Run3_M70_CMS_NPS26009_btag_fixedWP_comb_bc_correlated_13p6TeV --algo impact --redefineSignalPOIs r -P CMS_NPS26009_btag_fixedWP_comb_bc_correlated_13p6TeV --floatOtherPOIs 1 --saveInactivePOI 1 --robustFit 1 --setCrossingTolerance 1e-8 --cminDefaultMinimizerStrategy 1 --cminDefaultMinimizerTolerance 1e-4 --setRobustFitStrategy 1 --setRobustFitTolerance 1e-4 --rMin 0 --rMax 100 -t -1 --expectSignal 0.94921875 -m 70 -d /data6/Users/joonblee/higgs_combine/CMSSW_14_1_0_pre4/src/NIsoMuon/review_outputs/Run2Run3/M70/workspace_Run2Run3_M70.root --setParameters r=0.94921875
>> combine -M MultiDimFit -n _paramFit_.ReviewSBImpacts_Run2Run3_M70_CMS_res_j_2023 --algo impact --redefineSignalPOIs r -P CMS_res_j_2023 --floatOtherPOIs 1 --saveInactivePOI 1 --robustFit 1 --setCrossingTolerance 1e-8 --cminDefaultMinimizerStrategy 1 --cminDefaultMinimizerTolerance 1e-4 --setRobustFitStrategy 1 --setRobustFitTolerance 1e-4 --rMin 0 --rMax 100 -t -1 --expectSignal 0.94921875 -m 70 -d /data6/Users/joonblee/higgs_combine/CMSSW_14_1_0_pre4/src/NIsoMuon/review_outputs/Run2Run3/M70/workspace_Run2Run3_M70.root --setParameters r=0.94921875
>> combine -M MultiDimFit -n _paramFit_.ReviewSBImpacts_Run2Run3_M70_CMS_NPS26009_MCstat_ttbar_BJetOS_2023 --algo impact --redefineSignalPOIs r -P CMS_NPS26009_MCstat_ttbar_BJetOS_2023 --floatOtherPOIs 1 --saveInactivePOI 1 --robustFit 1 --setCrossingTolerance 1e-8 --cminDefaultMinimizerStrategy 1 --cminDefaultMinimizerTolerance 1e-4 --setRobustFitStrategy 1 --setRobustFitTolerance 1e-4 --rMin 0 --rMax 100 -t -1 --expectSignal 0.94921875 -m 70 -d /data6/Users/joonblee/higgs_combine/CMSSW_14_1_0_pre4/src/NIsoMuon/review_outputs/Run2Run3/M70/workspace_Run2Run3_M70.root --setParameters r=0.94921875
>> combine -M MultiDimFit -n _paramFit_.ReviewSBImpacts_Run2Run3_M70_CMS_NPS26009_bckgShape_QCD_BJetOS_2023 --algo impact --redefineSignalPOIs r -P CMS_NPS26009_bckgShape_QCD_BJetOS_2023 --floatOtherPOIs 1 --saveInactivePOI 1 --robustFit 1 --setCrossingTolerance 1e-8 --cminDefaultMinimizerStrategy 1 --cminDefaultMinimizerTolerance 1e-4 --setRobustFitStrategy 1 --setRobustFitTolerance 1e-4 --rMin 0 --rMax 100 -t -1 --expectSignal 0.94921875 -m 70 -d /data6/Users/joonblee/higgs_combine/CMSSW_14_1_0_pre4/src/NIsoMuon/review_outputs/Run2Run3/M70/workspace_Run2Run3_M70.root --setParameters r=0.94921875
>> combine -M MultiDimFit -n _paramFit_.ReviewSBImpacts_Run2Run3_M70_CMS_res_j_2022 --algo impact --redefineSignalPOIs r -P CMS_res_j_2022 --floatOtherPOIs 1 --saveInactivePOI 1 --robustFit 1 --setCrossingTolerance 1e-8 --cminDefaultMinimizerStrategy 1 --cminDefaultMinimizerTolerance 1e-4 --setRobustFitStrategy 1 --setRobustFitTolerance 1e-4 --rMin 0 --rMax 100 -t -1 --expectSignal 0.94921875 -m 70 -d /data6/Users/joonblee/higgs_combine/CMSSW_14_1_0_pre4/src/NIsoMuon/review_outputs/Run2Run3/M70/workspace_Run2Run3_M70.root --setParameters r=0.94921875
>> combine -M MultiDimFit -n _paramFit_.ReviewSBImpacts_Run2Run3_M70_CMS_NPS26009_MCstat_ttbar_BJetOS_2017 --algo impact --redefineSignalPOIs r -P CMS_NPS26009_MCstat_ttbar_BJetOS_2017 --floatOtherPOIs 1 --saveInactivePOI 1 --robustFit 1 --setCrossingTolerance 1e-8 --cminDefaultMinimizerStrategy 1 --cminDefaultMinimizerTolerance 1e-4 --setRobustFitStrategy 1 --setRobustFitTolerance 1e-4 --rMin 0 --rMax 100 -t -1 --expectSignal 0.94921875 -m 70 -d /data6/Users/joonblee/higgs_combine/CMSSW_14_1_0_pre4/src/NIsoMuon/review_outputs/Run2Run3/M70/workspace_Run2Run3_M70.root --setParameters r=0.94921875
>> combine -M MultiDimFit -n _paramFit_.ReviewSBImpacts_Run2Run3_M70_CMS_NPS26009_eff_m_trigger_2016postVFP --algo impact --redefineSignalPOIs r -P CMS_NPS26009_eff_m_trigger_2016postVFP --floatOtherPOIs 1 --saveInactivePOI 1 --robustFit 1 --setCrossingTolerance 1e-8 --cminDefaultMinimizerStrategy 1 --cminDefaultMinimizerTolerance 1e-4 --setRobustFitStrategy 1 --setRobustFitTolerance 1e-4 --rMin 0 --rMax 100 -t -1 --expectSignal 0.94921875 -m 70 -d /data6/Users/joonblee/higgs_combine/CMSSW_14_1_0_pre4/src/NIsoMuon/review_outputs/Run2Run3/M70/workspace_Run2Run3_M70.root --setParameters r=0.94921875
>> combine -M MultiDimFit -n _paramFit_.ReviewSBImpacts_Run2Run3_M70_CMS_btag_fixedWP_incl_light_uncorrelated_2022 --algo impact --redefineSignalPOIs r -P CMS_btag_fixedWP_incl_light_uncorrelated_2022 --floatOtherPOIs 1 --saveInactivePOI 1 --robustFit 1 --setCrossingTolerance 1e-8 --cminDefaultMinimizerStrategy 1 --cminDefaultMinimizerTolerance 1e-4 --setRobustFitStrategy 1 --setRobustFitTolerance 1e-4 --rMin 0 --rMax 100 -t -1 --expectSignal 0.94921875 -m 70 -d /data6/Users/joonblee/higgs_combine/CMSSW_14_1_0_pre4/src/NIsoMuon/review_outputs/Run2Run3/M70/workspace_Run2Run3_M70.root --setParameters r=0.94921875
>> combine -M MultiDimFit -n _paramFit_.ReviewSBImpacts_Run2Run3_M70_CMS_NPS26009_MCstat_other_BJetOS_2023BPix --algo impact --redefineSignalPOIs r -P CMS_NPS26009_MCstat_other_BJetOS_2023BPix --floatOtherPOIs 1 --saveInactivePOI 1 --robustFit 1 --setCrossingTolerance 1e-8 --cminDefaultMinimizerStrategy 1 --cminDefaultMinimizerTolerance 1e-4 --setRobustFitStrategy 1 --setRobustFitTolerance 1e-4 --rMin 0 --rMax 100 -t -1 --expectSignal 0.94921875 -m 70 -d /data6/Users/joonblee/higgs_combine/CMSSW_14_1_0_pre4/src/NIsoMuon/review_outputs/Run2Run3/M70/workspace_Run2Run3_M70.root --setParameters r=0.94921875
>> combine -M MultiDimFit -n _paramFit_.ReviewSBImpacts_Run2Run3_M70_CMS_NPS26009_btag_fixedWP_incl_light_correlated_13TeV --algo impact --redefineSignalPOIs r -P CMS_NPS26009_btag_fixedWP_incl_light_correlated_13TeV --floatOtherPOIs 1 --saveInactivePOI 1 --robustFit 1 --setCrossingTolerance 1e-8 --cminDefaultMinimizerStrategy 1 --cminDefaultMinimizerTolerance 1e-4 --setRobustFitStrategy 1 --setRobustFitTolerance 1e-4 --rMin 0 --rMax 100 -t -1 --expectSignal 0.94921875 -m 70 -d /data6/Users/joonblee/higgs_combine/CMSSW_14_1_0_pre4/src/NIsoMuon/review_outputs/Run2Run3/M70/workspace_Run2Run3_M70.root --setParameters r=0.94921875
>> combine -M MultiDimFit -n _paramFit_.ReviewSBImpacts_Run2Run3_M70_CMS_btag_fixedWP_comb_bc_uncorrelated_2023 --algo impact --redefineSignalPOIs r -P CMS_btag_fixedWP_comb_bc_uncorrelated_2023 --floatOtherPOIs 1 --saveInactivePOI 1 --robustFit 1 --setCrossingTolerance 1e-8 --cminDefaultMinimizerStrategy 1 --cminDefaultMinimizerTolerance 1e-4 --setRobustFitStrategy 1 --setRobustFitTolerance 1e-4 --rMin 0 --rMax 100 -t -1 --expectSignal 0.94921875 -m 70 -d /data6/Users/joonblee/higgs_combine/CMSSW_14_1_0_pre4/src/NIsoMuon/review_outputs/Run2Run3/M70/workspace_Run2Run3_M70.root --setParameters r=0.94921875
>> combine -M MultiDimFit -n _paramFit_.ReviewSBImpacts_Run2Run3_M70_CMS_NPS26009_MCstat_ttbar_BJetOS_2016preVFP --algo impact --redefineSignalPOIs r -P CMS_NPS26009_MCstat_ttbar_BJetOS_2016preVFP --floatOtherPOIs 1 --saveInactivePOI 1 --robustFit 1 --setCrossingTolerance 1e-8 --cminDefaultMinimizerStrategy 1 --cminDefaultMinimizerTolerance 1e-4 --setRobustFitStrategy 1 --setRobustFitTolerance 1e-4 --rMin 0 --rMax 100 -t -1 --expectSignal 0.94921875 -m 70 -d /data6/Users/joonblee/higgs_combine/CMSSW_14_1_0_pre4/src/NIsoMuon/review_outputs/Run2Run3/M70/workspace_Run2Run3_M70.root --setParameters r=0.94921875
>> combine -M MultiDimFit -n _paramFit_.ReviewSBImpacts_Run2Run3_M70_CMS_NPS26009_eff_m_trigger_2023BPix --algo impact --redefineSignalPOIs r -P CMS_NPS26009_eff_m_trigger_2023BPix --floatOtherPOIs 1 --saveInactivePOI 1 --robustFit 1 --setCrossingTolerance 1e-8 --cminDefaultMinimizerStrategy 1 --cminDefaultMinimizerTolerance 1e-4 --setRobustFitStrategy 1 --setRobustFitTolerance 1e-4 --rMin 0 --rMax 100 -t -1 --expectSignal 0.94921875 -m 70 -d /data6/Users/joonblee/higgs_combine/CMSSW_14_1_0_pre4/src/NIsoMuon/review_outputs/Run2Run3/M70/workspace_Run2Run3_M70.root --setParameters r=0.94921875
>> combine -M MultiDimFit -n _paramFit_.ReviewSBImpacts_Run2Run3_M70_CMS_res_j_2023BPix --algo impact --redefineSignalPOIs r -P CMS_res_j_2023BPix --floatOtherPOIs 1 --saveInactivePOI 1 --robustFit 1 --setCrossingTolerance 1e-8 --cminDefaultMinimizerStrategy 1 --cminDefaultMinimizerTolerance 1e-4 --setRobustFitStrategy 1 --setRobustFitTolerance 1e-4 --rMin 0 --rMax 100 -t -1 --expectSignal 0.94921875 -m 70 -d /data6/Users/joonblee/higgs_combine/CMSSW_14_1_0_pre4/src/NIsoMuon/review_outputs/Run2Run3/M70/workspace_Run2Run3_M70.root --setParameters r=0.94921875
>> combine -M MultiDimFit -n _paramFit_.ReviewSBImpacts_Run2Run3_M70_CMS_NPS26009_LightJetStat_DY_BJetOS_2016postVFP --algo impact --redefineSignalPOIs r -P CMS_NPS26009_LightJetStat_DY_BJetOS_2016postVFP --floatOtherPOIs 1 --saveInactivePOI 1 --robustFit 1 --setCrossingTolerance 1e-8 --cminDefaultMinimizerStrategy 1 --cminDefaultMinimizerTolerance 1e-4 --setRobustFitStrategy 1 --setRobustFitTolerance 1e-4 --rMin 0 --rMax 100 -t -1 --expectSignal 0.94921875 -m 70 -d /data6/Users/joonblee/higgs_combine/CMSSW_14_1_0_pre4/src/NIsoMuon/review_outputs/Run2Run3/M70/workspace_Run2Run3_M70.root --setParameters r=0.94921875
>> combine -M MultiDimFit -n _paramFit_.ReviewSBImpacts_Run2Run3_M70_CMS_NPS26009_bckgNorm_QCD_BJetOS_2016postVFP --algo impact --redefineSignalPOIs r -P CMS_NPS26009_bckgNorm_QCD_BJetOS_2016postVFP --floatOtherPOIs 1 --saveInactivePOI 1 --robustFit 1 --setCrossingTolerance 1e-8 --cminDefaultMinimizerStrategy 1 --cminDefaultMinimizerTolerance 1e-4 --setRobustFitStrategy 1 --setRobustFitTolerance 1e-4 --rMin 0 --rMax 100 -t -1 --expectSignal 0.94921875 -m 70 -d /data6/Users/joonblee/higgs_combine/CMSSW_14_1_0_pre4/src/NIsoMuon/review_outputs/Run2Run3/M70/workspace_Run2Run3_M70.root --setParameters r=0.94921875
>> combine -M MultiDimFit -n _paramFit_.ReviewSBImpacts_Run2Run3_M70_CMS_btag_fixedWP_incl_light_uncorrelated_2017 --algo impact --redefineSignalPOIs r -P CMS_btag_fixedWP_incl_light_uncorrelated_2017 --floatOtherPOIs 1 --saveInactivePOI 1 --robustFit 1 --setCrossingTolerance 1e-8 --cminDefaultMinimizerStrategy 1 --cminDefaultMinimizerTolerance 1e-4 --setRobustFitStrategy 1 --setRobustFitTolerance 1e-4 --rMin 0 --rMax 100 -t -1 --expectSignal 0.94921875 -m 70 -d /data6/Users/joonblee/higgs_combine/CMSSW_14_1_0_pre4/src/NIsoMuon/review_outputs/Run2Run3/M70/workspace_Run2Run3_M70.root --setParameters r=0.94921875
>> combine -M MultiDimFit -n _paramFit_.ReviewSBImpacts_Run2Run3_M70_CMS_NPS26009_LightJetStat_DY_BJetOS_2017 --algo impact --redefineSignalPOIs r -P CMS_NPS26009_LightJetStat_DY_BJetOS_2017 --floatOtherPOIs 1 --saveInactivePOI 1 --robustFit 1 --setCrossingTolerance 1e-8 --cminDefaultMinimizerStrategy 1 --cminDefaultMinimizerTolerance 1e-4 --setRobustFitStrategy 1 --setRobustFitTolerance 1e-4 --rMin 0 --rMax 100 -t -1 --expectSignal 0.94921875 -m 70 -d /data6/Users/joonblee/higgs_combine/CMSSW_14_1_0_pre4/src/NIsoMuon/review_outputs/Run2Run3/M70/workspace_Run2Run3_M70.root --setParameters r=0.94921875
>> combine -M MultiDimFit -n _paramFit_.ReviewSBImpacts_Run2Run3_M70_CMS_NPS26009_bckgNorm_QCD_BJetOS_2017 --algo impact --redefineSignalPOIs r -P CMS_NPS26009_bckgNorm_QCD_BJetOS_2017 --floatOtherPOIs 1 --saveInactivePOI 1 --robustFit 1 --setCrossingTolerance 1e-8 --cminDefaultMinimizerStrategy 1 --cminDefaultMinimizerTolerance 1e-4 --setRobustFitStrategy 1 --setRobustFitTolerance 1e-4 --rMin 0 --rMax 100 -t -1 --expectSignal 0.94921875 -m 70 -d /data6/Users/joonblee/higgs_combine/CMSSW_14_1_0_pre4/src/NIsoMuon/review_outputs/Run2Run3/M70/workspace_Run2Run3_M70.root --setParameters r=0.94921875
>> combine -M MultiDimFit -n _paramFit_.ReviewSBImpacts_Run2Run3_M70_CMS_res_j_2018 --algo impact --redefineSignalPOIs r -P CMS_res_j_2018 --floatOtherPOIs 1 --saveInactivePOI 1 --robustFit 1 --setCrossingTolerance 1e-8 --cminDefaultMinimizerStrategy 1 --cminDefaultMinimizerTolerance 1e-4 --setRobustFitStrategy 1 --setRobustFitTolerance 1e-4 --rMin 0 --rMax 100 -t -1 --expectSignal 0.94921875 -m 70 -d /data6/Users/joonblee/higgs_combine/CMSSW_14_1_0_pre4/src/NIsoMuon/review_outputs/Run2Run3/M70/workspace_Run2Run3_M70.root --setParameters r=0.94921875
>> combine -M MultiDimFit -n _paramFit_.ReviewSBImpacts_Run2Run3_M70_CMS_NPS26009_LightJetStat_DY_BJetOS_2023BPix --algo impact --redefineSignalPOIs r -P CMS_NPS26009_LightJetStat_DY_BJetOS_2023BPix --floatOtherPOIs 1 --saveInactivePOI 1 --robustFit 1 --setCrossingTolerance 1e-8 --cminDefaultMinimizerStrategy 1 --cminDefaultMinimizerTolerance 1e-4 --setRobustFitStrategy 1 --setRobustFitTolerance 1e-4 --rMin 0 --rMax 100 -t -1 --expectSignal 0.94921875 -m 70 -d /data6/Users/joonblee/higgs_combine/CMSSW_14_1_0_pre4/src/NIsoMuon/review_outputs/Run2Run3/M70/workspace_Run2Run3_M70.root --setParameters r=0.94921875
>> combine -M MultiDimFit -n _paramFit_.ReviewSBImpacts_Run2Run3_M70_CMS_NPS26009_eff_m_id_Run2 --algo impact --redefineSignalPOIs r -P CMS_NPS26009_eff_m_id_Run2 --floatOtherPOIs 1 --saveInactivePOI 1 --robustFit 1 --setCrossingTolerance 1e-8 --cminDefaultMinimizerStrategy 1 --cminDefaultMinimizerTolerance 1e-4 --setRobustFitStrategy 1 --setRobustFitTolerance 1e-4 --rMin 0 --rMax 100 -t -1 --expectSignal 0.94921875 -m 70 -d /data6/Users/joonblee/higgs_combine/CMSSW_14_1_0_pre4/src/NIsoMuon/review_outputs/Run2Run3/M70/workspace_Run2Run3_M70.root --setParameters r=0.94921875
>> combine -M MultiDimFit -n _paramFit_.ReviewSBImpacts_Run2Run3_M70_CMS_res_j_2022EE --algo impact --redefineSignalPOIs r -P CMS_res_j_2022EE --floatOtherPOIs 1 --saveInactivePOI 1 --robustFit 1 --setCrossingTolerance 1e-8 --cminDefaultMinimizerStrategy 1 --cminDefaultMinimizerTolerance 1e-4 --setRobustFitStrategy 1 --setRobustFitTolerance 1e-4 --rMin 0 --rMax 100 -t -1 --expectSignal 0.94921875 -m 70 -d /data6/Users/joonblee/higgs_combine/CMSSW_14_1_0_pre4/src/NIsoMuon/review_outputs/Run2Run3/M70/workspace_Run2Run3_M70.root --setParameters r=0.94921875
>> combine -M MultiDimFit -n _paramFit_.ReviewSBImpacts_Run2Run3_M70_CMS_NPS26009_MCstat_ttbar_BJetOS_2023BPix --algo impact --redefineSignalPOIs r -P CMS_NPS26009_MCstat_ttbar_BJetOS_2023BPix --floatOtherPOIs 1 --saveInactivePOI 1 --robustFit 1 --setCrossingTolerance 1e-8 --cminDefaultMinimizerStrategy 1 --cminDefaultMinimizerTolerance 1e-4 --setRobustFitStrategy 1 --setRobustFitTolerance 1e-4 --rMin 0 --rMax 100 -t -1 --expectSignal 0.94921875 -m 70 -d /data6/Users/joonblee/higgs_combine/CMSSW_14_1_0_pre4/src/NIsoMuon/review_outputs/Run2Run3/M70/workspace_Run2Run3_M70.root --setParameters r=0.94921875
>> combine -M MultiDimFit -n _paramFit_.ReviewSBImpacts_Run2Run3_M70_CMS_NPS26009_btag_fixedWP_incl_light_correlated_13p6TeV --algo impact --redefineSignalPOIs r -P CMS_NPS26009_btag_fixedWP_incl_light_correlated_13p6TeV --floatOtherPOIs 1 --saveInactivePOI 1 --robustFit 1 --setCrossingTolerance 1e-8 --cminDefaultMinimizerStrategy 1 --cminDefaultMinimizerTolerance 1e-4 --setRobustFitStrategy 1 --setRobustFitTolerance 1e-4 --rMin 0 --rMax 100 -t -1 --expectSignal 0.94921875 -m 70 -d /data6/Users/joonblee/higgs_combine/CMSSW_14_1_0_pre4/src/NIsoMuon/review_outputs/Run2Run3/M70/workspace_Run2Run3_M70.root --setParameters r=0.94921875
>> combine -M MultiDimFit -n _paramFit_.ReviewSBImpacts_Run2Run3_M70_CMS_l1_prefiring_2016postVFP --algo impact --redefineSignalPOIs r -P CMS_l1_prefiring_2016postVFP --floatOtherPOIs 1 --saveInactivePOI 1 --robustFit 1 --setCrossingTolerance 1e-8 --cminDefaultMinimizerStrategy 1 --cminDefaultMinimizerTolerance 1e-4 --setRobustFitStrategy 1 --setRobustFitTolerance 1e-4 --rMin 0 --rMax 100 -t -1 --expectSignal 0.94921875 -m 70 -d /data6/Users/joonblee/higgs_combine/CMSSW_14_1_0_pre4/src/NIsoMuon/review_outputs/Run2Run3/M70/workspace_Run2Run3_M70.root --setParameters r=0.94921875
>> combine -M MultiDimFit -n _paramFit_.ReviewSBImpacts_Run2Run3_M70_CMS_NPS26009_MCstat_singleTop_BJetOS_2022 --algo impact --redefineSignalPOIs r -P CMS_NPS26009_MCstat_singleTop_BJetOS_2022 --floatOtherPOIs 1 --saveInactivePOI 1 --robustFit 1 --setCrossingTolerance 1e-8 --cminDefaultMinimizerStrategy 1 --cminDefaultMinimizerTolerance 1e-4 --setRobustFitStrategy 1 --setRobustFitTolerance 1e-4 --rMin 0 --rMax 100 -t -1 --expectSignal 0.94921875 -m 70 -d /data6/Users/joonblee/higgs_combine/CMSSW_14_1_0_pre4/src/NIsoMuon/review_outputs/Run2Run3/M70/workspace_Run2Run3_M70.root --setParameters r=0.94921875
>> combine -M MultiDimFit -n _paramFit_.ReviewSBImpacts_Run2Run3_M70_CMS_NPS26009_eff_m_trigger_2018 --algo impact --redefineSignalPOIs r -P CMS_NPS26009_eff_m_trigger_2018 --floatOtherPOIs 1 --saveInactivePOI 1 --robustFit 1 --setCrossingTolerance 1e-8 --cminDefaultMinimizerStrategy 1 --cminDefaultMinimizerTolerance 1e-4 --setRobustFitStrategy 1 --setRobustFitTolerance 1e-4 --rMin 0 --rMax 100 -t -1 --expectSignal 0.94921875 -m 70 -d /data6/Users/joonblee/higgs_combine/CMSSW_14_1_0_pre4/src/NIsoMuon/review_outputs/Run2Run3/M70/workspace_Run2Run3_M70.root --setParameters r=0.94921875
>> combine -M MultiDimFit -n _paramFit_.ReviewSBImpacts_Run2Run3_M70_CMS_res_j_2017 --algo impact --redefineSignalPOIs r -P CMS_res_j_2017 --floatOtherPOIs 1 --saveInactivePOI 1 --robustFit 1 --setCrossingTolerance 1e-8 --cminDefaultMinimizerStrategy 1 --cminDefaultMinimizerTolerance 1e-4 --setRobustFitStrategy 1 --setRobustFitTolerance 1e-4 --rMin 0 --rMax 100 -t -1 --expectSignal 0.94921875 -m 70 -d /data6/Users/joonblee/higgs_combine/CMSSW_14_1_0_pre4/src/NIsoMuon/review_outputs/Run2Run3/M70/workspace_Run2Run3_M70.root --setParameters r=0.94921875
>> combine -M MultiDimFit -n _paramFit_.ReviewSBImpacts_Run2Run3_M70_CMS_NPS26009_MCstat_signal_BJetOS_2016preVFP --algo impact --redefineSignalPOIs r -P CMS_NPS26009_MCstat_signal_BJetOS_2016preVFP --floatOtherPOIs 1 --saveInactivePOI 1 --robustFit 1 --setCrossingTolerance 1e-8 --cminDefaultMinimizerStrategy 1 --cminDefaultMinimizerTolerance 1e-4 --setRobustFitStrategy 1 --setRobustFitTolerance 1e-4 --rMin 0 --rMax 100 -t -1 --expectSignal 0.94921875 -m 70 -d /data6/Users/joonblee/higgs_combine/CMSSW_14_1_0_pre4/src/NIsoMuon/review_outputs/Run2Run3/M70/workspace_Run2Run3_M70.root --setParameters r=0.94921875
>> combine -M MultiDimFit -n _paramFit_.ReviewSBImpacts_Run2Run3_M70_CMS_NPS26009_eff_m_trigger_2022EE --algo impact --redefineSignalPOIs r -P CMS_NPS26009_eff_m_trigger_2022EE --floatOtherPOIs 1 --saveInactivePOI 1 --robustFit 1 --setCrossingTolerance 1e-8 --cminDefaultMinimizerStrategy 1 --cminDefaultMinimizerTolerance 1e-4 --setRobustFitStrategy 1 --setRobustFitTolerance 1e-4 --rMin 0 --rMax 100 -t -1 --expectSignal 0.94921875 -m 70 -d /data6/Users/joonblee/higgs_combine/CMSSW_14_1_0_pre4/src/NIsoMuon/review_outputs/Run2Run3/M70/workspace_Run2Run3_M70.root --setParameters r=0.94921875
>> combine -M MultiDimFit -n _paramFit_.ReviewSBImpacts_Run2Run3_M70_CMS_scale_j_2016postVFP --algo impact --redefineSignalPOIs r -P CMS_scale_j_2016postVFP --floatOtherPOIs 1 --saveInactivePOI 1 --robustFit 1 --setCrossingTolerance 1e-8 --cminDefaultMinimizerStrategy 1 --cminDefaultMinimizerTolerance 1e-4 --setRobustFitStrategy 1 --setRobustFitTolerance 1e-4 --rMin 0 --rMax 100 -t -1 --expectSignal 0.94921875 -m 70 -d /data6/Users/joonblee/higgs_combine/CMSSW_14_1_0_pre4/src/NIsoMuon/review_outputs/Run2Run3/M70/workspace_Run2Run3_M70.root --setParameters r=0.94921875
>> combine -M MultiDimFit -n _paramFit_.ReviewSBImpacts_Run2Run3_M70_CMS_NPS26009_MCstat_singleTop_BJetOS_2016postVFP --algo impact --redefineSignalPOIs r -P CMS_NPS26009_MCstat_singleTop_BJetOS_2016postVFP --floatOtherPOIs 1 --saveInactivePOI 1 --robustFit 1 --setCrossingTolerance 1e-8 --cminDefaultMinimizerStrategy 1 --cminDefaultMinimizerTolerance 1e-4 --setRobustFitStrategy 1 --setRobustFitTolerance 1e-4 --rMin 0 --rMax 100 -t -1 --expectSignal 0.94921875 -m 70 -d /data6/Users/joonblee/higgs_combine/CMSSW_14_1_0_pre4/src/NIsoMuon/review_outputs/Run2Run3/M70/workspace_Run2Run3_M70.root --setParameters r=0.94921875
>> combine -M MultiDimFit -n _paramFit_.ReviewSBImpacts_Run2Run3_M70_CMS_NPS26009_bckgShape_QCD_BJetOS_2023BPix --algo impact --redefineSignalPOIs r -P CMS_NPS26009_bckgShape_QCD_BJetOS_2023BPix --floatOtherPOIs 1 --saveInactivePOI 1 --robustFit 1 --setCrossingTolerance 1e-8 --cminDefaultMinimizerStrategy 1 --cminDefaultMinimizerTolerance 1e-4 --setRobustFitStrategy 1 --setRobustFitTolerance 1e-4 --rMin 0 --rMax 100 -t -1 --expectSignal 0.94921875 -m 70 -d /data6/Users/joonblee/higgs_combine/CMSSW_14_1_0_pre4/src/NIsoMuon/review_outputs/Run2Run3/M70/workspace_Run2Run3_M70.root --setParameters r=0.94921875
>> combine -M MultiDimFit -n _paramFit_.ReviewSBImpacts_Run2Run3_M70_CMS_res_j_2016postVFP --algo impact --redefineSignalPOIs r -P CMS_res_j_2016postVFP --floatOtherPOIs 1 --saveInactivePOI 1 --robustFit 1 --setCrossingTolerance 1e-8 --cminDefaultMinimizerStrategy 1 --cminDefaultMinimizerTolerance 1e-4 --setRobustFitStrategy 1 --setRobustFitTolerance 1e-4 --rMin 0 --rMax 100 -t -1 --expectSignal 0.94921875 -m 70 -d /data6/Users/joonblee/higgs_combine/CMSSW_14_1_0_pre4/src/NIsoMuon/review_outputs/Run2Run3/M70/workspace_Run2Run3_M70.root --setParameters r=0.94921875
>> combine -M MultiDimFit -n _paramFit_.ReviewSBImpacts_Run2Run3_M70_CMS_NPS26009_MCstat_signal_BJetOS_2023 --algo impact --redefineSignalPOIs r -P CMS_NPS26009_MCstat_signal_BJetOS_2023 --floatOtherPOIs 1 --saveInactivePOI 1 --robustFit 1 --setCrossingTolerance 1e-8 --cminDefaultMinimizerStrategy 1 --cminDefaultMinimizerTolerance 1e-4 --setRobustFitStrategy 1 --setRobustFitTolerance 1e-4 --rMin 0 --rMax 100 -t -1 --expectSignal 0.94921875 -m 70 -d /data6/Users/joonblee/higgs_combine/CMSSW_14_1_0_pre4/src/NIsoMuon/review_outputs/Run2Run3/M70/workspace_Run2Run3_M70.root --setParameters r=0.94921875
>> combine -M MultiDimFit -n _paramFit_.ReviewSBImpacts_Run2Run3_M70_CMS_NPS26009_bckgShape_QCD_BJetOS_2022 --algo impact --redefineSignalPOIs r -P CMS_NPS26009_bckgShape_QCD_BJetOS_2022 --floatOtherPOIs 1 --saveInactivePOI 1 --robustFit 1 --setCrossingTolerance 1e-8 --cminDefaultMinimizerStrategy 1 --cminDefaultMinimizerTolerance 1e-4 --setRobustFitStrategy 1 --setRobustFitTolerance 1e-4 --rMin 0 --rMax 100 -t -1 --expectSignal 0.94921875 -m 70 -d /data6/Users/joonblee/higgs_combine/CMSSW_14_1_0_pre4/src/NIsoMuon/review_outputs/Run2Run3/M70/workspace_Run2Run3_M70.root --setParameters r=0.94921875
>> combine -M MultiDimFit -n _paramFit_.ReviewSBImpacts_Run2Run3_M70_CMS_l1_prefiring_2018 --algo impact --redefineSignalPOIs r -P CMS_l1_prefiring_2018 --floatOtherPOIs 1 --saveInactivePOI 1 --robustFit 1 --setCrossingTolerance 1e-8 --cminDefaultMinimizerStrategy 1 --cminDefaultMinimizerTolerance 1e-4 --setRobustFitStrategy 1 --setRobustFitTolerance 1e-4 --rMin 0 --rMax 100 -t -1 --expectSignal 0.94921875 -m 70 -d /data6/Users/joonblee/higgs_combine/CMSSW_14_1_0_pre4/src/NIsoMuon/review_outputs/Run2Run3/M70/workspace_Run2Run3_M70.root --setParameters r=0.94921875
>> combine -M MultiDimFit -n _paramFit_.ReviewSBImpacts_Run2Run3_M70_CMS_NPS26009_MCstat_ttbar_BJetOS_2022EE --algo impact --redefineSignalPOIs r -P CMS_NPS26009_MCstat_ttbar_BJetOS_2022EE --floatOtherPOIs 1 --saveInactivePOI 1 --robustFit 1 --setCrossingTolerance 1e-8 --cminDefaultMinimizerStrategy 1 --cminDefaultMinimizerTolerance 1e-4 --setRobustFitStrategy 1 --setRobustFitTolerance 1e-4 --rMin 0 --rMax 100 -t -1 --expectSignal 0.94921875 -m 70 -d /data6/Users/joonblee/higgs_combine/CMSSW_14_1_0_pre4/src/NIsoMuon/review_outputs/Run2Run3/M70/workspace_Run2Run3_M70.root --setParameters r=0.94921875
>> combine -M MultiDimFit -n _paramFit_.ReviewSBImpacts_Run2Run3_M70_CMS_NPS26009_eff_m_trigger_2017 --algo impact --redefineSignalPOIs r -P CMS_NPS26009_eff_m_trigger_2017 --floatOtherPOIs 1 --saveInactivePOI 1 --robustFit 1 --setCrossingTolerance 1e-8 --cminDefaultMinimizerStrategy 1 --cminDefaultMinimizerTolerance 1e-4 --setRobustFitStrategy 1 --setRobustFitTolerance 1e-4 --rMin 0 --rMax 100 -t -1 --expectSignal 0.94921875 -m 70 -d /data6/Users/joonblee/higgs_combine/CMSSW_14_1_0_pre4/src/NIsoMuon/review_outputs/Run2Run3/M70/workspace_Run2Run3_M70.root --setParameters r=0.94921875
>> combine -M MultiDimFit -n _paramFit_.ReviewSBImpacts_Run2Run3_M70_CMS_scale_j_2016preVFP --algo impact --redefineSignalPOIs r -P CMS_scale_j_2016preVFP --floatOtherPOIs 1 --saveInactivePOI 1 --robustFit 1 --setCrossingTolerance 1e-8 --cminDefaultMinimizerStrategy 1 --cminDefaultMinimizerTolerance 1e-4 --setRobustFitStrategy 1 --setRobustFitTolerance 1e-4 --rMin 0 --rMax 100 -t -1 --expectSignal 0.94921875 -m 70 -d /data6/Users/joonblee/higgs_combine/CMSSW_14_1_0_pre4/src/NIsoMuon/review_outputs/Run2Run3/M70/workspace_Run2Run3_M70.root --setParameters r=0.94921875
>> combine -M MultiDimFit -n _paramFit_.ReviewSBImpacts_Run2Run3_M70_CMS_NPS26009_MCstat_singleTop_BJetOS_2016preVFP --algo impact --redefineSignalPOIs r -P CMS_NPS26009_MCstat_singleTop_BJetOS_2016preVFP --floatOtherPOIs 1 --saveInactivePOI 1 --robustFit 1 --setCrossingTolerance 1e-8 --cminDefaultMinimizerStrategy 1 --cminDefaultMinimizerTolerance 1e-4 --setRobustFitStrategy 1 --setRobustFitTolerance 1e-4 --rMin 0 --rMax 100 -t -1 --expectSignal 0.94921875 -m 70 -d /data6/Users/joonblee/higgs_combine/CMSSW_14_1_0_pre4/src/NIsoMuon/review_outputs/Run2Run3/M70/workspace_Run2Run3_M70.root --setParameters r=0.94921875
>> combine -M MultiDimFit -n _paramFit_.ReviewSBImpacts_Run2Run3_M70_CMS_NPS26009_eff_m_trigger_2023 --algo impact --redefineSignalPOIs r -P CMS_NPS26009_eff_m_trigger_2023 --floatOtherPOIs 1 --saveInactivePOI 1 --robustFit 1 --setCrossingTolerance 1e-8 --cminDefaultMinimizerStrategy 1 --cminDefaultMinimizerTolerance 1e-4 --setRobustFitStrategy 1 --setRobustFitTolerance 1e-4 --rMin 0 --rMax 100 -t -1 --expectSignal 0.94921875 -m 70 -d /data6/Users/joonblee/higgs_combine/CMSSW_14_1_0_pre4/src/NIsoMuon/review_outputs/Run2Run3/M70/workspace_Run2Run3_M70.root --setParameters r=0.94921875
>> combine -M MultiDimFit -n _paramFit_.ReviewSBImpacts_Run2Run3_M70_CMS_scale_j_2017 --algo impact --redefineSignalPOIs r -P CMS_scale_j_2017 --floatOtherPOIs 1 --saveInactivePOI 1 --robustFit 1 --setCrossingTolerance 1e-8 --cminDefaultMinimizerStrategy 1 --cminDefaultMinimizerTolerance 1e-4 --setRobustFitStrategy 1 --setRobustFitTolerance 1e-4 --rMin 0 --rMax 100 -t -1 --expectSignal 0.94921875 -m 70 -d /data6/Users/joonblee/higgs_combine/CMSSW_14_1_0_pre4/src/NIsoMuon/review_outputs/Run2Run3/M70/workspace_Run2Run3_M70.root --setParameters r=0.94921875
>> combine -M MultiDimFit -n _paramFit_.ReviewSBImpacts_Run2Run3_M70_CMS_NPS26009_MCstat_other_BJetOS_2022EE --algo impact --redefineSignalPOIs r -P CMS_NPS26009_MCstat_other_BJetOS_2022EE --floatOtherPOIs 1 --saveInactivePOI 1 --robustFit 1 --setCrossingTolerance 1e-8 --cminDefaultMinimizerStrategy 1 --cminDefaultMinimizerTolerance 1e-4 --setRobustFitStrategy 1 --setRobustFitTolerance 1e-4 --rMin 0 --rMax 100 -t -1 --expectSignal 0.94921875 -m 70 -d /data6/Users/joonblee/higgs_combine/CMSSW_14_1_0_pre4/src/NIsoMuon/review_outputs/Run2Run3/M70/workspace_Run2Run3_M70.root --setParameters r=0.94921875
>> combine -M MultiDimFit -n _paramFit_.ReviewSBImpacts_Run2Run3_M70_CMS_NPS26009_bckgShape_QCD_BJetOS_2018 --algo impact --redefineSignalPOIs r -P CMS_NPS26009_bckgShape_QCD_BJetOS_2018 --floatOtherPOIs 1 --saveInactivePOI 1 --robustFit 1 --setCrossingTolerance 1e-8 --cminDefaultMinimizerStrategy 1 --cminDefaultMinimizerTolerance 1e-4 --setRobustFitStrategy 1 --setRobustFitTolerance 1e-4 --rMin 0 --rMax 100 -t -1 --expectSignal 0.94921875 -m 70 -d /data6/Users/joonblee/higgs_combine/CMSSW_14_1_0_pre4/src/NIsoMuon/review_outputs/Run2Run3/M70/workspace_Run2Run3_M70.root --setParameters r=0.94921875
>> combine -M MultiDimFit -n _paramFit_.ReviewSBImpacts_Run2Run3_M70_CMS_btag_fixedWP_comb_bc_uncorrelated_2022EE --algo impact --redefineSignalPOIs r -P CMS_btag_fixedWP_comb_bc_uncorrelated_2022EE --floatOtherPOIs 1 --saveInactivePOI 1 --robustFit 1 --setCrossingTolerance 1e-8 --cminDefaultMinimizerStrategy 1 --cminDefaultMinimizerTolerance 1e-4 --setRobustFitStrategy 1 --setRobustFitTolerance 1e-4 --rMin 0 --rMax 100 -t -1 --expectSignal 0.94921875 -m 70 -d /data6/Users/joonblee/higgs_combine/CMSSW_14_1_0_pre4/src/NIsoMuon/review_outputs/Run2Run3/M70/workspace_Run2Run3_M70.root --setParameters r=0.94921875
>> combine -M MultiDimFit -n _paramFit_.ReviewSBImpacts_Run2Run3_M70_CMS_scale_j_2018 --algo impact --redefineSignalPOIs r -P CMS_scale_j_2018 --floatOtherPOIs 1 --saveInactivePOI 1 --robustFit 1 --setCrossingTolerance 1e-8 --cminDefaultMinimizerStrategy 1 --cminDefaultMinimizerTolerance 1e-4 --setRobustFitStrategy 1 --setRobustFitTolerance 1e-4 --rMin 0 --rMax 100 -t -1 --expectSignal 0.94921875 -m 70 -d /data6/Users/joonblee/higgs_combine/CMSSW_14_1_0_pre4/src/NIsoMuon/review_outputs/Run2Run3/M70/workspace_Run2Run3_M70.root --setParameters r=0.94921875
>> combine -M MultiDimFit -n _paramFit_.ReviewSBImpacts_Run2Run3_M70_CMS_NPS26009_MCstat_other_BJetOS_2017 --algo impact --redefineSignalPOIs r -P CMS_NPS26009_MCstat_other_BJetOS_2017 --floatOtherPOIs 1 --saveInactivePOI 1 --robustFit 1 --setCrossingTolerance 1e-8 --cminDefaultMinimizerStrategy 1 --cminDefaultMinimizerTolerance 1e-4 --setRobustFitStrategy 1 --setRobustFitTolerance 1e-4 --rMin 0 --rMax 100 -t -1 --expectSignal 0.94921875 -m 70 -d /data6/Users/joonblee/higgs_combine/CMSSW_14_1_0_pre4/src/NIsoMuon/review_outputs/Run2Run3/M70/workspace_Run2Run3_M70.root --setParameters r=0.94921875
>> combine -M MultiDimFit -n _paramFit_.ReviewSBImpacts_Run2Run3_M70_CMS_NPS26009_NFStat_DY_BJetOS_2016preVFP --algo impact --redefineSignalPOIs r -P CMS_NPS26009_NFStat_DY_BJetOS_2016preVFP --floatOtherPOIs 1 --saveInactivePOI 1 --robustFit 1 --setCrossingTolerance 1e-8 --cminDefaultMinimizerStrategy 1 --cminDefaultMinimizerTolerance 1e-4 --setRobustFitStrategy 1 --setRobustFitTolerance 1e-4 --rMin 0 --rMax 100 -t -1 --expectSignal 0.94921875 -m 70 -d /data6/Users/joonblee/higgs_combine/CMSSW_14_1_0_pre4/src/NIsoMuon/review_outputs/Run2Run3/M70/workspace_Run2Run3_M70.root --setParameters r=0.94921875
>> combine -M MultiDimFit -n _paramFit_.ReviewSBImpacts_Run2Run3_M70_CMS_NPS26009_lumi_2016 --algo impact --redefineSignalPOIs r -P CMS_NPS26009_lumi_2016 --floatOtherPOIs 1 --saveInactivePOI 1 --robustFit 1 --setCrossingTolerance 1e-8 --cminDefaultMinimizerStrategy 1 --cminDefaultMinimizerTolerance 1e-4 --setRobustFitStrategy 1 --setRobustFitTolerance 1e-4 --rMin 0 --rMax 100 -t -1 --expectSignal 0.94921875 -m 70 -d /data6/Users/joonblee/higgs_combine/CMSSW_14_1_0_pre4/src/NIsoMuon/review_outputs/Run2Run3/M70/workspace_Run2Run3_M70.root --setParameters r=0.94921875
>> combine -M MultiDimFit -n _paramFit_.ReviewSBImpacts_Run2Run3_M70_CMS_scale_j_2022EE --algo impact --redefineSignalPOIs r -P CMS_scale_j_2022EE --floatOtherPOIs 1 --saveInactivePOI 1 --robustFit 1 --setCrossingTolerance 1e-8 --cminDefaultMinimizerStrategy 1 --cminDefaultMinimizerTolerance 1e-4 --setRobustFitStrategy 1 --setRobustFitTolerance 1e-4 --rMin 0 --rMax 100 -t -1 --expectSignal 0.94921875 -m 70 -d /data6/Users/joonblee/higgs_combine/CMSSW_14_1_0_pre4/src/NIsoMuon/review_outputs/Run2Run3/M70/workspace_Run2Run3_M70.root --setParameters r=0.94921875
>> combine -M MultiDimFit -n _paramFit_.ReviewSBImpacts_Run2Run3_M70_CMS_NPS26009_MCstat_signal_BJetOS_2023BPix --algo impact --redefineSignalPOIs r -P CMS_NPS26009_MCstat_signal_BJetOS_2023BPix --floatOtherPOIs 1 --saveInactivePOI 1 --robustFit 1 --setCrossingTolerance 1e-8 --cminDefaultMinimizerStrategy 1 --cminDefaultMinimizerTolerance 1e-4 --setRobustFitStrategy 1 --setRobustFitTolerance 1e-4 --rMin 0 --rMax 100 -t -1 --expectSignal 0.94921875 -m 70 -d /data6/Users/joonblee/higgs_combine/CMSSW_14_1_0_pre4/src/NIsoMuon/review_outputs/Run2Run3/M70/workspace_Run2Run3_M70.root --setParameters r=0.94921875
>> combine -M MultiDimFit -n _paramFit_.ReviewSBImpacts_Run2Run3_M70_CMS_NPS26009_QCDscale_fac_singleTop --algo impact --redefineSignalPOIs r -P CMS_NPS26009_QCDscale_fac_singleTop --floatOtherPOIs 1 --saveInactivePOI 1 --robustFit 1 --setCrossingTolerance 1e-8 --cminDefaultMinimizerStrategy 1 --cminDefaultMinimizerTolerance 1e-4 --setRobustFitStrategy 1 --setRobustFitTolerance 1e-4 --rMin 0 --rMax 100 -t -1 --expectSignal 0.94921875 -m 70 -d /data6/Users/joonblee/higgs_combine/CMSSW_14_1_0_pre4/src/NIsoMuon/review_outputs/Run2Run3/M70/workspace_Run2Run3_M70.root --setParameters r=0.94921875
>> combine -M MultiDimFit -n _paramFit_.ReviewSBImpacts_Run2Run3_M70_CMS_NPS26009_lumi_2017 --algo impact --redefineSignalPOIs r -P CMS_NPS26009_lumi_2017 --floatOtherPOIs 1 --saveInactivePOI 1 --robustFit 1 --setCrossingTolerance 1e-8 --cminDefaultMinimizerStrategy 1 --cminDefaultMinimizerTolerance 1e-4 --setRobustFitStrategy 1 --setRobustFitTolerance 1e-4 --rMin 0 --rMax 100 -t -1 --expectSignal 0.94921875 -m 70 -d /data6/Users/joonblee/higgs_combine/CMSSW_14_1_0_pre4/src/NIsoMuon/review_outputs/Run2Run3/M70/workspace_Run2Run3_M70.root --setParameters r=0.94921875
>> combine -M MultiDimFit -n _paramFit_.ReviewSBImpacts_Run2Run3_M70_CMS_scale_m_13p6TeV --algo impact --redefineSignalPOIs r -P CMS_scale_m_13p6TeV --floatOtherPOIs 1 --saveInactivePOI 1 --robustFit 1 --setCrossingTolerance 1e-8 --cminDefaultMinimizerStrategy 1 --cminDefaultMinimizerTolerance 1e-4 --setRobustFitStrategy 1 --setRobustFitTolerance 1e-4 --rMin 0 --rMax 100 -t -1 --expectSignal 0.94921875 -m 70 -d /data6/Users/joonblee/higgs_combine/CMSSW_14_1_0_pre4/src/NIsoMuon/review_outputs/Run2Run3/M70/workspace_Run2Run3_M70.root --setParameters r=0.94921875
>> combine -M MultiDimFit -n _paramFit_.ReviewSBImpacts_Run2Run3_M70_CMS_NPS26009_MCstat_signal_BJetOS_2022 --algo impact --redefineSignalPOIs r -P CMS_NPS26009_MCstat_signal_BJetOS_2022 --floatOtherPOIs 1 --saveInactivePOI 1 --robustFit 1 --setCrossingTolerance 1e-8 --cminDefaultMinimizerStrategy 1 --cminDefaultMinimizerTolerance 1e-4 --setRobustFitStrategy 1 --setRobustFitTolerance 1e-4 --rMin 0 --rMax 100 -t -1 --expectSignal 0.94921875 -m 70 -d /data6/Users/joonblee/higgs_combine/CMSSW_14_1_0_pre4/src/NIsoMuon/review_outputs/Run2Run3/M70/workspace_Run2Run3_M70.root --setParameters r=0.94921875
>> combine -M MultiDimFit -n _paramFit_.ReviewSBImpacts_Run2Run3_M70_CMS_NPS26009_eff_m_trigger_2022 --algo impact --redefineSignalPOIs r -P CMS_NPS26009_eff_m_trigger_2022 --floatOtherPOIs 1 --saveInactivePOI 1 --robustFit 1 --setCrossingTolerance 1e-8 --cminDefaultMinimizerStrategy 1 --cminDefaultMinimizerTolerance 1e-4 --setRobustFitStrategy 1 --setRobustFitTolerance 1e-4 --rMin 0 --rMax 100 -t -1 --expectSignal 0.94921875 -m 70 -d /data6/Users/joonblee/higgs_combine/CMSSW_14_1_0_pre4/src/NIsoMuon/review_outputs/Run2Run3/M70/workspace_Run2Run3_M70.root --setParameters r=0.94921875
>> combine -M MultiDimFit -n _paramFit_.ReviewSBImpacts_Run2Run3_M70_CMS_btag_fixedWP_incl_light_uncorrelated_2023 --algo impact --redefineSignalPOIs r -P CMS_btag_fixedWP_incl_light_uncorrelated_2023 --floatOtherPOIs 1 --saveInactivePOI 1 --robustFit 1 --setCrossingTolerance 1e-8 --cminDefaultMinimizerStrategy 1 --cminDefaultMinimizerTolerance 1e-4 --setRobustFitStrategy 1 --setRobustFitTolerance 1e-4 --rMin 0 --rMax 100 -t -1 --expectSignal 0.94921875 -m 70 -d /data6/Users/joonblee/higgs_combine/CMSSW_14_1_0_pre4/src/NIsoMuon/review_outputs/Run2Run3/M70/workspace_Run2Run3_M70.root --setParameters r=0.94921875
>> combine -M MultiDimFit -n _paramFit_.ReviewSBImpacts_Run2Run3_M70_CMS_scale_j_2023 --algo impact --redefineSignalPOIs r -P CMS_scale_j_2023 --floatOtherPOIs 1 --saveInactivePOI 1 --robustFit 1 --setCrossingTolerance 1e-8 --cminDefaultMinimizerStrategy 1 --cminDefaultMinimizerTolerance 1e-4 --setRobustFitStrategy 1 --setRobustFitTolerance 1e-4 --rMin 0 --rMax 100 -t -1 --expectSignal 0.94921875 -m 70 -d /data6/Users/joonblee/higgs_combine/CMSSW_14_1_0_pre4/src/NIsoMuon/review_outputs/Run2Run3/M70/workspace_Run2Run3_M70.root --setParameters r=0.94921875
>> combine -M MultiDimFit -n _paramFit_.ReviewSBImpacts_Run2Run3_M70_CMS_NPS26009_MCstat_signal_BJetOS_2018 --algo impact --redefineSignalPOIs r -P CMS_NPS26009_MCstat_signal_BJetOS_2018 --floatOtherPOIs 1 --saveInactivePOI 1 --robustFit 1 --setCrossingTolerance 1e-8 --cminDefaultMinimizerStrategy 1 --cminDefaultMinimizerTolerance 1e-4 --setRobustFitStrategy 1 --setRobustFitTolerance 1e-4 --rMin 0 --rMax 100 -t -1 --expectSignal 0.94921875 -m 70 -d /data6/Users/joonblee/higgs_combine/CMSSW_14_1_0_pre4/src/NIsoMuon/review_outputs/Run2Run3/M70/workspace_Run2Run3_M70.root --setParameters r=0.94921875
>> combine -M MultiDimFit -n _paramFit_.ReviewSBImpacts_Run2Run3_M70_CMS_NPS26009_NFModel_DY_BJetOS_13p6TeV --algo impact --redefineSignalPOIs r -P CMS_NPS26009_NFModel_DY_BJetOS_13p6TeV --floatOtherPOIs 1 --saveInactivePOI 1 --robustFit 1 --setCrossingTolerance 1e-8 --cminDefaultMinimizerStrategy 1 --cminDefaultMinimizerTolerance 1e-4 --setRobustFitStrategy 1 --setRobustFitTolerance 1e-4 --rMin 0 --rMax 100 -t -1 --expectSignal 0.94921875 -m 70 -d /data6/Users/joonblee/higgs_combine/CMSSW_14_1_0_pre4/src/NIsoMuon/review_outputs/Run2Run3/M70/workspace_Run2Run3_M70.root --setParameters r=0.94921875
>> combine -M MultiDimFit -n _paramFit_.ReviewSBImpacts_Run2Run3_M70_CMS_NPS26009_lumi_2023 --algo impact --redefineSignalPOIs r -P CMS_NPS26009_lumi_2023 --floatOtherPOIs 1 --saveInactivePOI 1 --robustFit 1 --setCrossingTolerance 1e-8 --cminDefaultMinimizerStrategy 1 --cminDefaultMinimizerTolerance 1e-4 --setRobustFitStrategy 1 --setRobustFitTolerance 1e-4 --rMin 0 --rMax 100 -t -1 --expectSignal 0.94921875 -m 70 -d /data6/Users/joonblee/higgs_combine/CMSSW_14_1_0_pre4/src/NIsoMuon/review_outputs/Run2Run3/M70/workspace_Run2Run3_M70.root --setParameters r=0.94921875
>> combine -M MultiDimFit -n _paramFit_.ReviewSBImpacts_Run2Run3_M70_CMS_scale_j_2022 --algo impact --redefineSignalPOIs r -P CMS_scale_j_2022 --floatOtherPOIs 1 --saveInactivePOI 1 --robustFit 1 --setCrossingTolerance 1e-8 --cminDefaultMinimizerStrategy 1 --cminDefaultMinimizerTolerance 1e-4 --setRobustFitStrategy 1 --setRobustFitTolerance 1e-4 --rMin 0 --rMax 100 -t -1 --expectSignal 0.94921875 -m 70 -d /data6/Users/joonblee/higgs_combine/CMSSW_14_1_0_pre4/src/NIsoMuon/review_outputs/Run2Run3/M70/workspace_Run2Run3_M70.root --setParameters r=0.94921875
>> combine -M MultiDimFit -n _paramFit_.ReviewSBImpacts_Run2Run3_M70_CMS_NPS26009_MCstat_singleTop_BJetOS_2023 --algo impact --redefineSignalPOIs r -P CMS_NPS26009_MCstat_singleTop_BJetOS_2023 --floatOtherPOIs 1 --saveInactivePOI 1 --robustFit 1 --setCrossingTolerance 1e-8 --cminDefaultMinimizerStrategy 1 --cminDefaultMinimizerTolerance 1e-4 --setRobustFitStrategy 1 --setRobustFitTolerance 1e-4 --rMin 0 --rMax 100 -t -1 --expectSignal 0.94921875 -m 70 -d /data6/Users/joonblee/higgs_combine/CMSSW_14_1_0_pre4/src/NIsoMuon/review_outputs/Run2Run3/M70/workspace_Run2Run3_M70.root --setParameters r=0.94921875
>> combine -M MultiDimFit -n _paramFit_.ReviewSBImpacts_Run2Run3_M70_CMS_NPS26009_bckgNorm_QCD_BJetOS_2022EE --algo impact --redefineSignalPOIs r -P CMS_NPS26009_bckgNorm_QCD_BJetOS_2022EE --floatOtherPOIs 1 --saveInactivePOI 1 --robustFit 1 --setCrossingTolerance 1e-8 --cminDefaultMinimizerStrategy 1 --cminDefaultMinimizerTolerance 1e-4 --setRobustFitStrategy 1 --setRobustFitTolerance 1e-4 --rMin 0 --rMax 100 -t -1 --expectSignal 0.94921875 -m 70 -d /data6/Users/joonblee/higgs_combine/CMSSW_14_1_0_pre4/src/NIsoMuon/review_outputs/Run2Run3/M70/workspace_Run2Run3_M70.root --setParameters r=0.94921875
>> combine -M MultiDimFit -n _paramFit_.ReviewSBImpacts_Run2Run3_M70_CMS_pileup_13TeV --algo impact --redefineSignalPOIs r -P CMS_pileup_13TeV --floatOtherPOIs 1 --saveInactivePOI 1 --robustFit 1 --setCrossingTolerance 1e-8 --cminDefaultMinimizerStrategy 1 --cminDefaultMinimizerTolerance 1e-4 --setRobustFitStrategy 1 --setRobustFitTolerance 1e-4 --rMin 0 --rMax 100 -t -1 --expectSignal 0.94921875 -m 70 -d /data6/Users/joonblee/higgs_combine/CMSSW_14_1_0_pre4/src/NIsoMuon/review_outputs/Run2Run3/M70/workspace_Run2Run3_M70.root --setParameters r=0.94921875
>> combine -M MultiDimFit -n _paramFit_.ReviewSBImpacts_Run2Run3_M70_CMS_scale_m_13TeV --algo impact --redefineSignalPOIs r -P CMS_scale_m_13TeV --floatOtherPOIs 1 --saveInactivePOI 1 --robustFit 1 --setCrossingTolerance 1e-8 --cminDefaultMinimizerStrategy 1 --cminDefaultMinimizerTolerance 1e-4 --setRobustFitStrategy 1 --setRobustFitTolerance 1e-4 --rMin 0 --rMax 100 -t -1 --expectSignal 0.94921875 -m 70 -d /data6/Users/joonblee/higgs_combine/CMSSW_14_1_0_pre4/src/NIsoMuon/review_outputs/Run2Run3/M70/workspace_Run2Run3_M70.root --setParameters r=0.94921875
>> combine -M MultiDimFit -n _paramFit_.ReviewSBImpacts_Run2Run3_M70_CMS_NPS26009_MCstat_other_BJetOS_2018 --algo impact --redefineSignalPOIs r -P CMS_NPS26009_MCstat_other_BJetOS_2018 --floatOtherPOIs 1 --saveInactivePOI 1 --robustFit 1 --setCrossingTolerance 1e-8 --cminDefaultMinimizerStrategy 1 --cminDefaultMinimizerTolerance 1e-4 --setRobustFitStrategy 1 --setRobustFitTolerance 1e-4 --rMin 0 --rMax 100 -t -1 --expectSignal 0.94921875 -m 70 -d /data6/Users/joonblee/higgs_combine/CMSSW_14_1_0_pre4/src/NIsoMuon/review_outputs/Run2Run3/M70/workspace_Run2Run3_M70.root --setParameters r=0.94921875
>> combine -M MultiDimFit -n _paramFit_.ReviewSBImpacts_Run2Run3_M70_CMS_NPS26009_NFStat_DY_BJetOS_2016postVFP --algo impact --redefineSignalPOIs r -P CMS_NPS26009_NFStat_DY_BJetOS_2016postVFP --floatOtherPOIs 1 --saveInactivePOI 1 --robustFit 1 --setCrossingTolerance 1e-8 --cminDefaultMinimizerStrategy 1 --cminDefaultMinimizerTolerance 1e-4 --setRobustFitStrategy 1 --setRobustFitTolerance 1e-4 --rMin 0 --rMax 100 -t -1 --expectSignal 0.94921875 -m 70 -d /data6/Users/joonblee/higgs_combine/CMSSW_14_1_0_pre4/src/NIsoMuon/review_outputs/Run2Run3/M70/workspace_Run2Run3_M70.root --setParameters r=0.94921875
>> combine -M MultiDimFit -n _paramFit_.ReviewSBImpacts_Run2Run3_M70_CMS_NPS26009_lumi_2022 --algo impact --redefineSignalPOIs r -P CMS_NPS26009_lumi_2022 --floatOtherPOIs 1 --saveInactivePOI 1 --robustFit 1 --setCrossingTolerance 1e-8 --cminDefaultMinimizerStrategy 1 --cminDefaultMinimizerTolerance 1e-4 --setRobustFitStrategy 1 --setRobustFitTolerance 1e-4 --rMin 0 --rMax 100 -t -1 --expectSignal 0.94921875 -m 70 -d /data6/Users/joonblee/higgs_combine/CMSSW_14_1_0_pre4/src/NIsoMuon/review_outputs/Run2Run3/M70/workspace_Run2Run3_M70.root --setParameters r=0.94921875
>> combine -M MultiDimFit -n _paramFit_.ReviewSBImpacts_Run2Run3_M70_CMS_scale_j_2023BPix --algo impact --redefineSignalPOIs r -P CMS_scale_j_2023BPix --floatOtherPOIs 1 --saveInactivePOI 1 --robustFit 1 --setCrossingTolerance 1e-8 --cminDefaultMinimizerStrategy 1 --cminDefaultMinimizerTolerance 1e-4 --setRobustFitStrategy 1 --setRobustFitTolerance 1e-4 --rMin 0 --rMax 100 -t -1 --expectSignal 0.94921875 -m 70 -d /data6/Users/joonblee/higgs_combine/CMSSW_14_1_0_pre4/src/NIsoMuon/review_outputs/Run2Run3/M70/workspace_Run2Run3_M70.root --setParameters r=0.94921875
>> combine -M MultiDimFit -n _paramFit_.ReviewSBImpacts_Run2Run3_M70_CMS_NPS26009_MCstat_signal_BJetOS_2017 --algo impact --redefineSignalPOIs r -P CMS_NPS26009_MCstat_signal_BJetOS_2017 --floatOtherPOIs 1 --saveInactivePOI 1 --robustFit 1 --setCrossingTolerance 1e-8 --cminDefaultMinimizerStrategy 1 --cminDefaultMinimizerTolerance 1e-4 --setRobustFitStrategy 1 --setRobustFitTolerance 1e-4 --rMin 0 --rMax 100 -t -1 --expectSignal 0.94921875 -m 70 -d /data6/Users/joonblee/higgs_combine/CMSSW_14_1_0_pre4/src/NIsoMuon/review_outputs/Run2Run3/M70/workspace_Run2Run3_M70.root --setParameters r=0.94921875
>> combine -M MultiDimFit -n _paramFit_.ReviewSBImpacts_Run2Run3_M70_CMS_NPS26009_NFModel_DY_BJetOS_13TeV --algo impact --redefineSignalPOIs r -P CMS_NPS26009_NFModel_DY_BJetOS_13TeV --floatOtherPOIs 1 --saveInactivePOI 1 --robustFit 1 --setCrossingTolerance 1e-8 --cminDefaultMinimizerStrategy 1 --cminDefaultMinimizerTolerance 1e-4 --setRobustFitStrategy 1 --setRobustFitTolerance 1e-4 --rMin 0 --rMax 100 -t -1 --expectSignal 0.94921875 -m 70 -d /data6/Users/joonblee/higgs_combine/CMSSW_14_1_0_pre4/src/NIsoMuon/review_outputs/Run2Run3/M70/workspace_Run2Run3_M70.root --setParameters r=0.94921875
>> combine -M MultiDimFit -n _paramFit_.ReviewSBImpacts_Run2Run3_M70_CMS_btag_fixedWP_comb_bc_uncorrelated_2016postVFP --algo impact --redefineSignalPOIs r -P CMS_btag_fixedWP_comb_bc_uncorrelated_2016postVFP --floatOtherPOIs 1 --saveInactivePOI 1 --robustFit 1 --setCrossingTolerance 1e-8 --cminDefaultMinimizerStrategy 1 --cminDefaultMinimizerTolerance 1e-4 --setRobustFitStrategy 1 --setRobustFitTolerance 1e-4 --rMin 0 --rMax 100 -t -1 --expectSignal 0.94921875 -m 70 -d /data6/Users/joonblee/higgs_combine/CMSSW_14_1_0_pre4/src/NIsoMuon/review_outputs/Run2Run3/M70/workspace_Run2Run3_M70.root --setParameters r=0.94921875
>> combine -M MultiDimFit -n _paramFit_.ReviewSBImpacts_Run2Run3_M70_pdf_alphas --algo impact --redefineSignalPOIs r -P pdf_alphas --floatOtherPOIs 1 --saveInactivePOI 1 --robustFit 1 --setCrossingTolerance 1e-8 --cminDefaultMinimizerStrategy 1 --cminDefaultMinimizerTolerance 1e-4 --setRobustFitStrategy 1 --setRobustFitTolerance 1e-4 --rMin 0 --rMax 100 -t -1 --expectSignal 0.94921875 -m 70 -d /data6/Users/joonblee/higgs_combine/CMSSW_14_1_0_pre4/src/NIsoMuon/review_outputs/Run2Run3/M70/workspace_Run2Run3_M70.root --setParameters r=0.94921875
>> combine -M MultiDimFit -n _paramFit_.ReviewSBImpacts_Run2Run3_M70_CMS_NPS26009_MCstat_singleTop_BJetOS_2022EE --algo impact --redefineSignalPOIs r -P CMS_NPS26009_MCstat_singleTop_BJetOS_2022EE --floatOtherPOIs 1 --saveInactivePOI 1 --robustFit 1 --setCrossingTolerance 1e-8 --cminDefaultMinimizerStrategy 1 --cminDefaultMinimizerTolerance 1e-4 --setRobustFitStrategy 1 --setRobustFitTolerance 1e-4 --rMin 0 --rMax 100 -t -1 --expectSignal 0.94921875 -m 70 -d /data6/Users/joonblee/higgs_combine/CMSSW_14_1_0_pre4/src/NIsoMuon/review_outputs/Run2Run3/M70/workspace_Run2Run3_M70.root --setParameters r=0.94921875
>> combine -M MultiDimFit -n _paramFit_.ReviewSBImpacts_Run2Run3_M70_CMS_NPS26009_NFStat_DY_BJetOS_2022EE --algo impact --redefineSignalPOIs r -P CMS_NPS26009_NFStat_DY_BJetOS_2022EE --floatOtherPOIs 1 --saveInactivePOI 1 --robustFit 1 --setCrossingTolerance 1e-8 --cminDefaultMinimizerStrategy 1 --cminDefaultMinimizerTolerance 1e-4 --setRobustFitStrategy 1 --setRobustFitTolerance 1e-4 --rMin 0 --rMax 100 -t -1 --expectSignal 0.94921875 -m 70 -d /data6/Users/joonblee/higgs_combine/CMSSW_14_1_0_pre4/src/NIsoMuon/review_outputs/Run2Run3/M70/workspace_Run2Run3_M70.root --setParameters r=0.94921875
>> combine -M MultiDimFit -n _paramFit_.ReviewSBImpacts_Run2Run3_M70_CMS_NPS26009_pdf_NNPDF31 --algo impact --redefineSignalPOIs r -P CMS_NPS26009_pdf_NNPDF31 --floatOtherPOIs 1 --saveInactivePOI 1 --robustFit 1 --setCrossingTolerance 1e-8 --cminDefaultMinimizerStrategy 1 --cminDefaultMinimizerTolerance 1e-4 --setRobustFitStrategy 1 --setRobustFitTolerance 1e-4 --rMin 0 --rMax 100 -t -1 --expectSignal 0.94921875 -m 70 -d /data6/Users/joonblee/higgs_combine/CMSSW_14_1_0_pre4/src/NIsoMuon/review_outputs/Run2Run3/M70/workspace_Run2Run3_M70.root --setParameters r=0.94921875
>> combine -M MultiDimFit -n _paramFit_.ReviewSBImpacts_Run2Run3_M70_QCDscale_ren_ttbar --algo impact --redefineSignalPOIs r -P QCDscale_ren_ttbar --floatOtherPOIs 1 --saveInactivePOI 1 --robustFit 1 --setCrossingTolerance 1e-8 --cminDefaultMinimizerStrategy 1 --cminDefaultMinimizerTolerance 1e-4 --setRobustFitStrategy 1 --setRobustFitTolerance 1e-4 --rMin 0 --rMax 100 -t -1 --expectSignal 0.94921875 -m 70 -d /data6/Users/joonblee/higgs_combine/CMSSW_14_1_0_pre4/src/NIsoMuon/review_outputs/Run2Run3/M70/workspace_Run2Run3_M70.root --setParameters r=0.94921875
>> combine -M MultiDimFit -n _paramFit_.ReviewSBImpacts_Run2Run3_M70_CMS_NPS26009_MCstat_other_BJetOS_2022 --algo impact --redefineSignalPOIs r -P CMS_NPS26009_MCstat_other_BJetOS_2022 --floatOtherPOIs 1 --saveInactivePOI 1 --robustFit 1 --setCrossingTolerance 1e-8 --cminDefaultMinimizerStrategy 1 --cminDefaultMinimizerTolerance 1e-4 --setRobustFitStrategy 1 --setRobustFitTolerance 1e-4 --rMin 0 --rMax 100 -t -1 --expectSignal 0.94921875 -m 70 -d /data6/Users/joonblee/higgs_combine/CMSSW_14_1_0_pre4/src/NIsoMuon/review_outputs/Run2Run3/M70/workspace_Run2Run3_M70.root --setParameters r=0.94921875
>> combine -M MultiDimFit -n _paramFit_.ReviewSBImpacts_Run2Run3_M70_CMS_NPS26009_bckgShape_QCD_BJetOS_2017 --algo impact --redefineSignalPOIs r -P CMS_NPS26009_bckgShape_QCD_BJetOS_2017 --floatOtherPOIs 1 --saveInactivePOI 1 --robustFit 1 --setCrossingTolerance 1e-8 --cminDefaultMinimizerStrategy 1 --cminDefaultMinimizerTolerance 1e-4 --setRobustFitStrategy 1 --setRobustFitTolerance 1e-4 --rMin 0 --rMax 100 -t -1 --expectSignal 0.94921875 -m 70 -d /data6/Users/joonblee/higgs_combine/CMSSW_14_1_0_pre4/src/NIsoMuon/review_outputs/Run2Run3/M70/workspace_Run2Run3_M70.root --setParameters r=0.94921875
>> combine -M MultiDimFit -n _paramFit_.ReviewSBImpacts_Run2Run3_M70_CMS_btag_fixedWP_incl_light_uncorrelated_2016preVFP --algo impact --redefineSignalPOIs r -P CMS_btag_fixedWP_incl_light_uncorrelated_2016preVFP --floatOtherPOIs 1 --saveInactivePOI 1 --robustFit 1 --setCrossingTolerance 1e-8 --cminDefaultMinimizerStrategy 1 --cminDefaultMinimizerTolerance 1e-4 --setRobustFitStrategy 1 --setRobustFitTolerance 1e-4 --rMin 0 --rMax 100 -t -1 --expectSignal 0.94921875 -m 70 -d /data6/Users/joonblee/higgs_combine/CMSSW_14_1_0_pre4/src/NIsoMuon/review_outputs/Run2Run3/M70/workspace_Run2Run3_M70.root --setParameters r=0.94921875
>> combine -M MultiDimFit -n _paramFit_.ReviewSBImpacts_Run2Run3_M70_QCDscale_fac_ttbar --algo impact --redefineSignalPOIs r -P QCDscale_fac_ttbar --floatOtherPOIs 1 --saveInactivePOI 1 --robustFit 1 --setCrossingTolerance 1e-8 --cminDefaultMinimizerStrategy 1 --cminDefaultMinimizerTolerance 1e-4 --setRobustFitStrategy 1 --setRobustFitTolerance 1e-4 --rMin 0 --rMax 100 -t -1 --expectSignal 0.94921875 -m 70 -d /data6/Users/joonblee/higgs_combine/CMSSW_14_1_0_pre4/src/NIsoMuon/review_outputs/Run2Run3/M70/workspace_Run2Run3_M70.root --setParameters r=0.94921875
[RUN] (cd /data6/Users/joonblee/higgs_combine/CMSSW_14_1_0_pre4/src/NIsoMuon/review_outputs/Run2Run3/M70 && combineTool.py -M Impacts -d /data6/Users/joonblee/higgs_combine/CMSSW_14_1_0_pre4/src/NIsoMuon/review_outputs/Run2Run3/M70/workspace_Run2Run3_M70.root -m 70 -n .ReviewSBImpacts_Run2Run3_M70 -o impacts_Run2Run3_M70_SB.json)
Have POIs: ['r']
Have parameters: 130
[RUN] (cd /data6/Users/joonblee/higgs_combine/CMSSW_14_1_0_pre4/src/NIsoMuon/review_outputs/Run2Run3/M70 && /data6/Users/joonblee/higgs_combine/CMSSW_16_0_0/bin/el9_amd64_gcc13/plotImpacts.py -i impacts_Run2Run3_M70_SB.json -o impacts_Run2Run3_M70_SB)
Info in <TCanvas::Print>: pdf file impacts_Run2Run3_M70_SB.pdf has been created using the current canvas
Info in <TCanvas::Print>: Current canvas added to pdf file impacts_Run2Run3_M70_SB.pdf
Info in <TCanvas::Print>: Current canvas added to pdf file impacts_Run2Run3_M70_SB.pdf
Info in <TCanvas::Print>: Current canvas added to pdf file impacts_Run2Run3_M70_SB.pdf
Info in <TCanvas::Print>: Current canvas added to pdf file impacts_Run2Run3_M70_SB.pdf and file closed
>> Doing page 0, have 30 parameters
>> Doing page 1, have 30 parameters
>> Doing page 2, have 30 parameters
>> Doing page 3, have 30 parameters
>> Doing page 4, have 10 parameters

[S+B IMPACT INJECTION]
{
  "alpha_internal_unit": 0.0004119195853095905,
  "injected_alpha": 0.0003910017938680879,
  "injected_r": 0.94921875,
  "mass": 70.0,
  "source_for_default_injection": "/data6/Users/joonblee/higgs_combine/CMSSW_14_1_0_pre4/src/NIsoMuon/limit_outputs/alpha/blind/Run2Run3/limits_Run2Run3_alpha_internal.json",
  "target": "Run2Run3"
}

[DONE] review outputs: /data6/Users/joonblee/higgs_combine/CMSSW_14_1_0_pre4/src/NIsoMuon/review_outputs/Run2Run3/M70
