[REVIEW CONFIG]
{
  "alpha_internal_unit": 8.005935406497654e-07,
  "card": "/data6/Users/joonblee/higgs_combine/CMSSW_14_1_0_pre4/src/NIsoMuon/datacards_NIsoMuon/alpha/blind/combined/Run2Run3/datacard_M-20_Run2Run3.txt",
  "cmssw_base": "/data6/Users/joonblee/higgs_combine/CMSSW_16_0_0",
  "existing_expected_median_alpha95": 1.2409199880071364e-05,
  "existing_expected_median_r95": 15.5,
  "mass": 20.0,
  "scram_arch": "el9_amd64_gcc13",
  "target": "Run2Run3",
  "tasks": [
    "sb-impacts"
  ]
}

========================================================================================
[TASK] sb-impacts | target=Run2Run3 | M=20
========================================================================================
[WORKSPACE] reuse /data6/Users/joonblee/higgs_combine/CMSSW_14_1_0_pre4/src/NIsoMuon/review_outputs/Run2Run3/M20/workspace_Run2Run3_M20.root
[RUN] (cd /data6/Users/joonblee/higgs_combine/CMSSW_14_1_0_pre4/src/NIsoMuon/review_outputs/Run2Run3/M20 && combineTool.py -M Impacts -d /data6/Users/joonblee/higgs_combine/CMSSW_14_1_0_pre4/src/NIsoMuon/review_outputs/Run2Run3/M20/workspace_Run2Run3_M20.root -m 20 --robustFit 1 --setParameters r=15.5 --rMin 0 --rMax 100 -t -1 --expectSignal 15.5 -n .ReviewSBImpacts_Run2Run3_M20 --doInitialFit)
Have POIs: ['r']
 <<< Combine >>> 
 <<< v11.0.0 >>>
>>> Random number generator seed is 123456
>>> Method used is MultiDimFit
Set Default Value of Parameter r To : 15.5
Warning: A value of r is specified in both the --setParameters and --expectSignal options. The argument of --expectSignal will take precedence
Doing initial fit: 

 --- MultiDimFit ---
best fit parameter values and profile-likelihood uncertainties: 
   r :   +15.500   -9.030/+8.198 (68%)
>> combine -M MultiDimFit -n _initialFit_.ReviewSBImpacts_Run2Run3_M20 --algo singles --redefineSignalPOIs r --robustFit 1 --rMin 0 --rMax 100 -t -1 --expectSignal 15.5 -m 20 -d /data6/Users/joonblee/higgs_combine/CMSSW_14_1_0_pre4/src/NIsoMuon/review_outputs/Run2Run3/M20/workspace_Run2Run3_M20.root --setParameters r=15.5
[RUN] (cd /data6/Users/joonblee/higgs_combine/CMSSW_14_1_0_pre4/src/NIsoMuon/review_outputs/Run2Run3/M20 && combineTool.py -M Impacts -d /data6/Users/joonblee/higgs_combine/CMSSW_14_1_0_pre4/src/NIsoMuon/review_outputs/Run2Run3/M20/workspace_Run2Run3_M20.root -m 20 --robustFit 1 --setParameters r=15.5 --rMin 0 --rMax 100 -t -1 --expectSignal 15.5 -n .ReviewSBImpacts_Run2Run3_M20 --doFits --parallel 20)
Have POIs: ['r']
Have parameters: 132
Setting parameter r to 15.5
 <<< Combine >>> 
 <<< v11.0.0 >>>
>>> Random number generator seed is 123456
>>> Method used is MultiDimFit
 <<< Combine >>> 
 <<< v11.0.0 >>>
>>> Random number generator seed is 123456
>>> Method used is MultiDimFit
 <<< Combine >>> 
 <<< v11.0.0 >>>
>>> Random number generator seed is 123456
>>> Method used is MultiDimFit
 <<< Combine >>> 
 <<< v11.0.0 >>>
>>> Random number generator seed is 123456
>>> Method used is MultiDimFit
 <<< Combine >>> 
 <<< v11.0.0 >>>
>>> Random number generator seed is 123456
>>> Method used is MultiDimFit
 <<< Combine >>> 
 <<< v11.0.0 >>>
>>> Random number generator seed is 123456
>>> Method used is MultiDimFit
 <<< Combine >>> 
 <<< v11.0.0 >>>
>>> Random number generator seed is 123456
>>> Method used is MultiDimFit
 <<< Combine >>> 
 <<< v11.0.0 >>>
>>> Random number generator seed is 123456
>>> Method used is MultiDimFit
 <<< Combine >>> 
 <<< v11.0.0 >>>
>>> Random number generator seed is 123456
>>> Method used is MultiDimFit
 <<< Combine >>> 
 <<< v11.0.0 >>>
>>> Random number generator seed is 123456
>>> Method used is MultiDimFit
 <<< Combine >>> 
 <<< v11.0.0 >>>
>>> Random number generator seed is 123456
>>> Method used is MultiDimFit
 <<< Combine >>> 
 <<< v11.0.0 >>>
>>> Random number generator seed is 123456
>>> Method used is MultiDimFit
 <<< Combine >>> 
 <<< v11.0.0 >>>
>>> Random number generator seed is 123456
>>> Method used is MultiDimFit
 <<< Combine >>> 
 <<< v11.0.0 >>>
>>> Random number generator seed is 123456
>>> Method used is MultiDimFit
 <<< Combine >>> 
 <<< v11.0.0 >>>
>>> Random number generator seed is 123456
>>> Method used is MultiDimFit
 <<< Combine >>> 
 <<< v11.0.0 >>>
>>> Random number generator seed is 123456
>>> Method used is MultiDimFit
 <<< Combine >>> 
 <<< v11.0.0 >>>
>>> Random number generator seed is 123456
>>> Method used is MultiDimFit
 <<< Combine >>> 
 <<< v11.0.0 >>>
>>> Random number generator seed is 123456
>>> Method used is MultiDimFit
 <<< Combine >>> 
 <<< v11.0.0 >>>
>>> Random number generator seed is 123456
>>> Method used is MultiDimFit
 <<< Combine >>> 
 <<< v11.0.0 >>>
>>> Random number generator seed is 123456
>>> Method used is MultiDimFit
Set Default Value of Parameter r To : 15.5
Warning: A value of r is specified in both the --setParameters and --expectSignal options. The argument of --expectSignal will take precedence
Doing initial fit: 
Set Default Value of Parameter r To : 15.5
Warning: A value of r is specified in both the --setParameters and --expectSignal options. The argument of --expectSignal will take precedence
Doing initial fit: 
Set Default Value of Parameter r To : 15.5
Warning: A value of r is specified in both the --setParameters and --expectSignal options. The argument of --expectSignal will take precedence
Doing initial fit: 
Set Default Value of Parameter r To : 15.5
Warning: A value of r is specified in both the --setParameters and --expectSignal options. The argument of --expectSignal will take precedence
Doing initial fit: 
Set Default Value of Parameter r To : 15.5
Warning: A value of r is specified in both the --setParameters and --expectSignal options. The argument of --expectSignal will take precedence
Doing initial fit: 
Set Default Value of Parameter r To : 15.5
Warning: A value of r is specified in both the --setParameters and --expectSignal options. The argument of --expectSignal will take precedence
Set Default Value of Parameter r To : 15.5
Warning: A value of r is specified in both the --setParameters and --expectSignal options. The argument of --expectSignal will take precedence
Doing initial fit: 
Doing initial fit: 
Set Default Value of Parameter r To : 15.5
Warning: A value of r is specified in both the --setParameters and --expectSignal options. The argument of --expectSignal will take precedence
Doing initial fit: 
Set Default Value of Parameter r To : 15.5
Warning: A value of r is specified in both the --setParameters and --expectSignal options. The argument of --expectSignal will take precedence
Doing initial fit: 
Set Default Value of Parameter r To : 15.5
Warning: A value of r is specified in both the --setParameters and --expectSignal options. The argument of --expectSignal will take precedence
Doing initial fit: 
Set Default Value of Parameter r To : 15.5
Warning: A value of r is specified in both the --setParameters and --expectSignal options. The argument of --expectSignal will take precedence
Doing initial fit: 
Set Default Value of Parameter r To : 15.5
Warning: A value of r is specified in both the --setParameters and --expectSignal options. The argument of --expectSignal will take precedence
Doing initial fit: 
Set Default Value of Parameter r To : 15.5
Warning: A value of r is specified in both the --setParameters and --expectSignal options. The argument of --expectSignal will take precedence
Doing initial fit: 
Set Default Value of Parameter r To : 15.5
Warning: A value of r is specified in both the --setParameters and --expectSignal options. The argument of --expectSignal will take precedence
Doing initial fit: 
Set Default Value of Parameter r To : 15.5
Warning: A value of r is specified in both the --setParameters and --expectSignal options. The argument of --expectSignal will take precedence
Doing initial fit: 
Set Default Value of Parameter r To : 15.5
Warning: A value of r is specified in both the --setParameters and --expectSignal options. The argument of --expectSignal will take precedence
Doing initial fit: 
Set Default Value of Parameter r To : 15.5
Warning: A value of r is specified in both the --setParameters and --expectSignal options. The argument of --expectSignal will take precedence
Doing initial fit: 
Set Default Value of Parameter r To : 15.5
Warning: A value of r is specified in both the --setParameters and --expectSignal options. The argument of --expectSignal will take precedence
Doing initial fit: 
Set Default Value of Parameter r To : 15.5
Warning: A value of r is specified in both the --setParameters and --expectSignal options. The argument of --expectSignal will take precedence
Doing initial fit: 
Set Default Value of Parameter r To : 15.5
Warning: A value of r is specified in both the --setParameters and --expectSignal options. The argument of --expectSignal will take precedence
Doing initial fit: 

 --- MultiDimFit ---
Parameter impacts: 

 --- MultiDimFit ---
Parameter impacts: 
  Parameter                                :   Best-fit               r            
  CMS_NPS26009_LightJetStat_DY_BJetOS_2023 :   +0.000  -0.992/+0.992  +0.022/-0.021
  Parameter                                :   Best-fit               r            
  CMS_NPS26009_LightJetStat_DY_BJetOS_2017 :   +0.000  -0.992/+0.992  +0.047/-0.040
 <<< Combine >>> 
 <<< v11.0.0 >>>
>>> Random number generator seed is 123456
>>> Method used is MultiDimFit

 --- MultiDimFit ---
Parameter impacts: 
 <<< Combine >>> 
 <<< v11.0.0 >>>
>>> Random number generator seed is 123456
>>> Method used is MultiDimFit

 --- MultiDimFit ---
Parameter impacts: 

 --- MultiDimFit ---
Parameter impacts: 
  Parameter                             :   Best-fit               r            
  CMS_NPS26009_MCstat_other_BJetOS_2022 :   +0.000  -0.993/+0.994  +0.003/-0.003
Set Default Value of Parameter r To : 15.5
Warning: A value of r is specified in both the --setParameters and --expectSignal options. The argument of --expectSignal will take precedence
Doing initial fit: 
Set Default Value of Parameter r To : 15.5
Warning: A value of r is specified in both the --setParameters and --expectSignal options. The argument of --expectSignal will take precedence
Doing initial fit: 

 --- MultiDimFit ---
Parameter impacts: 

 --- MultiDimFit ---
Parameter impacts: 
  Parameter                                 :   Best-fit               r            
  CMS_NPS26009_MCstat_singleTop_BJetOS_2023 :   +0.000  -0.993/+0.994  +0.007/-0.007

 --- MultiDimFit ---
Parameter impacts: 

 --- MultiDimFit ---
Parameter impacts: 
  Parameter                                        :   Best-fit               r            
  CMS_NPS26009_MCstat_singleTop_BJetOS_2016postVFP :   +0.000  -0.993/+0.994  +0.013/-0.013

 --- MultiDimFit ---
Parameter impacts: 
 <<< Combine >>> 
 <<< v11.0.0 >>>
>>> Random number generator seed is 123456
>>> Method used is MultiDimFit

 --- MultiDimFit ---
Parameter impacts: 
  Parameter                              :   Best-fit               r            
  CMS_NPS26009_MCstat_signal_BJetOS_2023 :   -0.000  -0.994/+0.994  +0.003/-0.003

 --- MultiDimFit ---
Parameter impacts: 
  Parameter                              :   Best-fit               r            
  CMS_NPS26009_MCstat_signal_BJetOS_2022 :   +0.000  -0.994/+0.994  +0.002/-0.002
  Parameter                                       :   Best-fit               r            
  CMS_NPS26009_LightJetStat_DY_BJetOS_2016postVFP :   +0.000  -0.985/+0.986  +0.262/-0.247
 <<< Combine >>> 
 <<< v11.0.0 >>>
>>> Random number generator seed is 123456
>>> Method used is MultiDimFit

 --- MultiDimFit ---
Parameter impacts: 

 --- MultiDimFit ---
Parameter impacts: 

 --- MultiDimFit ---
Parameter impacts: 

 --- MultiDimFit ---
Parameter impacts: 
  Parameter                             :   Best-fit               r            
  CMS_NPS26009_MCstat_other_BJetOS_2017 :   +0.000  -0.994/+0.994  +0.007/-0.007
 <<< Combine >>> 
 <<< v11.0.0 >>>
>>> Random number generator seed is 123456
>>> Method used is MultiDimFit

 --- MultiDimFit ---
Parameter impacts: 

 --- MultiDimFit ---
Parameter impacts: 

 --- MultiDimFit ---
Parameter impacts: 
Set Default Value of Parameter r To : 15.5
Warning: A value of r is specified in both the --setParameters and --expectSignal options. The argument of --expectSignal will take precedence
Doing initial fit: 
  Parameter                                     :   Best-fit               r            
  CMS_NPS26009_MCstat_signal_BJetOS_2016postVFP :   +0.000  -0.994/+0.994  +0.005/-0.005
 <<< Combine >>> 
 <<< v11.0.0 >>>
>>> Random number generator seed is 123456
>>> Method used is MultiDimFit
  Parameter                             :   Best-fit               r            
  CMS_NPS26009_MCstat_ttbar_BJetOS_2017 :   +0.000  -0.993/+0.993  +0.033/-0.029
Set Default Value of Parameter r To : 15.5
Warning: A value of r is specified in both the --setParameters and --expectSignal options. The argument of --expectSignal will take precedence
Doing initial fit: 
 <<< Combine >>> 
 <<< v11.0.0 >>>
>>> Random number generator seed is 123456
>>> Method used is MultiDimFit
 <<< Combine >>> 
 <<< v11.0.0 >>>
>>> Random number generator seed is 123456
>>> Method used is MultiDimFit

 --- MultiDimFit ---
Parameter impacts: 
Set Default Value of Parameter r To : 15.5
Warning: A value of r is specified in both the --setParameters and --expectSignal options. The argument of --expectSignal will take precedence
Doing initial fit: 
  Parameter                              :   Best-fit               r            
  CMS_NPS26009_MCstat_signal_BJetOS_2017 :   +0.000  -0.994/+0.994  +0.006/-0.006
  Parameter                                :   Best-fit               r            
  CMS_NPS26009_LightJetStat_DY_BJetOS_2022 :   +0.000  -0.989/+0.990  +0.012/-0.012
 <<< Combine >>> 
 <<< v11.0.0 >>>
>>> Random number generator seed is 123456
>>> Method used is MultiDimFit
Set Default Value of Parameter r To : 15.5
Warning: A value of r is specified in both the --setParameters and --expectSignal options. The argument of --expectSignal will take precedence
Doing initial fit: 
 <<< Combine >>> 
 <<< v11.0.0 >>>
>>> Random number generator seed is 123456
>>> Method used is MultiDimFit
  Parameter                             :   Best-fit               r            
  CMS_NPS26009_MCstat_ttbar_BJetOS_2022 :   +0.000  -0.983/+0.984  +0.020/-0.017
 <<< Combine >>> 
 <<< v11.0.0 >>>
>>> Random number generator seed is 123456
>>> Method used is MultiDimFit
Set Default Value of Parameter r To : 15.5
Warning: A value of r is specified in both the --setParameters and --expectSignal options. The argument of --expectSignal will take precedence
Doing initial fit: 
  Parameter                             :   Best-fit               r            
  CMS_NPS26009_MCstat_ttbar_BJetOS_2023 :   +0.000  -0.990/+0.989  +0.040/-0.038
  Parameter                                 :   Best-fit               r            
  CMS_NPS26009_MCstat_singleTop_BJetOS_2022 :   +0.000  -0.993/+0.993  +0.006/-0.005
  Parameter                                    :   Best-fit               r            
  CMS_NPS26009_MCstat_ttbar_BJetOS_2016postVFP :   +0.000  -0.989/+0.990  +0.197/-0.178
Set Default Value of Parameter r To : 15.5
Warning: A value of r is specified in both the --setParameters and --expectSignal options. The argument of --expectSignal will take precedence
Doing initial fit: 
  Parameter                                 :   Best-fit               r            
  CMS_NPS26009_MCstat_singleTop_BJetOS_2017 :   +0.000  -0.994/+0.994  +0.010/-0.010
 <<< Combine >>> 
 <<< v11.0.0 >>>
>>> Random number generator seed is 123456
>>> Method used is MultiDimFit
 <<< Combine >>> 
 <<< v11.0.0 >>>
>>> Random number generator seed is 123456
>>> Method used is MultiDimFit
  Parameter                             :   Best-fit               r            
  CMS_NPS26009_MCstat_other_BJetOS_2023 :   +0.000  -0.994/+0.994  +0.003/-0.003
  Parameter                                    :   Best-fit               r            
  CMS_NPS26009_MCstat_other_BJetOS_2016postVFP :   -0.000  -0.994/+0.994  +0.009/-0.010
Set Default Value of Parameter r To : 15.5
Warning: A value of r is specified in both the --setParameters and --expectSignal options. The argument of --expectSignal will take precedence
Doing initial fit: 
Set Default Value of Parameter r To : 15.5
Warning: A value of r is specified in both the --setParameters and --expectSignal options. The argument of --expectSignal will take precedence
Doing initial fit: 
 <<< Combine >>> 
 <<< v11.0.0 >>>
>>> Random number generator seed is 123456
>>> Method used is MultiDimFit
 <<< Combine >>> 
 <<< v11.0.0 >>>
>>> Random number generator seed is 123456
>>> Method used is MultiDimFit
 <<< Combine >>> 
 <<< v11.0.0 >>>
>>> Random number generator seed is 123456
>>> Method used is MultiDimFit
Set Default Value of Parameter r To : 15.5
Warning: A value of r is specified in both the --setParameters and --expectSignal options. The argument of --expectSignal will take precedence
Doing initial fit: 
 <<< Combine >>> 
 <<< v11.0.0 >>>
>>> Random number generator seed is 123456
>>> Method used is MultiDimFit
 <<< Combine >>> 
 <<< v11.0.0 >>>
>>> Random number generator seed is 123456
>>> Method used is MultiDimFit
Set Default Value of Parameter r To : 15.5
Warning: A value of r is specified in both the --setParameters and --expectSignal options. The argument of --expectSignal will take precedence
Doing initial fit: 
 <<< Combine >>> 
 <<< v11.0.0 >>>
>>> Random number generator seed is 123456
>>> Method used is MultiDimFit
Set Default Value of Parameter r To : 15.5
Warning: A value of r is specified in both the --setParameters and --expectSignal options. The argument of --expectSignal will take precedence
Doing initial fit: 
 <<< Combine >>> 
 <<< v11.0.0 >>>
>>> Random number generator seed is 123456
>>> Method used is MultiDimFit
Set Default Value of Parameter r To : 15.5
Warning: A value of r is specified in both the --setParameters and --expectSignal options. The argument of --expectSignal will take precedence
Doing initial fit: 
Set Default Value of Parameter r To : 15.5
Warning: A value of r is specified in both the --setParameters and --expectSignal options. The argument of --expectSignal will take precedence
Doing initial fit: 
Set Default Value of Parameter r To : 15.5
Warning: A value of r is specified in both the --setParameters and --expectSignal options. The argument of --expectSignal will take precedence
Doing initial fit: 
Set Default Value of Parameter r To : 15.5
Warning: A value of r is specified in both the --setParameters and --expectSignal options. The argument of --expectSignal will take precedence
Doing initial fit: 
Set Default Value of Parameter r To : 15.5
Warning: A value of r is specified in both the --setParameters and --expectSignal options. The argument of --expectSignal will take precedence
Doing initial fit: 
Set Default Value of Parameter r To : 15.5
Warning: A value of r is specified in both the --setParameters and --expectSignal options. The argument of --expectSignal will take precedence
Doing initial fit: 
Set Default Value of Parameter r To : 15.5
Warning: A value of r is specified in both the --setParameters and --expectSignal options. The argument of --expectSignal will take precedence
Doing initial fit: 

 --- MultiDimFit ---
Parameter impacts: 
  Parameter                                    :   Best-fit               r            
  CMS_NPS26009_LightJetStat_DY_BJetOS_2023BPix :   +0.000  -0.990/+0.990  +0.174/-0.157

 --- MultiDimFit ---
Parameter impacts: 
 <<< Combine >>> 
 <<< v11.0.0 >>>
>>> Random number generator seed is 123456
>>> Method used is MultiDimFit

 --- MultiDimFit ---
Parameter impacts: 
  Parameter                                       :   Best-fit               r            
  CMS_NPS26009_MCstat_singleTop_BJetOS_2016preVFP :   +0.000  -0.994/+0.994  +0.017/-0.016

 --- MultiDimFit ---
Parameter impacts: 
Set Default Value of Parameter r To : 15.5
Warning: A value of r is specified in both the --setParameters and --expectSignal options. The argument of --expectSignal will take precedence
Doing initial fit: 

 --- MultiDimFit ---
Parameter impacts: 
 <<< Combine >>> 
 <<< v11.0.0 >>>
>>> Random number generator seed is 123456
>>> Method used is MultiDimFit

 --- MultiDimFit ---
Parameter impacts: 
  Parameter                                      :   Best-fit               r            
  CMS_NPS26009_LightJetStat_DY_BJetOS_2016preVFP :   +0.000  -0.984/+0.985  +0.366/-0.349

 --- MultiDimFit ---
Parameter impacts: 
  Parameter                                  :   Best-fit               r            
  CMS_NPS26009_MCstat_signal_BJetOS_2023BPix :   +0.000  -0.994/+0.994  +0.003/-0.003

 --- MultiDimFit ---
Parameter impacts: 

 --- MultiDimFit ---
Parameter impacts: 
  Parameter                               :   Best-fit               r            
  CMS_NPS26009_MCstat_other_BJetOS_2022EE :   +0.000  -0.994/+0.994  +0.003/-0.003
Set Default Value of Parameter r To : 15.5
Warning: A value of r is specified in both the --setParameters and --expectSignal options. The argument of --expectSignal will take precedence
Doing initial fit: 
 <<< Combine >>> 
 <<< v11.0.0 >>>
>>> Random number generator seed is 123456
>>> Method used is MultiDimFit

 --- MultiDimFit ---
Parameter impacts: 

 --- MultiDimFit ---
Parameter impacts: 
  Parameter                                     :   Best-fit               r            
  CMS_NPS26009_MCstat_singleTop_BJetOS_2023BPix :   +0.000  -0.994/+0.994  +0.005/-0.005
 <<< Combine >>> 
 <<< v11.0.0 >>>
>>> Random number generator seed is 123456
>>> Method used is MultiDimFit

 --- MultiDimFit ---
Parameter impacts: 

 --- MultiDimFit ---
Parameter impacts: 
  Parameter                               :   Best-fit               r            
  CMS_NPS26009_MCstat_ttbar_BJetOS_2022EE :   +0.000  -0.987/+0.988  -0.080/+0.070
  Parameter                                :   Best-fit               r            
  CMS_NPS26009_LightJetStat_DY_BJetOS_2018 :   +0.000  -0.990/+0.989  +0.342/-0.329

 --- MultiDimFit ---
Parameter impacts: 
 <<< Combine >>> 
 <<< v11.0.0 >>>
>>> Random number generator seed is 123456
>>> Method used is MultiDimFit

 --- MultiDimFit ---
Parameter impacts: 
  Parameter                                   :   Best-fit               r            
  CMS_NPS26009_MCstat_singleTop_BJetOS_2022EE :   +0.000  -0.994/+0.993  +0.008/-0.008
Set Default Value of Parameter r To : 15.5
Warning: A value of r is specified in both the --setParameters and --expectSignal options. The argument of --expectSignal will take precedence
Doing initial fit: 
  Parameter                                    :   Best-fit               r            
  CMS_NPS26009_MCstat_signal_BJetOS_2016preVFP :   +0.000  -0.994/+0.994  +0.006/-0.006
  Parameter                             :   Best-fit               r            
  CMS_NPS26009_MCstat_ttbar_BJetOS_2018 :   +0.000  -0.993/+0.992  +0.217/-0.208

 --- MultiDimFit ---
Parameter impacts: 
 <<< Combine >>> 
 <<< v11.0.0 >>>
>>> Random number generator seed is 123456
>>> Method used is MultiDimFit
 <<< Combine >>> 
 <<< v11.0.0 >>>
>>> Random number generator seed is 123456
>>> Method used is MultiDimFit
  Parameter                                   :   Best-fit               r            
  CMS_NPS26009_MCstat_ttbar_BJetOS_2016preVFP :   +0.000  -0.990/+0.990  +0.257/-0.237
 <<< Combine >>> 
 <<< v11.0.0 >>>
>>> Random number generator seed is 123456
>>> Method used is MultiDimFit
  Parameter                                :   Best-fit               r            
  CMS_NPS26009_MCstat_signal_BJetOS_2022EE :   -0.000  -0.994/+0.994  +0.003/-0.003
Set Default Value of Parameter r To : 15.5
Warning: A value of r is specified in both the --setParameters and --expectSignal options. The argument of --expectSignal will take precedence
Doing initial fit: 
  Parameter                             :   Best-fit               r            
  CMS_NPS26009_MCstat_other_BJetOS_2018 :   +0.000  -0.994/+0.994  +0.013/-0.013

 --- MultiDimFit ---
Parameter impacts: 
Set Default Value of Parameter r To : 15.5
Warning: A value of r is specified in both the --setParameters and --expectSignal options. The argument of --expectSignal will take precedence
Doing initial fit: 
 <<< Combine >>> 
 <<< v11.0.0 >>>
>>> Random number generator seed is 123456
>>> Method used is MultiDimFit

 --- MultiDimFit ---
Parameter impacts: 
 <<< Combine >>> 
 <<< v11.0.0 >>>
>>> Random number generator seed is 123456
>>> Method used is MultiDimFit
 <<< Combine >>> 
 <<< v11.0.0 >>>
>>> Random number generator seed is 123456
>>> Method used is MultiDimFit
 <<< Combine >>> 
 <<< v11.0.0 >>>
>>> Random number generator seed is 123456
>>> Method used is MultiDimFit
  Parameter                                 :   Best-fit               r            
  CMS_NPS26009_MCstat_other_BJetOS_2023BPix :   +0.000  -0.994/+0.993  +0.009/-0.009

 --- MultiDimFit ---
Parameter impacts: 
 <<< Combine >>> 
 <<< v11.0.0 >>>
>>> Random number generator seed is 123456
>>> Method used is MultiDimFit
 <<< Combine >>> 
 <<< v11.0.0 >>>
Set Default Value of Parameter r To : 15.5
>>> Random number generator seed is 123456
>>> Method used is MultiDimFit
  Parameter                              :   Best-fit               r            
  CMS_NPS26009_MCstat_signal_BJetOS_2018 :   -0.000  -0.994/+0.994  +0.014/-0.014
Warning: A value of r is specified in both the --setParameters and --expectSignal options. The argument of --expectSignal will take precedence
Doing initial fit: 
Set Default Value of Parameter r To : 15.5
Warning: A value of r is specified in both the --setParameters and --expectSignal options. The argument of --expectSignal will take precedence
Doing initial fit: 
  Parameter                                 :   Best-fit               r            
  CMS_NPS26009_MCstat_ttbar_BJetOS_2023BPix :   +0.000  -0.982/+0.982  +0.305/-0.253
Set Default Value of Parameter r To : 15.5
Warning: A value of r is specified in both the --setParameters and --expectSignal options. The argument of --expectSignal will take precedence
Doing initial fit: 
  Parameter                                   :   Best-fit               r            
  CMS_NPS26009_MCstat_other_BJetOS_2016preVFP :   +0.000  -0.994/+0.994  +0.010/-0.010
Set Default Value of Parameter r To : 15.5
Warning: A value of r is specified in both the --setParameters and --expectSignal options. The argument of --expectSignal will take precedence
Doing initial fit: 

 --- MultiDimFit ---
Parameter impacts: 
Set Default Value of Parameter r To : 15.5
Warning: A value of r is specified in both the --setParameters and --expectSignal options. The argument of --expectSignal will take precedence
Doing initial fit: 
 <<< Combine >>> 
 <<< v11.0.0 >>>
>>> Random number generator seed is 123456
>>> Method used is MultiDimFit
Set Default Value of Parameter r To : 15.5
Warning: A value of r is specified in both the --setParameters and --expectSignal options. The argument of --expectSignal will take precedence
Doing initial fit: 
Set Default Value of Parameter r To : 15.5
Warning: A value of r is specified in both the --setParameters and --expectSignal options. The argument of --expectSignal will take precedence
Doing initial fit: 
 <<< Combine >>> 
 <<< v11.0.0 >>>
>>> Random number generator seed is 123456
>>> Method used is MultiDimFit
  Parameter                                  :   Best-fit               r            
  CMS_NPS26009_LightJetStat_DY_BJetOS_2022EE :   +0.000  -0.990/+0.991  -0.064/+0.049
 <<< Combine >>> 
 <<< v11.0.0 >>>
>>> Random number generator seed is 123456
>>> Method used is MultiDimFit
Set Default Value of Parameter r To : 15.5
Warning: A value of r is specified in both the --setParameters and --expectSignal options. The argument of --expectSignal will take precedence
Doing initial fit: 
Set Default Value of Parameter r To : 15.5
Warning: A value of r is specified in both the --setParameters and --expectSignal options. The argument of --expectSignal will take precedence
Doing initial fit: 
 <<< Combine >>> 
 <<< v11.0.0 >>>
>>> Random number generator seed is 123456
>>> Method used is MultiDimFit
Set Default Value of Parameter r To : 15.5
Warning: A value of r is specified in both the --setParameters and --expectSignal options. The argument of --expectSignal will take precedence
Doing initial fit: 
  Parameter                                 :   Best-fit               r            
  CMS_NPS26009_MCstat_singleTop_BJetOS_2018 :   +0.000  -0.994/+0.994  +0.019/-0.018
 <<< Combine >>> 
 <<< v11.0.0 >>>
>>> Random number generator seed is 123456
>>> Method used is MultiDimFit
Set Default Value of Parameter r To : 15.5
Warning: A value of r is specified in both the --setParameters and --expectSignal options. The argument of --expectSignal will take precedence
Doing initial fit: 
Set Default Value of Parameter r To : 15.5
Warning: A value of r is specified in both the --setParameters and --expectSignal options. The argument of --expectSignal will take precedence
Doing initial fit: 
Set Default Value of Parameter r To : 15.5
Warning: A value of r is specified in both the --setParameters and --expectSignal options. The argument of --expectSignal will take precedence
Doing initial fit: 
 <<< Combine >>> 
 <<< v11.0.0 >>>
>>> Random number generator seed is 123456
>>> Method used is MultiDimFit
Set Default Value of Parameter r To : 15.5
Warning: A value of r is specified in both the --setParameters and --expectSignal options. The argument of --expectSignal will take precedence
Doing initial fit: 
Set Default Value of Parameter r To : 15.5
Warning: A value of r is specified in both the --setParameters and --expectSignal options. The argument of --expectSignal will take precedence
Doing initial fit: 

 --- MultiDimFit ---
Parameter impacts: 

 --- MultiDimFit ---
Parameter impacts: 
  Parameter                          :   Best-fit               r            
  CMS_NPS26009_NFStat_DY_BJetOS_2017 :   +0.105  -0.010/+0.010  +0.263/-0.079
  Parameter                            :   Best-fit               r            
  CMS_NPS26009_NFModel_DY_BJetOS_13TeV :   +0.000  -0.674/+0.728  +2.923/-2.975
 <<< Combine >>> 
 <<< v11.0.0 >>>
>>> Random number generator seed is 123456
>>> Method used is MultiDimFit
 <<< Combine >>> 
 <<< v11.0.0 >>>
>>> Random number generator seed is 123456
>>> Method used is MultiDimFit
Set Default Value of Parameter r To : 15.5
Warning: A value of r is specified in both the --setParameters and --expectSignal options. The argument of --expectSignal will take precedence
Doing initial fit: 
Set Default Value of Parameter r To : 15.5
Warning: A value of r is specified in both the --setParameters and --expectSignal options. The argument of --expectSignal will take precedence
Doing initial fit: 

 --- MultiDimFit ---
Parameter impacts: 
  Parameter                             :   Best-fit               r            
  CMS_NPS26009_bckgNorm_QCD_BJetOS_2017 :   -0.000  -0.992/+0.991  +0.044/-0.042

 --- MultiDimFit ---
Parameter impacts: 

 --- MultiDimFit ---
Parameter impacts: 

 --- MultiDimFit ---
Parameter impacts: 

 --- MultiDimFit ---
Parameter impacts: 
  Parameter                          :   Best-fit               r            
  CMS_NPS26009_NFStat_DY_BJetOS_2023 :   +0.074  -0.010/+0.010  +0.345/-0.309
 <<< Combine >>> 
 <<< v11.0.0 >>>
>>> Random number generator seed is 123456
>>> Method used is MultiDimFit
  Parameter                                 :   Best-fit               r            
  CMS_NPS26009_NFStat_DY_BJetOS_2016postVFP :   +0.105  -0.011/+0.011  +1.095/-1.002

 --- MultiDimFit ---
Parameter impacts: 
  Parameter                           :   Best-fit               r            
  CMS_NPS26009_QCDscale_fac_singleTop :   +0.000  -0.994/+0.994  +0.012/+0.001

 --- MultiDimFit ---
Parameter impacts: 
  Parameter                             :   Best-fit               r            
  CMS_NPS26009_bckgNorm_QCD_BJetOS_2022 :   -0.000  -0.993/+0.993  +0.004/-0.004
 <<< Combine >>> 
 <<< v11.0.0 >>>
>>> Random number generator seed is 123456
>>> Method used is MultiDimFit

 --- MultiDimFit ---
Parameter impacts: 
Set Default Value of Parameter r To : 15.5
Warning: A value of r is specified in both the --setParameters and --expectSignal options. The argument of --expectSignal will take precedence
 <<< Combine >>> 
 <<< v11.0.0 >>>
>>> Random number generator seed is 123456
>>> Method used is MultiDimFit
Doing initial fit: 

 --- MultiDimFit ---
Parameter impacts: 
 <<< Combine >>> 
 <<< v11.0.0 >>>
>>> Random number generator seed is 123456
>>> Method used is MultiDimFit
  Parameter                          :   Best-fit               r            
  CMS_NPS26009_NFStat_DY_BJetOS_2022 :   +0.070  -0.012/+0.012  +0.062/-0.041
 <<< Combine >>> 
 <<< v11.0.0 >>>
>>> Random number generator seed is 123456
>>> Method used is MultiDimFit

 --- MultiDimFit ---
Parameter impacts: 
  Parameter                                    :   Best-fit               r            
  CMS_NPS26009_bckgNorm_QCD_BJetOS_2016postVFP :   +0.000  -0.994/+0.994  +0.000/-0.000
Set Default Value of Parameter r To : 15.5
Warning: A value of r is specified in both the --setParameters and --expectSignal options. The argument of --expectSignal will take precedence
Doing initial fit: 
Set Default Value of Parameter r To : 15.5
Warning: A value of r is specified in both the --setParameters and --expectSignal options. The argument of --expectSignal will take precedence
Doing initial fit: 
  Parameter                                     :   Best-fit               r            
  CMS_NPS26009_bckgShape_QCD_BJetOS_2016postVFP :  +14.825  -3.965/+3.966  +0.315/-0.313
 <<< Combine >>> 
 <<< v11.0.0 >>>
>>> Random number generator seed is 123456
>>> Method used is MultiDimFit
  Parameter                                             :   Best-fit               r            
  CMS_NPS26009_btag_fixedWP_incl_light_correlated_13TeV :   +0.000  -0.993/+0.994  +0.238/-0.235
Set Default Value of Parameter r To : 15.5
Warning: A value of r is specified in both the --setParameters and --expectSignal options. The argument of --expectSignal will take precedence
Doing initial fit: 
Set Default Value of Parameter r To : 15.5
Warning: A value of r is specified in both the --setParameters and --expectSignal options. The argument of --expectSignal will take precedence
Doing initial fit: 

 --- MultiDimFit ---
Parameter impacts: 
 <<< Combine >>> 
 <<< v11.0.0 >>>
>>> Random number generator seed is 123456
>>> Method used is MultiDimFit

 --- MultiDimFit ---
Parameter impacts: 

 --- MultiDimFit ---
Parameter impacts: 
 <<< Combine >>> 
 <<< v11.0.0 >>>
>>> Random number generator seed is 123456
>>> Method used is MultiDimFit

 --- MultiDimFit ---
Parameter impacts: 
  Parameter                              :   Best-fit               r            
  CMS_NPS26009_bckgShape_QCD_BJetOS_2017 :  +44.051  -14.811/+14.845  +0.138/-0.052
 <<< Combine >>> 
 <<< v11.0.0 >>>
>>> Random number generator seed is 123456
>>> Method used is MultiDimFit
Set Default Value of Parameter r To : 15.5
Warning: A value of r is specified in both the --setParameters and --expectSignal options. The argument of --expectSignal will take precedence
Doing initial fit: 
  Parameter                              :   Best-fit               r            
  CMS_NPS26009_bckgShape_QCD_BJetOS_2023 :  +16.737  -12.237/+12.828  +1.258/-0.883
Set Default Value of Parameter r To : 15.5
Warning: A value of r is specified in both the --setParameters and --expectSignal options. The argument of --expectSignal will take precedence
Doing initial fit: 
  Parameter                              :   Best-fit               r            
  CMS_NPS26009_eff_m_trigger_2016postVFP :   -0.000  -0.994/+0.994  +0.006/-0.006
 <<< Combine >>> 
 <<< v11.0.0 >>>
>>> Random number generator seed is 123456
>>> Method used is MultiDimFit

 --- MultiDimFit ---
Parameter impacts: 
Set Default Value of Parameter r To : 15.5
Warning: A value of r is specified in both the --setParameters and --expectSignal options. The argument of --expectSignal will take precedence
Doing initial fit: 

 --- MultiDimFit ---
Parameter impacts: 
  Parameter                             :   Best-fit               r            
  CMS_NPS26009_bckgNorm_QCD_BJetOS_2023 :   -0.000  -0.970/+0.968  +0.342/-0.253
  Parameter                  :   Best-fit               r            
  CMS_NPS26009_eff_m_id_Run2 :   +0.000  -0.994/+0.994  +0.016/-0.016
 <<< Combine >>> 
 <<< v11.0.0 >>>
>>> Random number generator seed is 123456
>>> Method used is MultiDimFit
Set Default Value of Parameter r To : 15.5
Warning: A value of r is specified in both the --setParameters and --expectSignal options. The argument of --expectSignal will take precedence
Doing initial fit: 
 <<< Combine >>> 
 <<< v11.0.0 >>>
>>> Random number generator seed is 123456
>>> Method used is MultiDimFit
Set Default Value of Parameter r To : 15.5
Warning: A value of r is specified in both the --setParameters and --expectSignal options. The argument of --expectSignal will take precedence
Doing initial fit: 
 <<< Combine >>> 
 <<< v11.0.0 >>>
>>> Random number generator seed is 123456
>>> Method used is MultiDimFit
 <<< Combine >>> 
 <<< v11.0.0 >>>
>>> Random number generator seed is 123456
>>> Method used is MultiDimFit
  Parameter                       :   Best-fit               r            
  CMS_NPS26009_eff_m_trigger_2017 :   +0.000  -0.994/+0.994  +0.006/-0.006
  Parameter                              :   Best-fit               r            
  CMS_NPS26009_bckgShape_QCD_BJetOS_2022 :   +2.077  -1.581/+1.582  +0.017/-0.017
Set Default Value of Parameter r To : 15.5
Warning: A value of r is specified in both the --setParameters and --expectSignal options. The argument of --expectSignal will take precedence
Doing initial fit: 

 --- MultiDimFit ---
Parameter impacts: 

 --- MultiDimFit ---
Parameter impacts: 
Set Default Value of Parameter r To : 15.5
Warning: A value of r is specified in both the --setParameters and --expectSignal options. The argument of --expectSignal will take precedence
Doing initial fit: 
 <<< Combine >>> 
 <<< v11.0.0 >>>
>>> Random number generator seed is 123456
>>> Method used is MultiDimFit
Set Default Value of Parameter r To : 15.5
Warning: A value of r is specified in both the --setParameters and --expectSignal options. The argument of --expectSignal will take precedence
Doing initial fit: 
Set Default Value of Parameter r To : 15.5
Warning: A value of r is specified in both the --setParameters and --expectSignal options. The argument of --expectSignal will take precedence
Doing initial fit: 
 <<< Combine >>> 
 <<< v11.0.0 >>>
>>> Random number generator seed is 123456
>>> Method used is MultiDimFit
  Parameter                       :   Best-fit               r            
  CMS_NPS26009_eff_m_trigger_2022 :   -0.000  -0.994/+0.994  +0.002/-0.002
Set Default Value of Parameter r To : 15.5
Warning: A value of r is specified in both the --setParameters and --expectSignal options. The argument of --expectSignal will take precedence
Doing initial fit: 
  Parameter                                          :   Best-fit               r            
  CMS_NPS26009_btag_fixedWP_comb_bc_correlated_13TeV :   +0.000  -0.989/+0.989  +0.772/-0.774
Set Default Value of Parameter r To : 15.5
Warning: A value of r is specified in both the --setParameters and --expectSignal options. The argument of --expectSignal will take precedence
Doing initial fit: 
 <<< Combine >>> 
 <<< v11.0.0 >>>
>>> Random number generator seed is 123456
>>> Method used is MultiDimFit
 <<< Combine >>> 
 <<< v11.0.0 >>>
>>> Random number generator seed is 123456
>>> Method used is MultiDimFit
Set Default Value of Parameter r To : 15.5
Warning: A value of r is specified in both the --setParameters and --expectSignal options. The argument of --expectSignal will take precedence
Doing initial fit: 
Set Default Value of Parameter r To : 15.5
Warning: A value of r is specified in both the --setParameters and --expectSignal options. The argument of --expectSignal will take precedence
Doing initial fit: 

 --- MultiDimFit ---
Parameter impacts: 

 --- MultiDimFit ---
Parameter impacts: 
  Parameter                              :   Best-fit               r            
  CMS_NPS26009_NFModel_DY_BJetOS_13p6TeV :   +0.000  -0.848/+0.857  +0.685/-1.111
  Parameter                          :   Best-fit               r            
  CMS_NPS26009_NFStat_DY_BJetOS_2018 :   +0.122  -0.010/+0.009  +1.976/-1.905
 <<< Combine >>> 
 <<< v11.0.0 >>>
>>> Random number generator seed is 123456
>>> Method used is MultiDimFit

 --- MultiDimFit ---
Parameter impacts: 
 <<< Combine >>> 
 <<< v11.0.0 >>>
>>> Random number generator seed is 123456
>>> Method used is MultiDimFit
Set Default Value of Parameter r To : 15.5
Warning: A value of r is specified in both the --setParameters and --expectSignal options. The argument of --expectSignal will take precedence
Doing initial fit: 
Set Default Value of Parameter r To : 15.5
Warning: A value of r is specified in both the --setParameters and --expectSignal options. The argument of --expectSignal will take precedence
Doing initial fit: 
  Parameter                            :   Best-fit               r            
  CMS_NPS26009_NFStat_DY_BJetOS_2022EE :   +0.074  -0.008/+0.008  -0.291/+0.132
 <<< Combine >>> 
 <<< v11.0.0 >>>
>>> Random number generator seed is 123456
>>> Method used is MultiDimFit

 --- MultiDimFit ---
Parameter impacts: 

 --- MultiDimFit ---
Parameter impacts: 

 --- MultiDimFit ---
Parameter impacts: 
  Parameter                             :   Best-fit               r            
  CMS_NPS26009_bckgNorm_QCD_BJetOS_2018 :   -0.000  -0.992/+0.991  +0.258/-0.271
Set Default Value of Parameter r To : 15.5
Warning: A value of r is specified in both the --setParameters and --expectSignal options. The argument of --expectSignal will take precedence
Doing initial fit: 

 --- MultiDimFit ---
Parameter impacts: 

 --- MultiDimFit ---
Parameter impacts: 
 <<< Combine >>> 
 <<< v11.0.0 >>>
>>> Random number generator seed is 123456
>>> Method used is MultiDimFit

 --- MultiDimFit ---
Parameter impacts: 
  Parameter                                               :   Best-fit               r            
  CMS_NPS26009_btag_fixedWP_incl_light_correlated_13p6TeV :   +0.000  -0.993/+0.994  +0.017/-0.017

 --- MultiDimFit ---
Parameter impacts: 
  Parameter                              :   Best-fit               r            
  CMS_NPS26009_NFStat_DY_BJetOS_2023BPix :   +0.065  -0.011/+0.011  +0.586/-0.431

 --- MultiDimFit ---
Parameter impacts: 
  Parameter                               :   Best-fit               r            
  CMS_NPS26009_bckgNorm_QCD_BJetOS_2022EE :   -0.000  -0.994/+0.994  +0.001/-0.001
  Parameter                                   :   Best-fit               r            
  CMS_NPS26009_bckgNorm_QCD_BJetOS_2016preVFP :   -0.000  -0.992/+0.991  +0.177/-0.191
  Parameter                                :   Best-fit               r            
  CMS_NPS26009_NFStat_DY_BJetOS_2016preVFP :   +0.140  -0.015/+0.015  +1.417/-1.443
 <<< Combine >>> 
 <<< v11.0.0 >>>
>>> Random number generator seed is 123456
>>> Method used is MultiDimFit
Set Default Value of Parameter r To : 15.5
Warning: A value of r is specified in both the --setParameters and --expectSignal options. The argument of --expectSignal will take precedence
Doing initial fit: 
 <<< Combine >>> 
 <<< v11.0.0 >>>
>>> Random number generator seed is 123456
>>> Method used is MultiDimFit
  Parameter                           :   Best-fit               r            
  CMS_NPS26009_QCDscale_ren_singleTop :   +0.000  -0.994/+0.994  -0.233/+0.290

 --- MultiDimFit ---
Parameter impacts: 
  Parameter                                  :   Best-fit               r            
  CMS_NPS26009_bckgShape_QCD_BJetOS_2023BPix :   +4.838  -2.786/+2.786  +0.418/-0.375
 <<< Combine >>> 
 <<< v11.0.0 >>>
>>> Random number generator seed is 123456
>>> Method used is MultiDimFit

 --- MultiDimFit ---
Parameter impacts: 
 <<< Combine >>> 
 <<< v11.0.0 >>>
>>> Random number generator seed is 123456
>>> Method used is MultiDimFit
 <<< Combine >>> 
 <<< v11.0.0 >>>
>>> Random number generator seed is 123456
>>> Method used is MultiDimFit
Set Default Value of Parameter r To : 15.5
Warning: A value of r is specified in both the --setParameters and --expectSignal options. The argument of --expectSignal will take precedence
Doing initial fit: 
 <<< Combine >>> 
 <<< v11.0.0 >>>
>>> Random number generator seed is 123456
>>> Method used is MultiDimFit
Set Default Value of Parameter r To : 15.5
Warning: A value of r is specified in both the --setParameters and --expectSignal options. The argument of --expectSignal will take precedence
Doing initial fit: 
 <<< Combine >>> 
 <<< v11.0.0 >>>
>>> Random number generator seed is 123456
>>> Method used is MultiDimFit
Set Default Value of Parameter r To : 15.5
Warning: A value of r is specified in both the --setParameters and --expectSignal options. The argument of --expectSignal will take precedence
Doing initial fit: 
  Parameter                                 :   Best-fit               r            
  CMS_NPS26009_bckgNorm_QCD_BJetOS_2023BPix :   -0.000  -0.992/+0.991  +0.018/-0.134
Set Default Value of Parameter r To : 15.5
Warning: A value of r is specified in both the --setParameters and --expectSignal options. The argument of --expectSignal will take precedence
Doing initial fit: 
Set Default Value of Parameter r To : 15.5
Warning: A value of r is specified in both the --setParameters and --expectSignal options. The argument of --expectSignal will take precedence
Doing initial fit: 
  Parameter                                :   Best-fit               r            
  CMS_NPS26009_bckgShape_QCD_BJetOS_2022EE :   +2.814  -7.655/+7.648  -0.301/+0.118
Set Default Value of Parameter r To : 15.5
Warning: A value of r is specified in both the --setParameters and --expectSignal options. The argument of --expectSignal will take precedence
Doing initial fit: 
Set Default Value of Parameter r To : 15.5
Warning: A value of r is specified in both the --setParameters and --expectSignal options. The argument of --expectSignal will take precedence
Doing initial fit: 
 <<< Combine >>> 
 <<< v11.0.0 >>>
>>> Random number generator seed is 123456
>>> Method used is MultiDimFit

 --- MultiDimFit ---
Parameter impacts: 
 <<< Combine >>> 
 <<< v11.0.0 >>>
>>> Random number generator seed is 123456
>>> Method used is MultiDimFit

 --- MultiDimFit ---
Parameter impacts: 

 --- MultiDimFit ---
Parameter impacts: 

 --- MultiDimFit ---
Parameter impacts: 

 --- MultiDimFit ---
Parameter impacts: 
Set Default Value of Parameter r To : 15.5
Warning: A value of r is specified in both the --setParameters and --expectSignal options. The argument of --expectSignal will take precedence
Doing initial fit: 
  Parameter                  :   Best-fit               r            
  CMS_NPS26009_eff_m_id_Run3 :   +0.000  -0.994/+0.994  +0.008/-0.008
Set Default Value of Parameter r To : 15.5
Warning: A value of r is specified in both the --setParameters and --expectSignal options. The argument of --expectSignal will take precedence
Doing initial fit: 
  Parameter                              :   Best-fit               r            
  CMS_NPS26009_bckgShape_QCD_BJetOS_2018 :  +71.602  -17.254/+17.254  +0.826/-0.824
  Parameter                             :   Best-fit               r            
  CMS_NPS26009_eff_m_trigger_2016preVFP :   +0.000  -0.994/+0.994  +0.010/-0.010

 --- MultiDimFit ---
Parameter impacts: 
  Parameter                       :   Best-fit               r            
  CMS_NPS26009_eff_m_trigger_2018 :   +0.000  -0.994/+0.994  +0.011/-0.011
  Parameter                                    :   Best-fit               r            
  CMS_NPS26009_bckgShape_QCD_BJetOS_2016preVFP :  +14.184  -8.819/+8.828  +0.834/-0.810
 <<< Combine >>> 
 <<< v11.0.0 >>>
>>> Random number generator seed is 123456
>>> Method used is MultiDimFit
 <<< Combine >>> 
 <<< v11.0.0 >>>
>>> Random number generator seed is 123456
>>> Method used is MultiDimFit
 <<< Combine >>> 
 <<< v11.0.0 >>>
>>> Random number generator seed is 123456
>>> Method used is MultiDimFit
 <<< Combine >>> 
 <<< v11.0.0 >>>
>>> Random number generator seed is 123456
>>> Method used is MultiDimFit
  Parameter                                            :   Best-fit               r            
  CMS_NPS26009_btag_fixedWP_comb_bc_correlated_13p6TeV :   +0.000  -0.959/+0.959  +0.206/-0.238
 <<< Combine >>> 
 <<< v11.0.0 >>>
>>> Random number generator seed is 123456
>>> Method used is MultiDimFit

 --- MultiDimFit ---
Parameter impacts: 
Set Default Value of Parameter r To : 15.5
Warning: A value of r is specified in both the --setParameters and --expectSignal options. The argument of --expectSignal will take precedence
Doing initial fit: 
Set Default Value of Parameter r To : 15.5
Warning: A value of r is specified in both the --setParameters and --expectSignal options. The argument of --expectSignal will take precedence
Doing initial fit: 
 <<< Combine >>> 
 <<< v11.0.0 >>>
>>> Random number generator seed is 123456
>>> Method used is MultiDimFit
Set Default Value of Parameter r To : 15.5
Warning: A value of r is specified in both the --setParameters and --expectSignal options. The argument of --expectSignal will take precedence
Doing initial fit: 
Set Default Value of Parameter r To : 15.5
Warning: A value of r is specified in both the --setParameters and --expectSignal options. The argument of --expectSignal will take precedence
Doing initial fit: 
Set Default Value of Parameter r To : 15.5
Warning: A value of r is specified in both the --setParameters and --expectSignal options. The argument of --expectSignal will take precedence
Doing initial fit: 
  Parameter                         :   Best-fit               r            
  CMS_NPS26009_eff_m_trigger_2022EE :   +0.000  -0.994/+0.994  +0.002/-0.002
Set Default Value of Parameter r To : 15.5
Warning: A value of r is specified in both the --setParameters and --expectSignal options. The argument of --expectSignal will take precedence
Doing initial fit: 
 <<< Combine >>> 
 <<< v11.0.0 >>>
>>> Random number generator seed is 123456
>>> Method used is MultiDimFit

 --- MultiDimFit ---
Parameter impacts: 
Set Default Value of Parameter r To : 15.5
Warning: A value of r is specified in both the --setParameters and --expectSignal options. The argument of --expectSignal will take precedence
Doing initial fit: 
  Parameter                       :   Best-fit               r            
  CMS_NPS26009_eff_m_trigger_2023 :   +0.000  -0.994/+0.994  +0.002/-0.002

 --- MultiDimFit ---
Parameter impacts: 
 <<< Combine >>> 
 <<< v11.0.0 >>>
>>> Random number generator seed is 123456
>>> Method used is MultiDimFit
Set Default Value of Parameter r To : 15.5
Warning: A value of r is specified in both the --setParameters and --expectSignal options. The argument of --expectSignal will take precedence
Doing initial fit: 
  Parameter              :   Best-fit               r            
  CMS_NPS26009_lumi_2016 :   +0.000  -0.988/+0.988  +0.405/-0.411
 <<< Combine >>> 
 <<< v11.0.0 >>>
>>> Random number generator seed is 123456
>>> Method used is MultiDimFit
Set Default Value of Parameter r To : 15.5
Warning: A value of r is specified in both the --setParameters and --expectSignal options. The argument of --expectSignal will take precedence
Doing initial fit: 

 --- MultiDimFit ---
Parameter impacts: 

 --- MultiDimFit ---
Parameter impacts: 

 --- MultiDimFit ---
Parameter impacts: 
  Parameter              :   Best-fit               r            
  CMS_NPS26009_lumi_2018 :   -0.000  -0.962/+0.962  +0.808/-0.847

 --- MultiDimFit ---
Parameter impacts: 

 --- MultiDimFit ---
Parameter impacts: 
 <<< Combine >>> 
 <<< v11.0.0 >>>
>>> Random number generator seed is 123456
>>> Method used is MultiDimFit
  Parameter              :   Best-fit               r            
  CMS_NPS26009_lumi_2023 :   -0.000  -0.989/+0.989  +0.241/-0.234
  Parameter                   :   Best-fit               r            
  CMS_l1_prefiring_2016preVFP :   -0.000  -0.992/+0.992  -0.176/+0.179
  Parameter                                    :   Best-fit               r            
  CMS_btag_fixedWP_comb_bc_uncorrelated_2022EE :   +0.000  -0.986/+0.986  -0.104/+0.072

 --- MultiDimFit ---
Parameter impacts: 
Set Default Value of Parameter r To : 15.5
Warning: A value of r is specified in both the --setParameters and --expectSignal options. The argument of --expectSignal will take precedence
  Parameter                                  :   Best-fit               r            
  CMS_btag_fixedWP_comb_bc_uncorrelated_2018 :   +0.000  -0.990/+0.990  +0.300/-0.299
Doing initial fit: 
 <<< Combine >>> 
 <<< v11.0.0 >>>
>>> Random number generator seed is 123456
>>> Method used is MultiDimFit
 <<< Combine >>> 
 <<< v11.0.0 >>>
>>> Random number generator seed is 123456
>>> Method used is MultiDimFit
 <<< Combine >>> 
 <<< v11.0.0 >>>
>>> Random number generator seed is 123456
>>> Method used is MultiDimFit
 <<< Combine >>> 
 <<< v11.0.0 >>>
>>> Random number generator seed is 123456
>>> Method used is MultiDimFit

 --- MultiDimFit ---
Parameter impacts: 
  Parameter                                     :   Best-fit               r            
  CMS_btag_fixedWP_incl_light_uncorrelated_2018 :   +0.000  -0.994/+0.994  +0.012/-0.012
Set Default Value of Parameter r To : 15.5
Warning: A value of r is specified in both the --setParameters and --expectSignal options. The argument of --expectSignal will take precedence
Doing initial fit: 

 --- MultiDimFit ---
Parameter impacts: 
Set Default Value of Parameter r To : 15.5
Warning: A value of r is specified in both the --setParameters and --expectSignal options. The argument of --expectSignal will take precedence
Doing initial fit: 

 --- MultiDimFit ---
Parameter impacts: 

 --- MultiDimFit ---
Parameter impacts: 
Set Default Value of Parameter r To : 15.5
Warning: A value of r is specified in both the --setParameters and --expectSignal options. The argument of --expectSignal will take precedence
Doing initial fit: 
Set Default Value of Parameter r To : 15.5
Warning: A value of r is specified in both the --setParameters and --expectSignal options. The argument of --expectSignal will take precedence
Doing initial fit: 
  Parameter                                           :   Best-fit               r            
  CMS_btag_fixedWP_incl_light_uncorrelated_2016preVFP :   +0.000  -0.994/+0.994  +0.005/-0.005
 <<< Combine >>> 
 <<< v11.0.0 >>>
>>> Random number generator seed is 123456
>>> Method used is MultiDimFit
  Parameter                         :   Best-fit               r            
  CMS_NPS26009_topmass_ttbar_BJetOS :   -0.000  -0.989/+0.988  +1.667/-1.740

 --- MultiDimFit ---
Parameter impacts: 

 --- MultiDimFit ---
Parameter impacts: 

 --- MultiDimFit ---
Parameter impacts: 

 --- MultiDimFit ---
Parameter impacts: 
  Parameter                                      :   Best-fit               r            
  CMS_btag_fixedWP_comb_bc_uncorrelated_2023BPix :   +0.000  -0.982/+0.983  +0.270/-0.265
  Parameter                                        :   Best-fit               r            
  CMS_btag_fixedWP_comb_bc_uncorrelated_2016preVFP :   +0.000  -0.991/+0.991  +0.224/-0.224
 <<< Combine >>> 
 <<< v11.0.0 >>>
>>> Random number generator seed is 123456
>>> Method used is MultiDimFit
Set Default Value of Parameter r To : 15.5
Warning: A value of r is specified in both the --setParameters and --expectSignal options. The argument of --expectSignal will take precedence
Doing initial fit: 
 <<< Combine >>> 
 <<< v11.0.0 >>>
>>> Random number generator seed is 123456
>>> Method used is MultiDimFit
  Parameter            :   Best-fit               r            
  CMS_res_j_2016preVFP :   +0.000  -0.994/+0.994  +0.000/+0.001
 <<< Combine >>> 
 <<< v11.0.0 >>>
>>> Random number generator seed is 123456
>>> Method used is MultiDimFit
  Parameter                                         :   Best-fit               r            
  CMS_btag_fixedWP_incl_light_uncorrelated_2023BPix :   -0.000  -0.994/+0.994  +0.002/-0.002

 --- MultiDimFit ---
Parameter impacts: 
  Parameter             :   Best-fit               r            
  CMS_l1_prefiring_2018 :   -0.000  -0.994/+0.994  -0.012/+0.013
 <<< Combine >>> 
 <<< v11.0.0 >>>
>>> Random number generator seed is 123456
>>> Method used is MultiDimFit
  Parameter                                       :   Best-fit               r            
  CMS_btag_fixedWP_incl_light_uncorrelated_2022EE :   +0.000  -0.994/+0.994  +0.002/-0.002
Set Default Value of Parameter r To : 15.5
Warning: A value of r is specified in both the --setParameters and --expectSignal options. The argument of --expectSignal will take precedence
Doing initial fit: 
 <<< Combine >>> 
 <<< v11.0.0 >>>
>>> Random number generator seed is 123456
>>> Method used is MultiDimFit
Set Default Value of Parameter r To : 15.5
Warning: A value of r is specified in both the --setParameters and --expectSignal options. The argument of --expectSignal will take precedence
Doing initial fit: 

 --- MultiDimFit ---
Parameter impacts: 
Set Default Value of Parameter r To : 15.5
Warning: A value of r is specified in both the --setParameters and --expectSignal options. The argument of --expectSignal will take precedence
Doing initial fit: 
 <<< Combine >>> 
 <<< v11.0.0 >>>
>>> Random number generator seed is 123456
>>> Method used is MultiDimFit
 <<< Combine >>> 
 <<< v11.0.0 >>>
>>> Random number generator seed is 123456
>>> Method used is MultiDimFit
Set Default Value of Parameter r To : 15.5
Warning: A value of r is specified in both the --setParameters and --expectSignal options. The argument of --expectSignal will take precedence
Doing initial fit: 

 --- MultiDimFit ---
Parameter impacts: 
 <<< Combine >>> 
 <<< v11.0.0 >>>
>>> Random number generator seed is 123456
>>> Method used is MultiDimFit
  Parameter          :   Best-fit               r            
  CMS_pileup_13p6TeV :   +0.000  -0.992/+0.993  -0.038/+0.027
Set Default Value of Parameter r To : 15.5
Warning: A value of r is specified in both the --setParameters and --expectSignal options. The argument of --expectSignal will take precedence
Doing initial fit: 
  Parameter      :   Best-fit               r            
  CMS_res_j_2018 :   -0.000  -0.994/+0.994  +0.002/+0.004
Set Default Value of Parameter r To : 15.5
Warning: A value of r is specified in both the --setParameters and --expectSignal options. The argument of --expectSignal will take precedence
Doing initial fit: 
Set Default Value of Parameter r To : 15.5
Warning: A value of r is specified in both the --setParameters and --expectSignal options. The argument of --expectSignal will take precedence
Doing initial fit: 
Set Default Value of Parameter r To : 15.5
Warning: A value of r is specified in both the --setParameters and --expectSignal options. The argument of --expectSignal will take precedence
Doing initial fit: 
 <<< Combine >>> 
 <<< v11.0.0 >>>
>>> Random number generator seed is 123456
>>> Method used is MultiDimFit
  Parameter        :   Best-fit               r            
  CMS_res_j_2022EE :   -0.000  -0.994/+0.994  +0.000/+0.002
 <<< Combine >>> 
 <<< v11.0.0 >>>
>>> Random number generator seed is 123456
>>> Method used is MultiDimFit

 --- MultiDimFit ---
Parameter impacts: 
 <<< Combine >>> 
 <<< v11.0.0 >>>
>>> Random number generator seed is 123456
>>> Method used is MultiDimFit
Set Default Value of Parameter r To : 15.5
Warning: A value of r is specified in both the --setParameters and --expectSignal options. The argument of --expectSignal will take precedence
Doing initial fit: 
Set Default Value of Parameter r To : 15.5
Warning: A value of r is specified in both the --setParameters and --expectSignal options. The argument of --expectSignal will take precedence
Doing initial fit: 
Set Default Value of Parameter r To : 15.5
Warning: A value of r is specified in both the --setParameters and --expectSignal options. The argument of --expectSignal will take precedence
Doing initial fit: 
  Parameter          :   Best-fit               r            
  CMS_res_j_2023BPix :   -0.000  -0.994/+0.994  -0.002/+0.003

 --- MultiDimFit ---
Parameter impacts: 
 <<< Combine >>> 
 <<< v11.0.0 >>>
>>> Random number generator seed is 123456
>>> Method used is MultiDimFit
Set Default Value of Parameter r To : 15.5
Warning: A value of r is specified in both the --setParameters and --expectSignal options. The argument of --expectSignal will take precedence
Doing initial fit: 
  Parameter                           :   Best-fit               r            
  CMS_NPS26009_eff_m_trigger_2023BPix :   -0.000  -0.994/+0.994  +0.003/-0.003

 --- MultiDimFit ---
Parameter impacts: 
 <<< Combine >>> 
 <<< v11.0.0 >>>
>>> Random number generator seed is 123456
>>> Method used is MultiDimFit
  Parameter              :   Best-fit               r            
  CMS_NPS26009_lumi_2017 :   -0.000  -0.982/+0.982  +0.094/-0.074
Set Default Value of Parameter r To : 15.5
Warning: A value of r is specified in both the --setParameters and --expectSignal options. The argument of --expectSignal will take precedence
Doing initial fit: 
 <<< Combine >>> 
 <<< v11.0.0 >>>
>>> Random number generator seed is 123456
>>> Method used is MultiDimFit

 --- MultiDimFit ---
Parameter impacts: 
Set Default Value of Parameter r To : 15.5
Warning: A value of r is specified in both the --setParameters and --expectSignal options. The argument of --expectSignal will take precedence
Doing initial fit: 
  Parameter                :   Best-fit               r            
  CMS_NPS26009_pdf_NNPDF31 :   +0.000  -0.994/+0.994  +0.740/-0.739

 --- MultiDimFit ---
Parameter impacts: 

 --- MultiDimFit ---
Parameter impacts: 

 --- MultiDimFit ---
Parameter impacts: 
 <<< Combine >>> 
 <<< v11.0.0 >>>
>>> Random number generator seed is 123456
>>> Method used is MultiDimFit
  Parameter              :   Best-fit               r            
  CMS_NPS26009_lumi_2022 :   -0.000  -0.982/+0.982  -0.125/+0.051
  Parameter             :   Best-fit               r            
  CMS_l1_prefiring_2017 :   -0.000  -0.994/+0.993  -0.028/+0.030
  Parameter                                  :   Best-fit               r            
  CMS_btag_fixedWP_comb_bc_uncorrelated_2022 :   +0.000  -0.986/+0.986  +0.016/-0.016

 --- MultiDimFit ---
Parameter impacts: 

 --- MultiDimFit ---
Parameter impacts: 
Set Default Value of Parameter r To : 15.5
Warning: A value of r is specified in both the --setParameters and --expectSignal options. The argument of --expectSignal will take precedence
Doing initial fit: 
 <<< Combine >>> 
 <<< v11.0.0 >>>
>>> Random number generator seed is 123456
>>> Method used is MultiDimFit

 --- MultiDimFit ---
Parameter impacts: 

 --- MultiDimFit ---
Parameter impacts: 
 <<< Combine >>> 
 <<< v11.0.0 >>>
>>> Random number generator seed is 123456
>>> Method used is MultiDimFit
  Parameter                                         :   Best-fit               r            
  CMS_btag_fixedWP_comb_bc_uncorrelated_2016postVFP :   +0.000  -0.990/+0.990  +0.179/-0.178
 <<< Combine >>> 
 <<< v11.0.0 >>>
>>> Random number generator seed is 123456
>>> Method used is MultiDimFit

 --- MultiDimFit ---
Parameter impacts: 
Set Default Value of Parameter r To : 15.5
Warning: A value of r is specified in both the --setParameters and --expectSignal options. The argument of --expectSignal will take precedence
Doing initial fit: 
  Parameter                                     :   Best-fit               r            
  CMS_btag_fixedWP_incl_light_uncorrelated_2022 :   +0.000  -0.994/+0.994  +0.001/-0.001
  Parameter                                  :   Best-fit               r            
  CMS_btag_fixedWP_comb_bc_uncorrelated_2023 :   +0.000  -0.985/+0.985  +0.174/-0.180
  Parameter                                     :   Best-fit               r            
  CMS_btag_fixedWP_incl_light_uncorrelated_2017 :   -0.000  -0.994/+0.994  +0.005/-0.005
Set Default Value of Parameter r To : 15.5
Warning: A value of r is specified in both the --setParameters and --expectSignal options. The argument of --expectSignal will take precedence
Doing initial fit: 
Set Default Value of Parameter r To : 15.5
Warning: A value of r is specified in both the --setParameters and --expectSignal options. The argument of --expectSignal will take precedence
Doing initial fit: 

 --- MultiDimFit ---
Parameter impacts: 

 --- MultiDimFit ---
Parameter impacts: 
  Parameter                                  :   Best-fit               r            
  CMS_btag_fixedWP_comb_bc_uncorrelated_2017 :   +0.000  -0.988/+0.988  +0.068/-0.056

 --- MultiDimFit ---
Parameter impacts: 
  Parameter      :   Best-fit               r            
  CMS_res_j_2017 :   -0.000  -0.994/+0.994  -0.002/+0.003
  Parameter                                            :   Best-fit               r            
  CMS_btag_fixedWP_incl_light_uncorrelated_2016postVFP :   +0.000  -0.994/+0.994  +0.007/-0.007

 --- MultiDimFit ---
Parameter impacts: 

 --- MultiDimFit ---
Parameter impacts: 
  Parameter        :   Best-fit               r            
  CMS_pileup_13TeV :   +0.000  -0.994/+0.993  -0.196/+0.211
  Parameter                                     :   Best-fit               r            
  CMS_btag_fixedWP_incl_light_uncorrelated_2023 :   +0.000  -0.994/+0.994  +0.002/-0.002

 --- MultiDimFit ---
Parameter impacts: 

 --- MultiDimFit ---
Parameter impacts: 
  Parameter             :   Best-fit               r            
  CMS_res_j_2016postVFP :   +0.000  -0.994/+0.994  -0.000/-0.002

 --- MultiDimFit ---
Parameter impacts: 
  Parameter                    :   Best-fit               r            
  CMS_l1_prefiring_2016postVFP :   -0.000  -0.991/+0.991  -0.157/+0.159
  Parameter      :   Best-fit               r            
  CMS_res_j_2022 :   +0.000  -0.994/+0.994  -0.001/+0.000
  Parameter      :   Best-fit               r            
  CMS_res_j_2023 :   +0.000  -0.994/+0.994  -0.003/+0.002

 --- MultiDimFit ---
Parameter impacts: 

 --- MultiDimFit ---
Parameter impacts: 
  Parameter               :   Best-fit               r            
  CMS_scale_j_2016postVFP :   +0.000  -0.994/+0.994  +0.010/-0.006

 --- MultiDimFit ---
Parameter impacts: 

 --- MultiDimFit ---
Parameter impacts: 
  Parameter          :   Best-fit               r            
  CMS_scale_j_2022EE :   +0.000  -0.992/+0.992  -0.055/+0.044
  Parameter        :   Best-fit               r            
  CMS_scale_j_2018 :   +0.000  -0.992/+0.993  +0.199/-0.051
 <<< Combine >>> 
 <<< v11.0.0 >>>
>>> Random number generator seed is 123456
>>> Method used is MultiDimFit
  Parameter              :   Best-fit               r            
  CMS_scale_j_2016preVFP :   +0.000  -0.994/+0.994  +0.007/-0.008

 --- MultiDimFit ---
Parameter impacts: 
 <<< Combine >>> 
 <<< v11.0.0 >>>
>>> Random number generator seed is 123456
>>> Method used is MultiDimFit
Set Default Value of Parameter r To : 15.5
Warning: A value of r is specified in both the --setParameters and --expectSignal options. The argument of --expectSignal will take precedence
Doing initial fit: 
  Parameter            :   Best-fit               r            
  CMS_scale_j_2023BPix :   +0.000  -0.994/+0.994  +0.008/-0.007
 <<< Combine >>> 
 <<< v11.0.0 >>>
>>> Random number generator seed is 123456
>>> Method used is MultiDimFit
Set Default Value of Parameter r To : 15.5
Warning: A value of r is specified in both the --setParameters and --expectSignal options. The argument of --expectSignal will take precedence
Doing initial fit: 
 <<< Combine >>> 
 <<< v11.0.0 >>>
>>> Random number generator seed is 123456
>>> Method used is MultiDimFit
Set Default Value of Parameter r To : 15.5
Warning: A value of r is specified in both the --setParameters and --expectSignal options. The argument of --expectSignal will take precedence
Doing initial fit: 

 --- MultiDimFit ---
Parameter impacts: 
Set Default Value of Parameter r To : 15.5
Warning: A value of r is specified in both the --setParameters and --expectSignal options. The argument of --expectSignal will take precedence
Doing initial fit: 
  Parameter           :   Best-fit               r            
  CMS_scale_m_13p6TeV :   +0.000  -0.993/+0.994  +0.004/-0.008

 --- MultiDimFit ---
Parameter impacts: 
 <<< Combine >>> 
 <<< v11.0.0 >>>
>>> Random number generator seed is 123456
>>> Method used is MultiDimFit
  Parameter          :   Best-fit               r            
  QCDscale_ren_ttbar :   +0.000  -0.921/+0.972  -6.974/+6.090
Set Default Value of Parameter r To : 15.5
Warning: A value of r is specified in both the --setParameters and --expectSignal options. The argument of --expectSignal will take precedence
Doing initial fit: 
 <<< Combine >>> 
 <<< v11.0.0 >>>
>>> Random number generator seed is 123456
>>> Method used is MultiDimFit
Set Default Value of Parameter r To : 15.5
Warning: A value of r is specified in both the --setParameters and --expectSignal options. The argument of --expectSignal will take precedence
Doing initial fit: 

 --- MultiDimFit ---
Parameter impacts: 

 --- MultiDimFit ---
Parameter impacts: 
  Parameter        :   Best-fit               r            
  CMS_scale_j_2022 :   +0.000  -0.994/+0.994  +0.005/-0.004
  Parameter        :   Best-fit               r            
  CMS_scale_j_2023 :   -0.000  -0.994/+0.993  +0.012/-0.017

 --- MultiDimFit ---
Parameter impacts: 

 --- MultiDimFit ---
Parameter impacts: 
  Parameter        :   Best-fit               r            
  CMS_scale_j_2017 :   +0.000  -0.993/+0.994  +0.019/-0.009
  Parameter         :   Best-fit               r            
  CMS_scale_m_13TeV :   +0.000  -0.994/+0.994  +0.116/-0.020

 --- MultiDimFit ---
Parameter impacts: 

 --- MultiDimFit ---
Parameter impacts: 
  Parameter          :   Best-fit               r            
  QCDscale_fac_ttbar :   +0.000  -0.991/+0.982  -2.166/+1.424
  Parameter  :   Best-fit               r            
  pdf_alphas :   -0.000  -0.985/+0.984  +1.353/-1.528
>> combine -M MultiDimFit -n _paramFit_.ReviewSBImpacts_Run2Run3_M20_CMS_NPS26009_MCstat_signal_BJetOS_2017 --algo impact --redefineSignalPOIs r -P CMS_NPS26009_MCstat_signal_BJetOS_2017 --floatOtherPOIs 1 --saveInactivePOI 1 --robustFit 1 --rMin 0 --rMax 100 -t -1 --expectSignal 15.5 -m 20 -d /data6/Users/joonblee/higgs_combine/CMSSW_14_1_0_pre4/src/NIsoMuon/review_outputs/Run2Run3/M20/workspace_Run2Run3_M20.root --setParameters r=15.5
>> combine -M MultiDimFit -n _paramFit_.ReviewSBImpacts_Run2Run3_M20_CMS_NPS26009_MCstat_signal_BJetOS_2018 --algo impact --redefineSignalPOIs r -P CMS_NPS26009_MCstat_signal_BJetOS_2018 --floatOtherPOIs 1 --saveInactivePOI 1 --robustFit 1 --rMin 0 --rMax 100 -t -1 --expectSignal 15.5 -m 20 -d /data6/Users/joonblee/higgs_combine/CMSSW_14_1_0_pre4/src/NIsoMuon/review_outputs/Run2Run3/M20/workspace_Run2Run3_M20.root --setParameters r=15.5
>> combine -M MultiDimFit -n _paramFit_.ReviewSBImpacts_Run2Run3_M20_CMS_NPS26009_btag_fixedWP_incl_light_correlated_13TeV --algo impact --redefineSignalPOIs r -P CMS_NPS26009_btag_fixedWP_incl_light_correlated_13TeV --floatOtherPOIs 1 --saveInactivePOI 1 --robustFit 1 --rMin 0 --rMax 100 -t -1 --expectSignal 15.5 -m 20 -d /data6/Users/joonblee/higgs_combine/CMSSW_14_1_0_pre4/src/NIsoMuon/review_outputs/Run2Run3/M20/workspace_Run2Run3_M20.root --setParameters r=15.5
>> combine -M MultiDimFit -n _paramFit_.ReviewSBImpacts_Run2Run3_M20_CMS_NPS26009_btag_fixedWP_incl_light_correlated_13p6TeV --algo impact --redefineSignalPOIs r -P CMS_NPS26009_btag_fixedWP_incl_light_correlated_13p6TeV --floatOtherPOIs 1 --saveInactivePOI 1 --robustFit 1 --rMin 0 --rMax 100 -t -1 --expectSignal 15.5 -m 20 -d /data6/Users/joonblee/higgs_combine/CMSSW_14_1_0_pre4/src/NIsoMuon/review_outputs/Run2Run3/M20/workspace_Run2Run3_M20.root --setParameters r=15.5
>> combine -M MultiDimFit -n _paramFit_.ReviewSBImpacts_Run2Run3_M20_CMS_NPS26009_topmass_ttbar_BJetOS --algo impact --redefineSignalPOIs r -P CMS_NPS26009_topmass_ttbar_BJetOS --floatOtherPOIs 1 --saveInactivePOI 1 --robustFit 1 --rMin 0 --rMax 100 -t -1 --expectSignal 15.5 -m 20 -d /data6/Users/joonblee/higgs_combine/CMSSW_14_1_0_pre4/src/NIsoMuon/review_outputs/Run2Run3/M20/workspace_Run2Run3_M20.root --setParameters r=15.5
>> combine -M MultiDimFit -n _paramFit_.ReviewSBImpacts_Run2Run3_M20_CMS_btag_fixedWP_comb_bc_uncorrelated_2016postVFP --algo impact --redefineSignalPOIs r -P CMS_btag_fixedWP_comb_bc_uncorrelated_2016postVFP --floatOtherPOIs 1 --saveInactivePOI 1 --robustFit 1 --rMin 0 --rMax 100 -t -1 --expectSignal 15.5 -m 20 -d /data6/Users/joonblee/higgs_combine/CMSSW_14_1_0_pre4/src/NIsoMuon/review_outputs/Run2Run3/M20/workspace_Run2Run3_M20.root --setParameters r=15.5
>> combine -M MultiDimFit -n _paramFit_.ReviewSBImpacts_Run2Run3_M20_CMS_NPS26009_MCstat_other_BJetOS_2017 --algo impact --redefineSignalPOIs r -P CMS_NPS26009_MCstat_other_BJetOS_2017 --floatOtherPOIs 1 --saveInactivePOI 1 --robustFit 1 --rMin 0 --rMax 100 -t -1 --expectSignal 15.5 -m 20 -d /data6/Users/joonblee/higgs_combine/CMSSW_14_1_0_pre4/src/NIsoMuon/review_outputs/Run2Run3/M20/workspace_Run2Run3_M20.root --setParameters r=15.5
>> combine -M MultiDimFit -n _paramFit_.ReviewSBImpacts_Run2Run3_M20_CMS_NPS26009_MCstat_other_BJetOS_2018 --algo impact --redefineSignalPOIs r -P CMS_NPS26009_MCstat_other_BJetOS_2018 --floatOtherPOIs 1 --saveInactivePOI 1 --robustFit 1 --rMin 0 --rMax 100 -t -1 --expectSignal 15.5 -m 20 -d /data6/Users/joonblee/higgs_combine/CMSSW_14_1_0_pre4/src/NIsoMuon/review_outputs/Run2Run3/M20/workspace_Run2Run3_M20.root --setParameters r=15.5
>> combine -M MultiDimFit -n _paramFit_.ReviewSBImpacts_Run2Run3_M20_CMS_NPS26009_bckgShape_QCD_BJetOS_2023 --algo impact --redefineSignalPOIs r -P CMS_NPS26009_bckgShape_QCD_BJetOS_2023 --floatOtherPOIs 1 --saveInactivePOI 1 --robustFit 1 --rMin 0 --rMax 100 -t -1 --expectSignal 15.5 -m 20 -d /data6/Users/joonblee/higgs_combine/CMSSW_14_1_0_pre4/src/NIsoMuon/review_outputs/Run2Run3/M20/workspace_Run2Run3_M20.root --setParameters r=15.5
>> combine -M MultiDimFit -n _paramFit_.ReviewSBImpacts_Run2Run3_M20_CMS_NPS26009_bckgShape_QCD_BJetOS_2023BPix --algo impact --redefineSignalPOIs r -P CMS_NPS26009_bckgShape_QCD_BJetOS_2023BPix --floatOtherPOIs 1 --saveInactivePOI 1 --robustFit 1 --rMin 0 --rMax 100 -t -1 --expectSignal 15.5 -m 20 -d /data6/Users/joonblee/higgs_combine/CMSSW_14_1_0_pre4/src/NIsoMuon/review_outputs/Run2Run3/M20/workspace_Run2Run3_M20.root --setParameters r=15.5
>> combine -M MultiDimFit -n _paramFit_.ReviewSBImpacts_Run2Run3_M20_CMS_btag_fixedWP_incl_light_uncorrelated_2018 --algo impact --redefineSignalPOIs r -P CMS_btag_fixedWP_incl_light_uncorrelated_2018 --floatOtherPOIs 1 --saveInactivePOI 1 --robustFit 1 --rMin 0 --rMax 100 -t -1 --expectSignal 15.5 -m 20 -d /data6/Users/joonblee/higgs_combine/CMSSW_14_1_0_pre4/src/NIsoMuon/review_outputs/Run2Run3/M20/workspace_Run2Run3_M20.root --setParameters r=15.5
>> combine -M MultiDimFit -n _paramFit_.ReviewSBImpacts_Run2Run3_M20_CMS_btag_fixedWP_incl_light_uncorrelated_2022 --algo impact --redefineSignalPOIs r -P CMS_btag_fixedWP_incl_light_uncorrelated_2022 --floatOtherPOIs 1 --saveInactivePOI 1 --robustFit 1 --rMin 0 --rMax 100 -t -1 --expectSignal 15.5 -m 20 -d /data6/Users/joonblee/higgs_combine/CMSSW_14_1_0_pre4/src/NIsoMuon/review_outputs/Run2Run3/M20/workspace_Run2Run3_M20.root --setParameters r=15.5
>> combine -M MultiDimFit -n _paramFit_.ReviewSBImpacts_Run2Run3_M20_CMS_NPS26009_MCstat_ttbar_BJetOS_2022 --algo impact --redefineSignalPOIs r -P CMS_NPS26009_MCstat_ttbar_BJetOS_2022 --floatOtherPOIs 1 --saveInactivePOI 1 --robustFit 1 --rMin 0 --rMax 100 -t -1 --expectSignal 15.5 -m 20 -d /data6/Users/joonblee/higgs_combine/CMSSW_14_1_0_pre4/src/NIsoMuon/review_outputs/Run2Run3/M20/workspace_Run2Run3_M20.root --setParameters r=15.5
>> combine -M MultiDimFit -n _paramFit_.ReviewSBImpacts_Run2Run3_M20_CMS_NPS26009_MCstat_ttbar_BJetOS_2022EE --algo impact --redefineSignalPOIs r -P CMS_NPS26009_MCstat_ttbar_BJetOS_2022EE --floatOtherPOIs 1 --saveInactivePOI 1 --robustFit 1 --rMin 0 --rMax 100 -t -1 --expectSignal 15.5 -m 20 -d /data6/Users/joonblee/higgs_combine/CMSSW_14_1_0_pre4/src/NIsoMuon/review_outputs/Run2Run3/M20/workspace_Run2Run3_M20.root --setParameters r=15.5
>> combine -M MultiDimFit -n _paramFit_.ReviewSBImpacts_Run2Run3_M20_CMS_NPS26009_bckgNorm_QCD_BJetOS_2016postVFP --algo impact --redefineSignalPOIs r -P CMS_NPS26009_bckgNorm_QCD_BJetOS_2016postVFP --floatOtherPOIs 1 --saveInactivePOI 1 --robustFit 1 --rMin 0 --rMax 100 -t -1 --expectSignal 15.5 -m 20 -d /data6/Users/joonblee/higgs_combine/CMSSW_14_1_0_pre4/src/NIsoMuon/review_outputs/Run2Run3/M20/workspace_Run2Run3_M20.root --setParameters r=15.5
>> combine -M MultiDimFit -n _paramFit_.ReviewSBImpacts_Run2Run3_M20_CMS_NPS26009_bckgNorm_QCD_BJetOS_2016preVFP --algo impact --redefineSignalPOIs r -P CMS_NPS26009_bckgNorm_QCD_BJetOS_2016preVFP --floatOtherPOIs 1 --saveInactivePOI 1 --robustFit 1 --rMin 0 --rMax 100 -t -1 --expectSignal 15.5 -m 20 -d /data6/Users/joonblee/higgs_combine/CMSSW_14_1_0_pre4/src/NIsoMuon/review_outputs/Run2Run3/M20/workspace_Run2Run3_M20.root --setParameters r=15.5
>> combine -M MultiDimFit -n _paramFit_.ReviewSBImpacts_Run2Run3_M20_CMS_btag_fixedWP_comb_bc_uncorrelated_2022EE --algo impact --redefineSignalPOIs r -P CMS_btag_fixedWP_comb_bc_uncorrelated_2022EE --floatOtherPOIs 1 --saveInactivePOI 1 --robustFit 1 --rMin 0 --rMax 100 -t -1 --expectSignal 15.5 -m 20 -d /data6/Users/joonblee/higgs_combine/CMSSW_14_1_0_pre4/src/NIsoMuon/review_outputs/Run2Run3/M20/workspace_Run2Run3_M20.root --setParameters r=15.5
>> combine -M MultiDimFit -n _paramFit_.ReviewSBImpacts_Run2Run3_M20_CMS_btag_fixedWP_comb_bc_uncorrelated_2023 --algo impact --redefineSignalPOIs r -P CMS_btag_fixedWP_comb_bc_uncorrelated_2023 --floatOtherPOIs 1 --saveInactivePOI 1 --robustFit 1 --rMin 0 --rMax 100 -t -1 --expectSignal 15.5 -m 20 -d /data6/Users/joonblee/higgs_combine/CMSSW_14_1_0_pre4/src/NIsoMuon/review_outputs/Run2Run3/M20/workspace_Run2Run3_M20.root --setParameters r=15.5
>> combine -M MultiDimFit -n _paramFit_.ReviewSBImpacts_Run2Run3_M20_CMS_NPS26009_MCstat_singleTop_BJetOS_2023 --algo impact --redefineSignalPOIs r -P CMS_NPS26009_MCstat_singleTop_BJetOS_2023 --floatOtherPOIs 1 --saveInactivePOI 1 --robustFit 1 --rMin 0 --rMax 100 -t -1 --expectSignal 15.5 -m 20 -d /data6/Users/joonblee/higgs_combine/CMSSW_14_1_0_pre4/src/NIsoMuon/review_outputs/Run2Run3/M20/workspace_Run2Run3_M20.root --setParameters r=15.5
>> combine -M MultiDimFit -n _paramFit_.ReviewSBImpacts_Run2Run3_M20_CMS_NPS26009_MCstat_singleTop_BJetOS_2023BPix --algo impact --redefineSignalPOIs r -P CMS_NPS26009_MCstat_singleTop_BJetOS_2023BPix --floatOtherPOIs 1 --saveInactivePOI 1 --robustFit 1 --rMin 0 --rMax 100 -t -1 --expectSignal 15.5 -m 20 -d /data6/Users/joonblee/higgs_combine/CMSSW_14_1_0_pre4/src/NIsoMuon/review_outputs/Run2Run3/M20/workspace_Run2Run3_M20.root --setParameters r=15.5
>> combine -M MultiDimFit -n _paramFit_.ReviewSBImpacts_Run2Run3_M20_CMS_NPS26009_QCDscale_fac_singleTop --algo impact --redefineSignalPOIs r -P CMS_NPS26009_QCDscale_fac_singleTop --floatOtherPOIs 1 --saveInactivePOI 1 --robustFit 1 --rMin 0 --rMax 100 -t -1 --expectSignal 15.5 -m 20 -d /data6/Users/joonblee/higgs_combine/CMSSW_14_1_0_pre4/src/NIsoMuon/review_outputs/Run2Run3/M20/workspace_Run2Run3_M20.root --setParameters r=15.5
>> combine -M MultiDimFit -n _paramFit_.ReviewSBImpacts_Run2Run3_M20_CMS_NPS26009_QCDscale_ren_singleTop --algo impact --redefineSignalPOIs r -P CMS_NPS26009_QCDscale_ren_singleTop --floatOtherPOIs 1 --saveInactivePOI 1 --robustFit 1 --rMin 0 --rMax 100 -t -1 --expectSignal 15.5 -m 20 -d /data6/Users/joonblee/higgs_combine/CMSSW_14_1_0_pre4/src/NIsoMuon/review_outputs/Run2Run3/M20/workspace_Run2Run3_M20.root --setParameters r=15.5
>> combine -M MultiDimFit -n _paramFit_.ReviewSBImpacts_Run2Run3_M20_CMS_btag_fixedWP_incl_light_uncorrelated_2016preVFP --algo impact --redefineSignalPOIs r -P CMS_btag_fixedWP_incl_light_uncorrelated_2016preVFP --floatOtherPOIs 1 --saveInactivePOI 1 --robustFit 1 --rMin 0 --rMax 100 -t -1 --expectSignal 15.5 -m 20 -d /data6/Users/joonblee/higgs_combine/CMSSW_14_1_0_pre4/src/NIsoMuon/review_outputs/Run2Run3/M20/workspace_Run2Run3_M20.root --setParameters r=15.5
>> combine -M MultiDimFit -n _paramFit_.ReviewSBImpacts_Run2Run3_M20_CMS_btag_fixedWP_incl_light_uncorrelated_2017 --algo impact --redefineSignalPOIs r -P CMS_btag_fixedWP_incl_light_uncorrelated_2017 --floatOtherPOIs 1 --saveInactivePOI 1 --robustFit 1 --rMin 0 --rMax 100 -t -1 --expectSignal 15.5 -m 20 -d /data6/Users/joonblee/higgs_combine/CMSSW_14_1_0_pre4/src/NIsoMuon/review_outputs/Run2Run3/M20/workspace_Run2Run3_M20.root --setParameters r=15.5
>> combine -M MultiDimFit -n _paramFit_.ReviewSBImpacts_Run2Run3_M20_CMS_NPS26009_MCstat_other_BJetOS_2022 --algo impact --redefineSignalPOIs r -P CMS_NPS26009_MCstat_other_BJetOS_2022 --floatOtherPOIs 1 --saveInactivePOI 1 --robustFit 1 --rMin 0 --rMax 100 -t -1 --expectSignal 15.5 -m 20 -d /data6/Users/joonblee/higgs_combine/CMSSW_14_1_0_pre4/src/NIsoMuon/review_outputs/Run2Run3/M20/workspace_Run2Run3_M20.root --setParameters r=15.5
>> combine -M MultiDimFit -n _paramFit_.ReviewSBImpacts_Run2Run3_M20_CMS_NPS26009_MCstat_other_BJetOS_2022EE --algo impact --redefineSignalPOIs r -P CMS_NPS26009_MCstat_other_BJetOS_2022EE --floatOtherPOIs 1 --saveInactivePOI 1 --robustFit 1 --rMin 0 --rMax 100 -t -1 --expectSignal 15.5 -m 20 -d /data6/Users/joonblee/higgs_combine/CMSSW_14_1_0_pre4/src/NIsoMuon/review_outputs/Run2Run3/M20/workspace_Run2Run3_M20.root --setParameters r=15.5
>> combine -M MultiDimFit -n _paramFit_.ReviewSBImpacts_Run2Run3_M20_CMS_NPS26009_NFStat_DY_BJetOS_2023 --algo impact --redefineSignalPOIs r -P CMS_NPS26009_NFStat_DY_BJetOS_2023 --floatOtherPOIs 1 --saveInactivePOI 1 --robustFit 1 --rMin 0 --rMax 100 -t -1 --expectSignal 15.5 -m 20 -d /data6/Users/joonblee/higgs_combine/CMSSW_14_1_0_pre4/src/NIsoMuon/review_outputs/Run2Run3/M20/workspace_Run2Run3_M20.root --setParameters r=15.5
>> combine -M MultiDimFit -n _paramFit_.ReviewSBImpacts_Run2Run3_M20_CMS_NPS26009_NFStat_DY_BJetOS_2023BPix --algo impact --redefineSignalPOIs r -P CMS_NPS26009_NFStat_DY_BJetOS_2023BPix --floatOtherPOIs 1 --saveInactivePOI 1 --robustFit 1 --rMin 0 --rMax 100 -t -1 --expectSignal 15.5 -m 20 -d /data6/Users/joonblee/higgs_combine/CMSSW_14_1_0_pre4/src/NIsoMuon/review_outputs/Run2Run3/M20/workspace_Run2Run3_M20.root --setParameters r=15.5
>> combine -M MultiDimFit -n _paramFit_.ReviewSBImpacts_Run2Run3_M20_CMS_btag_fixedWP_comb_bc_uncorrelated_2016preVFP --algo impact --redefineSignalPOIs r -P CMS_btag_fixedWP_comb_bc_uncorrelated_2016preVFP --floatOtherPOIs 1 --saveInactivePOI 1 --robustFit 1 --rMin 0 --rMax 100 -t -1 --expectSignal 15.5 -m 20 -d /data6/Users/joonblee/higgs_combine/CMSSW_14_1_0_pre4/src/NIsoMuon/review_outputs/Run2Run3/M20/workspace_Run2Run3_M20.root --setParameters r=15.5
>> combine -M MultiDimFit -n _paramFit_.ReviewSBImpacts_Run2Run3_M20_CMS_btag_fixedWP_comb_bc_uncorrelated_2017 --algo impact --redefineSignalPOIs r -P CMS_btag_fixedWP_comb_bc_uncorrelated_2017 --floatOtherPOIs 1 --saveInactivePOI 1 --robustFit 1 --rMin 0 --rMax 100 -t -1 --expectSignal 15.5 -m 20 -d /data6/Users/joonblee/higgs_combine/CMSSW_14_1_0_pre4/src/NIsoMuon/review_outputs/Run2Run3/M20/workspace_Run2Run3_M20.root --setParameters r=15.5
>> combine -M MultiDimFit -n _paramFit_.ReviewSBImpacts_Run2Run3_M20_CMS_NPS26009_LightJetStat_DY_BJetOS_2022 --algo impact --redefineSignalPOIs r -P CMS_NPS26009_LightJetStat_DY_BJetOS_2022 --floatOtherPOIs 1 --saveInactivePOI 1 --robustFit 1 --rMin 0 --rMax 100 -t -1 --expectSignal 15.5 -m 20 -d /data6/Users/joonblee/higgs_combine/CMSSW_14_1_0_pre4/src/NIsoMuon/review_outputs/Run2Run3/M20/workspace_Run2Run3_M20.root --setParameters r=15.5
>> combine -M MultiDimFit -n _paramFit_.ReviewSBImpacts_Run2Run3_M20_CMS_NPS26009_LightJetStat_DY_BJetOS_2022EE --algo impact --redefineSignalPOIs r -P CMS_NPS26009_LightJetStat_DY_BJetOS_2022EE --floatOtherPOIs 1 --saveInactivePOI 1 --robustFit 1 --rMin 0 --rMax 100 -t -1 --expectSignal 15.5 -m 20 -d /data6/Users/joonblee/higgs_combine/CMSSW_14_1_0_pre4/src/NIsoMuon/review_outputs/Run2Run3/M20/workspace_Run2Run3_M20.root --setParameters r=15.5
>> combine -M MultiDimFit -n _paramFit_.ReviewSBImpacts_Run2Run3_M20_CMS_NPS26009_eff_m_trigger_2017 --algo impact --redefineSignalPOIs r -P CMS_NPS26009_eff_m_trigger_2017 --floatOtherPOIs 1 --saveInactivePOI 1 --robustFit 1 --rMin 0 --rMax 100 -t -1 --expectSignal 15.5 -m 20 -d /data6/Users/joonblee/higgs_combine/CMSSW_14_1_0_pre4/src/NIsoMuon/review_outputs/Run2Run3/M20/workspace_Run2Run3_M20.root --setParameters r=15.5
>> combine -M MultiDimFit -n _paramFit_.ReviewSBImpacts_Run2Run3_M20_CMS_NPS26009_eff_m_trigger_2018 --algo impact --redefineSignalPOIs r -P CMS_NPS26009_eff_m_trigger_2018 --floatOtherPOIs 1 --saveInactivePOI 1 --robustFit 1 --rMin 0 --rMax 100 -t -1 --expectSignal 15.5 -m 20 -d /data6/Users/joonblee/higgs_combine/CMSSW_14_1_0_pre4/src/NIsoMuon/review_outputs/Run2Run3/M20/workspace_Run2Run3_M20.root --setParameters r=15.5
>> combine -M MultiDimFit -n _paramFit_.ReviewSBImpacts_Run2Run3_M20_CMS_res_j_2016preVFP --algo impact --redefineSignalPOIs r -P CMS_res_j_2016preVFP --floatOtherPOIs 1 --saveInactivePOI 1 --robustFit 1 --rMin 0 --rMax 100 -t -1 --expectSignal 15.5 -m 20 -d /data6/Users/joonblee/higgs_combine/CMSSW_14_1_0_pre4/src/NIsoMuon/review_outputs/Run2Run3/M20/workspace_Run2Run3_M20.root --setParameters r=15.5
>> combine -M MultiDimFit -n _paramFit_.ReviewSBImpacts_Run2Run3_M20_CMS_res_j_2017 --algo impact --redefineSignalPOIs r -P CMS_res_j_2017 --floatOtherPOIs 1 --saveInactivePOI 1 --robustFit 1 --rMin 0 --rMax 100 -t -1 --expectSignal 15.5 -m 20 -d /data6/Users/joonblee/higgs_combine/CMSSW_14_1_0_pre4/src/NIsoMuon/review_outputs/Run2Run3/M20/workspace_Run2Run3_M20.root --setParameters r=15.5
>> combine -M MultiDimFit -n _paramFit_.ReviewSBImpacts_Run2Run3_M20_CMS_NPS26009_MCstat_singleTop_BJetOS_2016postVFP --algo impact --redefineSignalPOIs r -P CMS_NPS26009_MCstat_singleTop_BJetOS_2016postVFP --floatOtherPOIs 1 --saveInactivePOI 1 --robustFit 1 --rMin 0 --rMax 100 -t -1 --expectSignal 15.5 -m 20 -d /data6/Users/joonblee/higgs_combine/CMSSW_14_1_0_pre4/src/NIsoMuon/review_outputs/Run2Run3/M20/workspace_Run2Run3_M20.root --setParameters r=15.5
>> combine -M MultiDimFit -n _paramFit_.ReviewSBImpacts_Run2Run3_M20_CMS_NPS26009_MCstat_singleTop_BJetOS_2016preVFP --algo impact --redefineSignalPOIs r -P CMS_NPS26009_MCstat_singleTop_BJetOS_2016preVFP --floatOtherPOIs 1 --saveInactivePOI 1 --robustFit 1 --rMin 0 --rMax 100 -t -1 --expectSignal 15.5 -m 20 -d /data6/Users/joonblee/higgs_combine/CMSSW_14_1_0_pre4/src/NIsoMuon/review_outputs/Run2Run3/M20/workspace_Run2Run3_M20.root --setParameters r=15.5
>> combine -M MultiDimFit -n _paramFit_.ReviewSBImpacts_Run2Run3_M20_CMS_NPS26009_NFStat_DY_BJetOS_2016postVFP --algo impact --redefineSignalPOIs r -P CMS_NPS26009_NFStat_DY_BJetOS_2016postVFP --floatOtherPOIs 1 --saveInactivePOI 1 --robustFit 1 --rMin 0 --rMax 100 -t -1 --expectSignal 15.5 -m 20 -d /data6/Users/joonblee/higgs_combine/CMSSW_14_1_0_pre4/src/NIsoMuon/review_outputs/Run2Run3/M20/workspace_Run2Run3_M20.root --setParameters r=15.5
>> combine -M MultiDimFit -n _paramFit_.ReviewSBImpacts_Run2Run3_M20_CMS_NPS26009_NFStat_DY_BJetOS_2016preVFP --algo impact --redefineSignalPOIs r -P CMS_NPS26009_NFStat_DY_BJetOS_2016preVFP --floatOtherPOIs 1 --saveInactivePOI 1 --robustFit 1 --rMin 0 --rMax 100 -t -1 --expectSignal 15.5 -m 20 -d /data6/Users/joonblee/higgs_combine/CMSSW_14_1_0_pre4/src/NIsoMuon/review_outputs/Run2Run3/M20/workspace_Run2Run3_M20.root --setParameters r=15.5
>> combine -M MultiDimFit -n _paramFit_.ReviewSBImpacts_Run2Run3_M20_CMS_btag_fixedWP_comb_bc_uncorrelated_2023BPix --algo impact --redefineSignalPOIs r -P CMS_btag_fixedWP_comb_bc_uncorrelated_2023BPix --floatOtherPOIs 1 --saveInactivePOI 1 --robustFit 1 --rMin 0 --rMax 100 -t -1 --expectSignal 15.5 -m 20 -d /data6/Users/joonblee/higgs_combine/CMSSW_14_1_0_pre4/src/NIsoMuon/review_outputs/Run2Run3/M20/workspace_Run2Run3_M20.root --setParameters r=15.5
>> combine -M MultiDimFit -n _paramFit_.ReviewSBImpacts_Run2Run3_M20_CMS_btag_fixedWP_incl_light_uncorrelated_2016postVFP --algo impact --redefineSignalPOIs r -P CMS_btag_fixedWP_incl_light_uncorrelated_2016postVFP --floatOtherPOIs 1 --saveInactivePOI 1 --robustFit 1 --rMin 0 --rMax 100 -t -1 --expectSignal 15.5 -m 20 -d /data6/Users/joonblee/higgs_combine/CMSSW_14_1_0_pre4/src/NIsoMuon/review_outputs/Run2Run3/M20/workspace_Run2Run3_M20.root --setParameters r=15.5
>> combine -M MultiDimFit -n _paramFit_.ReviewSBImpacts_Run2Run3_M20_CMS_NPS26009_MCstat_ttbar_BJetOS_2016postVFP --algo impact --redefineSignalPOIs r -P CMS_NPS26009_MCstat_ttbar_BJetOS_2016postVFP --floatOtherPOIs 1 --saveInactivePOI 1 --robustFit 1 --rMin 0 --rMax 100 -t -1 --expectSignal 15.5 -m 20 -d /data6/Users/joonblee/higgs_combine/CMSSW_14_1_0_pre4/src/NIsoMuon/review_outputs/Run2Run3/M20/workspace_Run2Run3_M20.root --setParameters r=15.5
>> combine -M MultiDimFit -n _paramFit_.ReviewSBImpacts_Run2Run3_M20_CMS_NPS26009_MCstat_ttbar_BJetOS_2016preVFP --algo impact --redefineSignalPOIs r -P CMS_NPS26009_MCstat_ttbar_BJetOS_2016preVFP --floatOtherPOIs 1 --saveInactivePOI 1 --robustFit 1 --rMin 0 --rMax 100 -t -1 --expectSignal 15.5 -m 20 -d /data6/Users/joonblee/higgs_combine/CMSSW_14_1_0_pre4/src/NIsoMuon/review_outputs/Run2Run3/M20/workspace_Run2Run3_M20.root --setParameters r=15.5
>> combine -M MultiDimFit -n _paramFit_.ReviewSBImpacts_Run2Run3_M20_CMS_NPS26009_bckgShape_QCD_BJetOS_2017 --algo impact --redefineSignalPOIs r -P CMS_NPS26009_bckgShape_QCD_BJetOS_2017 --floatOtherPOIs 1 --saveInactivePOI 1 --robustFit 1 --rMin 0 --rMax 100 -t -1 --expectSignal 15.5 -m 20 -d /data6/Users/joonblee/higgs_combine/CMSSW_14_1_0_pre4/src/NIsoMuon/review_outputs/Run2Run3/M20/workspace_Run2Run3_M20.root --setParameters r=15.5
>> combine -M MultiDimFit -n _paramFit_.ReviewSBImpacts_Run2Run3_M20_CMS_NPS26009_bckgShape_QCD_BJetOS_2018 --algo impact --redefineSignalPOIs r -P CMS_NPS26009_bckgShape_QCD_BJetOS_2018 --floatOtherPOIs 1 --saveInactivePOI 1 --robustFit 1 --rMin 0 --rMax 100 -t -1 --expectSignal 15.5 -m 20 -d /data6/Users/joonblee/higgs_combine/CMSSW_14_1_0_pre4/src/NIsoMuon/review_outputs/Run2Run3/M20/workspace_Run2Run3_M20.root --setParameters r=15.5
>> combine -M MultiDimFit -n _paramFit_.ReviewSBImpacts_Run2Run3_M20_CMS_l1_prefiring_2018 --algo impact --redefineSignalPOIs r -P CMS_l1_prefiring_2018 --floatOtherPOIs 1 --saveInactivePOI 1 --robustFit 1 --rMin 0 --rMax 100 -t -1 --expectSignal 15.5 -m 20 -d /data6/Users/joonblee/higgs_combine/CMSSW_14_1_0_pre4/src/NIsoMuon/review_outputs/Run2Run3/M20/workspace_Run2Run3_M20.root --setParameters r=15.5
>> combine -M MultiDimFit -n _paramFit_.ReviewSBImpacts_Run2Run3_M20_CMS_pileup_13TeV --algo impact --redefineSignalPOIs r -P CMS_pileup_13TeV --floatOtherPOIs 1 --saveInactivePOI 1 --robustFit 1 --rMin 0 --rMax 100 -t -1 --expectSignal 15.5 -m 20 -d /data6/Users/joonblee/higgs_combine/CMSSW_14_1_0_pre4/src/NIsoMuon/review_outputs/Run2Run3/M20/workspace_Run2Run3_M20.root --setParameters r=15.5
>> combine -M MultiDimFit -n _paramFit_.ReviewSBImpacts_Run2Run3_M20_CMS_NPS26009_MCstat_signal_BJetOS_2016postVFP --algo impact --redefineSignalPOIs r -P CMS_NPS26009_MCstat_signal_BJetOS_2016postVFP --floatOtherPOIs 1 --saveInactivePOI 1 --robustFit 1 --rMin 0 --rMax 100 -t -1 --expectSignal 15.5 -m 20 -d /data6/Users/joonblee/higgs_combine/CMSSW_14_1_0_pre4/src/NIsoMuon/review_outputs/Run2Run3/M20/workspace_Run2Run3_M20.root --setParameters r=15.5
>> combine -M MultiDimFit -n _paramFit_.ReviewSBImpacts_Run2Run3_M20_CMS_NPS26009_MCstat_signal_BJetOS_2016preVFP --algo impact --redefineSignalPOIs r -P CMS_NPS26009_MCstat_signal_BJetOS_2016preVFP --floatOtherPOIs 1 --saveInactivePOI 1 --robustFit 1 --rMin 0 --rMax 100 -t -1 --expectSignal 15.5 -m 20 -d /data6/Users/joonblee/higgs_combine/CMSSW_14_1_0_pre4/src/NIsoMuon/review_outputs/Run2Run3/M20/workspace_Run2Run3_M20.root --setParameters r=15.5
>> combine -M MultiDimFit -n _paramFit_.ReviewSBImpacts_Run2Run3_M20_CMS_NPS26009_bckgNorm_QCD_BJetOS_2023 --algo impact --redefineSignalPOIs r -P CMS_NPS26009_bckgNorm_QCD_BJetOS_2023 --floatOtherPOIs 1 --saveInactivePOI 1 --robustFit 1 --rMin 0 --rMax 100 -t -1 --expectSignal 15.5 -m 20 -d /data6/Users/joonblee/higgs_combine/CMSSW_14_1_0_pre4/src/NIsoMuon/review_outputs/Run2Run3/M20/workspace_Run2Run3_M20.root --setParameters r=15.5
>> combine -M MultiDimFit -n _paramFit_.ReviewSBImpacts_Run2Run3_M20_CMS_NPS26009_bckgNorm_QCD_BJetOS_2023BPix --algo impact --redefineSignalPOIs r -P CMS_NPS26009_bckgNorm_QCD_BJetOS_2023BPix --floatOtherPOIs 1 --saveInactivePOI 1 --robustFit 1 --rMin 0 --rMax 100 -t -1 --expectSignal 15.5 -m 20 -d /data6/Users/joonblee/higgs_combine/CMSSW_14_1_0_pre4/src/NIsoMuon/review_outputs/Run2Run3/M20/workspace_Run2Run3_M20.root --setParameters r=15.5
>> combine -M MultiDimFit -n _paramFit_.ReviewSBImpacts_Run2Run3_M20_CMS_btag_fixedWP_incl_light_uncorrelated_2022EE --algo impact --redefineSignalPOIs r -P CMS_btag_fixedWP_incl_light_uncorrelated_2022EE --floatOtherPOIs 1 --saveInactivePOI 1 --robustFit 1 --rMin 0 --rMax 100 -t -1 --expectSignal 15.5 -m 20 -d /data6/Users/joonblee/higgs_combine/CMSSW_14_1_0_pre4/src/NIsoMuon/review_outputs/Run2Run3/M20/workspace_Run2Run3_M20.root --setParameters r=15.5
>> combine -M MultiDimFit -n _paramFit_.ReviewSBImpacts_Run2Run3_M20_CMS_btag_fixedWP_incl_light_uncorrelated_2023 --algo impact --redefineSignalPOIs r -P CMS_btag_fixedWP_incl_light_uncorrelated_2023 --floatOtherPOIs 1 --saveInactivePOI 1 --robustFit 1 --rMin 0 --rMax 100 -t -1 --expectSignal 15.5 -m 20 -d /data6/Users/joonblee/higgs_combine/CMSSW_14_1_0_pre4/src/NIsoMuon/review_outputs/Run2Run3/M20/workspace_Run2Run3_M20.root --setParameters r=15.5
>> combine -M MultiDimFit -n _paramFit_.ReviewSBImpacts_Run2Run3_M20_CMS_NPS26009_MCstat_other_BJetOS_2016postVFP --algo impact --redefineSignalPOIs r -P CMS_NPS26009_MCstat_other_BJetOS_2016postVFP --floatOtherPOIs 1 --saveInactivePOI 1 --robustFit 1 --rMin 0 --rMax 100 -t -1 --expectSignal 15.5 -m 20 -d /data6/Users/joonblee/higgs_combine/CMSSW_14_1_0_pre4/src/NIsoMuon/review_outputs/Run2Run3/M20/workspace_Run2Run3_M20.root --setParameters r=15.5
>> combine -M MultiDimFit -n _paramFit_.ReviewSBImpacts_Run2Run3_M20_CMS_NPS26009_MCstat_other_BJetOS_2016preVFP --algo impact --redefineSignalPOIs r -P CMS_NPS26009_MCstat_other_BJetOS_2016preVFP --floatOtherPOIs 1 --saveInactivePOI 1 --robustFit 1 --rMin 0 --rMax 100 -t -1 --expectSignal 15.5 -m 20 -d /data6/Users/joonblee/higgs_combine/CMSSW_14_1_0_pre4/src/NIsoMuon/review_outputs/Run2Run3/M20/workspace_Run2Run3_M20.root --setParameters r=15.5
>> combine -M MultiDimFit -n _paramFit_.ReviewSBImpacts_Run2Run3_M20_CMS_NPS26009_eff_m_trigger_2016postVFP --algo impact --redefineSignalPOIs r -P CMS_NPS26009_eff_m_trigger_2016postVFP --floatOtherPOIs 1 --saveInactivePOI 1 --robustFit 1 --rMin 0 --rMax 100 -t -1 --expectSignal 15.5 -m 20 -d /data6/Users/joonblee/higgs_combine/CMSSW_14_1_0_pre4/src/NIsoMuon/review_outputs/Run2Run3/M20/workspace_Run2Run3_M20.root --setParameters r=15.5
>> combine -M MultiDimFit -n _paramFit_.ReviewSBImpacts_Run2Run3_M20_CMS_NPS26009_eff_m_trigger_2016preVFP --algo impact --redefineSignalPOIs r -P CMS_NPS26009_eff_m_trigger_2016preVFP --floatOtherPOIs 1 --saveInactivePOI 1 --robustFit 1 --rMin 0 --rMax 100 -t -1 --expectSignal 15.5 -m 20 -d /data6/Users/joonblee/higgs_combine/CMSSW_14_1_0_pre4/src/NIsoMuon/review_outputs/Run2Run3/M20/workspace_Run2Run3_M20.root --setParameters r=15.5
>> combine -M MultiDimFit -n _paramFit_.ReviewSBImpacts_Run2Run3_M20_CMS_pileup_13p6TeV --algo impact --redefineSignalPOIs r -P CMS_pileup_13p6TeV --floatOtherPOIs 1 --saveInactivePOI 1 --robustFit 1 --rMin 0 --rMax 100 -t -1 --expectSignal 15.5 -m 20 -d /data6/Users/joonblee/higgs_combine/CMSSW_14_1_0_pre4/src/NIsoMuon/review_outputs/Run2Run3/M20/workspace_Run2Run3_M20.root --setParameters r=15.5
>> combine -M MultiDimFit -n _paramFit_.ReviewSBImpacts_Run2Run3_M20_CMS_res_j_2016postVFP --algo impact --redefineSignalPOIs r -P CMS_res_j_2016postVFP --floatOtherPOIs 1 --saveInactivePOI 1 --robustFit 1 --rMin 0 --rMax 100 -t -1 --expectSignal 15.5 -m 20 -d /data6/Users/joonblee/higgs_combine/CMSSW_14_1_0_pre4/src/NIsoMuon/review_outputs/Run2Run3/M20/workspace_Run2Run3_M20.root --setParameters r=15.5
>> combine -M MultiDimFit -n _paramFit_.ReviewSBImpacts_Run2Run3_M20_CMS_NPS26009_MCstat_signal_BJetOS_2022 --algo impact --redefineSignalPOIs r -P CMS_NPS26009_MCstat_signal_BJetOS_2022 --floatOtherPOIs 1 --saveInactivePOI 1 --robustFit 1 --rMin 0 --rMax 100 -t -1 --expectSignal 15.5 -m 20 -d /data6/Users/joonblee/higgs_combine/CMSSW_14_1_0_pre4/src/NIsoMuon/review_outputs/Run2Run3/M20/workspace_Run2Run3_M20.root --setParameters r=15.5
>> combine -M MultiDimFit -n _paramFit_.ReviewSBImpacts_Run2Run3_M20_CMS_NPS26009_MCstat_signal_BJetOS_2022EE --algo impact --redefineSignalPOIs r -P CMS_NPS26009_MCstat_signal_BJetOS_2022EE --floatOtherPOIs 1 --saveInactivePOI 1 --robustFit 1 --rMin 0 --rMax 100 -t -1 --expectSignal 15.5 -m 20 -d /data6/Users/joonblee/higgs_combine/CMSSW_14_1_0_pre4/src/NIsoMuon/review_outputs/Run2Run3/M20/workspace_Run2Run3_M20.root --setParameters r=15.5
>> combine -M MultiDimFit -n _paramFit_.ReviewSBImpacts_Run2Run3_M20_CMS_NPS26009_bckgShape_QCD_BJetOS_2022 --algo impact --redefineSignalPOIs r -P CMS_NPS26009_bckgShape_QCD_BJetOS_2022 --floatOtherPOIs 1 --saveInactivePOI 1 --robustFit 1 --rMin 0 --rMax 100 -t -1 --expectSignal 15.5 -m 20 -d /data6/Users/joonblee/higgs_combine/CMSSW_14_1_0_pre4/src/NIsoMuon/review_outputs/Run2Run3/M20/workspace_Run2Run3_M20.root --setParameters r=15.5
>> combine -M MultiDimFit -n _paramFit_.ReviewSBImpacts_Run2Run3_M20_CMS_NPS26009_bckgShape_QCD_BJetOS_2022EE --algo impact --redefineSignalPOIs r -P CMS_NPS26009_bckgShape_QCD_BJetOS_2022EE --floatOtherPOIs 1 --saveInactivePOI 1 --robustFit 1 --rMin 0 --rMax 100 -t -1 --expectSignal 15.5 -m 20 -d /data6/Users/joonblee/higgs_combine/CMSSW_14_1_0_pre4/src/NIsoMuon/review_outputs/Run2Run3/M20/workspace_Run2Run3_M20.root --setParameters r=15.5
>> combine -M MultiDimFit -n _paramFit_.ReviewSBImpacts_Run2Run3_M20_CMS_btag_fixedWP_incl_light_uncorrelated_2023BPix --algo impact --redefineSignalPOIs r -P CMS_btag_fixedWP_incl_light_uncorrelated_2023BPix --floatOtherPOIs 1 --saveInactivePOI 1 --robustFit 1 --rMin 0 --rMax 100 -t -1 --expectSignal 15.5 -m 20 -d /data6/Users/joonblee/higgs_combine/CMSSW_14_1_0_pre4/src/NIsoMuon/review_outputs/Run2Run3/M20/workspace_Run2Run3_M20.root --setParameters r=15.5
>> combine -M MultiDimFit -n _paramFit_.ReviewSBImpacts_Run2Run3_M20_CMS_l1_prefiring_2016postVFP --algo impact --redefineSignalPOIs r -P CMS_l1_prefiring_2016postVFP --floatOtherPOIs 1 --saveInactivePOI 1 --robustFit 1 --rMin 0 --rMax 100 -t -1 --expectSignal 15.5 -m 20 -d /data6/Users/joonblee/higgs_combine/CMSSW_14_1_0_pre4/src/NIsoMuon/review_outputs/Run2Run3/M20/workspace_Run2Run3_M20.root --setParameters r=15.5
>> combine -M MultiDimFit -n _paramFit_.ReviewSBImpacts_Run2Run3_M20_CMS_NPS26009_MCstat_ttbar_BJetOS_2017 --algo impact --redefineSignalPOIs r -P CMS_NPS26009_MCstat_ttbar_BJetOS_2017 --floatOtherPOIs 1 --saveInactivePOI 1 --robustFit 1 --rMin 0 --rMax 100 -t -1 --expectSignal 15.5 -m 20 -d /data6/Users/joonblee/higgs_combine/CMSSW_14_1_0_pre4/src/NIsoMuon/review_outputs/Run2Run3/M20/workspace_Run2Run3_M20.root --setParameters r=15.5
>> combine -M MultiDimFit -n _paramFit_.ReviewSBImpacts_Run2Run3_M20_CMS_NPS26009_MCstat_ttbar_BJetOS_2018 --algo impact --redefineSignalPOIs r -P CMS_NPS26009_MCstat_ttbar_BJetOS_2018 --floatOtherPOIs 1 --saveInactivePOI 1 --robustFit 1 --rMin 0 --rMax 100 -t -1 --expectSignal 15.5 -m 20 -d /data6/Users/joonblee/higgs_combine/CMSSW_14_1_0_pre4/src/NIsoMuon/review_outputs/Run2Run3/M20/workspace_Run2Run3_M20.root --setParameters r=15.5
>> combine -M MultiDimFit -n _paramFit_.ReviewSBImpacts_Run2Run3_M20_CMS_NPS26009_bckgShape_QCD_BJetOS_2016postVFP --algo impact --redefineSignalPOIs r -P CMS_NPS26009_bckgShape_QCD_BJetOS_2016postVFP --floatOtherPOIs 1 --saveInactivePOI 1 --robustFit 1 --rMin 0 --rMax 100 -t -1 --expectSignal 15.5 -m 20 -d /data6/Users/joonblee/higgs_combine/CMSSW_14_1_0_pre4/src/NIsoMuon/review_outputs/Run2Run3/M20/workspace_Run2Run3_M20.root --setParameters r=15.5
>> combine -M MultiDimFit -n _paramFit_.ReviewSBImpacts_Run2Run3_M20_CMS_NPS26009_bckgShape_QCD_BJetOS_2016preVFP --algo impact --redefineSignalPOIs r -P CMS_NPS26009_bckgShape_QCD_BJetOS_2016preVFP --floatOtherPOIs 1 --saveInactivePOI 1 --robustFit 1 --rMin 0 --rMax 100 -t -1 --expectSignal 15.5 -m 20 -d /data6/Users/joonblee/higgs_combine/CMSSW_14_1_0_pre4/src/NIsoMuon/review_outputs/Run2Run3/M20/workspace_Run2Run3_M20.root --setParameters r=15.5
>> combine -M MultiDimFit -n _paramFit_.ReviewSBImpacts_Run2Run3_M20_CMS_res_j_2018 --algo impact --redefineSignalPOIs r -P CMS_res_j_2018 --floatOtherPOIs 1 --saveInactivePOI 1 --robustFit 1 --rMin 0 --rMax 100 -t -1 --expectSignal 15.5 -m 20 -d /data6/Users/joonblee/higgs_combine/CMSSW_14_1_0_pre4/src/NIsoMuon/review_outputs/Run2Run3/M20/workspace_Run2Run3_M20.root --setParameters r=15.5
>> combine -M MultiDimFit -n _paramFit_.ReviewSBImpacts_Run2Run3_M20_CMS_res_j_2022 --algo impact --redefineSignalPOIs r -P CMS_res_j_2022 --floatOtherPOIs 1 --saveInactivePOI 1 --robustFit 1 --rMin 0 --rMax 100 -t -1 --expectSignal 15.5 -m 20 -d /data6/Users/joonblee/higgs_combine/CMSSW_14_1_0_pre4/src/NIsoMuon/review_outputs/Run2Run3/M20/workspace_Run2Run3_M20.root --setParameters r=15.5
>> combine -M MultiDimFit -n _paramFit_.ReviewSBImpacts_Run2Run3_M20_CMS_NPS26009_MCstat_other_BJetOS_2023 --algo impact --redefineSignalPOIs r -P CMS_NPS26009_MCstat_other_BJetOS_2023 --floatOtherPOIs 1 --saveInactivePOI 1 --robustFit 1 --rMin 0 --rMax 100 -t -1 --expectSignal 15.5 -m 20 -d /data6/Users/joonblee/higgs_combine/CMSSW_14_1_0_pre4/src/NIsoMuon/review_outputs/Run2Run3/M20/workspace_Run2Run3_M20.root --setParameters r=15.5
>> combine -M MultiDimFit -n _paramFit_.ReviewSBImpacts_Run2Run3_M20_CMS_NPS26009_MCstat_other_BJetOS_2023BPix --algo impact --redefineSignalPOIs r -P CMS_NPS26009_MCstat_other_BJetOS_2023BPix --floatOtherPOIs 1 --saveInactivePOI 1 --robustFit 1 --rMin 0 --rMax 100 -t -1 --expectSignal 15.5 -m 20 -d /data6/Users/joonblee/higgs_combine/CMSSW_14_1_0_pre4/src/NIsoMuon/review_outputs/Run2Run3/M20/workspace_Run2Run3_M20.root --setParameters r=15.5
>> combine -M MultiDimFit -n _paramFit_.ReviewSBImpacts_Run2Run3_M20_CMS_NPS26009_btag_fixedWP_comb_bc_correlated_13TeV --algo impact --redefineSignalPOIs r -P CMS_NPS26009_btag_fixedWP_comb_bc_correlated_13TeV --floatOtherPOIs 1 --saveInactivePOI 1 --robustFit 1 --rMin 0 --rMax 100 -t -1 --expectSignal 15.5 -m 20 -d /data6/Users/joonblee/higgs_combine/CMSSW_14_1_0_pre4/src/NIsoMuon/review_outputs/Run2Run3/M20/workspace_Run2Run3_M20.root --setParameters r=15.5
>> combine -M MultiDimFit -n _paramFit_.ReviewSBImpacts_Run2Run3_M20_CMS_NPS26009_btag_fixedWP_comb_bc_correlated_13p6TeV --algo impact --redefineSignalPOIs r -P CMS_NPS26009_btag_fixedWP_comb_bc_correlated_13p6TeV --floatOtherPOIs 1 --saveInactivePOI 1 --robustFit 1 --rMin 0 --rMax 100 -t -1 --expectSignal 15.5 -m 20 -d /data6/Users/joonblee/higgs_combine/CMSSW_14_1_0_pre4/src/NIsoMuon/review_outputs/Run2Run3/M20/workspace_Run2Run3_M20.root --setParameters r=15.5
>> combine -M MultiDimFit -n _paramFit_.ReviewSBImpacts_Run2Run3_M20_CMS_res_j_2022EE --algo impact --redefineSignalPOIs r -P CMS_res_j_2022EE --floatOtherPOIs 1 --saveInactivePOI 1 --robustFit 1 --rMin 0 --rMax 100 -t -1 --expectSignal 15.5 -m 20 -d /data6/Users/joonblee/higgs_combine/CMSSW_14_1_0_pre4/src/NIsoMuon/review_outputs/Run2Run3/M20/workspace_Run2Run3_M20.root --setParameters r=15.5
>> combine -M MultiDimFit -n _paramFit_.ReviewSBImpacts_Run2Run3_M20_CMS_res_j_2023 --algo impact --redefineSignalPOIs r -P CMS_res_j_2023 --floatOtherPOIs 1 --saveInactivePOI 1 --robustFit 1 --rMin 0 --rMax 100 -t -1 --expectSignal 15.5 -m 20 -d /data6/Users/joonblee/higgs_combine/CMSSW_14_1_0_pre4/src/NIsoMuon/review_outputs/Run2Run3/M20/workspace_Run2Run3_M20.root --setParameters r=15.5
>> combine -M MultiDimFit -n _paramFit_.ReviewSBImpacts_Run2Run3_M20_CMS_NPS26009_MCstat_singleTop_BJetOS_2017 --algo impact --redefineSignalPOIs r -P CMS_NPS26009_MCstat_singleTop_BJetOS_2017 --floatOtherPOIs 1 --saveInactivePOI 1 --robustFit 1 --rMin 0 --rMax 100 -t -1 --expectSignal 15.5 -m 20 -d /data6/Users/joonblee/higgs_combine/CMSSW_14_1_0_pre4/src/NIsoMuon/review_outputs/Run2Run3/M20/workspace_Run2Run3_M20.root --setParameters r=15.5
>> combine -M MultiDimFit -n _paramFit_.ReviewSBImpacts_Run2Run3_M20_CMS_NPS26009_MCstat_singleTop_BJetOS_2018 --algo impact --redefineSignalPOIs r -P CMS_NPS26009_MCstat_singleTop_BJetOS_2018 --floatOtherPOIs 1 --saveInactivePOI 1 --robustFit 1 --rMin 0 --rMax 100 -t -1 --expectSignal 15.5 -m 20 -d /data6/Users/joonblee/higgs_combine/CMSSW_14_1_0_pre4/src/NIsoMuon/review_outputs/Run2Run3/M20/workspace_Run2Run3_M20.root --setParameters r=15.5
>> combine -M MultiDimFit -n _paramFit_.ReviewSBImpacts_Run2Run3_M20_CMS_NPS26009_eff_m_trigger_2022 --algo impact --redefineSignalPOIs r -P CMS_NPS26009_eff_m_trigger_2022 --floatOtherPOIs 1 --saveInactivePOI 1 --robustFit 1 --rMin 0 --rMax 100 -t -1 --expectSignal 15.5 -m 20 -d /data6/Users/joonblee/higgs_combine/CMSSW_14_1_0_pre4/src/NIsoMuon/review_outputs/Run2Run3/M20/workspace_Run2Run3_M20.root --setParameters r=15.5
>> combine -M MultiDimFit -n _paramFit_.ReviewSBImpacts_Run2Run3_M20_CMS_NPS26009_eff_m_trigger_2022EE --algo impact --redefineSignalPOIs r -P CMS_NPS26009_eff_m_trigger_2022EE --floatOtherPOIs 1 --saveInactivePOI 1 --robustFit 1 --rMin 0 --rMax 100 -t -1 --expectSignal 15.5 -m 20 -d /data6/Users/joonblee/higgs_combine/CMSSW_14_1_0_pre4/src/NIsoMuon/review_outputs/Run2Run3/M20/workspace_Run2Run3_M20.root --setParameters r=15.5
>> combine -M MultiDimFit -n _paramFit_.ReviewSBImpacts_Run2Run3_M20_CMS_res_j_2023BPix --algo impact --redefineSignalPOIs r -P CMS_res_j_2023BPix --floatOtherPOIs 1 --saveInactivePOI 1 --robustFit 1 --rMin 0 --rMax 100 -t -1 --expectSignal 15.5 -m 20 -d /data6/Users/joonblee/higgs_combine/CMSSW_14_1_0_pre4/src/NIsoMuon/review_outputs/Run2Run3/M20/workspace_Run2Run3_M20.root --setParameters r=15.5
>> combine -M MultiDimFit -n _paramFit_.ReviewSBImpacts_Run2Run3_M20_CMS_scale_j_2016postVFP --algo impact --redefineSignalPOIs r -P CMS_scale_j_2016postVFP --floatOtherPOIs 1 --saveInactivePOI 1 --robustFit 1 --rMin 0 --rMax 100 -t -1 --expectSignal 15.5 -m 20 -d /data6/Users/joonblee/higgs_combine/CMSSW_14_1_0_pre4/src/NIsoMuon/review_outputs/Run2Run3/M20/workspace_Run2Run3_M20.root --setParameters r=15.5
>> combine -M MultiDimFit -n _paramFit_.ReviewSBImpacts_Run2Run3_M20_CMS_NPS26009_LightJetStat_DY_BJetOS_2016postVFP --algo impact --redefineSignalPOIs r -P CMS_NPS26009_LightJetStat_DY_BJetOS_2016postVFP --floatOtherPOIs 1 --saveInactivePOI 1 --robustFit 1 --rMin 0 --rMax 100 -t -1 --expectSignal 15.5 -m 20 -d /data6/Users/joonblee/higgs_combine/CMSSW_14_1_0_pre4/src/NIsoMuon/review_outputs/Run2Run3/M20/workspace_Run2Run3_M20.root --setParameters r=15.5
>> combine -M MultiDimFit -n _paramFit_.ReviewSBImpacts_Run2Run3_M20_CMS_NPS26009_LightJetStat_DY_BJetOS_2016preVFP --algo impact --redefineSignalPOIs r -P CMS_NPS26009_LightJetStat_DY_BJetOS_2016preVFP --floatOtherPOIs 1 --saveInactivePOI 1 --robustFit 1 --rMin 0 --rMax 100 -t -1 --expectSignal 15.5 -m 20 -d /data6/Users/joonblee/higgs_combine/CMSSW_14_1_0_pre4/src/NIsoMuon/review_outputs/Run2Run3/M20/workspace_Run2Run3_M20.root --setParameters r=15.5
>> combine -M MultiDimFit -n _paramFit_.ReviewSBImpacts_Run2Run3_M20_CMS_NPS26009_NFStat_DY_BJetOS_2017 --algo impact --redefineSignalPOIs r -P CMS_NPS26009_NFStat_DY_BJetOS_2017 --floatOtherPOIs 1 --saveInactivePOI 1 --robustFit 1 --rMin 0 --rMax 100 -t -1 --expectSignal 15.5 -m 20 -d /data6/Users/joonblee/higgs_combine/CMSSW_14_1_0_pre4/src/NIsoMuon/review_outputs/Run2Run3/M20/workspace_Run2Run3_M20.root --setParameters r=15.5
>> combine -M MultiDimFit -n _paramFit_.ReviewSBImpacts_Run2Run3_M20_CMS_NPS26009_NFStat_DY_BJetOS_2018 --algo impact --redefineSignalPOIs r -P CMS_NPS26009_NFStat_DY_BJetOS_2018 --floatOtherPOIs 1 --saveInactivePOI 1 --robustFit 1 --rMin 0 --rMax 100 -t -1 --expectSignal 15.5 -m 20 -d /data6/Users/joonblee/higgs_combine/CMSSW_14_1_0_pre4/src/NIsoMuon/review_outputs/Run2Run3/M20/workspace_Run2Run3_M20.root --setParameters r=15.5
>> combine -M MultiDimFit -n _paramFit_.ReviewSBImpacts_Run2Run3_M20_CMS_NPS26009_lumi_2016 --algo impact --redefineSignalPOIs r -P CMS_NPS26009_lumi_2016 --floatOtherPOIs 1 --saveInactivePOI 1 --robustFit 1 --rMin 0 --rMax 100 -t -1 --expectSignal 15.5 -m 20 -d /data6/Users/joonblee/higgs_combine/CMSSW_14_1_0_pre4/src/NIsoMuon/review_outputs/Run2Run3/M20/workspace_Run2Run3_M20.root --setParameters r=15.5
>> combine -M MultiDimFit -n _paramFit_.ReviewSBImpacts_Run2Run3_M20_CMS_NPS26009_lumi_2017 --algo impact --redefineSignalPOIs r -P CMS_NPS26009_lumi_2017 --floatOtherPOIs 1 --saveInactivePOI 1 --robustFit 1 --rMin 0 --rMax 100 -t -1 --expectSignal 15.5 -m 20 -d /data6/Users/joonblee/higgs_combine/CMSSW_14_1_0_pre4/src/NIsoMuon/review_outputs/Run2Run3/M20/workspace_Run2Run3_M20.root --setParameters r=15.5
>> combine -M MultiDimFit -n _paramFit_.ReviewSBImpacts_Run2Run3_M20_CMS_scale_j_2018 --algo impact --redefineSignalPOIs r -P CMS_scale_j_2018 --floatOtherPOIs 1 --saveInactivePOI 1 --robustFit 1 --rMin 0 --rMax 100 -t -1 --expectSignal 15.5 -m 20 -d /data6/Users/joonblee/higgs_combine/CMSSW_14_1_0_pre4/src/NIsoMuon/review_outputs/Run2Run3/M20/workspace_Run2Run3_M20.root --setParameters r=15.5
>> combine -M MultiDimFit -n _paramFit_.ReviewSBImpacts_Run2Run3_M20_CMS_scale_j_2022 --algo impact --redefineSignalPOIs r -P CMS_scale_j_2022 --floatOtherPOIs 1 --saveInactivePOI 1 --robustFit 1 --rMin 0 --rMax 100 -t -1 --expectSignal 15.5 -m 20 -d /data6/Users/joonblee/higgs_combine/CMSSW_14_1_0_pre4/src/NIsoMuon/review_outputs/Run2Run3/M20/workspace_Run2Run3_M20.root --setParameters r=15.5
[RUN] (cd /data6/Users/joonblee/higgs_combine/CMSSW_14_1_0_pre4/src/NIsoMuon/review_outputs/Run2Run3/M20 && combineTool.py -M Impacts -d /data6/Users/joonblee/higgs_combine/CMSSW_14_1_0_pre4/src/NIsoMuon/review_outputs/Run2Run3/M20/workspace_Run2Run3_M20.root -m 20 -n .ReviewSBImpacts_Run2Run3_M20 -o impacts_Run2Run3_M20_SB.json)
Have POIs: ['r']
Have parameters: 132
[RUN] (cd /data6/Users/joonblee/higgs_combine/CMSSW_14_1_0_pre4/src/NIsoMuon/review_outputs/Run2Run3/M20 && /data6/Users/joonblee/higgs_combine/CMSSW_16_0_0/bin/el9_amd64_gcc13/plotImpacts.py -i impacts_Run2Run3_M20_SB.json -o impacts_Run2Run3_M20_SB)
Info in <TCanvas::Print>: pdf file impacts_Run2Run3_M20_SB.pdf has been created using the current canvas
Info in <TCanvas::Print>: Current canvas added to pdf file impacts_Run2Run3_M20_SB.pdf
Info in <TCanvas::Print>: Current canvas added to pdf file impacts_Run2Run3_M20_SB.pdf
Info in <TCanvas::Print>: Current canvas added to pdf file impacts_Run2Run3_M20_SB.pdf
Info in <TCanvas::Print>: Current canvas added to pdf file impacts_Run2Run3_M20_SB.pdf and file closed
>> Doing page 0, have 30 parameters
>> Doing page 1, have 30 parameters
>> Doing page 2, have 30 parameters
>> Doing page 3, have 30 parameters
>> Doing page 4, have 12 parameters

[S+B IMPACT INJECTION]
{
  "alpha_internal_unit": 8.005935406497654e-07,
  "injected_alpha": 1.2409199880071364e-05,
  "injected_r": 15.5,
  "mass": 20.0,
  "source_for_default_injection": "/data6/Users/joonblee/higgs_combine/CMSSW_14_1_0_pre4/src/NIsoMuon/limit_outputs/alpha/blind/Run2Run3/limits_Run2Run3_alpha_internal.json",
  "target": "Run2Run3"
}

[DONE] review outputs: /data6/Users/joonblee/higgs_combine/CMSSW_14_1_0_pre4/src/NIsoMuon/review_outputs/Run2Run3/M20
