 <<< Combine >>> 
 <<< v11.0.0 >>>
>>> Random number generator seed is 123456
>>> Method used is MultiDimFit
Set Range of Parameter r To : (-20,100)
Set Default Value of Parameter r To : 31
Set Range of Parameter r To : (-20,100)
Doing initial fit: 

 --- MultiDimFit ---
best fit parameter values and profile-likelihood uncertainties: 
   r :   +33.541   -7.897/+8.137 (68%)
Set Range of Parameter r To : (-20,100)
Doing initial fit: 

 --- MultiDimFit ---
best fit parameter values and profile-likelihood uncertainties: 
   r :   +21.867   -9.039/+8.148 (68%)
Set Range of Parameter r To : (-20,100)
Doing initial fit: 

 --- MultiDimFit ---
best fit parameter values and profile-likelihood uncertainties: 
   r :   +39.852   -9.293/+8.377 (68%)
Set Range of Parameter r To : (-20,100)
Doing initial fit: 

 --- MultiDimFit ---
best fit parameter values and profile-likelihood uncertainties: 
   r :   +30.272   -7.685/+6.959 (68%)
Set Range of Parameter r To : (-20,100)
Doing initial fit: 

 --- MultiDimFit ---
best fit parameter values and profile-likelihood uncertainties: 
   r :   +36.336   -10.213/+10.417 (68%)
Set Range of Parameter r To : (-20,100)
Doing initial fit: 

 --- MultiDimFit ---
best fit parameter values and profile-likelihood uncertainties: 
   r :   +27.672   -7.319/+8.020 (68%)
Set Range of Parameter r To : (-20,100)
Doing initial fit: 

 --- MultiDimFit ---
best fit parameter values and profile-likelihood uncertainties: 
   r :   +28.814   -6.548/+6.945 (68%)
Set Range of Parameter r To : (-20,100)
Doing initial fit: 

 --- MultiDimFit ---
best fit parameter values and profile-likelihood uncertainties: 
   r :   +31.878   -9.711/+10.334 (68%)
Set Range of Parameter r To : (-20,100)
Doing initial fit: 

 --- MultiDimFit ---
best fit parameter values and profile-likelihood uncertainties: 
   r :   +39.868   -9.910/+13.494 (68%)
Set Range of Parameter r To : (-20,100)
Doing initial fit: 

 --- MultiDimFit ---
best fit parameter values and profile-likelihood uncertainties: 
   r :   +19.673   -9.487/+8.409 (68%)
Set Range of Parameter r To : (-20,100)
Doing initial fit: 

 --- MultiDimFit ---
best fit parameter values and profile-likelihood uncertainties: 
   r :   +25.908   -8.836/+8.082 (68%)
Set Range of Parameter r To : (-20,100)
Doing initial fit: 

 --- MultiDimFit ---
best fit parameter values and profile-likelihood uncertainties: 
   r :   +33.135   -10.079/+10.305 (68%)
Set Range of Parameter r To : (-20,100)
Doing initial fit: 

 --- MultiDimFit ---
best fit parameter values and profile-likelihood uncertainties: 
   r :   +30.056   -9.543/+8.979 (68%)
Set Range of Parameter r To : (-20,100)
Doing initial fit: 

 --- MultiDimFit ---
best fit parameter values and profile-likelihood uncertainties: 
   r :   +23.482   -9.688/+9.420 (68%)
Set Range of Parameter r To : (-20,100)
Doing initial fit: 

 --- MultiDimFit ---
best fit parameter values and profile-likelihood uncertainties: 
   r :   +24.494   -10.363/+10.198 (68%)
Set Range of Parameter r To : (-20,100)
Doing initial fit: 

 --- MultiDimFit ---
best fit parameter values and profile-likelihood uncertainties: 
   r :   +42.413   -9.904/+8.250 (68%)
Set Range of Parameter r To : (-20,100)
Doing initial fit: 

 --- MultiDimFit ---
best fit parameter values and profile-likelihood uncertainties: 
   r :   +37.971   -9.518/+9.986 (68%)
Set Range of Parameter r To : (-20,100)
Doing initial fit: 

 --- MultiDimFit ---
best fit parameter values and profile-likelihood uncertainties: 
   r :   +30.307   -11.384/+7.769 (68%)
Set Range of Parameter r To : (-20,100)
Doing initial fit: 

 --- MultiDimFit ---
best fit parameter values and profile-likelihood uncertainties: 
   r :   +34.830   -9.636/+8.344 (68%)
Set Range of Parameter r To : (-20,100)
Doing initial fit: 

 --- MultiDimFit ---
best fit parameter values and profile-likelihood uncertainties: 
   r :    +9.106   -7.742/+7.922 (68%)
Set Range of Parameter r To : (-20,100)
Doing initial fit: 

 --- MultiDimFit ---
best fit parameter values and profile-likelihood uncertainties: 
   r :   +33.699   -8.664/+7.435 (68%)
Set Range of Parameter r To : (-20,100)
Doing initial fit: 

 --- MultiDimFit ---
best fit parameter values and profile-likelihood uncertainties: 
   r :   +29.523   -9.210/+7.799 (68%)
Set Range of Parameter r To : (-20,100)
Doing initial fit: 

 --- MultiDimFit ---
best fit parameter values and profile-likelihood uncertainties: 
   r :   +29.307   -7.415/+7.900 (68%)
Set Range of Parameter r To : (-20,100)
Doing initial fit: 

 --- MultiDimFit ---
best fit parameter values and profile-likelihood uncertainties: 
   r :   +38.126   -9.601/+10.290 (68%)
Set Range of Parameter r To : (-20,100)
Doing initial fit: 

 --- MultiDimFit ---
best fit parameter values and profile-likelihood uncertainties: 
   r :   +36.838   -9.542/+8.573 (68%)
Set Range of Parameter r To : (-20,100)
Doing initial fit: 

 --- MultiDimFit ---
best fit parameter values and profile-likelihood uncertainties: 
   r :   +39.354   -9.648/+10.047 (68%)
Set Range of Parameter r To : (-20,100)
Doing initial fit: 

 --- MultiDimFit ---
best fit parameter values and profile-likelihood uncertainties: 
   r :   +36.472   -9.012/+8.279 (68%)
Set Range of Parameter r To : (-20,100)
Doing initial fit: 

 --- MultiDimFit ---
best fit parameter values and profile-likelihood uncertainties: 
   r :   +34.879   -9.545/+9.424 (68%)
Set Range of Parameter r To : (-20,100)
Doing initial fit: 

 --- MultiDimFit ---
best fit parameter values and profile-likelihood uncertainties: 
   r :   +47.814   -10.314/+9.929 (68%)
Set Range of Parameter r To : (-20,100)
Doing initial fit: 

 --- MultiDimFit ---
best fit parameter values and profile-likelihood uncertainties: 
   r :   +27.463   -7.268/+8.199 (68%)
Set Range of Parameter r To : (-20,100)
Doing initial fit: 

 --- MultiDimFit ---
best fit parameter values and profile-likelihood uncertainties: 
   r :   +33.030   -8.432/+8.069 (68%)
Set Range of Parameter r To : (-20,100)
Doing initial fit: 

 --- MultiDimFit ---
best fit parameter values and profile-likelihood uncertainties: 
   r :   +24.839   -8.177/+8.173 (68%)
Set Range of Parameter r To : (-20,100)
Doing initial fit: 

 --- MultiDimFit ---
best fit parameter values and profile-likelihood uncertainties: 
   r :   +29.452   -9.341/+8.157 (68%)
Set Range of Parameter r To : (-20,100)
Doing initial fit: 

 --- MultiDimFit ---
best fit parameter values and profile-likelihood uncertainties: 
   r :   +33.658   -9.348/+8.911 (68%)
Set Range of Parameter r To : (-20,100)
Doing initial fit: 

 --- MultiDimFit ---
best fit parameter values and profile-likelihood uncertainties: 
   r :   +22.948   -10.868/+9.192 (68%)
Set Range of Parameter r To : (-20,100)
Doing initial fit: 

 --- MultiDimFit ---
best fit parameter values and profile-likelihood uncertainties: 
   r :   +18.726   -8.716/+7.839 (68%)
Set Range of Parameter r To : (-20,100)
Doing initial fit: 

 --- MultiDimFit ---
best fit parameter values and profile-likelihood uncertainties: 
   r :   +46.644   -8.588/+8.171 (68%)
Set Range of Parameter r To : (-20,100)
Doing initial fit: 

 --- MultiDimFit ---
best fit parameter values and profile-likelihood uncertainties: 
   r :   +16.177   -7.609/+7.903 (68%)
Set Range of Parameter r To : (-20,100)
Doing initial fit: 

 --- MultiDimFit ---
best fit parameter values and profile-likelihood uncertainties: 
   r :   +21.541   -9.378/+8.933 (68%)
Set Range of Parameter r To : (-20,100)
Doing initial fit: 

 --- MultiDimFit ---
best fit parameter values and profile-likelihood uncertainties: 
   r :   +24.135   -10.052/+9.829 (68%)
Set Range of Parameter r To : (-20,100)
Doing initial fit: 

 --- MultiDimFit ---
best fit parameter values and profile-likelihood uncertainties: 
   r :   +38.566   -10.866/+8.414 (68%)
Set Range of Parameter r To : (-20,100)
Doing initial fit: 

 --- MultiDimFit ---
best fit parameter values and profile-likelihood uncertainties: 
   r :   +35.470   -9.697/+9.269 (68%)
Set Range of Parameter r To : (-20,100)
Doing initial fit: 

 --- MultiDimFit ---
best fit parameter values and profile-likelihood uncertainties: 
   r :   +60.049   -10.138/+9.500 (68%)
Set Range of Parameter r To : (-20,100)
Doing initial fit: 

 --- MultiDimFit ---
best fit parameter values and profile-likelihood uncertainties: 
   r :   +26.019   -9.949/+10.233 (68%)
Set Range of Parameter r To : (-20,100)
Doing initial fit: 

 --- MultiDimFit ---
best fit parameter values and profile-likelihood uncertainties: 
   r :   +27.731   -6.614/+6.659 (68%)
Set Range of Parameter r To : (-20,100)
Doing initial fit: 

 --- MultiDimFit ---
best fit parameter values and profile-likelihood uncertainties: 
   r :   +30.435   -9.907/+8.001 (68%)
Set Range of Parameter r To : (-20,100)
Doing initial fit: 

 --- MultiDimFit ---
best fit parameter values and profile-likelihood uncertainties: 
   r :   +23.704   -10.787/+8.371 (68%)
Set Range of Parameter r To : (-20,100)
Doing initial fit: 

 --- MultiDimFit ---
best fit parameter values and profile-likelihood uncertainties: 
   r :   +25.264   -12.764/+7.895 (68%)
Set Range of Parameter r To : (-20,100)
Doing initial fit: 

 --- MultiDimFit ---
best fit parameter values and profile-likelihood uncertainties: 
   r :   +22.317   -9.962/+7.943 (68%)
Set Range of Parameter r To : (-20,100)
Doing initial fit: 

 --- MultiDimFit ---
best fit parameter values and profile-likelihood uncertainties: 
   r :   +39.164   -9.683/+11.476 (68%)
Set Range of Parameter r To : (-20,100)
Doing initial fit: 

 --- MultiDimFit ---
best fit parameter values and profile-likelihood uncertainties: 
   r :   +49.942   -9.714/+9.654 (68%)
Set Range of Parameter r To : (-20,100)
Doing initial fit: 

 --- MultiDimFit ---
best fit parameter values and profile-likelihood uncertainties: 
   r :   +20.898   -10.350/+10.420 (68%)
Set Range of Parameter r To : (-20,100)
Doing initial fit: 

 --- MultiDimFit ---
best fit parameter values and profile-likelihood uncertainties: 
   r :   +26.407   -7.080/+8.200 (68%)
Set Range of Parameter r To : (-20,100)
Doing initial fit: 

 --- MultiDimFit ---
best fit parameter values and profile-likelihood uncertainties: 
   r :   +24.035   -8.764/+8.017 (68%)
Set Range of Parameter r To : (-20,100)
Doing initial fit: 

 --- MultiDimFit ---
best fit parameter values and profile-likelihood uncertainties: 
   r :   +36.414   -9.387/+8.485 (68%)
Set Range of Parameter r To : (-20,100)
Doing initial fit: 

 --- MultiDimFit ---
best fit parameter values and profile-likelihood uncertainties: 
   r :   +17.763   -11.297/+9.160 (68%)
Set Range of Parameter r To : (-20,100)
Doing initial fit: 

 --- MultiDimFit ---
best fit parameter values and profile-likelihood uncertainties: 
   r :   +31.686   -10.305/+9.707 (68%)
Set Range of Parameter r To : (-20,100)
Doing initial fit: 

 --- MultiDimFit ---
best fit parameter values and profile-likelihood uncertainties: 
   r :   +42.352   -9.518/+8.820 (68%)
Set Range of Parameter r To : (-20,100)
Doing initial fit: 

 --- MultiDimFit ---
best fit parameter values and profile-likelihood uncertainties: 
   r :   +18.098   -8.754/+8.011 (68%)
Set Range of Parameter r To : (-20,100)
Doing initial fit: 

 --- MultiDimFit ---
best fit parameter values and profile-likelihood uncertainties: 
   r :   +41.956   -7.993/+8.122 (68%)
Set Range of Parameter r To : (-20,100)
Doing initial fit: 

 --- MultiDimFit ---
best fit parameter values and profile-likelihood uncertainties: 
   r :   +40.039   -9.547/+8.684 (68%)
Set Range of Parameter r To : (-20,100)
Doing initial fit: 

 --- MultiDimFit ---
best fit parameter values and profile-likelihood uncertainties: 
   r :   +38.666   -8.858/+7.591 (68%)
Set Range of Parameter r To : (-20,100)
Doing initial fit: 

 --- MultiDimFit ---
best fit parameter values and profile-likelihood uncertainties: 
   r :   +37.467   -8.426/+8.053 (68%)
Set Range of Parameter r To : (-20,100)
Doing initial fit: 

 --- MultiDimFit ---
best fit parameter values and profile-likelihood uncertainties: 
   r :   +26.277   -9.383/+8.729 (68%)
Set Range of Parameter r To : (-20,100)
Doing initial fit: 

 --- MultiDimFit ---
best fit parameter values and profile-likelihood uncertainties: 
   r :   +37.339   -9.594/+10.190 (68%)
Set Range of Parameter r To : (-20,100)
Doing initial fit: 

 --- MultiDimFit ---
best fit parameter values and profile-likelihood uncertainties: 
   r :   +29.002   -9.459/+9.356 (68%)
Set Range of Parameter r To : (-20,100)
Doing initial fit: 

 --- MultiDimFit ---
best fit parameter values and profile-likelihood uncertainties: 
   r :   +30.156   -8.708/+7.967 (68%)
Set Range of Parameter r To : (-20,100)
Doing initial fit: 

 --- MultiDimFit ---
best fit parameter values and profile-likelihood uncertainties: 
   r :   +30.083   -10.185/+9.748 (68%)
Set Range of Parameter r To : (-20,100)
Doing initial fit: 

 --- MultiDimFit ---
best fit parameter values and profile-likelihood uncertainties: 
   r :   +26.936   -10.036/+10.683 (68%)
Set Range of Parameter r To : (-20,100)
Doing initial fit: 

 --- MultiDimFit ---
best fit parameter values and profile-likelihood uncertainties: 
   r :   +29.236   -9.531/+7.701 (68%)
Set Range of Parameter r To : (-20,100)
Doing initial fit: 

 --- MultiDimFit ---
best fit parameter values and profile-likelihood uncertainties: 
   r :   +36.401   -7.723/+7.769 (68%)
Set Range of Parameter r To : (-20,100)
Doing initial fit: 

 --- MultiDimFit ---
best fit parameter values and profile-likelihood uncertainties: 
   r :   +19.309   -8.786/+7.184 (68%)
Set Range of Parameter r To : (-20,100)
Doing initial fit: 

 --- MultiDimFit ---
best fit parameter values and profile-likelihood uncertainties: 
   r :   +33.075   -9.785/+9.633 (68%)
Set Range of Parameter r To : (-20,100)
Doing initial fit: 

 --- MultiDimFit ---
best fit parameter values and profile-likelihood uncertainties: 
   r :   +28.241   -7.822/+7.476 (68%)
Set Range of Parameter r To : (-20,100)
Doing initial fit: 

 --- MultiDimFit ---
best fit parameter values and profile-likelihood uncertainties: 
   r :   +43.474   -9.542/+10.058 (68%)
Set Range of Parameter r To : (-20,100)
Doing initial fit: 

 --- MultiDimFit ---
best fit parameter values and profile-likelihood uncertainties: 
   r :   +37.191   -8.776/+8.105 (68%)
Set Range of Parameter r To : (-20,100)
Doing initial fit: 

 --- MultiDimFit ---
best fit parameter values and profile-likelihood uncertainties: 
   r :   +23.864   -9.098/+8.285 (68%)
Set Range of Parameter r To : (-20,100)
Doing initial fit: 

 --- MultiDimFit ---
best fit parameter values and profile-likelihood uncertainties: 
   r :   +30.442   -9.307/+8.386 (68%)
Set Range of Parameter r To : (-20,100)
Doing initial fit: 

 --- MultiDimFit ---
best fit parameter values and profile-likelihood uncertainties: 
   r :   +44.085   -9.886/+11.098 (68%)
Set Range of Parameter r To : (-20,100)
Doing initial fit: 

 --- MultiDimFit ---
best fit parameter values and profile-likelihood uncertainties: 
   r :   +42.226   -7.804/+8.053 (68%)
Set Range of Parameter r To : (-20,100)
Doing initial fit: 

 --- MultiDimFit ---
best fit parameter values and profile-likelihood uncertainties: 
   r :   +20.065   -12.175/+7.576 (68%)
Set Range of Parameter r To : (-20,100)
Doing initial fit: 

 --- MultiDimFit ---
best fit parameter values and profile-likelihood uncertainties: 
   r :   +26.148   -11.889/+8.002 (68%)
Set Range of Parameter r To : (-20,100)
Doing initial fit: 

 --- MultiDimFit ---
best fit parameter values and profile-likelihood uncertainties: 
   r :   +29.209   -9.518/+10.978 (68%)
Set Range of Parameter r To : (-20,100)
Doing initial fit: 

 --- MultiDimFit ---
best fit parameter values and profile-likelihood uncertainties: 
   r :   +21.688   -8.787/+7.934 (68%)
Set Range of Parameter r To : (-20,100)
Doing initial fit: 

 

 ---------------------------

 WARNING: MultiDimFit failed

 ---------------------------

 
Set Range of Parameter r To : (-20,100)
Doing initial fit: 

 --- MultiDimFit ---
best fit parameter values and profile-likelihood uncertainties: 
   r :   +35.215   -9.415/+8.078 (68%)
Set Range of Parameter r To : (-20,100)
Doing initial fit: 

 --- MultiDimFit ---
best fit parameter values and profile-likelihood uncertainties: 
   r :   +35.376   -9.396/+8.154 (68%)
Set Range of Parameter r To : (-20,100)
Doing initial fit: 

 --- MultiDimFit ---
best fit parameter values and profile-likelihood uncertainties: 
   r :   +27.946   -7.349/+8.090 (68%)
Set Range of Parameter r To : (-20,100)
Doing initial fit: 

 --- MultiDimFit ---
best fit parameter values and profile-likelihood uncertainties: 
   r :   +33.706   -10.527/+10.389 (68%)
Set Range of Parameter r To : (-20,100)
Doing initial fit: 

 --- MultiDimFit ---
best fit parameter values and profile-likelihood uncertainties: 
   r :   +26.191   -8.333/+7.941 (68%)
Set Range of Parameter r To : (-20,100)
Doing initial fit: 

 --- MultiDimFit ---
best fit parameter values and profile-likelihood uncertainties: 
   r :   +15.514   -9.218/+8.544 (68%)
Set Range of Parameter r To : (-20,100)
Doing initial fit: 

 --- MultiDimFit ---
best fit parameter values and profile-likelihood uncertainties: 
   r :   +21.984   -6.346/+6.768 (68%)
Set Range of Parameter r To : (-20,100)
Doing initial fit: 

 --- MultiDimFit ---
best fit parameter values and profile-likelihood uncertainties: 
   r :   +40.676   -9.579/+9.001 (68%)
Set Range of Parameter r To : (-20,100)
Doing initial fit: 

 --- MultiDimFit ---
best fit parameter values and profile-likelihood uncertainties: 
   r :   +16.553   -9.692/+8.035 (68%)
Set Range of Parameter r To : (-20,100)
Doing initial fit: 

 --- MultiDimFit ---
best fit parameter values and profile-likelihood uncertainties: 
   r :   +27.715   -9.518/+10.448 (68%)
Set Range of Parameter r To : (-20,100)
Doing initial fit: 

 --- MultiDimFit ---
best fit parameter values and profile-likelihood uncertainties: 
   r :   +26.798   -10.409/+9.643 (68%)
Set Range of Parameter r To : (-20,100)
Doing initial fit: 

 --- MultiDimFit ---
best fit parameter values and profile-likelihood uncertainties: 
   r :   +27.747   -10.083/+7.861 (68%)
Set Range of Parameter r To : (-20,100)
Doing initial fit: 

 --- MultiDimFit ---
best fit parameter values and profile-likelihood uncertainties: 
   r :   +31.808   -7.680/+7.923 (68%)
Set Range of Parameter r To : (-20,100)
Doing initial fit: 

 --- MultiDimFit ---
best fit parameter values and profile-likelihood uncertainties: 
   r :   +42.456   -9.782/+9.190 (68%)
Set Range of Parameter r To : (-20,100)
Doing initial fit: 

 --- MultiDimFit ---
best fit parameter values and profile-likelihood uncertainties: 
   r :   +24.934   -8.950/+8.038 (68%)
Set Range of Parameter r To : (-20,100)
Doing initial fit: 

 --- MultiDimFit ---
best fit parameter values and profile-likelihood uncertainties: 
   r :   +44.440   -7.902/+8.119 (68%)
Set Range of Parameter r To : (-20,100)
Doing initial fit: 

 --- MultiDimFit ---
best fit parameter values and profile-likelihood uncertainties: 
   r :   +34.171   -9.426/+8.252 (68%)
Set Range of Parameter r To : (-20,100)
Doing initial fit: 

 --- MultiDimFit ---
best fit parameter values and profile-likelihood uncertainties: 
   r :   +19.469   -8.362/+7.971 (68%)
Set Range of Parameter r To : (-20,100)
Doing initial fit: 

 --- MultiDimFit ---
best fit parameter values and profile-likelihood uncertainties: 
   r :   +28.602   -8.463/+8.142 (68%)
Set Range of Parameter r To : (-20,100)
Doing initial fit: 

 --- MultiDimFit ---
best fit parameter values and profile-likelihood uncertainties: 
   r :   +41.126   -11.101/+8.040 (68%)
Set Range of Parameter r To : (-20,100)
Doing initial fit: 

 --- MultiDimFit ---
best fit parameter values and profile-likelihood uncertainties: 
   r :   +34.022   -9.793/+9.743 (68%)
Set Range of Parameter r To : (-20,100)
Doing initial fit: 

 --- MultiDimFit ---
best fit parameter values and profile-likelihood uncertainties: 
   r :   +44.361   -10.035/+8.168 (68%)
Set Range of Parameter r To : (-20,100)
Doing initial fit: 

 --- MultiDimFit ---
best fit parameter values and profile-likelihood uncertainties: 
   r :   +16.408   -9.533/+8.862 (68%)
Set Range of Parameter r To : (-20,100)
Doing initial fit: 

 --- MultiDimFit ---
best fit parameter values and profile-likelihood uncertainties: 
   r :   +33.296   -9.209/+9.671 (68%)
Set Range of Parameter r To : (-20,100)
Doing initial fit: 

 --- MultiDimFit ---
best fit parameter values and profile-likelihood uncertainties: 
   r :   +25.892   -9.049/+8.120 (68%)
Set Range of Parameter r To : (-20,100)
Doing initial fit: 

 --- MultiDimFit ---
best fit parameter values and profile-likelihood uncertainties: 
   r :   +46.211   -8.916/+8.043 (68%)
Set Range of Parameter r To : (-20,100)
Doing initial fit: 

 --- MultiDimFit ---
best fit parameter values and profile-likelihood uncertainties: 
   r :   +29.410   -8.053/+8.341 (68%)
Set Range of Parameter r To : (-20,100)
Doing initial fit: 

 --- MultiDimFit ---
best fit parameter values and profile-likelihood uncertainties: 
   r :   +24.400   -9.616/+9.543 (68%)
Set Range of Parameter r To : (-20,100)
Doing initial fit: 

 --- MultiDimFit ---
best fit parameter values and profile-likelihood uncertainties: 
   r :   +33.023   -9.202/+8.226 (68%)
Set Range of Parameter r To : (-20,100)
Doing initial fit: 

 --- MultiDimFit ---
best fit parameter values and profile-likelihood uncertainties: 
   r :   +20.582   -9.495/+8.416 (68%)
Set Range of Parameter r To : (-20,100)
Doing initial fit: 

 --- MultiDimFit ---
best fit parameter values and profile-likelihood uncertainties: 
   r :   +45.598   -10.459/+12.907 (68%)
Set Range of Parameter r To : (-20,100)
Doing initial fit: 

 --- MultiDimFit ---
best fit parameter values and profile-likelihood uncertainties: 
   r :   +36.051   -8.918/+8.063 (68%)
Set Range of Parameter r To : (-20,100)
Doing initial fit: 

 --- MultiDimFit ---
best fit parameter values and profile-likelihood uncertainties: 
   r :   +33.895   -9.600/+8.877 (68%)
Set Range of Parameter r To : (-20,100)
Doing initial fit: 

 --- MultiDimFit ---
best fit parameter values and profile-likelihood uncertainties: 
   r :   +32.868   -8.413/+7.787 (68%)
Set Range of Parameter r To : (-20,100)
Doing initial fit: 

 --- MultiDimFit ---
best fit parameter values and profile-likelihood uncertainties: 
   r :   +36.456   -8.023/+7.976 (68%)
Set Range of Parameter r To : (-20,100)
Doing initial fit: 

 --- MultiDimFit ---
best fit parameter values and profile-likelihood uncertainties: 
   r :   +16.799   -8.263/+8.135 (68%)
Set Range of Parameter r To : (-20,100)
Doing initial fit: 

 --- MultiDimFit ---
best fit parameter values and profile-likelihood uncertainties: 
   r :   +25.209   -8.997/+7.334 (68%)
Set Range of Parameter r To : (-20,100)
Doing initial fit: 

 --- MultiDimFit ---
best fit parameter values and profile-likelihood uncertainties: 
   r :   +27.902   -9.245/+8.203 (68%)
Set Range of Parameter r To : (-20,100)
Doing initial fit: 

 --- MultiDimFit ---
best fit parameter values and profile-likelihood uncertainties: 
   r :   +29.999   -9.488/+8.868 (68%)
Set Range of Parameter r To : (-20,100)
Doing initial fit: 

 --- MultiDimFit ---
best fit parameter values and profile-likelihood uncertainties: 
   r :   +33.369   -7.909/+8.175 (68%)
Set Range of Parameter r To : (-20,100)
Doing initial fit: 

 --- MultiDimFit ---
best fit parameter values and profile-likelihood uncertainties: 
   r :   +17.871   -9.408/+9.867 (68%)
Set Range of Parameter r To : (-20,100)
Doing initial fit: 

 --- MultiDimFit ---
best fit parameter values and profile-likelihood uncertainties: 
   r :   +20.313   -10.412/+10.618 (68%)
Set Range of Parameter r To : (-20,100)
Doing initial fit: 

 --- MultiDimFit ---
best fit parameter values and profile-likelihood uncertainties: 
   r :   +23.308   -9.587/+10.205 (68%)
Set Range of Parameter r To : (-20,100)
Doing initial fit: 

 --- MultiDimFit ---
best fit parameter values and profile-likelihood uncertainties: 
   r :   +23.383   -10.319/+10.339 (68%)
Set Range of Parameter r To : (-20,100)
Doing initial fit: 

 --- MultiDimFit ---
best fit parameter values and profile-likelihood uncertainties: 
   r :   +47.023   -9.887/+8.594 (68%)
Set Range of Parameter r To : (-20,100)
Doing initial fit: 

 --- MultiDimFit ---
best fit parameter values and profile-likelihood uncertainties: 
   r :   +30.762   -8.831/+11.523 (68%)
Set Range of Parameter r To : (-20,100)
Doing initial fit: 

 --- MultiDimFit ---
best fit parameter values and profile-likelihood uncertainties: 
   r :   +21.494   -8.201/+7.599 (68%)
Set Range of Parameter r To : (-20,100)
Doing initial fit: 

 --- MultiDimFit ---
best fit parameter values and profile-likelihood uncertainties: 
   r :   +29.910   -9.596/+9.254 (68%)
Set Range of Parameter r To : (-20,100)
Doing initial fit: 

 --- MultiDimFit ---
best fit parameter values and profile-likelihood uncertainties: 
   r :   +50.440   -9.685/+8.648 (68%)
Set Range of Parameter r To : (-20,100)
Doing initial fit: 

 --- MultiDimFit ---
best fit parameter values and profile-likelihood uncertainties: 
   r :   +24.337   -9.874/+10.093 (68%)
Set Range of Parameter r To : (-20,100)
Doing initial fit: 

 --- MultiDimFit ---
best fit parameter values and profile-likelihood uncertainties: 
   r :   +25.960   -10.277/+9.928 (68%)
Set Range of Parameter r To : (-20,100)
Doing initial fit: 

 --- MultiDimFit ---
best fit parameter values and profile-likelihood uncertainties: 
   r :   +32.804   -7.393/+7.709 (68%)
Set Range of Parameter r To : (-20,100)
Doing initial fit: 

 --- MultiDimFit ---
best fit parameter values and profile-likelihood uncertainties: 
   r :   +30.220   -9.504/+9.504 (68%)
Set Range of Parameter r To : (-20,100)
Doing initial fit: 

 --- MultiDimFit ---
best fit parameter values and profile-likelihood uncertainties: 
   r :   +31.450   -9.384/+8.323 (68%)
Set Range of Parameter r To : (-20,100)
Doing initial fit: 

 --- MultiDimFit ---
best fit parameter values and profile-likelihood uncertainties: 
   r :   +39.866   -11.538/+7.811 (68%)
Set Range of Parameter r To : (-20,100)
Doing initial fit: 

 --- MultiDimFit ---
best fit parameter values and profile-likelihood uncertainties: 
   r :   +50.191   -9.896/+9.310 (68%)
Set Range of Parameter r To : (-20,100)
Doing initial fit: 

 --- MultiDimFit ---
best fit parameter values and profile-likelihood uncertainties: 
   r :   +32.124   -9.663/+8.843 (68%)
Set Range of Parameter r To : (-20,100)
Doing initial fit: 

 --- MultiDimFit ---
best fit parameter values and profile-likelihood uncertainties: 
   r :   +31.315   -8.977/+8.255 (68%)
Set Range of Parameter r To : (-20,100)
Doing initial fit: 

 --- MultiDimFit ---
best fit parameter values and profile-likelihood uncertainties: 
   r :   +31.650   -9.409/+8.839 (68%)
Set Range of Parameter r To : (-20,100)
Doing initial fit: 

 --- MultiDimFit ---
best fit parameter values and profile-likelihood uncertainties: 
   r :   +26.721   -8.624/+8.125 (68%)
Set Range of Parameter r To : (-20,100)
Doing initial fit: 

 --- MultiDimFit ---
best fit parameter values and profile-likelihood uncertainties: 
   r :   +35.488   -9.964/+9.558 (68%)
Set Range of Parameter r To : (-20,100)
Doing initial fit: 

 --- MultiDimFit ---
best fit parameter values and profile-likelihood uncertainties: 
   r :   +43.365   -8.865/+8.237 (68%)
Set Range of Parameter r To : (-20,100)
Doing initial fit: 

 --- MultiDimFit ---
best fit parameter values and profile-likelihood uncertainties: 
   r :   +28.012   -7.819/+7.214 (68%)
Set Range of Parameter r To : (-20,100)
Doing initial fit: 

 --- MultiDimFit ---
best fit parameter values and profile-likelihood uncertainties: 
   r :   +28.494   -8.767/+7.924 (68%)
Set Range of Parameter r To : (-20,100)
Doing initial fit: 

 --- MultiDimFit ---
best fit parameter values and profile-likelihood uncertainties: 
   r :   +39.101   -10.523/+8.360 (68%)
Set Range of Parameter r To : (-20,100)
Doing initial fit: 

 --- MultiDimFit ---
best fit parameter values and profile-likelihood uncertainties: 
   r :   +19.540   -9.514/+10.309 (68%)
Set Range of Parameter r To : (-20,100)
Doing initial fit: 

 --- MultiDimFit ---
best fit parameter values and profile-likelihood uncertainties: 
   r :   +22.051   -10.021/+10.182 (68%)
Set Range of Parameter r To : (-20,100)
Doing initial fit: 

 --- MultiDimFit ---
best fit parameter values and profile-likelihood uncertainties: 
   r :   +45.549   -9.268/+8.529 (68%)
Set Range of Parameter r To : (-20,100)
Doing initial fit: 

 --- MultiDimFit ---
best fit parameter values and profile-likelihood uncertainties: 
   r :   +28.606   -10.091/+9.864 (68%)
Set Range of Parameter r To : (-20,100)
Doing initial fit: 

 --- MultiDimFit ---
best fit parameter values and profile-likelihood uncertainties: 
   r :   +23.516   -10.411/+9.798 (68%)
Set Range of Parameter r To : (-20,100)
Doing initial fit: 

 --- MultiDimFit ---
best fit parameter values and profile-likelihood uncertainties: 
   r :   +27.552   -9.037/+8.176 (68%)
Set Range of Parameter r To : (-20,100)
Doing initial fit: 

 --- MultiDimFit ---
best fit parameter values and profile-likelihood uncertainties: 
   r :   +15.231   -7.913/+7.981 (68%)
Set Range of Parameter r To : (-20,100)
Doing initial fit: 

 --- MultiDimFit ---
best fit parameter values and profile-likelihood uncertainties: 
   r :   +38.425   -9.157/+8.187 (68%)
Set Range of Parameter r To : (-20,100)
Doing initial fit: 

 --- MultiDimFit ---
best fit parameter values and profile-likelihood uncertainties: 
   r :   +30.157   -7.407/+8.165 (68%)
Set Range of Parameter r To : (-20,100)
Doing initial fit: 

 --- MultiDimFit ---
best fit parameter values and profile-likelihood uncertainties: 
   r :   +19.866   -8.247/+7.910 (68%)
Set Range of Parameter r To : (-20,100)
Doing initial fit: 

 --- MultiDimFit ---
best fit parameter values and profile-likelihood uncertainties: 
   r :   +31.046   -10.000/+9.462 (68%)
Set Range of Parameter r To : (-20,100)
Doing initial fit: 

 --- MultiDimFit ---
best fit parameter values and profile-likelihood uncertainties: 
   r :   +31.249   -8.849/+8.102 (68%)
Set Range of Parameter r To : (-20,100)
Doing initial fit: 

 --- MultiDimFit ---
best fit parameter values and profile-likelihood uncertainties: 
   r :   +33.940   -7.447/+8.110 (68%)
Set Range of Parameter r To : (-20,100)
Doing initial fit: 

 --- MultiDimFit ---
best fit parameter values and profile-likelihood uncertainties: 
   r :   +20.944   -9.440/+9.373 (68%)
Set Range of Parameter r To : (-20,100)
Doing initial fit: 

 --- MultiDimFit ---
best fit parameter values and profile-likelihood uncertainties: 
   r :   +29.462   -8.668/+7.986 (68%)
Set Range of Parameter r To : (-20,100)
Doing initial fit: 

 --- MultiDimFit ---
best fit parameter values and profile-likelihood uncertainties: 
   r :   +36.922   -8.922/+8.132 (68%)
Set Range of Parameter r To : (-20,100)
Doing initial fit: 

 --- MultiDimFit ---
best fit parameter values and profile-likelihood uncertainties: 
   r :   +45.420   -10.412/+8.488 (68%)
Set Range of Parameter r To : (-20,100)
Doing initial fit: 

 --- MultiDimFit ---
best fit parameter values and profile-likelihood uncertainties: 
   r :   +36.878   -9.604/+8.964 (68%)
Set Range of Parameter r To : (-20,100)
Doing initial fit: 

 --- MultiDimFit ---
best fit parameter values and profile-likelihood uncertainties: 
   r :   +17.738   -9.572/+8.029 (68%)
Set Range of Parameter r To : (-20,100)
Doing initial fit: 

 --- MultiDimFit ---
best fit parameter values and profile-likelihood uncertainties: 
   r :   +32.184   -9.359/+8.985 (68%)
Set Range of Parameter r To : (-20,100)
Doing initial fit: 

 --- MultiDimFit ---
best fit parameter values and profile-likelihood uncertainties: 
   r :   +22.899   -8.061/+8.222 (68%)
Set Range of Parameter r To : (-20,100)
Doing initial fit: 

 --- MultiDimFit ---
best fit parameter values and profile-likelihood uncertainties: 
   r :   +24.750   -9.572/+9.437 (68%)
Set Range of Parameter r To : (-20,100)
Doing initial fit: 

 --- MultiDimFit ---
best fit parameter values and profile-likelihood uncertainties: 
   r :   +21.182   -8.100/+8.157 (68%)
Set Range of Parameter r To : (-20,100)
Doing initial fit: 

 --- MultiDimFit ---
best fit parameter values and profile-likelihood uncertainties: 
   r :   +44.392   -9.795/+10.201 (68%)
Set Range of Parameter r To : (-20,100)
Doing initial fit: 

 --- MultiDimFit ---
best fit parameter values and profile-likelihood uncertainties: 
   r :   +33.937   -8.753/+8.153 (68%)
Set Range of Parameter r To : (-20,100)
Doing initial fit: 

 --- MultiDimFit ---
best fit parameter values and profile-likelihood uncertainties: 
   r :   +35.671   -7.687/+7.331 (68%)
Set Range of Parameter r To : (-20,100)
Doing initial fit: 

 --- MultiDimFit ---
best fit parameter values and profile-likelihood uncertainties: 
   r :   +19.646   -10.817/+9.197 (68%)
Set Range of Parameter r To : (-20,100)
Doing initial fit: 

 --- MultiDimFit ---
best fit parameter values and profile-likelihood uncertainties: 
   r :   +22.174   -9.444/+10.014 (68%)
Set Range of Parameter r To : (-20,100)
Doing initial fit: 

 --- MultiDimFit ---
best fit parameter values and profile-likelihood uncertainties: 
   r :   +40.449   -7.281/+7.957 (68%)
Set Range of Parameter r To : (-20,100)
Doing initial fit: 

 --- MultiDimFit ---
best fit parameter values and profile-likelihood uncertainties: 
   r :   +20.230   -9.254/+7.791 (68%)
Set Range of Parameter r To : (-20,100)
Doing initial fit: 

 --- MultiDimFit ---
best fit parameter values and profile-likelihood uncertainties: 
   r :   +34.030   -9.516/+9.228 (68%)
Set Range of Parameter r To : (-20,100)
Doing initial fit: 

 --- MultiDimFit ---
best fit parameter values and profile-likelihood uncertainties: 
   r :   +30.940   -9.489/+9.349 (68%)
Set Range of Parameter r To : (-20,100)
Doing initial fit: 

 --- MultiDimFit ---
best fit parameter values and profile-likelihood uncertainties: 
   r :   +20.218   -8.405/+7.673 (68%)
Set Range of Parameter r To : (-20,100)
Doing initial fit: 

 --- MultiDimFit ---
best fit parameter values and profile-likelihood uncertainties: 
   r :   +25.040   -10.752/+9.673 (68%)
Set Range of Parameter r To : (-20,100)
Doing initial fit: 

 --- MultiDimFit ---
best fit parameter values and profile-likelihood uncertainties: 
   r :   +20.392   -8.181/+7.861 (68%)
Set Range of Parameter r To : (-20,100)
Doing initial fit: 

 --- MultiDimFit ---
best fit parameter values and profile-likelihood uncertainties: 
   r :   +28.007   -9.601/+11.883 (68%)
Set Range of Parameter r To : (-20,100)
Doing initial fit: 

 --- MultiDimFit ---
best fit parameter values and profile-likelihood uncertainties: 
   r :   +42.328   -8.919/+7.849 (68%)
Set Range of Parameter r To : (-20,100)
Doing initial fit: 

 --- MultiDimFit ---
best fit parameter values and profile-likelihood uncertainties: 
   r :   +41.296   -8.722/+8.052 (68%)
Set Range of Parameter r To : (-20,100)
Doing initial fit: 

 --- MultiDimFit ---
best fit parameter values and profile-likelihood uncertainties: 
   r :   +35.373   -11.579/+7.957 (68%)
Set Range of Parameter r To : (-20,100)
Doing initial fit: 

 --- MultiDimFit ---
best fit parameter values and profile-likelihood uncertainties: 
   r :   +23.761   -6.586/+7.842 (68%)
Set Range of Parameter r To : (-20,100)
Doing initial fit: 

 --- MultiDimFit ---
best fit parameter values and profile-likelihood uncertainties: 
   r :   +35.997   -7.804/+7.894 (68%)
Set Range of Parameter r To : (-20,100)
Doing initial fit: 

 --- MultiDimFit ---
best fit parameter values and profile-likelihood uncertainties: 
   r :   +31.629   -9.515/+10.887 (68%)
Set Range of Parameter r To : (-20,100)
Doing initial fit: 

 --- MultiDimFit ---
best fit parameter values and profile-likelihood uncertainties: 
   r :   +29.077   -7.437/+7.400 (68%)
Set Range of Parameter r To : (-20,100)
Doing initial fit: 

 --- MultiDimFit ---
best fit parameter values and profile-likelihood uncertainties: 
   r :   +18.580   -10.192/+10.498 (68%)
Set Range of Parameter r To : (-20,100)
Doing initial fit: 

 --- MultiDimFit ---
best fit parameter values and profile-likelihood uncertainties: 
   r :   +31.287   -9.003/+8.170 (68%)
Set Range of Parameter r To : (-20,100)
Doing initial fit: 

 --- MultiDimFit ---
best fit parameter values and profile-likelihood uncertainties: 
   r :   +37.435   -9.881/+9.369 (68%)
Set Range of Parameter r To : (-20,100)
Doing initial fit: 

 --- MultiDimFit ---
best fit parameter values and profile-likelihood uncertainties: 
   r :   +38.879   -10.256/+9.969 (68%)
Set Range of Parameter r To : (-20,100)
Doing initial fit: 

 --- MultiDimFit ---
best fit parameter values and profile-likelihood uncertainties: 
   r :   +25.089   -9.442/+7.842 (68%)
Set Range of Parameter r To : (-20,100)
Doing initial fit: 

 --- MultiDimFit ---
best fit parameter values and profile-likelihood uncertainties: 
   r :   +36.314   -10.004/+8.296 (68%)
Set Range of Parameter r To : (-20,100)
Doing initial fit: 

 --- MultiDimFit ---
best fit parameter values and profile-likelihood uncertainties: 
   r :   +35.831   -7.801/+6.947 (68%)
Set Range of Parameter r To : (-20,100)
Doing initial fit: 

 --- MultiDimFit ---
best fit parameter values and profile-likelihood uncertainties: 
   r :   +35.379   -7.040/+7.696 (68%)
Set Range of Parameter r To : (-20,100)
Doing initial fit: 

 --- MultiDimFit ---
best fit parameter values and profile-likelihood uncertainties: 
   r :   +33.743   -7.652/+7.352 (68%)
Set Range of Parameter r To : (-20,100)
Doing initial fit: 

 --- MultiDimFit ---
best fit parameter values and profile-likelihood uncertainties: 
   r :   +43.415   -9.835/+8.876 (68%)
Set Range of Parameter r To : (-20,100)
Doing initial fit: 

 --- MultiDimFit ---
best fit parameter values and profile-likelihood uncertainties: 
   r :   +35.121   -8.021/+8.091 (68%)
Set Range of Parameter r To : (-20,100)
Doing initial fit: 

 --- MultiDimFit ---
best fit parameter values and profile-likelihood uncertainties: 
   r :   +32.312   -8.217/+7.323 (68%)
Set Range of Parameter r To : (-20,100)
Doing initial fit: 

 --- MultiDimFit ---
best fit parameter values and profile-likelihood uncertainties: 
   r :   +31.407   -8.022/+7.915 (68%)
Set Range of Parameter r To : (-20,100)
Doing initial fit: 

 --- MultiDimFit ---
best fit parameter values and profile-likelihood uncertainties: 
   r :   +28.206   -9.637/+9.644 (68%)
Set Range of Parameter r To : (-20,100)
Doing initial fit: 

 --- MultiDimFit ---
best fit parameter values and profile-likelihood uncertainties: 
   r :   +40.297   -9.799/+8.879 (68%)
Set Range of Parameter r To : (-20,100)
Doing initial fit: 

 --- MultiDimFit ---
best fit parameter values and profile-likelihood uncertainties: 
   r :   +40.716   -9.419/+8.803 (68%)
Set Range of Parameter r To : (-20,100)
Doing initial fit: 

 --- MultiDimFit ---
best fit parameter values and profile-likelihood uncertainties: 
   r :   +30.448   -11.210/+9.683 (68%)
Set Range of Parameter r To : (-20,100)
Doing initial fit: 

 --- MultiDimFit ---
best fit parameter values and profile-likelihood uncertainties: 
   r :   +32.236   -9.531/+7.919 (68%)
Set Range of Parameter r To : (-20,100)
Doing initial fit: 

 --- MultiDimFit ---
best fit parameter values and profile-likelihood uncertainties: 
   r :   +29.944   -10.505/+8.117 (68%)
Set Range of Parameter r To : (-20,100)
Doing initial fit: 

 --- MultiDimFit ---
best fit parameter values and profile-likelihood uncertainties: 
   r :   +39.399   -10.938/+10.107 (68%)
Set Range of Parameter r To : (-20,100)
Doing initial fit: 

 --- MultiDimFit ---
best fit parameter values and profile-likelihood uncertainties: 
   r :   +42.335   -8.711/+7.788 (68%)
Set Range of Parameter r To : (-20,100)
Doing initial fit: 

 --- MultiDimFit ---
best fit parameter values and profile-likelihood uncertainties: 
   r :   +22.980   -10.417/+10.867 (68%)
Set Range of Parameter r To : (-20,100)
Doing initial fit: 

 --- MultiDimFit ---
best fit parameter values and profile-likelihood uncertainties: 
   r :   +33.594   -7.545/+8.264 (68%)
Set Range of Parameter r To : (-20,100)
Doing initial fit: 

 --- MultiDimFit ---
best fit parameter values and profile-likelihood uncertainties: 
   r :   +41.186   -10.289/+9.887 (68%)
Set Range of Parameter r To : (-20,100)
Doing initial fit: 

 --- MultiDimFit ---
best fit parameter values and profile-likelihood uncertainties: 
   r :   +34.031   -9.237/+8.209 (68%)
Set Range of Parameter r To : (-20,100)
Doing initial fit: 

 --- MultiDimFit ---
best fit parameter values and profile-likelihood uncertainties: 
   r :   +32.735   -10.604/+10.394 (68%)
Set Range of Parameter r To : (-20,100)
Doing initial fit: 

 --- MultiDimFit ---
best fit parameter values and profile-likelihood uncertainties: 
   r :   +33.344   -9.456/+8.961 (68%)
Set Range of Parameter r To : (-20,100)
Doing initial fit: 

 --- MultiDimFit ---
best fit parameter values and profile-likelihood uncertainties: 
   r :   +29.948   -8.202/+8.031 (68%)
Set Range of Parameter r To : (-20,100)
Doing initial fit: 

 --- MultiDimFit ---
best fit parameter values and profile-likelihood uncertainties: 
   r :   +11.899   -10.455/+9.463 (68%)
Set Range of Parameter r To : (-20,100)
Doing initial fit: 

 --- MultiDimFit ---
best fit parameter values and profile-likelihood uncertainties: 
   r :   +37.196   -7.593/+8.017 (68%)
Set Range of Parameter r To : (-20,100)
Doing initial fit: 

 --- MultiDimFit ---
best fit parameter values and profile-likelihood uncertainties: 
   r :   +32.968   -10.187/+11.027 (68%)
Set Range of Parameter r To : (-20,100)
Doing initial fit: 

 

 ---------------------------

 WARNING: MultiDimFit failed

 ---------------------------

 
Set Range of Parameter r To : (-20,100)
Doing initial fit: 

 --- MultiDimFit ---
best fit parameter values and profile-likelihood uncertainties: 
   r :   +34.461   -9.316/+8.064 (68%)
Set Range of Parameter r To : (-20,100)
Doing initial fit: 

 --- MultiDimFit ---
best fit parameter values and profile-likelihood uncertainties: 
   r :   +30.244   -8.645/+7.724 (68%)
Set Range of Parameter r To : (-20,100)
Doing initial fit: 

 --- MultiDimFit ---
best fit parameter values and profile-likelihood uncertainties: 
   r :   +42.262   -9.424/+9.724 (68%)
Set Range of Parameter r To : (-20,100)
Doing initial fit: 

 --- MultiDimFit ---
best fit parameter values and profile-likelihood uncertainties: 
   r :   +28.800   -10.117/+8.330 (68%)
Set Range of Parameter r To : (-20,100)
Doing initial fit: 

 --- MultiDimFit ---
best fit parameter values and profile-likelihood uncertainties: 
   r :   +28.923   -9.653/+9.808 (68%)
Set Range of Parameter r To : (-20,100)
Doing initial fit: 

 --- MultiDimFit ---
best fit parameter values and profile-likelihood uncertainties: 
   r :   +44.503   -9.127/+8.319 (68%)
Set Range of Parameter r To : (-20,100)
Doing initial fit: 

 --- MultiDimFit ---
best fit parameter values and profile-likelihood uncertainties: 
   r :   +22.388   -10.812/+7.946 (68%)
Set Range of Parameter r To : (-20,100)
Doing initial fit: 

 --- MultiDimFit ---
best fit parameter values and profile-likelihood uncertainties: 
   r :   +18.443   -9.500/+9.577 (68%)
Set Range of Parameter r To : (-20,100)
Doing initial fit: 

 --- MultiDimFit ---
best fit parameter values and profile-likelihood uncertainties: 
   r :   +33.289   -8.950/+7.700 (68%)
Set Range of Parameter r To : (-20,100)
Doing initial fit: 

 --- MultiDimFit ---
best fit parameter values and profile-likelihood uncertainties: 
   r :   +22.389   -9.451/+9.089 (68%)
Set Range of Parameter r To : (-20,100)
Doing initial fit: 

 --- MultiDimFit ---
best fit parameter values and profile-likelihood uncertainties: 
   r :   +31.398   -6.797/+7.549 (68%)
Set Range of Parameter r To : (-20,100)
Doing initial fit: 

 --- MultiDimFit ---
best fit parameter values and profile-likelihood uncertainties: 
   r :   +31.319   -9.141/+7.894 (68%)
Set Range of Parameter r To : (-20,100)
Doing initial fit: 

 --- MultiDimFit ---
best fit parameter values and profile-likelihood uncertainties: 
   r :   +23.331   -7.720/+7.784 (68%)
Set Range of Parameter r To : (-20,100)
Doing initial fit: 

 --- MultiDimFit ---
best fit parameter values and profile-likelihood uncertainties: 
   r :   +31.243   -9.429/+8.555 (68%)
Set Range of Parameter r To : (-20,100)
Doing initial fit: 

 --- MultiDimFit ---
best fit parameter values and profile-likelihood uncertainties: 
   r :   +26.332   -9.395/+8.339 (68%)
Set Range of Parameter r To : (-20,100)
Doing initial fit: 

 --- MultiDimFit ---
best fit parameter values and profile-likelihood uncertainties: 
   r :   +30.075   -11.358/+7.779 (68%)
Set Range of Parameter r To : (-20,100)
Doing initial fit: 

 --- MultiDimFit ---
best fit parameter values and profile-likelihood uncertainties: 
   r :   +41.310   -11.245/+7.831 (68%)
Set Range of Parameter r To : (-20,100)
Doing initial fit: 

 --- MultiDimFit ---
best fit parameter values and profile-likelihood uncertainties: 
   r :   +26.219   -9.405/+9.522 (68%)
Set Range of Parameter r To : (-20,100)
Doing initial fit: 

 --- MultiDimFit ---
best fit parameter values and profile-likelihood uncertainties: 
   r :   +21.954   -9.069/+8.120 (68%)
Set Range of Parameter r To : (-20,100)
Doing initial fit: 

 --- MultiDimFit ---
best fit parameter values and profile-likelihood uncertainties: 
   r :   +46.948   -7.808/+8.337 (68%)
Set Range of Parameter r To : (-20,100)
Doing initial fit: 

 --- MultiDimFit ---
best fit parameter values and profile-likelihood uncertainties: 
   r :   +17.573   -9.505/+9.064 (68%)
Set Range of Parameter r To : (-20,100)
Doing initial fit: 

 --- MultiDimFit ---
best fit parameter values and profile-likelihood uncertainties: 
   r :   +20.330   -8.823/+7.989 (68%)
Set Range of Parameter r To : (-20,100)
Doing initial fit: 

 --- MultiDimFit ---
best fit parameter values and profile-likelihood uncertainties: 
   r :   +37.660   -9.454/+8.013 (68%)
Set Range of Parameter r To : (-20,100)
Doing initial fit: 

 --- MultiDimFit ---
best fit parameter values and profile-likelihood uncertainties: 
   r :   +41.832   -9.727/+10.054 (68%)
Set Range of Parameter r To : (-20,100)
Doing initial fit: 

 --- MultiDimFit ---
best fit parameter values and profile-likelihood uncertainties: 
   r :   +35.488   -10.412/+9.747 (68%)
Set Range of Parameter r To : (-20,100)
Doing initial fit: 

 --- MultiDimFit ---
best fit parameter values and profile-likelihood uncertainties: 
   r :   +22.138   -10.099/+10.366 (68%)
Set Range of Parameter r To : (-20,100)
Doing initial fit: 

 --- MultiDimFit ---
best fit parameter values and profile-likelihood uncertainties: 
   r :   +28.293   -10.108/+9.669 (68%)
Set Range of Parameter r To : (-20,100)
Doing initial fit: 

 --- MultiDimFit ---
best fit parameter values and profile-likelihood uncertainties: 
   r :   +36.466   -9.740/+9.100 (68%)
Set Range of Parameter r To : (-20,100)
Doing initial fit: 

 --- MultiDimFit ---
best fit parameter values and profile-likelihood uncertainties: 
   r :   +15.683   -9.326/+8.768 (68%)
Set Range of Parameter r To : (-20,100)
Doing initial fit: 

 --- MultiDimFit ---
best fit parameter values and profile-likelihood uncertainties: 
   r :   +45.368   -9.883/+9.481 (68%)
Set Range of Parameter r To : (-20,100)
Doing initial fit: 

 --- MultiDimFit ---
best fit parameter values and profile-likelihood uncertainties: 
   r :   +31.102   -9.644/+8.893 (68%)
Set Range of Parameter r To : (-20,100)
Doing initial fit: 

 --- MultiDimFit ---
best fit parameter values and profile-likelihood uncertainties: 
   r :   +45.430   -9.891/+9.382 (68%)
Set Range of Parameter r To : (-20,100)
Doing initial fit: 

 --- MultiDimFit ---
best fit parameter values and profile-likelihood uncertainties: 
   r :   +35.364   -10.061/+10.568 (68%)
Set Range of Parameter r To : (-20,100)
Doing initial fit: 

 --- MultiDimFit ---
best fit parameter values and profile-likelihood uncertainties: 
   r :   +50.997   -9.861/+8.232 (68%)
Set Range of Parameter r To : (-20,100)
Doing initial fit: 

 --- MultiDimFit ---
best fit parameter values and profile-likelihood uncertainties: 
   r :   +20.143   -8.016/+8.156 (68%)
Set Range of Parameter r To : (-20,100)
Doing initial fit: 

 --- MultiDimFit ---
best fit parameter values and profile-likelihood uncertainties: 
   r :   +23.298   -9.399/+8.523 (68%)
Set Range of Parameter r To : (-20,100)
Doing initial fit: 

 --- MultiDimFit ---
best fit parameter values and profile-likelihood uncertainties: 
   r :   +27.921   -9.496/+9.157 (68%)
Set Range of Parameter r To : (-20,100)
Doing initial fit: 

 --- MultiDimFit ---
best fit parameter values and profile-likelihood uncertainties: 
   r :   +38.798   -9.791/+10.529 (68%)
Set Range of Parameter r To : (-20,100)
Doing initial fit: 

 --- MultiDimFit ---
best fit parameter values and profile-likelihood uncertainties: 
   r :   +28.515   -10.346/+9.804 (68%)
Set Range of Parameter r To : (-20,100)
Doing initial fit: 

 --- MultiDimFit ---
best fit parameter values and profile-likelihood uncertainties: 
   r :   +27.314   -9.746/+9.191 (68%)
Set Range of Parameter r To : (-20,100)
Doing initial fit: 

 --- MultiDimFit ---
best fit parameter values and profile-likelihood uncertainties: 
   r :   +20.645   -10.744/+9.410 (68%)
Set Range of Parameter r To : (-20,100)
Doing initial fit: 

 --- MultiDimFit ---
best fit parameter values and profile-likelihood uncertainties: 
   r :   +27.377   -8.838/+8.095 (68%)
Set Range of Parameter r To : (-20,100)
Doing initial fit: 

 

 ---------------------------

 WARNING: MultiDimFit failed

 ---------------------------

 
Set Range of Parameter r To : (-20,100)
Doing initial fit: 

 --- MultiDimFit ---
best fit parameter values and profile-likelihood uncertainties: 
   r :   +31.731   -8.592/+7.959 (68%)
Set Range of Parameter r To : (-20,100)
Doing initial fit: 

 --- MultiDimFit ---
best fit parameter values and profile-likelihood uncertainties: 
   r :   +25.214   -7.939/+7.153 (68%)
Set Range of Parameter r To : (-20,100)
Doing initial fit: 

 --- MultiDimFit ---
best fit parameter values and profile-likelihood uncertainties: 
   r :   +28.823   -9.317/+9.333 (68%)
Set Range of Parameter r To : (-20,100)
Doing initial fit: 

 --- MultiDimFit ---
best fit parameter values and profile-likelihood uncertainties: 
   r :   +29.452   -9.519/+9.779 (68%)
Set Range of Parameter r To : (-20,100)
Doing initial fit: 

 

 ---------------------------

 WARNING: MultiDimFit failed

 ---------------------------

 
Set Range of Parameter r To : (-20,100)
Doing initial fit: 

 --- MultiDimFit ---
best fit parameter values and profile-likelihood uncertainties: 
   r :   +34.970   -9.658/+10.675 (68%)
Set Range of Parameter r To : (-20,100)
Doing initial fit: 

 --- MultiDimFit ---
best fit parameter values and profile-likelihood uncertainties: 
   r :   +24.888   -7.320/+8.174 (68%)
Set Range of Parameter r To : (-20,100)
Doing initial fit: 

 --- MultiDimFit ---
best fit parameter values and profile-likelihood uncertainties: 
   r :   +33.240   -8.700/+7.971 (68%)
Set Range of Parameter r To : (-20,100)
Doing initial fit: 

 --- MultiDimFit ---
best fit parameter values and profile-likelihood uncertainties: 
   r :   +50.226   -11.998/+7.879 (68%)
Set Range of Parameter r To : (-20,100)
Doing initial fit: 

 --- MultiDimFit ---
best fit parameter values and profile-likelihood uncertainties: 
   r :   +33.904   -9.255/+8.144 (68%)
Set Range of Parameter r To : (-20,100)
Doing initial fit: 

 --- MultiDimFit ---
best fit parameter values and profile-likelihood uncertainties: 
   r :   +38.523   -10.424/+9.977 (68%)
Set Range of Parameter r To : (-20,100)
Doing initial fit: 

 --- MultiDimFit ---
best fit parameter values and profile-likelihood uncertainties: 
   r :   +40.364   -9.603/+9.440 (68%)
Set Range of Parameter r To : (-20,100)
Doing initial fit: 

 --- MultiDimFit ---
best fit parameter values and profile-likelihood uncertainties: 
   r :   +39.332   -10.143/+8.236 (68%)
Set Range of Parameter r To : (-20,100)
Doing initial fit: 

 --- MultiDimFit ---
best fit parameter values and profile-likelihood uncertainties: 
   r :   +14.104   -9.909/+10.068 (68%)
Set Range of Parameter r To : (-20,100)
Doing initial fit: 

 --- MultiDimFit ---
best fit parameter values and profile-likelihood uncertainties: 
   r :   +32.250   -10.596/+9.957 (68%)
Set Range of Parameter r To : (-20,100)
Doing initial fit: 

 --- MultiDimFit ---
best fit parameter values and profile-likelihood uncertainties: 
   r :   +17.626   -9.541/+10.030 (68%)
Set Range of Parameter r To : (-20,100)
Doing initial fit: 

 --- MultiDimFit ---
best fit parameter values and profile-likelihood uncertainties: 
   r :   +46.949   -9.771/+10.734 (68%)
Set Range of Parameter r To : (-20,100)
Doing initial fit: 

 --- MultiDimFit ---
best fit parameter values and profile-likelihood uncertainties: 
   r :   +23.623   -9.641/+9.616 (68%)
Set Range of Parameter r To : (-20,100)
Doing initial fit: 

 --- MultiDimFit ---
best fit parameter values and profile-likelihood uncertainties: 
   r :   +33.877   -9.436/+9.435 (68%)
Set Range of Parameter r To : (-20,100)
Doing initial fit: 

 --- MultiDimFit ---
best fit parameter values and profile-likelihood uncertainties: 
   r :   +47.797   -9.379/+8.426 (68%)
Set Range of Parameter r To : (-20,100)
Doing initial fit: 

 --- MultiDimFit ---
best fit parameter values and profile-likelihood uncertainties: 
   r :    +7.424   -8.971/+8.055 (68%)
Set Range of Parameter r To : (-20,100)
Doing initial fit: 

 --- MultiDimFit ---
best fit parameter values and profile-likelihood uncertainties: 
   r :   +21.584   -9.944/+10.610 (68%)
Set Range of Parameter r To : (-20,100)
Doing initial fit: 

 --- MultiDimFit ---
best fit parameter values and profile-likelihood uncertainties: 
   r :   +38.091   -11.575/+7.748 (68%)
Set Range of Parameter r To : (-20,100)
Doing initial fit: 

 --- MultiDimFit ---
best fit parameter values and profile-likelihood uncertainties: 
   r :   +45.405   -9.212/+8.258 (68%)
Set Range of Parameter r To : (-20,100)
Doing initial fit: 

 --- MultiDimFit ---
best fit parameter values and profile-likelihood uncertainties: 
   r :   +40.277   -10.172/+9.985 (68%)
Set Range of Parameter r To : (-20,100)
Doing initial fit: 

 --- MultiDimFit ---
best fit parameter values and profile-likelihood uncertainties: 
   r :   +37.244   -9.391/+8.336 (68%)
Set Range of Parameter r To : (-20,100)
Doing initial fit: 

 --- MultiDimFit ---
best fit parameter values and profile-likelihood uncertainties: 
   r :   +28.157   -9.585/+9.393 (68%)
Set Range of Parameter r To : (-20,100)
Doing initial fit: 

 --- MultiDimFit ---
best fit parameter values and profile-likelihood uncertainties: 
   r :   +20.281   -7.979/+7.725 (68%)
Set Range of Parameter r To : (-20,100)
Doing initial fit: 

 --- MultiDimFit ---
best fit parameter values and profile-likelihood uncertainties: 
   r :   +44.798   -7.413/+7.020 (68%)
Set Range of Parameter r To : (-20,100)
Doing initial fit: 

 --- MultiDimFit ---
best fit parameter values and profile-likelihood uncertainties: 
   r :   +48.121   -9.930/+8.613 (68%)
Set Range of Parameter r To : (-20,100)
Doing initial fit: 

 --- MultiDimFit ---
best fit parameter values and profile-likelihood uncertainties: 
   r :   +25.268   -9.194/+7.802 (68%)
Set Range of Parameter r To : (-20,100)
Doing initial fit: 

 --- MultiDimFit ---
best fit parameter values and profile-likelihood uncertainties: 
   r :   +26.143   -10.549/+9.801 (68%)
Set Range of Parameter r To : (-20,100)
Doing initial fit: 

 --- MultiDimFit ---
best fit parameter values and profile-likelihood uncertainties: 
   r :   +17.704   -10.012/+10.508 (68%)
Set Range of Parameter r To : (-20,100)
Doing initial fit: 

 --- MultiDimFit ---
best fit parameter values and profile-likelihood uncertainties: 
   r :   +39.149   -8.596/+7.585 (68%)
Set Range of Parameter r To : (-20,100)
Doing initial fit: 

 --- MultiDimFit ---
best fit parameter values and profile-likelihood uncertainties: 
   r :   +40.253   -7.193/+8.007 (68%)
Set Range of Parameter r To : (-20,100)
Doing initial fit: 

 --- MultiDimFit ---
best fit parameter values and profile-likelihood uncertainties: 
   r :   +21.799   -7.677/+7.786 (68%)
Set Range of Parameter r To : (-20,100)
Doing initial fit: 

 --- MultiDimFit ---
best fit parameter values and profile-likelihood uncertainties: 
   r :   +30.445   -9.537/+10.754 (68%)
Set Range of Parameter r To : (-20,100)
Doing initial fit: 

 --- MultiDimFit ---
best fit parameter values and profile-likelihood uncertainties: 
   r :   +30.274   -7.589/+8.246 (68%)
Set Range of Parameter r To : (-20,100)
Doing initial fit: 

 --- MultiDimFit ---
best fit parameter values and profile-likelihood uncertainties: 
   r :   +30.303   -9.875/+9.103 (68%)
Set Range of Parameter r To : (-20,100)
Doing initial fit: 

 --- MultiDimFit ---
best fit parameter values and profile-likelihood uncertainties: 
   r :   +25.677   -10.665/+8.541 (68%)
Set Range of Parameter r To : (-20,100)
Doing initial fit: 

 --- MultiDimFit ---
best fit parameter values and profile-likelihood uncertainties: 
   r :   +47.123   -8.027/+8.044 (68%)
Set Range of Parameter r To : (-20,100)
Doing initial fit: 

 --- MultiDimFit ---
best fit parameter values and profile-likelihood uncertainties: 
   r :   +21.759   -8.207/+7.770 (68%)
Set Range of Parameter r To : (-20,100)
Doing initial fit: 

 --- MultiDimFit ---
best fit parameter values and profile-likelihood uncertainties: 
   r :   +38.766   -10.127/+9.697 (68%)
Set Range of Parameter r To : (-20,100)
Doing initial fit: 

 --- MultiDimFit ---
best fit parameter values and profile-likelihood uncertainties: 
   r :   +34.126   -9.557/+11.326 (68%)
Set Range of Parameter r To : (-20,100)
Doing initial fit: 

 --- MultiDimFit ---
best fit parameter values and profile-likelihood uncertainties: 
   r :   +50.897   -12.577/+7.795 (68%)
Set Range of Parameter r To : (-20,100)
Doing initial fit: 

 --- MultiDimFit ---
best fit parameter values and profile-likelihood uncertainties: 
   r :   +25.828   -9.166/+8.152 (68%)
Set Range of Parameter r To : (-20,100)
Doing initial fit: 

 --- MultiDimFit ---
best fit parameter values and profile-likelihood uncertainties: 
   r :   +41.881   -8.419/+8.137 (68%)
Set Range of Parameter r To : (-20,100)
Doing initial fit: 

 --- MultiDimFit ---
best fit parameter values and profile-likelihood uncertainties: 
   r :   +40.319   -7.762/+6.914 (68%)
Set Range of Parameter r To : (-20,100)
Doing initial fit: 
RooAbsMinimizerFcn: Minimized function has error status.
Returning maximum FCN so far (0.182996) to force MIGRAD to back out of this region. Error log follows.
Parameter values: 	CMS_NPS26009_LightJetStat_DY_BJetOS_2016postVFP=-2107.06	CMS_NPS26009_LightJetStat_DY_BJetOS_2016preVFP=-3235.04	CMS_NPS26009_LightJetStat_DY_BJetOS_2017=-3733.98	CMS_NPS26009_LightJetStat_DY_BJetOS_2018=-4349.32	CMS_NPS26009_LightJetStat_DY_BJetOS_2022=-4709.38	CMS_NPS26009_LightJetStat_DY_BJetOS_2022EE=-14045.3	CMS_NPS26009_LightJetStat_DY_BJetOS_2023=-10152.6	CMS_NPS26009_LightJetStat_DY_BJetOS_2023BPix=-7093.78	CMS_NPS26009_MCstat_other_BJetOS_2016postVFP=-13473	CMS_NPS26009_MCstat_other_BJetOS_2016preVFP=-828.902	CMS_NPS26009_MCstat_other_BJetOS_2017=-1097.37	CMS_NPS26009_MCstat_other_BJetOS_2018=-1094.03	CMS_NPS26009_MCstat_other_BJetOS_2022=-1623.8	CMS_NPS26009_MCstat_other_BJetOS_2022EE=-2609.24	CMS_NPS26009_MCstat_other_BJetOS_2023=-1658.68	CMS_NPS26009_MCstat_other_BJetOS_2023BPix=-3162.61	CMS_NPS26009_MCstat_signal_BJetOS_2016postVFP=-2335.71	CMS_NPS26009_MCstat_signal_BJetOS_2016preVFP=-2545.93	CMS_NPS26009_MCstat_signal_BJetOS_2017=-3152.34	CMS_NPS26009_MCstat_signal_BJetOS_2018=-5220.95	CMS_NPS26009_MCstat_signal_BJetOS_2022=-783.521	CMS_NPS26009_MCstat_signal_BJetOS_2022EE=-1871.6	CMS_NPS26009_MCstat_signal_BJetOS_2023=-1682.01	CMS_NPS26009_MCstat_signal_BJetOS_2023BPix=-1544.08	CMS_NPS26009_MCstat_singleTop_BJetOS_2016postVFP=-711.154	CMS_NPS26009_MCstat_singleTop_BJetOS_2016preVFP=-1074.05	CMS_NPS26009_MCstat_singleTop_BJetOS_2017=-1533.46	CMS_NPS26009_MCstat_singleTop_BJetOS_2018=-1403.46	CMS_NPS26009_MCstat_singleTop_BJetOS_2022=-2609.42	CMS_NPS26009_MCstat_singleTop_BJetOS_2022EE=-5695.06	CMS_NPS26009_MCstat_singleTop_BJetOS_2023=-3525.98	CMS_NPS26009_MCstat_singleTop_BJetOS_2023BPix=-1663.58	CMS_NPS26009_MCstat_ttbar_BJetOS_2016postVFP=-475.103	CMS_NPS26009_MCstat_ttbar_BJetOS_2016preVFP=-1170.91	CMS_NPS26009_MCstat_ttbar_BJetOS_2017=-3177.11	CMS_NPS26009_MCstat_ttbar_BJetOS_2018=-2378.65	CMS_NPS26009_MCstat_ttbar_BJetOS_2022=-7697.66	CMS_NPS26009_MCstat_ttbar_BJetOS_2022EE=-14948.7	CMS_NPS26009_MCstat_ttbar_BJetOS_2023=-11580.8	CMS_NPS26009_MCstat_ttbar_BJetOS_2023BPix=-9460.75	CMS_NPS26009_NFModel_DY_BJetOS_13TeV=-66430.7	CMS_NPS26009_NFModel_DY_BJetOS_13p6TeV=-139704	CMS_NPS26009_NFStat_DY_BJetOS_2016postVFP=0.13503	CMS_NPS26009_NFStat_DY_BJetOS_2016preVFP=0.169733	CMS_NPS26009_NFStat_DY_BJetOS_2017=0.147524	CMS_NPS26009_NFStat_DY_BJetOS_2018=0.144293	CMS_NPS26009_NFStat_DY_BJetOS_2022=0.0196665	CMS_NPS26009_NFStat_DY_BJetOS_2022EE=0.0444927	CMS_NPS26009_NFStat_DY_BJetOS_2023=0.113543	CMS_NPS26009_NFStat_DY_BJetOS_2023BPix=0.0210507	CMS_NPS26009_QCDscale_fac_singleTop=-1285.93	CMS_NPS26009_QCDscale_ren_singleTop=12779.6	CMS_NPS26009_bckgNorm_QCD_BJetOS_2016postVFP=-8.18707	CMS_NPS26009_bckgNorm_QCD_BJetOS_2016preVFP=-559.008	CMS_NPS26009_bckgNorm_QCD_BJetOS_2017=-5458	CMS_NPS26009_bckgNorm_QCD_BJetOS_2018=-3380.95	CMS_NPS26009_bckgNorm_QCD_BJetOS_2022=-1600.73	CMS_NPS26009_bckgNorm_QCD_BJetOS_2022EE=-976.937	CMS_NPS26009_bckgNorm_QCD_BJetOS_2023=-50727.4	CMS_NPS26009_bckgNorm_QCD_BJetOS_2023BPix=-4572.28	CMS_NPS26009_bckgShape_QCD_BJetOS_2016postVFP=16.2042	CMS_NPS26009_bckgShape_QCD_BJetOS_2016preVFP=-21.3239	CMS_NPS26009_bckgShape_QCD_BJetOS_2017=44.1667	CMS_NPS26009_bckgShape_QCD_BJetOS_2018=65.0064	CMS_NPS26009_bckgShape_QCD_BJetOS_2022=3.16842	CMS_NPS26009_bckgShape_QCD_BJetOS_2022EE=34.2166	CMS_NPS26009_bckgShape_QCD_BJetOS_2023=7.59415	CMS_NPS26009_bckgShape_QCD_BJetOS_2023BPix=-5.81133	CMS_NPS26009_btag_fixedWP_comb_bc_correlated_13TeV=-27156.1	CMS_NPS26009_btag_fixedWP_comb_bc_correlated_13p6TeV=-56935.7	CMS_NPS26009_btag_fixedWP_incl_light_correlated_13TeV=-3582.97	CMS_NPS26009_btag_fixedWP_incl_light_correlated_13p6TeV=-9344.98	CMS_NPS26009_eff_m_id_Run2=-2155.45	CMS_NPS26009_eff_m_id_Run3=-4418.51	CMS_NPS26009_eff_m_trigger_2016postVFP=-563.455	CMS_NPS26009_eff_m_trigger_2016preVFP=-1129.75	CMS_NPS26009_eff_m_trigger_2017=-1243.29	CMS_NPS26009_eff_m_trigger_2018=-1338.51	CMS_NPS26009_eff_m_trigger_2022=-928.803	CMS_NPS26009_eff_m_trigger_2022EE=-1810.04	CMS_NPS26009_eff_m_trigger_2023=-1262.59	CMS_NPS26009_eff_m_trigger_2023BPix=-1020.9	CMS_NPS26009_lumi_2016=-7008.11	CMS_NPS26009_lumi_2017=-15457.2	CMS_NPS26009_lumi_2018=-21486.1	CMS_NPS26009_lumi_2022=-24071.4	CMS_NPS26009_lumi_2023=-13901.9	CMS_NPS26009_pdf_NNPDF31=-32845.2	CMS_NPS26009_topmass_ttbar_BJetOS=-81652.7	CMS_btag_fixedWP_comb_bc_uncorrelated_2016postVFP=-2825.41	CMS_btag_fixedWP_comb_bc_uncorrelated_2016preVFP=-3822.46	CMS_btag_fixedWP_comb_bc_uncorrelated_2017=-11425.7	CMS_btag_fixedWP_comb_bc_uncorrelated_2018=-7610.55	CMS_btag_fixedWP_comb_bc_uncorrelated_2022=-6803.23	CMS_btag_fixedWP_comb_bc_uncorrelated_2022EE=-17061.9	CMS_btag_fixedWP_comb_bc_uncorrelated_2023=-14943	CMS_btag_fixedWP_comb_bc_uncorrelated_2023BPix=-10164.1	CMS_btag_fixedWP_incl_light_uncorrelated_2016postVFP=-188.709	CMS_btag_fixedWP_incl_light_uncorrelated_2016preVFP=-214.428	CMS_btag_fixedWP_incl_light_uncorrelated_2017=-765.857	CMS_btag_fixedWP_incl_light_uncorrelated_2018=-777.175	CMS_btag_fixedWP_incl_light_uncorrelated_2022=-426.26	CMS_btag_fixedWP_incl_light_uncorrelated_2022EE=-1888.77	CMS_btag_fixedWP_incl_light_uncorrelated_2023=-960.762	CMS_btag_fixedWP_incl_light_uncorrelated_2023BPix=-544.98	CMS_l1_prefiring_2016postVFP=2465.92	CMS_l1_prefiring_2016preVFP=3154.64	CMS_l1_prefiring_2017=4736.58	CMS_l1_prefiring_2018=1411.6	CMS_pileup_13TeV=3038.67	CMS_pileup_13p6TeV=13073.9	CMS_res_j_2016postVFP=-99.5347	CMS_res_j_2016preVFP=15.0891	CMS_res_j_2017=246.194	CMS_res_j_2018=-83.4954	CMS_res_j_2022=235.144	CMS_res_j_2022EE=736.807	CMS_res_j_2023=713.01	CMS_res_j_2023BPix=695.026	CMS_scale_j_2016postVFP=-636.496	CMS_scale_j_2016preVFP=-671.833	CMS_scale_j_2017=-2807.66	CMS_scale_j_2018=-4623.97	CMS_scale_j_2022=-2266.52	CMS_scale_j_2022EE=-9730.22	CMS_scale_j_2023=-6201.77	CMS_scale_j_2023BPix=-2366.7	CMS_scale_m_13TeV=-1425.71	CMS_scale_m_13p6TeV=-3573.96	QCDscale_fac_ttbar=355.65	QCDscale_ren_ttbar=293639	pdf_alphas=-85065	r=10.3518
RooFit::Detail::RooFixedProdPdf::model_s[ ]
     getLogVal() top-level p.d.f not greater than zero @ !servers=(modelObs_s = 0)

RooAbsMinimizerFcn: Minimized function has error status.
Returning maximum FCN so far (0.182996) to force MIGRAD to back out of this region. Error log follows.
Parameter values: 	CMS_NPS26009_LightJetStat_DY_BJetOS_2016postVFP=-1053.46	CMS_NPS26009_LightJetStat_DY_BJetOS_2016preVFP=-1617.45	CMS_NPS26009_LightJetStat_DY_BJetOS_2017=-1866.95	CMS_NPS26009_LightJetStat_DY_BJetOS_2018=-2174.65	CMS_NPS26009_LightJetStat_DY_BJetOS_2022=-2354.66	CMS_NPS26009_LightJetStat_DY_BJetOS_2022EE=-7022.38	CMS_NPS26009_LightJetStat_DY_BJetOS_2023=-5076.09	CMS_NPS26009_LightJetStat_DY_BJetOS_2023BPix=-3546.75	CMS_NPS26009_MCstat_other_BJetOS_2016postVFP=-6736.26	CMS_NPS26009_MCstat_other_BJetOS_2016preVFP=-414.435	CMS_NPS26009_MCstat_other_BJetOS_2017=-548.671	CMS_NPS26009_MCstat_other_BJetOS_2018=-547.009	CMS_NPS26009_MCstat_other_BJetOS_2022=-811.89	CMS_NPS26009_MCstat_other_BJetOS_2022EE=-1304.57	CMS_NPS26009_MCstat_other_BJetOS_2023=-829.308	CMS_NPS26009_MCstat_other_BJetOS_2023BPix=-1581.24	CMS_NPS26009_MCstat_signal_BJetOS_2016postVFP=-1167.82	CMS_NPS26009_MCstat_signal_BJetOS_2016preVFP=-1272.92	CMS_NPS26009_MCstat_signal_BJetOS_2017=-1576.12	CMS_NPS26009_MCstat_signal_BJetOS_2018=-2610.4	CMS_NPS26009_MCstat_signal_BJetOS_2022=-391.751	CMS_NPS26009_MCstat_signal_BJetOS_2022EE=-935.763	CMS_NPS26009_MCstat_signal_BJetOS_2023=-840.974	CMS_NPS26009_MCstat_signal_BJetOS_2023BPix=-772.014	CMS_NPS26009_MCstat_singleTop_BJetOS_2016postVFP=-355.554	CMS_NPS26009_MCstat_singleTop_BJetOS_2016preVFP=-537.006	CMS_NPS26009_MCstat_singleTop_BJetOS_2017=-766.709	CMS_NPS26009_MCstat_singleTop_BJetOS_2018=-701.722	CMS_NPS26009_MCstat_singleTop_BJetOS_2022=-1304.69	CMS_NPS26009_MCstat_singleTop_BJetOS_2022EE=-2847.42	CMS_NPS26009_MCstat_singleTop_BJetOS_2023=-1762.92	CMS_NPS26009_MCstat_singleTop_BJetOS_2023BPix=-831.76	CMS_NPS26009_MCstat_ttbar_BJetOS_2016postVFP=-237.51	CMS_NPS26009_MCstat_ttbar_BJetOS_2016preVFP=-585.423	CMS_NPS26009_MCstat_ttbar_BJetOS_2017=-1588.52	CMS_NPS26009_MCstat_ttbar_BJetOS_2018=-1189.33	CMS_NPS26009_MCstat_ttbar_BJetOS_2022=-3848.77	CMS_NPS26009_MCstat_ttbar_BJetOS_2022EE=-7474.05	CMS_NPS26009_MCstat_ttbar_BJetOS_2023=-5790.15	CMS_NPS26009_MCstat_ttbar_BJetOS_2023BPix=-4730.19	CMS_NPS26009_NFModel_DY_BJetOS_13TeV=-33214.6	CMS_NPS26009_NFModel_DY_BJetOS_13p6TeV=-69849.1	CMS_NPS26009_NFStat_DY_BJetOS_2016postVFP=0.154695	CMS_NPS26009_NFStat_DY_BJetOS_2016preVFP=0.20057	CMS_NPS26009_NFStat_DY_BJetOS_2017=0.0643315	CMS_NPS26009_NFStat_DY_BJetOS_2018=0.130546	CMS_NPS26009_NFStat_DY_BJetOS_2022=0.0664686	CMS_NPS26009_NFStat_DY_BJetOS_2022EE=0.106244	CMS_NPS26009_NFStat_DY_BJetOS_2023=0.0905887	CMS_NPS26009_NFStat_DY_BJetOS_2023BPix=0.0837492	CMS_NPS26009_QCDscale_fac_singleTop=-642.945	CMS_NPS26009_QCDscale_ren_singleTop=6389.6	CMS_NPS26009_bckgNorm_QCD_BJetOS_2016postVFP=-4.09328	CMS_NPS26009_bckgNorm_QCD_BJetOS_2016preVFP=-279.486	CMS_NPS26009_bckgNorm_QCD_BJetOS_2017=-2728.93	CMS_NPS26009_bckgNorm_QCD_BJetOS_2018=-1690.47	CMS_NPS26009_bckgNorm_QCD_BJetOS_2022=-800.352	CMS_NPS26009_bckgNorm_QCD_BJetOS_2022EE=-488.45	CMS_NPS26009_bckgNorm_QCD_BJetOS_2023=-25362.7	CMS_NPS26009_bckgNorm_QCD_BJetOS_2023BPix=-2286.05	CMS_NPS26009_bckgShape_QCD_BJetOS_2016postVFP=30.7337	CMS_NPS26009_bckgShape_QCD_BJetOS_2016preVFP=29.187	CMS_NPS26009_bckgShape_QCD_BJetOS_2017=96.8917	CMS_NPS26009_bckgShape_QCD_BJetOS_2018=125	CMS_NPS26009_bckgShape_QCD_BJetOS_2022=8.28763	CMS_NPS26009_bckgShape_QCD_BJetOS_2022EE=-7.74767	CMS_NPS26009_bckgShape_QCD_BJetOS_2023=80.9108	CMS_NPS26009_bckgShape_QCD_BJetOS_2023BPix=2.86224	CMS_NPS26009_btag_fixedWP_comb_bc_correlated_13TeV=-13577.7	CMS_NPS26009_btag_fixedWP_comb_bc_correlated_13p6TeV=-28466.9	CMS_NPS26009_btag_fixedWP_incl_light_correlated_13TeV=-1791.44	CMS_NPS26009_btag_fixedWP_incl_light_correlated_13p6TeV=-4672.32	CMS_NPS26009_eff_m_id_Run2=-1077.69	CMS_NPS26009_eff_m_id_Run3=-2209.18	CMS_NPS26009_eff_m_trigger_2016postVFP=-281.713	CMS_NPS26009_eff_m_trigger_2016preVFP=-564.856	CMS_NPS26009_eff_m_trigger_2017=-621.631	CMS_NPS26009_eff_m_trigger_2018=-669.245	CMS_NPS26009_eff_m_trigger_2022=-464.394	CMS_NPS26009_eff_m_trigger_2022EE=-904.984	CMS_NPS26009_eff_m_trigger_2023=-631.272	CMS_NPS26009_eff_m_trigger_2023BPix=-510.429	CMS_NPS26009_lumi_2016=-3503.9	CMS_NPS26009_lumi_2017=-7728.39	CMS_NPS26009_lumi_2018=-10742.9	CMS_NPS26009_lumi_2022=-12035.3	CMS_NPS26009_lumi_2023=-6950.69	CMS_NPS26009_pdf_NNPDF31=-16422	CMS_NPS26009_topmass_ttbar_BJetOS=-40825	CMS_btag_fixedWP_comb_bc_uncorrelated_2016postVFP=-1412.63	CMS_btag_fixedWP_comb_bc_uncorrelated_2016preVFP=-1911.16	CMS_btag_fixedWP_comb_bc_uncorrelated_2017=-5712.71	CMS_btag_fixedWP_comb_bc_uncorrelated_2018=-3805.21	CMS_btag_fixedWP_comb_bc_uncorrelated_2022=-3401.56	CMS_btag_fixedWP_comb_bc_uncorrelated_2022EE=-8530.63	CMS_btag_fixedWP_comb_bc_uncorrelated_2023=-7471.23	CMS_btag_fixedWP_comb_bc_uncorrelated_2023BPix=-5081.85	CMS_btag_fixedWP_incl_light_uncorrelated_2016postVFP=-94.3454	CMS_btag_fixedWP_incl_light_uncorrelated_2016preVFP=-107.209	CMS_btag_fixedWP_incl_light_uncorrelated_2017=-382.919	CMS_btag_fixedWP_incl_light_uncorrelated_2018=-388.586	CMS_btag_fixedWP_incl_light_uncorrelated_2022=-213.127	CMS_btag_fixedWP_incl_light_uncorrelated_2022EE=-944.346	CMS_btag_fixedWP_incl_light_uncorrelated_2023=-480.362	CMS_btag_fixedWP_incl_light_uncorrelated_2023BPix=-272.479	CMS_l1_prefiring_2016postVFP=1232.9	CMS_l1_prefiring_2016preVFP=1577.26	CMS_l1_prefiring_2017=2368.23	CMS_l1_prefiring_2018=705.789	CMS_pileup_13TeV=1519.27	CMS_pileup_13p6TeV=6536.69	CMS_res_j_2016postVFP=-49.7651	CMS_res_j_2016preVFP=7.54428	CMS_res_j_2017=123.095	CMS_res_j_2018=-41.7455	CMS_res_j_2022=117.57	CMS_res_j_2022EE=368.389	CMS_res_j_2023=356.491	CMS_res_j_2023BPix=347.499	CMS_scale_j_2016postVFP=-318.231	CMS_scale_j_2016preVFP=-335.904	CMS_scale_j_2017=-1403.79	CMS_scale_j_2018=-2311.95	CMS_scale_j_2022=-1133.24	CMS_scale_j_2022EE=-4864.92	CMS_scale_j_2023=-3100.76	CMS_scale_j_2023BPix=-1183.3	CMS_scale_m_13TeV=-712.839	CMS_scale_m_13p6TeV=-1786.91	QCDscale_fac_ttbar=177.68	QCDscale_ren_ttbar=146814	pdf_alphas=-42531.1	r=10.3518
RooFit::Detail::RooFixedProdPdf::model_s[ ]
     getLogVal() top-level p.d.f not greater than zero @ !servers=(modelObs_s = 0)

RooAbsMinimizerFcn: Minimized function has error status.
Returning maximum FCN so far (0.182996) to force MIGRAD to back out of this region. Error log follows.
Parameter values: 	CMS_NPS26009_LightJetStat_DY_BJetOS_2016postVFP=-526.655	CMS_NPS26009_LightJetStat_DY_BJetOS_2016preVFP=-808.659	CMS_NPS26009_LightJetStat_DY_BJetOS_2017=-933.43	CMS_NPS26009_LightJetStat_DY_BJetOS_2018=-1087.31	CMS_NPS26009_LightJetStat_DY_BJetOS_2022=-1177.3	CMS_NPS26009_LightJetStat_DY_BJetOS_2022EE=-3510.91	CMS_NPS26009_LightJetStat_DY_BJetOS_2023=-2537.85	CMS_NPS26009_LightJetStat_DY_BJetOS_2023BPix=-1773.24	CMS_NPS26009_MCstat_other_BJetOS_2016postVFP=-3367.89	CMS_NPS26009_MCstat_other_BJetOS_2016preVFP=-207.202	CMS_NPS26009_MCstat_other_BJetOS_2017=-274.322	CMS_NPS26009_MCstat_other_BJetOS_2018=-273.498	CMS_NPS26009_MCstat_other_BJetOS_2022=-405.933	CMS_NPS26009_MCstat_other_BJetOS_2022EE=-652.233	CMS_NPS26009_MCstat_other_BJetOS_2023=-414.621	CMS_NPS26009_MCstat_other_BJetOS_2023BPix=-790.563	CMS_NPS26009_MCstat_signal_BJetOS_2016postVFP=-583.87	CMS_NPS26009_MCstat_signal_BJetOS_2016preVFP=-636.422	CMS_NPS26009_MCstat_signal_BJetOS_2017=-788.016	CMS_NPS26009_MCstat_signal_BJetOS_2018=-1305.13	CMS_NPS26009_MCstat_signal_BJetOS_2022=-195.866	CMS_NPS26009_MCstat_signal_BJetOS_2022EE=-467.846	CMS_NPS26009_MCstat_signal_BJetOS_2023=-420.457	CMS_NPS26009_MCstat_signal_BJetOS_2023BPix=-385.981	CMS_NPS26009_MCstat_singleTop_BJetOS_2016postVFP=-177.754	CMS_NPS26009_MCstat_singleTop_BJetOS_2016preVFP=-268.482	CMS_NPS26009_MCstat_singleTop_BJetOS_2017=-383.335	CMS_NPS26009_MCstat_singleTop_BJetOS_2018=-350.853	CMS_NPS26009_MCstat_singleTop_BJetOS_2022=-652.328	CMS_NPS26009_MCstat_singleTop_BJetOS_2022EE=-1423.6	CMS_NPS26009_MCstat_singleTop_BJetOS_2023=-881.39	CMS_NPS26009_MCstat_singleTop_BJetOS_2023BPix=-415.849	CMS_NPS26009_MCstat_ttbar_BJetOS_2016postVFP=-118.713	CMS_NPS26009_MCstat_ttbar_BJetOS_2016preVFP=-292.679	CMS_NPS26009_MCstat_ttbar_BJetOS_2017=-794.225	CMS_NPS26009_MCstat_ttbar_BJetOS_2018=-594.671	CMS_NPS26009_MCstat_ttbar_BJetOS_2022=-1924.33	CMS_NPS26009_MCstat_ttbar_BJetOS_2022EE=-3736.72	CMS_NPS26009_MCstat_ttbar_BJetOS_2023=-2894.84	CMS_NPS26009_MCstat_ttbar_BJetOS_2023BPix=-2364.91	CMS_NPS26009_NFModel_DY_BJetOS_13TeV=-16606.6	CMS_NPS26009_NFModel_DY_BJetOS_13p6TeV=-34921.8	CMS_NPS26009_NFStat_DY_BJetOS_2016postVFP=0.0541646	CMS_NPS26009_NFStat_DY_BJetOS_2016preVFP=0.071984	CMS_NPS26009_NFStat_DY_BJetOS_2017=0.121354	CMS_NPS26009_NFStat_DY_BJetOS_2018=0.120592	CMS_NPS26009_NFStat_DY_BJetOS_2022=0.104117	CMS_NPS26009_NFStat_DY_BJetOS_2022EE=0.0808407	CMS_NPS26009_NFStat_DY_BJetOS_2023=0.0690264	CMS_NPS26009_NFStat_DY_BJetOS_2023BPix=0.0204745	CMS_NPS26009_QCDscale_fac_singleTop=-321.453	CMS_NPS26009_QCDscale_ren_singleTop=3194.59	CMS_NPS26009_bckgNorm_QCD_BJetOS_2016postVFP=-2.04638	CMS_NPS26009_bckgNorm_QCD_BJetOS_2016preVFP=-139.725	CMS_NPS26009_bckgNorm_QCD_BJetOS_2017=-1364.4	CMS_NPS26009_bckgNorm_QCD_BJetOS_2018=-845.223	CMS_NPS26009_bckgNorm_QCD_BJetOS_2022=-400.165	CMS_NPS26009_bckgNorm_QCD_BJetOS_2022EE=-244.206	CMS_NPS26009_bckgNorm_QCD_BJetOS_2023=-12680.3	CMS_NPS26009_bckgNorm_QCD_BJetOS_2023BPix=-1142.94	CMS_NPS26009_bckgShape_QCD_BJetOS_2016postVFP=0.421562	CMS_NPS26009_bckgShape_QCD_BJetOS_2016preVFP=49.6117	CMS_NPS26009_bckgShape_QCD_BJetOS_2017=-17.1027	CMS_NPS26009_bckgShape_QCD_BJetOS_2018=140.824	CMS_NPS26009_bckgShape_QCD_BJetOS_2022=8.18319	CMS_NPS26009_bckgShape_QCD_BJetOS_2022EE=-26.9109	CMS_NPS26009_bckgShape_QCD_BJetOS_2023=66.7856	CMS_NPS26009_bckgShape_QCD_BJetOS_2023BPix=12.3936	CMS_NPS26009_btag_fixedWP_comb_bc_correlated_13TeV=-6788.46	CMS_NPS26009_btag_fixedWP_comb_bc_correlated_13p6TeV=-14232.4	CMS_NPS26009_btag_fixedWP_incl_light_correlated_13TeV=-895.683	CMS_NPS26009_btag_fixedWP_incl_light_correlated_13p6TeV=-2335.98	CMS_NPS26009_eff_m_id_Run2=-538.816	CMS_NPS26009_eff_m_id_Run3=-1104.51	CMS_NPS26009_eff_m_trigger_2016postVFP=-140.843	CMS_NPS26009_eff_m_trigger_2016preVFP=-282.408	CMS_NPS26009_eff_m_trigger_2017=-310.799	CMS_NPS26009_eff_m_trigger_2018=-334.61	CMS_NPS26009_eff_m_trigger_2022=-232.19	CMS_NPS26009_eff_m_trigger_2022EE=-452.456	CMS_NPS26009_eff_m_trigger_2023=-315.611	CMS_NPS26009_eff_m_trigger_2023BPix=-255.195	CMS_NPS26009_lumi_2016=-1751.8	CMS_NPS26009_lumi_2017=-3864	CMS_NPS26009_lumi_2018=-5371.25	CMS_NPS26009_lumi_2022=-6017.22	CMS_NPS26009_lumi_2023=-3475.07	CMS_NPS26009_pdf_NNPDF31=-8210.47	CMS_NPS26009_topmass_ttbar_BJetOS=-20411.2	CMS_btag_fixedWP_comb_bc_uncorrelated_2016postVFP=-706.242	CMS_btag_fixedWP_comb_bc_uncorrelated_2016preVFP=-955.509	CMS_btag_fixedWP_comb_bc_uncorrelated_2017=-2856.21	CMS_btag_fixedWP_comb_bc_uncorrelated_2018=-1902.54	CMS_btag_fixedWP_comb_bc_uncorrelated_2022=-1700.73	CMS_btag_fixedWP_comb_bc_uncorrelated_2022EE=-4264.97	CMS_btag_fixedWP_comb_bc_uncorrelated_2023=-3735.32	CMS_btag_fixedWP_comb_bc_uncorrelated_2023BPix=-2540.74	CMS_btag_fixedWP_incl_light_uncorrelated_2016postVFP=-47.1634	CMS_btag_fixedWP_incl_light_uncorrelated_2016preVFP=-53.5995	CMS_btag_fixedWP_incl_light_uncorrelated_2017=-191.451	CMS_btag_fixedWP_incl_light_uncorrelated_2018=-194.291	CMS_btag_fixedWP_incl_light_uncorrelated_2022=-106.561	CMS_btag_fixedWP_incl_light_uncorrelated_2022EE=-472.135	CMS_btag_fixedWP_incl_light_uncorrelated_2023=-240.162	CMS_btag_fixedWP_incl_light_uncorrelated_2023BPix=-136.229	CMS_l1_prefiring_2016postVFP=616.383	CMS_l1_prefiring_2016preVFP=788.574	CMS_l1_prefiring_2017=1184.05	CMS_l1_prefiring_2018=352.883	CMS_pileup_13TeV=759.576	CMS_pileup_13p6TeV=3268.1	CMS_res_j_2016postVFP=-24.8803	CMS_res_j_2016preVFP=3.77189	CMS_res_j_2017=61.5448	CMS_res_j_2018=-20.8706	CMS_res_j_2022=58.7834	CMS_res_j_2022EE=184.18	CMS_res_j_2023=178.231	CMS_res_j_2023BPix=173.736	CMS_scale_j_2016postVFP=-159.098	CMS_scale_j_2016preVFP=-167.939	CMS_scale_j_2017=-701.861	CMS_scale_j_2018=-1155.94	CMS_scale_j_2022=-566.605	CMS_scale_j_2022EE=-2432.26	CMS_scale_j_2023=-1550.26	CMS_scale_j_2023BPix=-591.606	CMS_scale_m_13TeV=-356.404	CMS_scale_m_13p6TeV=-893.387	QCDscale_fac_ttbar=88.6958	QCDscale_ren_ttbar=73402.4	pdf_alphas=-21264.1	r=10.3518
RooFit::Detail::RooFixedProdPdf::model_s[ ]
     getLogVal() top-level p.d.f not greater than zero @ !servers=(modelObs_s = 0)

RooAbsMinimizerFcn: Minimized function has error status.
Returning maximum FCN so far (0.182996) to force MIGRAD to back out of this region. Error log follows.
Parameter values: 	CMS_NPS26009_LightJetStat_DY_BJetOS_2016postVFP=-263.254	CMS_NPS26009_LightJetStat_DY_BJetOS_2016preVFP=-404.263	CMS_NPS26009_LightJetStat_DY_BJetOS_2017=-466.673	CMS_NPS26009_LightJetStat_DY_BJetOS_2018=-543.64	CMS_NPS26009_LightJetStat_DY_BJetOS_2022=-588.614	CMS_NPS26009_LightJetStat_DY_BJetOS_2022EE=-1755.18	CMS_NPS26009_LightJetStat_DY_BJetOS_2023=-1268.72	CMS_NPS26009_LightJetStat_DY_BJetOS_2023BPix=-886.486	CMS_NPS26009_MCstat_other_BJetOS_2016postVFP=-1683.7	CMS_NPS26009_MCstat_other_BJetOS_2016preVFP=-103.585	CMS_NPS26009_MCstat_other_BJetOS_2017=-137.147	CMS_NPS26009_MCstat_other_BJetOS_2018=-136.742	CMS_NPS26009_MCstat_other_BJetOS_2022=-202.955	CMS_NPS26009_MCstat_other_BJetOS_2022EE=-326.065	CMS_NPS26009_MCstat_other_BJetOS_2023=-207.278	CMS_NPS26009_MCstat_other_BJetOS_2023BPix=-395.222	CMS_NPS26009_MCstat_signal_BJetOS_2016postVFP=-291.896	CMS_NPS26009_MCstat_signal_BJetOS_2016preVFP=-318.171	CMS_NPS26009_MCstat_signal_BJetOS_2017=-393.961	CMS_NPS26009_MCstat_signal_BJetOS_2018=-652.49	CMS_NPS26009_MCstat_signal_BJetOS_2022=-97.924	CMS_NPS26009_MCstat_signal_BJetOS_2022EE=-233.888	CMS_NPS26009_MCstat_signal_BJetOS_2023=-210.198	CMS_NPS26009_MCstat_signal_BJetOS_2023BPix=-192.965	CMS_NPS26009_MCstat_singleTop_BJetOS_2016postVFP=-88.8546	CMS_NPS26009_MCstat_singleTop_BJetOS_2016preVFP=-134.22	CMS_NPS26009_MCstat_singleTop_BJetOS_2017=-191.649	CMS_NPS26009_MCstat_singleTop_BJetOS_2018=-175.419	CMS_NPS26009_MCstat_singleTop_BJetOS_2022=-326.145	CMS_NPS26009_MCstat_singleTop_BJetOS_2022EE=-711.686	CMS_NPS26009_MCstat_singleTop_BJetOS_2023=-440.626	CMS_NPS26009_MCstat_singleTop_BJetOS_2023BPix=-207.893	CMS_NPS26009_MCstat_ttbar_BJetOS_2016postVFP=-59.3144	CMS_NPS26009_MCstat_ttbar_BJetOS_2016preVFP=-146.308	CMS_NPS26009_MCstat_ttbar_BJetOS_2017=-397.078	CMS_NPS26009_MCstat_ttbar_BJetOS_2018=-297.34	CMS_NPS26009_MCstat_ttbar_BJetOS_2022=-962.112	CMS_NPS26009_MCstat_ttbar_BJetOS_2022EE=-1868.06	CMS_NPS26009_MCstat_ttbar_BJetOS_2023=-1447.19	CMS_NPS26009_MCstat_ttbar_BJetOS_2023BPix=-1182.27	CMS_NPS26009_NFModel_DY_BJetOS_13TeV=-8302.58	CMS_NPS26009_NFModel_DY_BJetOS_13p6TeV=-17458.2	CMS_NPS26009_NFStat_DY_BJetOS_2016postVFP=0.119403	CMS_NPS26009_NFStat_DY_BJetOS_2016preVFP=0.131667	CMS_NPS26009_NFStat_DY_BJetOS_2017=0.0651403	CMS_NPS26009_NFStat_DY_BJetOS_2018=0.167321	CMS_NPS26009_NFStat_DY_BJetOS_2022=0.115875	CMS_NPS26009_NFStat_DY_BJetOS_2022EE=0.0881082	CMS_NPS26009_NFStat_DY_BJetOS_2023=0.089748	CMS_NPS26009_NFStat_DY_BJetOS_2023BPix=0.0447719	CMS_NPS26009_QCDscale_fac_singleTop=-160.707	CMS_NPS26009_QCDscale_ren_singleTop=1597.09	CMS_NPS26009_bckgNorm_QCD_BJetOS_2016postVFP=-1.02293	CMS_NPS26009_bckgNorm_QCD_BJetOS_2016preVFP=-69.8442	CMS_NPS26009_bckgNorm_QCD_BJetOS_2017=-682.132	CMS_NPS26009_bckgNorm_QCD_BJetOS_2018=-422.601	CMS_NPS26009_bckgNorm_QCD_BJetOS_2022=-200.071	CMS_NPS26009_bckgNorm_QCD_BJetOS_2022EE=-122.084	CMS_NPS26009_bckgNorm_QCD_BJetOS_2023=-6339.16	CMS_NPS26009_bckgNorm_QCD_BJetOS_2023BPix=-571.383	CMS_NPS26009_bckgShape_QCD_BJetOS_2016postVFP=26.4059	CMS_NPS26009_bckgShape_QCD_BJetOS_2016preVFP=51.4166	CMS_NPS26009_bckgShape_QCD_BJetOS_2017=59.3804	CMS_NPS26009_bckgShape_QCD_BJetOS_2018=-0.0922477	CMS_NPS26009_bckgShape_QCD_BJetOS_2022=-3.22187	CMS_NPS26009_bckgShape_QCD_BJetOS_2022EE=-29.2862	CMS_NPS26009_bckgShape_QCD_BJetOS_2023=46.9748	CMS_NPS26009_bckgShape_QCD_BJetOS_2023BPix=-5.70664	CMS_NPS26009_btag_fixedWP_comb_bc_correlated_13TeV=-3393.85	CMS_NPS26009_btag_fixedWP_comb_bc_correlated_13p6TeV=-7115.23	CMS_NPS26009_btag_fixedWP_incl_light_correlated_13TeV=-447.802	CMS_NPS26009_btag_fixedWP_incl_light_correlated_13p6TeV=-1167.82	CMS_NPS26009_eff_m_id_Run2=-269.378	CMS_NPS26009_eff_m_id_Run3=-552.175	CMS_NPS26009_eff_m_trigger_2016postVFP=-70.4076	CMS_NPS26009_eff_m_trigger_2016preVFP=-141.184	CMS_NPS26009_eff_m_trigger_2017=-155.383	CMS_NPS26009_eff_m_trigger_2018=-167.293	CMS_NPS26009_eff_m_trigger_2022=-116.088	CMS_NPS26009_eff_m_trigger_2022EE=-226.192	CMS_NPS26009_eff_m_trigger_2023=-157.781	CMS_NPS26009_eff_m_trigger_2023BPix=-127.579	CMS_NPS26009_lumi_2016=-875.751	CMS_NPS26009_lumi_2017=-1931.8	CMS_NPS26009_lumi_2018=-2685.44	CMS_NPS26009_lumi_2022=-3008.19	CMS_NPS26009_lumi_2023=-1737.27	CMS_NPS26009_pdf_NNPDF31=-4104.69	CMS_NPS26009_topmass_ttbar_BJetOS=-10204.2	CMS_btag_fixedWP_comb_bc_uncorrelated_2016postVFP=-353.047	CMS_btag_fixedWP_comb_bc_uncorrelated_2016preVFP=-477.684	CMS_btag_fixedWP_comb_bc_uncorrelated_2017=-1427.96	CMS_btag_fixedWP_comb_bc_uncorrelated_2018=-951.208	CMS_btag_fixedWP_comb_bc_uncorrelated_2022=-850.313	CMS_btag_fixedWP_comb_bc_uncorrelated_2022EE=-2132.14	CMS_btag_fixedWP_comb_bc_uncorrelated_2023=-1867.36	CMS_btag_fixedWP_comb_bc_uncorrelated_2023BPix=-1270.18	CMS_btag_fixedWP_incl_light_uncorrelated_2016postVFP=-23.5724	CMS_btag_fixedWP_incl_light_uncorrelated_2016preVFP=-26.7947	CMS_btag_fixedWP_incl_light_uncorrelated_2017=-95.7165	CMS_btag_fixedWP_incl_light_uncorrelated_2018=-97.144	CMS_btag_fixedWP_incl_light_uncorrelated_2022=-53.2772	CMS_btag_fixedWP_incl_light_uncorrelated_2022EE=-236.03	CMS_btag_fixedWP_incl_light_uncorrelated_2023=-120.061	CMS_btag_fixedWP_incl_light_uncorrelated_2023BPix=-68.1041	CMS_l1_prefiring_2016postVFP=308.127	CMS_l1_prefiring_2016preVFP=394.229	CMS_l1_prefiring_2017=591.966	CMS_l1_prefiring_2018=176.429	CMS_pileup_13TeV=379.727	CMS_pileup_13p6TeV=1633.81	CMS_res_j_2016postVFP=-12.4379	CMS_res_j_2016preVFP=1.88569	CMS_res_j_2017=30.7698	CMS_res_j_2018=-10.4331	CMS_res_j_2022=29.39	CMS_res_j_2022EE=92.0749	CMS_res_j_2023=89.1015	CMS_res_j_2023BPix=86.8548	CMS_scale_j_2016postVFP=-79.5314	CMS_scale_j_2016preVFP=-83.9569	CMS_scale_j_2017=-350.895	CMS_scale_j_2018=-577.931	CMS_scale_j_2022=-283.286	CMS_scale_j_2022EE=-1215.94	CMS_scale_j_2023=-775.003	CMS_scale_j_2023BPix=-295.758	CMS_scale_m_13TeV=-178.186	CMS_scale_m_13p6TeV=-446.625	QCDscale_fac_ttbar=44.2035	QCDscale_ren_ttbar=36696.3	pdf_alphas=-10630.6	r=10.3518
RooFit::Detail::RooFixedProdPdf::model_s[ ]
     getLogVal() top-level p.d.f not greater than zero @ !servers=(modelObs_s = 0)

RooAbsMinimizerFcn: Minimized function has error status.
Returning maximum FCN so far (0.182996) to force MIGRAD to back out of this region. Error log follows.
Parameter values: 	CMS_NPS26009_LightJetStat_DY_BJetOS_2016postVFP=-131.554	CMS_NPS26009_LightJetStat_DY_BJetOS_2016preVFP=-202.064	CMS_NPS26009_LightJetStat_DY_BJetOS_2017=-233.294	CMS_NPS26009_LightJetStat_DY_BJetOS_2018=-271.805	CMS_NPS26009_LightJetStat_DY_BJetOS_2022=-294.273	CMS_NPS26009_LightJetStat_DY_BJetOS_2022EE=-877.316	CMS_NPS26009_LightJetStat_DY_BJetOS_2023=-634.161	CMS_NPS26009_LightJetStat_DY_BJetOS_2023BPix=-443.107	CMS_NPS26009_MCstat_other_BJetOS_2016postVFP=-841.608	CMS_NPS26009_MCstat_other_BJetOS_2016preVFP=-51.7767	CMS_NPS26009_MCstat_other_BJetOS_2017=-68.5599	CMS_NPS26009_MCstat_other_BJetOS_2018=-68.3641	CMS_NPS26009_MCstat_other_BJetOS_2022=-101.466	CMS_NPS26009_MCstat_other_BJetOS_2022EE=-162.981	CMS_NPS26009_MCstat_other_BJetOS_2023=-103.606	CMS_NPS26009_MCstat_other_BJetOS_2023BPix=-197.552	CMS_NPS26009_MCstat_signal_BJetOS_2016postVFP=-145.909	CMS_NPS26009_MCstat_signal_BJetOS_2016preVFP=-159.045	CMS_NPS26009_MCstat_signal_BJetOS_2017=-196.934	CMS_NPS26009_MCstat_signal_BJetOS_2018=-326.171	CMS_NPS26009_MCstat_signal_BJetOS_2022=-48.9529	CMS_NPS26009_MCstat_signal_BJetOS_2022EE=-116.909	CMS_NPS26009_MCstat_signal_BJetOS_2023=-105.069	CMS_NPS26009_MCstat_signal_BJetOS_2023BPix=-96.4565	CMS_NPS26009_MCstat_singleTop_BJetOS_2016postVFP=-44.4047	CMS_NPS26009_MCstat_singleTop_BJetOS_2016preVFP=-67.0885	CMS_NPS26009_MCstat_singleTop_BJetOS_2017=-95.8055	CMS_NPS26009_MCstat_singleTop_BJetOS_2018=-87.7015	CMS_NPS26009_MCstat_singleTop_BJetOS_2022=-163.054	CMS_NPS26009_MCstat_singleTop_BJetOS_2022EE=-355.731	CMS_NPS26009_MCstat_singleTop_BJetOS_2023=-220.244	CMS_NPS26009_MCstat_singleTop_BJetOS_2023BPix=-103.915	CMS_NPS26009_MCstat_ttbar_BJetOS_2016postVFP=-29.6152	CMS_NPS26009_MCstat_ttbar_BJetOS_2016preVFP=-73.1218	CMS_NPS26009_MCstat_ttbar_BJetOS_2017=-198.504	CMS_NPS26009_MCstat_ttbar_BJetOS_2018=-148.675	CMS_NPS26009_MCstat_ttbar_BJetOS_2022=-481.002	CMS_NPS26009_MCstat_ttbar_BJetOS_2022EE=-933.728	CMS_NPS26009_MCstat_ttbar_BJetOS_2023=-723.359	CMS_NPS26009_MCstat_ttbar_BJetOS_2023BPix=-590.953	CMS_NPS26009_NFModel_DY_BJetOS_13TeV=-4150.57	CMS_NPS26009_NFModel_DY_BJetOS_13p6TeV=-8726.44	CMS_NPS26009_NFStat_DY_BJetOS_2016postVFP=0.15189	CMS_NPS26009_NFStat_DY_BJetOS_2016preVFP=0.0928384	CMS_NPS26009_NFStat_DY_BJetOS_2017=0.109141	CMS_NPS26009_NFStat_DY_BJetOS_2018=0.150983	CMS_NPS26009_NFStat_DY_BJetOS_2022=0.0203232	CMS_NPS26009_NFStat_DY_BJetOS_2022EE=0.0510772	CMS_NPS26009_NFStat_DY_BJetOS_2023=0.107772	CMS_NPS26009_NFStat_DY_BJetOS_2023BPix=0.0635604	CMS_NPS26009_QCDscale_fac_singleTop=-80.3342	CMS_NPS26009_QCDscale_ren_singleTop=798.338	CMS_NPS26009_bckgNorm_QCD_BJetOS_2016postVFP=-0.511207	CMS_NPS26009_bckgNorm_QCD_BJetOS_2016preVFP=-34.9039	CMS_NPS26009_bckgNorm_QCD_BJetOS_2017=-340.999	CMS_NPS26009_bckgNorm_QCD_BJetOS_2018=-211.29	CMS_NPS26009_bckgNorm_QCD_BJetOS_2022=-100.024	CMS_NPS26009_bckgNorm_QCD_BJetOS_2022EE=-61.0229	CMS_NPS26009_bckgNorm_QCD_BJetOS_2023=-3168.57	CMS_NPS26009_bckgNorm_QCD_BJetOS_2023BPix=-285.605	CMS_NPS26009_bckgShape_QCD_BJetOS_2016postVFP=-1.09687	CMS_NPS26009_bckgShape_QCD_BJetOS_2016preVFP=49.9089	CMS_NPS26009_bckgShape_QCD_BJetOS_2017=-12.2284	CMS_NPS26009_bckgShape_QCD_BJetOS_2018=65.5894	CMS_NPS26009_bckgShape_QCD_BJetOS_2022=-2.26917	CMS_NPS26009_bckgShape_QCD_BJetOS_2022EE=-28.3299	CMS_NPS26009_bckgShape_QCD_BJetOS_2023=-1.61415	CMS_NPS26009_bckgShape_QCD_BJetOS_2023BPix=2.72677	CMS_NPS26009_btag_fixedWP_comb_bc_correlated_13TeV=-1696.55	CMS_NPS26009_btag_fixedWP_comb_bc_correlated_13p6TeV=-3556.63	CMS_NPS26009_btag_fixedWP_incl_light_correlated_13TeV=-223.862	CMS_NPS26009_btag_fixedWP_incl_light_correlated_13p6TeV=-583.733	CMS_NPS26009_eff_m_id_Run2=-134.659	CMS_NPS26009_eff_m_id_Run3=-276.009	CMS_NPS26009_eff_m_trigger_2016postVFP=-35.19	CMS_NPS26009_eff_m_trigger_2016preVFP=-70.5715	CMS_NPS26009_eff_m_trigger_2017=-77.6755	CMS_NPS26009_eff_m_trigger_2018=-83.6344	CMS_NPS26009_eff_m_trigger_2022=-58.0367	CMS_NPS26009_eff_m_trigger_2022EE=-113.06	CMS_NPS26009_eff_m_trigger_2023=-78.8653	CMS_NPS26009_eff_m_trigger_2023BPix=-63.7704	CMS_NPS26009_lumi_2016=-437.725	CMS_NPS26009_lumi_2017=-965.701	CMS_NPS26009_lumi_2018=-1342.54	CMS_NPS26009_lumi_2022=-1503.67	CMS_NPS26009_lumi_2023=-868.364	CMS_NPS26009_pdf_NNPDF31=-2051.8	CMS_NPS26009_topmass_ttbar_BJetOS=-5100.76	CMS_btag_fixedWP_comb_bc_uncorrelated_2016postVFP=-176.449	CMS_btag_fixedWP_comb_bc_uncorrelated_2016preVFP=-238.772	CMS_btag_fixedWP_comb_bc_uncorrelated_2017=-713.832	CMS_btag_fixedWP_comb_bc_uncorrelated_2018=-475.54	CMS_btag_fixedWP_comb_bc_uncorrelated_2022=-425.105	CMS_btag_fixedWP_comb_bc_uncorrelated_2022EE=-1065.73	CMS_btag_fixedWP_comb_bc_uncorrelated_2023=-933.384	CMS_btag_fixedWP_comb_bc_uncorrelated_2023BPix=-634.899	CMS_btag_fixedWP_incl_light_uncorrelated_2016postVFP=-11.7769	CMS_btag_fixedWP_incl_light_uncorrelated_2016preVFP=-13.3923	CMS_btag_fixedWP_incl_light_uncorrelated_2017=-47.8493	CMS_btag_fixedWP_incl_light_uncorrelated_2018=-48.5704	CMS_btag_fixedWP_incl_light_uncorrelated_2022=-26.6356	CMS_btag_fixedWP_incl_light_uncorrelated_2022EE=-117.977	CMS_btag_fixedWP_incl_light_uncorrelated_2023=-60.0114	CMS_btag_fixedWP_incl_light_uncorrelated_2023BPix=-34.0416	CMS_l1_prefiring_2016postVFP=153.998	CMS_l1_prefiring_2016preVFP=197.057	CMS_l1_prefiring_2017=295.923	CMS_l1_prefiring_2018=88.2026	CMS_pileup_13TeV=189.803	CMS_pileup_13p6TeV=816.658	CMS_res_j_2016postVFP=-6.21674	CMS_res_j_2016preVFP=0.942596	CMS_res_j_2017=15.3824	CMS_res_j_2018=-5.21439	CMS_res_j_2022=14.6933	CMS_res_j_2022EE=46.0226	CMS_res_j_2023=44.5366	CMS_res_j_2023BPix=43.4141	CMS_scale_j_2016postVFP=-39.7482	CMS_scale_j_2016preVFP=-41.9658	CMS_scale_j_2017=-175.412	CMS_scale_j_2018=-288.929	CMS_scale_j_2022=-141.627	CMS_scale_j_2022EE=-607.772	CMS_scale_j_2023=-387.376	CMS_scale_j_2023BPix=-147.834	CMS_scale_m_13TeV=-89.0774	CMS_scale_m_13p6TeV=-223.244	QCDscale_fac_ttbar=21.9573	QCDscale_ren_ttbar=18343.3	pdf_alphas=-5313.88	r=10.3518
RooFit::Detail::RooFixedProdPdf::model_s[ ]
     getLogVal() top-level p.d.f not greater than zero @ !servers=(modelObs_s = 0)

RooAbsMinimizerFcn: Minimized function has error status.
Returning maximum FCN so far (0.182996) to force MIGRAD to back out of this region. Error log follows.
Parameter values: 	CMS_NPS26009_LightJetStat_DY_BJetOS_2016postVFP=-65.704	CMS_NPS26009_LightJetStat_DY_BJetOS_2016preVFP=-100.965	CMS_NPS26009_LightJetStat_DY_BJetOS_2017=-116.604	CMS_NPS26009_LightJetStat_DY_BJetOS_2018=-135.888	CMS_NPS26009_LightJetStat_DY_BJetOS_2022=-147.103	CMS_NPS26009_LightJetStat_DY_BJetOS_2022EE=-438.383	CMS_NPS26009_LightJetStat_DY_BJetOS_2023=-316.88	CMS_NPS26009_LightJetStat_DY_BJetOS_2023BPix=-221.418	CMS_NPS26009_MCstat_other_BJetOS_2016postVFP=-420.561	CMS_NPS26009_MCstat_other_BJetOS_2016preVFP=-25.8726	CMS_NPS26009_MCstat_other_BJetOS_2017=-34.2662	CMS_NPS26009_MCstat_other_BJetOS_2018=-34.1752	CMS_NPS26009_MCstat_other_BJetOS_2022=-50.7215	CMS_NPS26009_MCstat_other_BJetOS_2022EE=-81.4391	CMS_NPS26009_MCstat_other_BJetOS_2023=-51.7707	CMS_NPS26009_MCstat_other_BJetOS_2023BPix=-98.7171	CMS_NPS26009_MCstat_signal_BJetOS_2016postVFP=-72.9154	CMS_NPS26009_MCstat_signal_BJetOS_2016preVFP=-79.4822	CMS_NPS26009_MCstat_signal_BJetOS_2017=-98.4205	CMS_NPS26009_MCstat_signal_BJetOS_2018=-163.012	CMS_NPS26009_MCstat_signal_BJetOS_2022=-24.4673	CMS_NPS26009_MCstat_signal_BJetOS_2022EE=-58.419	CMS_NPS26009_MCstat_signal_BJetOS_2023=-52.5041	CMS_NPS26009_MCstat_signal_BJetOS_2023BPix=-48.2024	CMS_NPS26009_MCstat_singleTop_BJetOS_2016postVFP=-22.1798	CMS_NPS26009_MCstat_singleTop_BJetOS_2016preVFP=-33.523	CMS_NPS26009_MCstat_singleTop_BJetOS_2017=-47.8838	CMS_NPS26009_MCstat_singleTop_BJetOS_2018=-43.8429	CMS_NPS26009_MCstat_singleTop_BJetOS_2022=-81.5087	CMS_NPS26009_MCstat_singleTop_BJetOS_2022EE=-177.753	CMS_NPS26009_MCstat_singleTop_BJetOS_2023=-110.052	CMS_NPS26009_MCstat_singleTop_BJetOS_2023BPix=-51.9263	CMS_NPS26009_MCstat_ttbar_BJetOS_2016postVFP=-14.7656	CMS_NPS26009_MCstat_ttbar_BJetOS_2016preVFP=-36.5288	CMS_NPS26009_MCstat_ttbar_BJetOS_2017=-99.2176	CMS_NPS26009_MCstat_ttbar_BJetOS_2018=-74.3425	CMS_NPS26009_MCstat_ttbar_BJetOS_2022=-240.446	CMS_NPS26009_MCstat_ttbar_BJetOS_2022EE=-466.562	CMS_NPS26009_MCstat_ttbar_BJetOS_2023=-361.445	CMS_NPS26009_MCstat_ttbar_BJetOS_2023BPix=-295.293	CMS_NPS26009_NFModel_DY_BJetOS_13TeV=-2074.57	CMS_NPS26009_NFModel_DY_BJetOS_13p6TeV=-4360.53	CMS_NPS26009_NFStat_DY_BJetOS_2016postVFP=0.0538739	CMS_NPS26009_NFStat_DY_BJetOS_2016preVFP=0.168569	CMS_NPS26009_NFStat_DY_BJetOS_2017=0.142742	CMS_NPS26009_NFStat_DY_BJetOS_2018=0.134534	CMS_NPS26009_NFStat_DY_BJetOS_2022=0.0644961	CMS_NPS26009_NFStat_DY_BJetOS_2022EE=0.0418803	CMS_NPS26009_NFStat_DY_BJetOS_2023=0.0806817	CMS_NPS26009_NFStat_DY_BJetOS_2023BPix=0.108339	CMS_NPS26009_QCDscale_fac_singleTop=-40.1477	CMS_NPS26009_QCDscale_ren_singleTop=398.962	CMS_NPS26009_bckgNorm_QCD_BJetOS_2016postVFP=-0.255345	CMS_NPS26009_bckgNorm_QCD_BJetOS_2016preVFP=-17.4337	CMS_NPS26009_bckgNorm_QCD_BJetOS_2017=-170.432	CMS_NPS26009_bckgNorm_QCD_BJetOS_2018=-105.634	CMS_NPS26009_bckgNorm_QCD_BJetOS_2022=-50.0011	CMS_NPS26009_bckgNorm_QCD_BJetOS_2022EE=-30.4924	CMS_NPS26009_bckgNorm_QCD_BJetOS_2023=-1583.27	CMS_NPS26009_bckgNorm_QCD_BJetOS_2023BPix=-142.716	CMS_NPS26009_bckgShape_QCD_BJetOS_2016postVFP=24.6159	CMS_NPS26009_bckgShape_QCD_BJetOS_2016preVFP=-20.1996	CMS_NPS26009_bckgShape_QCD_BJetOS_2017=40.6624	CMS_NPS26009_bckgShape_QCD_BJetOS_2018=114.642	CMS_NPS26009_bckgShape_QCD_BJetOS_2022=2.26607	CMS_NPS26009_bckgShape_QCD_BJetOS_2022EE=-27.3178	CMS_NPS26009_bckgShape_QCD_BJetOS_2023=80.1769	CMS_NPS26009_bckgShape_QCD_BJetOS_2023BPix=-2.66237	CMS_NPS26009_btag_fixedWP_comb_bc_correlated_13TeV=-847.895	CMS_NPS26009_btag_fixedWP_comb_bc_correlated_13p6TeV=-1777.33	CMS_NPS26009_btag_fixedWP_incl_light_correlated_13TeV=-111.892	CMS_NPS26009_btag_fixedWP_incl_light_correlated_13p6TeV=-291.692	CMS_NPS26009_eff_m_id_Run2=-67.299	CMS_NPS26009_eff_m_id_Run3=-137.925	CMS_NPS26009_eff_m_trigger_2016postVFP=-17.5812	CMS_NPS26009_eff_m_trigger_2016preVFP=-35.2655	CMS_NPS26009_eff_m_trigger_2017=-38.8216	CMS_NPS26009_eff_m_trigger_2018=-41.8051	CMS_NPS26009_eff_m_trigger_2022=-29.0112	CMS_NPS26009_eff_m_trigger_2022EE=-56.4935	CMS_NPS26009_eff_m_trigger_2023=-39.4077	CMS_NPS26009_eff_m_trigger_2023BPix=-31.8662	CMS_NPS26009_lumi_2016=-218.713	CMS_NPS26009_lumi_2017=-482.652	CMS_NPS26009_lumi_2018=-671.084	CMS_NPS26009_lumi_2022=-751.417	CMS_NPS26009_lumi_2023=-433.912	CMS_NPS26009_pdf_NNPDF31=-1025.36	CMS_NPS26009_topmass_ttbar_BJetOS=-2549.03	CMS_btag_fixedWP_comb_bc_uncorrelated_2016postVFP=-88.1505	CMS_btag_fixedWP_comb_bc_uncorrelated_2016preVFP=-119.315	CMS_btag_fixedWP_comb_bc_uncorrelated_2017=-356.769	CMS_btag_fixedWP_comb_bc_uncorrelated_2018=-237.707	CMS_btag_fixedWP_comb_bc_uncorrelated_2022=-212.501	CMS_btag_fixedWP_comb_bc_uncorrelated_2022EE=-532.521	CMS_btag_fixedWP_comb_bc_uncorrelated_2023=-466.395	CMS_btag_fixedWP_comb_bc_uncorrelated_2023BPix=-317.26	CMS_btag_fixedWP_incl_light_uncorrelated_2016postVFP=-5.87914	CMS_btag_fixedWP_incl_light_uncorrelated_2016preVFP=-6.69114	CMS_btag_fixedWP_incl_light_uncorrelated_2017=-23.9157	CMS_btag_fixedWP_incl_light_uncorrelated_2018=-24.2836	CMS_btag_fixedWP_incl_light_uncorrelated_2022=-13.3147	CMS_btag_fixedWP_incl_light_uncorrelated_2022EE=-58.9503	CMS_btag_fixedWP_incl_light_uncorrelated_2023=-29.9864	CMS_btag_fixedWP_incl_light_uncorrelated_2023BPix=-17.0103	CMS_l1_prefiring_2016postVFP=76.934	CMS_l1_prefiring_2016preVFP=98.4707	CMS_l1_prefiring_2017=147.901	CMS_l1_prefiring_2018=44.0893	CMS_pileup_13TeV=94.8408	CMS_pileup_13p6TeV=408.085	CMS_res_j_2016postVFP=-3.10614	CMS_res_j_2016preVFP=0.471048	CMS_res_j_2017=7.68865	CMS_res_j_2018=-2.60502	CMS_res_j_2022=7.34501	CMS_res_j_2022EE=22.9965	CMS_res_j_2023=22.2541	CMS_res_j_2023BPix=21.6937	CMS_scale_j_2016postVFP=-19.8566	CMS_scale_j_2016preVFP=-20.9702	CMS_scale_j_2017=-87.6703	CMS_scale_j_2018=-144.427	CMS_scale_j_2022=-70.797	CMS_scale_j_2022EE=-303.69	CMS_scale_j_2023=-193.563	CMS_scale_j_2023BPix=-73.8716	CMS_scale_m_13TeV=-44.523	CMS_scale_m_13p6TeV=-111.553	QCDscale_fac_ttbar=10.8342	QCDscale_ren_ttbar=9166.77	pdf_alphas=-2655.51	r=10.3518
RooFit::Detail::RooFixedProdPdf::model_s[ ]
     getLogVal() top-level p.d.f not greater than zero @ !servers=(modelObs_s = 0)

RooAbsMinimizerFcn: Minimized function has error status.
Returning maximum FCN so far (0.182996) to force MIGRAD to back out of this region. Error log follows.
Parameter values: 	CMS_NPS26009_LightJetStat_DY_BJetOS_2016postVFP=-32.779	CMS_NPS26009_LightJetStat_DY_BJetOS_2016preVFP=-50.4153	CMS_NPS26009_LightJetStat_DY_BJetOS_2017=-58.2598	CMS_NPS26009_LightJetStat_DY_BJetOS_2018=-67.9293	CMS_NPS26009_LightJetStat_DY_BJetOS_2022=-73.5181	CMS_NPS26009_LightJetStat_DY_BJetOS_2022EE=-218.916	CMS_NPS26009_LightJetStat_DY_BJetOS_2023=-158.24	CMS_NPS26009_LightJetStat_DY_BJetOS_2023BPix=-110.574	CMS_NPS26009_MCstat_other_BJetOS_2016postVFP=-210.038	CMS_NPS26009_MCstat_other_BJetOS_2016preVFP=-12.9205	CMS_NPS26009_MCstat_other_BJetOS_2017=-17.1194	CMS_NPS26009_MCstat_other_BJetOS_2018=-17.0807	CMS_NPS26009_MCstat_other_BJetOS_2022=-25.3492	CMS_NPS26009_MCstat_other_BJetOS_2022EE=-40.6681	CMS_NPS26009_MCstat_other_BJetOS_2023=-25.8528	CMS_NPS26009_MCstat_other_BJetOS_2023BPix=-49.2995	CMS_NPS26009_MCstat_signal_BJetOS_2016postVFP=-36.4187	CMS_NPS26009_MCstat_signal_BJetOS_2016preVFP=-39.7008	CMS_NPS26009_MCstat_signal_BJetOS_2017=-49.1637	CMS_NPS26009_MCstat_signal_BJetOS_2018=-81.4324	CMS_NPS26009_MCstat_signal_BJetOS_2022=-12.2245	CMS_NPS26009_MCstat_signal_BJetOS_2022EE=-29.1743	CMS_NPS26009_MCstat_signal_BJetOS_2023=-26.2218	CMS_NPS26009_MCstat_signal_BJetOS_2023BPix=-24.0753	CMS_NPS26009_MCstat_singleTop_BJetOS_2016postVFP=-11.0673	CMS_NPS26009_MCstat_singleTop_BJetOS_2016preVFP=-16.7402	CMS_NPS26009_MCstat_singleTop_BJetOS_2017=-23.923	CMS_NPS26009_MCstat_singleTop_BJetOS_2018=-21.9137	CMS_NPS26009_MCstat_singleTop_BJetOS_2022=-40.7359	CMS_NPS26009_MCstat_singleTop_BJetOS_2022EE=-88.7643	CMS_NPS26009_MCstat_singleTop_BJetOS_2023=-54.9569	CMS_NPS26009_MCstat_singleTop_BJetOS_2023BPix=-25.9319	CMS_NPS26009_MCstat_ttbar_BJetOS_2016postVFP=-7.34076	CMS_NPS26009_MCstat_ttbar_BJetOS_2016preVFP=-18.2323	CMS_NPS26009_MCstat_ttbar_BJetOS_2017=-49.5742	CMS_NPS26009_MCstat_ttbar_BJetOS_2018=-37.1762	CMS_NPS26009_MCstat_ttbar_BJetOS_2022=-120.169	CMS_NPS26009_MCstat_ttbar_BJetOS_2022EE=-232.979	CMS_NPS26009_MCstat_ttbar_BJetOS_2023=-180.489	CMS_NPS26009_MCstat_ttbar_BJetOS_2023BPix=-147.463	CMS_NPS26009_NFModel_DY_BJetOS_13TeV=-1036.57	CMS_NPS26009_NFModel_DY_BJetOS_13p6TeV=-2177.58	CMS_NPS26009_NFStat_DY_BJetOS_2016postVFP=0.0927222	CMS_NPS26009_NFStat_DY_BJetOS_2016preVFP=0.199346	CMS_NPS26009_NFStat_DY_BJetOS_2017=0.0628545	CMS_NPS26009_NFStat_DY_BJetOS_2018=0.125359	CMS_NPS26009_NFStat_DY_BJetOS_2022=0.0358872	CMS_NPS26009_NFStat_DY_BJetOS_2022EE=0.0416285	CMS_NPS26009_NFStat_DY_BJetOS_2023=0.084168	CMS_NPS26009_NFStat_DY_BJetOS_2023BPix=0.0232355	CMS_NPS26009_QCDscale_fac_singleTop=-20.0545	CMS_NPS26009_QCDscale_ren_singleTop=199.274	CMS_NPS26009_bckgNorm_QCD_BJetOS_2016postVFP=-0.127414	CMS_NPS26009_bckgNorm_QCD_BJetOS_2016preVFP=-8.69866	CMS_NPS26009_bckgNorm_QCD_BJetOS_2017=-85.1489	CMS_NPS26009_bckgNorm_QCD_BJetOS_2018=-52.8068	CMS_NPS26009_bckgNorm_QCD_BJetOS_2022=-24.9894	CMS_NPS26009_bckgNorm_QCD_BJetOS_2022EE=-15.2272	CMS_NPS26009_bckgNorm_QCD_BJetOS_2023=-790.627	CMS_NPS26009_bckgNorm_QCD_BJetOS_2023BPix=-71.272	CMS_NPS26009_bckgShape_QCD_BJetOS_2016postVFP=30.9119	CMS_NPS26009_bckgShape_QCD_BJetOS_2016preVFP=30.647	CMS_NPS26009_bckgShape_QCD_BJetOS_2017=14.6392	CMS_NPS26009_bckgShape_QCD_BJetOS_2018=10.9455	CMS_NPS26009_bckgShape_QCD_BJetOS_2022=-4.00414	CMS_NPS26009_bckgShape_QCD_BJetOS_2022EE=-26.6705	CMS_NPS26009_bckgShape_QCD_BJetOS_2023=-34.9628	CMS_NPS26009_bckgShape_QCD_BJetOS_2023BPix=9.42994	CMS_NPS26009_btag_fixedWP_comb_bc_correlated_13TeV=-423.569	CMS_NPS26009_btag_fixedWP_comb_bc_correlated_13p6TeV=-887.676	CMS_NPS26009_btag_fixedWP_incl_light_correlated_13TeV=-55.9068	CMS_NPS26009_btag_fixedWP_incl_light_correlated_13p6TeV=-145.671	CMS_NPS26009_eff_m_id_Run2=-33.6192	CMS_NPS26009_eff_m_id_Run3=-68.8836	CMS_NPS26009_eff_m_trigger_2016postVFP=-8.77677	CMS_NPS26009_eff_m_trigger_2016preVFP=-17.6125	CMS_NPS26009_eff_m_trigger_2017=-19.3946	CMS_NPS26009_eff_m_trigger_2018=-20.8904	CMS_NPS26009_eff_m_trigger_2022=-14.4984	CMS_NPS26009_eff_m_trigger_2022EE=-28.2105	CMS_NPS26009_eff_m_trigger_2023=-19.6789	CMS_NPS26009_eff_m_trigger_2023BPix=-15.9141	CMS_NPS26009_lumi_2016=-109.206	CMS_NPS26009_lumi_2017=-241.128	CMS_NPS26009_lumi_2018=-335.358	CMS_NPS26009_lumi_2022=-375.289	CMS_NPS26009_lumi_2023=-216.687	CMS_NPS26009_pdf_NNPDF31=-512.138	CMS_NPS26009_topmass_ttbar_BJetOS=-1273.17	CMS_btag_fixedWP_comb_bc_uncorrelated_2016postVFP=-44.0012	CMS_btag_fixedWP_comb_bc_uncorrelated_2016preVFP=-59.5872	CMS_btag_fixedWP_comb_bc_uncorrelated_2017=-178.238	CMS_btag_fixedWP_comb_bc_uncorrelated_2018=-118.79	CMS_btag_fixedWP_comb_bc_uncorrelated_2022=-106.199	CMS_btag_fixedWP_comb_bc_uncorrelated_2022EE=-265.918	CMS_btag_fixedWP_comb_bc_uncorrelated_2023=-232.901	CMS_btag_fixedWP_comb_bc_uncorrelated_2023BPix=-158.44	CMS_btag_fixedWP_incl_light_uncorrelated_2016postVFP=-2.93027	CMS_btag_fixedWP_incl_light_uncorrelated_2016preVFP=-3.34055	CMS_btag_fixedWP_incl_light_uncorrelated_2017=-11.949	CMS_btag_fixedWP_incl_light_uncorrelated_2018=-12.1402	CMS_btag_fixedWP_incl_light_uncorrelated_2022=-6.65433	CMS_btag_fixedWP_incl_light_uncorrelated_2022EE=-29.4371	CMS_btag_fixedWP_incl_light_uncorrelated_2023=-14.9739	CMS_btag_fixedWP_incl_light_uncorrelated_2023BPix=-8.49468	CMS_l1_prefiring_2016postVFP=38.4019	CMS_l1_prefiring_2016preVFP=49.1776	CMS_l1_prefiring_2017=73.8902	CMS_l1_prefiring_2018=22.0327	CMS_pileup_13TeV=47.3597	CMS_pileup_13p6TeV=203.798	CMS_res_j_2016postVFP=-1.55085	CMS_res_j_2016preVFP=0.235273	CMS_res_j_2017=3.84178	CMS_res_j_2018=-1.30033	CMS_res_j_2022=3.67084	CMS_res_j_2022EE=11.4834	CMS_res_j_2023=11.1129	CMS_res_j_2023BPix=10.8335	CMS_scale_j_2016postVFP=-9.91081	CMS_scale_j_2016preVFP=-10.4724	CMS_scale_j_2017=-43.7996	CMS_scale_j_2018=-72.1766	CMS_scale_j_2022=-35.3821	CMS_scale_j_2022EE=-151.649	CMS_scale_j_2023=-96.6563	CMS_scale_j_2023BPix=-36.8906	CMS_scale_m_13TeV=-22.2458	CMS_scale_m_13p6TeV=-55.7078	QCDscale_fac_ttbar=5.2727	QCDscale_ren_ttbar=4578.52	pdf_alphas=-1326.32	r=10.3518
RooFit::Detail::RooFixedProdPdf::model_s[ ]
     getLogVal() top-level p.d.f not greater than zero @ !servers=(modelObs_s = 0)

RooAbsMinimizerFcn: Minimized function has error status.
Returning maximum FCN so far (0.182996) to force MIGRAD to back out of this region. Error log follows.
Parameter values: 	CMS_NPS26009_LightJetStat_DY_BJetOS_2016postVFP=-16.3165	CMS_NPS26009_LightJetStat_DY_BJetOS_2016preVFP=-25.1406	CMS_NPS26009_LightJetStat_DY_BJetOS_2017=-29.0875	CMS_NPS26009_LightJetStat_DY_BJetOS_2018=-33.95	CMS_NPS26009_LightJetStat_DY_BJetOS_2022=-36.7256	CMS_NPS26009_LightJetStat_DY_BJetOS_2022EE=-109.183	CMS_NPS26009_LightJetStat_DY_BJetOS_2023=-78.9196	CMS_NPS26009_LightJetStat_DY_BJetOS_2023BPix=-55.1519	CMS_NPS26009_MCstat_other_BJetOS_2016postVFP=-104.777	CMS_NPS26009_MCstat_other_BJetOS_2016preVFP=-6.44447	CMS_NPS26009_MCstat_other_BJetOS_2017=-8.54603	CMS_NPS26009_MCstat_other_BJetOS_2018=-8.53353	CMS_NPS26009_MCstat_other_BJetOS_2022=-12.6631	CMS_NPS26009_MCstat_other_BJetOS_2022EE=-20.2826	CMS_NPS26009_MCstat_other_BJetOS_2023=-12.8938	CMS_NPS26009_MCstat_other_BJetOS_2023BPix=-24.5908	CMS_NPS26009_MCstat_signal_BJetOS_2016postVFP=-18.1704	CMS_NPS26009_MCstat_signal_BJetOS_2016preVFP=-19.8101	CMS_NPS26009_MCstat_signal_BJetOS_2017=-24.5354	CMS_NPS26009_MCstat_signal_BJetOS_2018=-40.6427	CMS_NPS26009_MCstat_signal_BJetOS_2022=-6.10309	CMS_NPS26009_MCstat_signal_BJetOS_2022EE=-14.5519	CMS_NPS26009_MCstat_signal_BJetOS_2023=-13.0807	CMS_NPS26009_MCstat_signal_BJetOS_2023BPix=-12.0118	CMS_NPS26009_MCstat_singleTop_BJetOS_2016postVFP=-5.51105	CMS_NPS26009_MCstat_singleTop_BJetOS_2016preVFP=-8.34884	CMS_NPS26009_MCstat_singleTop_BJetOS_2017=-11.9426	CMS_NPS26009_MCstat_singleTop_BJetOS_2018=-10.949	CMS_NPS26009_MCstat_singleTop_BJetOS_2022=-20.3495	CMS_NPS26009_MCstat_singleTop_BJetOS_2022EE=-44.27	CMS_NPS26009_MCstat_singleTop_BJetOS_2023=-27.4092	CMS_NPS26009_MCstat_singleTop_BJetOS_2023BPix=-12.9347	CMS_NPS26009_MCstat_ttbar_BJetOS_2016postVFP=-3.62837	CMS_NPS26009_MCstat_ttbar_BJetOS_2016preVFP=-9.08413	CMS_NPS26009_MCstat_ttbar_BJetOS_2017=-24.7526	CMS_NPS26009_MCstat_ttbar_BJetOS_2018=-18.5931	CMS_NPS26009_MCstat_ttbar_BJetOS_2022=-60.0304	CMS_NPS26009_MCstat_ttbar_BJetOS_2022EE=-116.187	CMS_NPS26009_MCstat_ttbar_BJetOS_2023=-90.0104	CMS_NPS26009_MCstat_ttbar_BJetOS_2023BPix=-73.5486	CMS_NPS26009_NFModel_DY_BJetOS_13TeV=-517.567	CMS_NPS26009_NFModel_DY_BJetOS_13p6TeV=-1086.11	CMS_NPS26009_NFStat_DY_BJetOS_2016postVFP=0.126481	CMS_NPS26009_NFStat_DY_BJetOS_2016preVFP=0.0727772	CMS_NPS26009_NFStat_DY_BJetOS_2017=0.116321	CMS_NPS26009_NFStat_DY_BJetOS_2018=0.120766	CMS_NPS26009_NFStat_DY_BJetOS_2022=0.0900624	CMS_NPS26009_NFStat_DY_BJetOS_2022EE=0.0426176	CMS_NPS26009_NFStat_DY_BJetOS_2023=0.0388883	CMS_NPS26009_NFStat_DY_BJetOS_2023BPix=0.0938061	CMS_NPS26009_QCDscale_fac_singleTop=-10.0079	CMS_NPS26009_QCDscale_ren_singleTop=99.4305	CMS_NPS26009_bckgNorm_QCD_BJetOS_2016postVFP=-0.0634489	CMS_NPS26009_bckgNorm_QCD_BJetOS_2016preVFP=-4.33113	CMS_NPS26009_bckgNorm_QCD_BJetOS_2017=-42.5073	CMS_NPS26009_bckgNorm_QCD_BJetOS_2018=-26.393	CMS_NPS26009_bckgNorm_QCD_BJetOS_2022=-12.4836	CMS_NPS26009_bckgNorm_QCD_BJetOS_2022EE=-7.59458	CMS_NPS26009_bckgNorm_QCD_BJetOS_2023=-394.304	CMS_NPS26009_bckgNorm_QCD_BJetOS_2023BPix=-35.5498	CMS_NPS26009_bckgShape_QCD_BJetOS_2016postVFP=28.0452	CMS_NPS26009_bckgShape_QCD_BJetOS_2016preVFP=-21.5031	CMS_NPS26009_bckgShape_QCD_BJetOS_2017=0.630137	CMS_NPS26009_bckgShape_QCD_BJetOS_2018=98.2201	CMS_NPS26009_bckgShape_QCD_BJetOS_2022=0.30154	CMS_NPS26009_bckgShape_QCD_BJetOS_2022EE=31.9157	CMS_NPS26009_bckgShape_QCD_BJetOS_2023=72.9278	CMS_NPS26009_bckgShape_QCD_BJetOS_2023BPix=-4.65837	CMS_NPS26009_btag_fixedWP_comb_bc_correlated_13TeV=-211.406	CMS_NPS26009_btag_fixedWP_comb_bc_correlated_13p6TeV=-442.852	CMS_NPS26009_btag_fixedWP_incl_light_correlated_13TeV=-27.9143	CMS_NPS26009_btag_fixedWP_incl_light_correlated_13p6TeV=-72.6608	CMS_NPS26009_eff_m_id_Run2=-16.7794	CMS_NPS26009_eff_m_id_Run3=-34.3629	CMS_NPS26009_eff_m_trigger_2016postVFP=-4.37458	CMS_NPS26009_eff_m_trigger_2016preVFP=-8.78606	CMS_NPS26009_eff_m_trigger_2017=-9.68112	CMS_NPS26009_eff_m_trigger_2018=-10.4331	CMS_NPS26009_eff_m_trigger_2022=-7.24203	CMS_NPS26009_eff_m_trigger_2022EE=-14.069	CMS_NPS26009_eff_m_trigger_2023=-9.81455	CMS_NPS26009_eff_m_trigger_2023BPix=-7.93807	CMS_NPS26009_lumi_2016=-54.4532	CMS_NPS26009_lumi_2017=-120.366	CMS_NPS26009_lumi_2018=-167.496	CMS_NPS26009_lumi_2022=-187.225	CMS_NPS26009_lumi_2023=-108.074	CMS_NPS26009_pdf_NNPDF31=-255.527	CMS_NPS26009_topmass_ttbar_BJetOS=-635.235	CMS_btag_fixedWP_comb_bc_uncorrelated_2016postVFP=-21.9265	CMS_btag_fixedWP_comb_bc_uncorrelated_2016preVFP=-29.7232	CMS_btag_fixedWP_comb_bc_uncorrelated_2017=-88.9725	CMS_btag_fixedWP_comb_bc_uncorrelated_2018=-59.3314	CMS_btag_fixedWP_comb_bc_uncorrelated_2022=-53.0478	CMS_btag_fixedWP_comb_bc_uncorrelated_2022EE=-132.616	CMS_btag_fixedWP_comb_bc_uncorrelated_2023=-116.154	CMS_btag_fixedWP_comb_bc_uncorrelated_2023BPix=-79.0303	CMS_btag_fixedWP_incl_light_uncorrelated_2016postVFP=-1.45584	CMS_btag_fixedWP_incl_light_uncorrelated_2016preVFP=-1.66525	CMS_btag_fixedWP_incl_light_uncorrelated_2017=-5.96558	CMS_btag_fixedWP_incl_light_uncorrelated_2018=-6.06852	CMS_btag_fixedWP_incl_light_uncorrelated_2022=-3.32413	CMS_btag_fixedWP_incl_light_uncorrelated_2022EE=-14.6805	CMS_btag_fixedWP_incl_light_uncorrelated_2023=-7.46764	CMS_btag_fixedWP_incl_light_uncorrelated_2023BPix=-4.23687	CMS_l1_prefiring_2016postVFP=19.1359	CMS_l1_prefiring_2016preVFP=24.5311	CMS_l1_prefiring_2017=36.8849	CMS_l1_prefiring_2018=11.0044	CMS_pileup_13TeV=23.6192	CMS_pileup_13p6TeV=101.655	CMS_res_j_2016postVFP=-0.773197	CMS_res_j_2016preVFP=0.117386	CMS_res_j_2017=1.91835	CMS_res_j_2018=-0.647993	CMS_res_j_2022=1.83376	CMS_res_j_2022EE=5.72687	CMS_res_j_2023=5.5423	CMS_res_j_2023BPix=5.4034	CMS_scale_j_2016postVFP=-4.93792	CMS_scale_j_2016preVFP=-5.22356	CMS_scale_j_2017=-21.8643	CMS_scale_j_2018=-36.0513	CMS_scale_j_2022=-17.6747	CMS_scale_j_2022EE=-75.6292	CMS_scale_j_2023=-48.2031	CMS_scale_j_2023BPix=-18.4001	CMS_scale_m_13TeV=-11.1073	CMS_scale_m_13p6TeV=-27.7853	QCDscale_fac_ttbar=2.49194	QCDscale_ren_ttbar=2284.4	pdf_alphas=-661.731	r=10.3518
RooFit::Detail::RooFixedProdPdf::model_s[ ]
     getLogVal() top-level p.d.f not greater than zero @ !servers=(modelObs_s = 0)

RooAbsMinimizerFcn: Minimized function has error status.
Returning maximum FCN so far (0.182996) to force MIGRAD to back out of this region. Error log follows.
Parameter values: 	CMS_NPS26009_LightJetStat_DY_BJetOS_2016postVFP=-8.08529	CMS_NPS26009_LightJetStat_DY_BJetOS_2016preVFP=-12.5033	CMS_NPS26009_LightJetStat_DY_BJetOS_2017=-14.5014	CMS_NPS26009_LightJetStat_DY_BJetOS_2018=-16.9605	CMS_NPS26009_LightJetStat_DY_BJetOS_2022=-18.3295	CMS_NPS26009_LightJetStat_DY_BJetOS_2022EE=-54.3171	CMS_NPS26009_LightJetStat_DY_BJetOS_2023=-39.2598	CMS_NPS26009_LightJetStat_DY_BJetOS_2023BPix=-27.441	CMS_NPS26009_MCstat_other_BJetOS_2016postVFP=-52.1463	CMS_NPS26009_MCstat_other_BJetOS_2016preVFP=-3.20648	CMS_NPS26009_MCstat_other_BJetOS_2017=-4.25936	CMS_NPS26009_MCstat_other_BJetOS_2018=-4.25995	CMS_NPS26009_MCstat_other_BJetOS_2022=-6.32007	CMS_NPS26009_MCstat_other_BJetOS_2022EE=-10.09	CMS_NPS26009_MCstat_other_BJetOS_2023=-6.41443	CMS_NPS26009_MCstat_other_BJetOS_2023BPix=-12.2365	CMS_NPS26009_MCstat_signal_BJetOS_2016postVFP=-9.0463	CMS_NPS26009_MCstat_signal_BJetOS_2016preVFP=-9.86484	CMS_NPS26009_MCstat_signal_BJetOS_2017=-12.2213	CMS_NPS26009_MCstat_signal_BJetOS_2018=-20.2479	CMS_NPS26009_MCstat_signal_BJetOS_2022=-3.04242	CMS_NPS26009_MCstat_signal_BJetOS_2022EE=-7.24079	CMS_NPS26009_MCstat_signal_BJetOS_2023=-6.51016	CMS_NPS26009_MCstat_signal_BJetOS_2023BPix=-5.98013	CMS_NPS26009_MCstat_singleTop_BJetOS_2016postVFP=-2.73295	CMS_NPS26009_MCstat_singleTop_BJetOS_2016preVFP=-4.15319	CMS_NPS26009_MCstat_singleTop_BJetOS_2017=-5.95246	CMS_NPS26009_MCstat_singleTop_BJetOS_2018=-5.46677	CMS_NPS26009_MCstat_singleTop_BJetOS_2022=-10.1564	CMS_NPS26009_MCstat_singleTop_BJetOS_2022EE=-22.023	CMS_NPS26009_MCstat_singleTop_BJetOS_2023=-13.6355	CMS_NPS26009_MCstat_singleTop_BJetOS_2023BPix=-6.43611	CMS_NPS26009_MCstat_ttbar_BJetOS_2016postVFP=-1.77219	CMS_NPS26009_MCstat_ttbar_BJetOS_2016preVFP=-4.51005	CMS_NPS26009_MCstat_ttbar_BJetOS_2017=-12.3419	CMS_NPS26009_MCstat_ttbar_BJetOS_2018=-9.30159	CMS_NPS26009_MCstat_ttbar_BJetOS_2022=-29.9613	CMS_NPS26009_MCstat_ttbar_BJetOS_2022EE=-57.7922	CMS_NPS26009_MCstat_ttbar_BJetOS_2023=-44.7716	CMS_NPS26009_MCstat_ttbar_BJetOS_2023BPix=-36.5915	CMS_NPS26009_NFModel_DY_BJetOS_13TeV=-258.069	CMS_NPS26009_NFModel_DY_BJetOS_13p6TeV=-540.378	CMS_NPS26009_NFStat_DY_BJetOS_2016postVFP=0.140625	CMS_NPS26009_NFStat_DY_BJetOS_2016preVFP=0.128552	CMS_NPS26009_NFStat_DY_BJetOS_2017=0.144231	CMS_NPS26009_NFStat_DY_BJetOS_2018=0.125221	CMS_NPS26009_NFStat_DY_BJetOS_2022=0.0274925	CMS_NPS26009_NFStat_DY_BJetOS_2022EE=0.10428	CMS_NPS26009_NFStat_DY_BJetOS_2023=0.0355018	CMS_NPS26009_NFStat_DY_BJetOS_2023BPix=0.110229	CMS_NPS26009_QCDscale_fac_singleTop=-4.98465	CMS_NPS26009_QCDscale_ren_singleTop=49.5089	CMS_NPS26009_bckgNorm_QCD_BJetOS_2016postVFP=-0.0314664	CMS_NPS26009_bckgNorm_QCD_BJetOS_2016preVFP=-2.14739	CMS_NPS26009_bckgNorm_QCD_BJetOS_2017=-21.1867	CMS_NPS26009_bckgNorm_QCD_BJetOS_2018=-13.1861	CMS_NPS26009_bckgNorm_QCD_BJetOS_2022=-6.23073	CMS_NPS26009_bckgNorm_QCD_BJetOS_2022EE=-3.77831	CMS_NPS26009_bckgNorm_QCD_BJetOS_2023=-196.144	CMS_NPS26009_bckgNorm_QCD_BJetOS_2023BPix=-17.6888	CMS_NPS26009_bckgShape_QCD_BJetOS_2016postVFP=25.2541	CMS_NPS26009_bckgShape_QCD_BJetOS_2016preVFP=10.2939	CMS_NPS26009_bckgShape_QCD_BJetOS_2017=52.441	CMS_NPS26009_bckgShape_QCD_BJetOS_2018=134.607	CMS_NPS26009_bckgShape_QCD_BJetOS_2022=3.35869	CMS_NPS26009_bckgShape_QCD_BJetOS_2022EE=-11.3126	CMS_NPS26009_bckgShape_QCD_BJetOS_2023=-40.9429	CMS_NPS26009_bckgShape_QCD_BJetOS_2023BPix=1.28268	CMS_NPS26009_btag_fixedWP_comb_bc_correlated_13TeV=-105.325	CMS_NPS26009_btag_fixedWP_comb_bc_correlated_13p6TeV=-220.441	CMS_NPS26009_btag_fixedWP_incl_light_correlated_13TeV=-13.9181	CMS_NPS26009_btag_fixedWP_incl_light_correlated_13p6TeV=-36.156	CMS_NPS26009_eff_m_id_Run2=-8.35948	CMS_NPS26009_eff_m_id_Run3=-17.1026	CMS_NPS26009_eff_m_trigger_2016postVFP=-2.1735	CMS_NPS26009_eff_m_trigger_2016preVFP=-4.37285	CMS_NPS26009_eff_m_trigger_2017=-4.82442	CMS_NPS26009_eff_m_trigger_2018=-5.2045	CMS_NPS26009_eff_m_trigger_2022=-3.61387	CMS_NPS26009_eff_m_trigger_2022EE=-6.99834	CMS_NPS26009_eff_m_trigger_2023=-4.88239	CMS_NPS26009_eff_m_trigger_2023BPix=-3.95009	CMS_NPS26009_lumi_2016=-27.0769	CMS_NPS26009_lumi_2017=-59.9852	CMS_NPS26009_lumi_2018=-83.5649	CMS_NPS26009_lumi_2022=-93.1937	CMS_NPS26009_lumi_2023=-53.768	CMS_NPS26009_pdf_NNPDF31=-127.223	CMS_NPS26009_topmass_ttbar_BJetOS=-316.271	CMS_btag_fixedWP_comb_bc_uncorrelated_2016postVFP=-10.8893	CMS_btag_fixedWP_comb_bc_uncorrelated_2016preVFP=-14.7913	CMS_btag_fixedWP_comb_bc_uncorrelated_2017=-44.3401	CMS_btag_fixedWP_comb_bc_uncorrelated_2018=-29.6025	CMS_btag_fixedWP_comb_bc_uncorrelated_2022=-26.4725	CMS_btag_fixedWP_comb_bc_uncorrelated_2022EE=-65.9659	CMS_btag_fixedWP_comb_bc_uncorrelated_2023=-57.7811	CMS_btag_fixedWP_comb_bc_uncorrelated_2023BPix=-39.3257	CMS_btag_fixedWP_incl_light_uncorrelated_2016postVFP=-0.718625	CMS_btag_fixedWP_incl_light_uncorrelated_2016preVFP=-0.827609	CMS_btag_fixedWP_incl_light_uncorrelated_2017=-2.97391	CMS_btag_fixedWP_incl_light_uncorrelated_2018=-3.0327	CMS_btag_fixedWP_incl_light_uncorrelated_2022=-1.65904	CMS_btag_fixedWP_incl_light_uncorrelated_2022EE=-7.3023	CMS_btag_fixedWP_incl_light_uncorrelated_2023=-3.71454	CMS_btag_fixedWP_incl_light_uncorrelated_2023BPix=-2.10798	CMS_l1_prefiring_2016postVFP=9.50297	CMS_l1_prefiring_2016preVFP=12.208	CMS_l1_prefiring_2017=18.3823	CMS_l1_prefiring_2018=5.49026	CMS_pileup_13TeV=11.7491	CMS_pileup_13p6TeV=50.5839	CMS_res_j_2016postVFP=-0.384376	CMS_res_j_2016preVFP=0.0584434	CMS_res_j_2017=0.956646	CMS_res_j_2018=-0.321825	CMS_res_j_2022=0.915222	CMS_res_j_2022EE=2.84863	CMS_res_j_2023=2.75701	CMS_res_j_2023BPix=2.68837	CMS_scale_j_2016postVFP=-2.45149	CMS_scale_j_2016preVFP=-2.59914	CMS_scale_j_2017=-10.8967	CMS_scale_j_2018=-17.9888	CMS_scale_j_2022=-8.82106	CMS_scale_j_2022EE=-37.6193	CMS_scale_j_2023=-23.9767	CMS_scale_j_2023BPix=-9.15496	CMS_scale_m_13TeV=-5.538	CMS_scale_m_13p6TeV=-13.8241	QCDscale_fac_ttbar=1.10156	QCDscale_ren_ttbar=1137.34	pdf_alphas=-329.437	r=10.3518
RooFit::Detail::RooFixedProdPdf::model_s[ ]
     getLogVal() top-level p.d.f not greater than zero @ !servers=(modelObs_s = 0)

RooAbsMinimizerFcn: Minimized function has error status.
Returning maximum FCN so far (0.182996) to force MIGRAD to back out of this region. Error log follows.
Parameter values: 	CMS_NPS26009_LightJetStat_DY_BJetOS_2016postVFP=-3.96981	CMS_NPS26009_LightJetStat_DY_BJetOS_2016preVFP=-6.18485	CMS_NPS26009_LightJetStat_DY_BJetOS_2017=-7.20862	CMS_NPS26009_LightJetStat_DY_BJetOS_2018=-8.466	CMS_NPS26009_LightJetStat_DY_BJetOS_2022=-9.13166	CMS_NPS26009_LightJetStat_DY_BJetOS_2022EE=-26.8848	CMS_NPS26009_LightJetStat_DY_BJetOS_2023=-19.4305	CMS_NPS26009_LightJetStat_DY_BJetOS_2023BPix=-13.5859	CMS_NPS26009_MCstat_other_BJetOS_2016postVFP=-25.8318	CMS_NPS26009_MCstat_other_BJetOS_2016preVFP=-1.58753	CMS_NPS26009_MCstat_other_BJetOS_2017=-2.11609	CMS_NPS26009_MCstat_other_BJetOS_2018=-2.12322	CMS_NPS26009_MCstat_other_BJetOS_2022=-3.14865	CMS_NPS26009_MCstat_other_BJetOS_2022EE=-4.99379	CMS_NPS26009_MCstat_other_BJetOS_2023=-3.17482	CMS_NPS26009_MCstat_other_BJetOS_2023BPix=-6.05952	CMS_NPS26009_MCstat_signal_BJetOS_2016postVFP=-4.48437	CMS_NPS26009_MCstat_signal_BJetOS_2016preVFP=-4.89234	CMS_NPS26009_MCstat_signal_BJetOS_2017=-6.06445	CMS_NPS26009_MCstat_signal_BJetOS_2018=-10.0509	CMS_NPS26009_MCstat_signal_BJetOS_2022=-1.51213	CMS_NPS26009_MCstat_signal_BJetOS_2022EE=-3.58533	CMS_NPS26009_MCstat_signal_BJetOS_2023=-3.22499	CMS_NPS26009_MCstat_signal_BJetOS_2023BPix=-2.96436	CMS_NPS26009_MCstat_singleTop_BJetOS_2016postVFP=-1.34395	CMS_NPS26009_MCstat_singleTop_BJetOS_2016preVFP=-2.05542	CMS_NPS26009_MCstat_singleTop_BJetOS_2017=-2.95747	CMS_NPS26009_MCstat_singleTop_BJetOS_2018=-2.72571	CMS_NPS26009_MCstat_singleTop_BJetOS_2022=-5.06	CMS_NPS26009_MCstat_singleTop_BJetOS_2022EE=-10.8998	CMS_NPS26009_MCstat_singleTop_BJetOS_2023=-6.74877	CMS_NPS26009_MCstat_singleTop_BJetOS_2023BPix=-3.18693	CMS_NPS26009_MCstat_ttbar_BJetOS_2016postVFP=-0.844123	CMS_NPS26009_MCstat_ttbar_BJetOS_2016preVFP=-2.22308	CMS_NPS26009_MCstat_ttbar_BJetOS_2017=-6.13668	CMS_NPS26009_MCstat_ttbar_BJetOS_2018=-4.65597	CMS_NPS26009_MCstat_ttbar_BJetOS_2022=-14.9271	CMS_NPS26009_MCstat_ttbar_BJetOS_2022EE=-28.5954	CMS_NPS26009_MCstat_ttbar_BJetOS_2023=-22.1528	CMS_NPS26009_MCstat_ttbar_BJetOS_2023BPix=-18.1134	CMS_NPS26009_NFModel_DY_BJetOS_13TeV=-128.323	CMS_NPS26009_NFModel_DY_BJetOS_13p6TeV=-267.519	CMS_NPS26009_NFStat_DY_BJetOS_2016postVFP=0.146221	CMS_NPS26009_NFStat_DY_BJetOS_2016preVFP=0.185384	CMS_NPS26009_NFStat_DY_BJetOS_2017=0.062906	CMS_NPS26009_NFStat_DY_BJetOS_2018=0.167198	CMS_NPS26009_NFStat_DY_BJetOS_2022=0.0549897	CMS_NPS26009_NFStat_DY_BJetOS_2022EE=0.0857094	CMS_NPS26009_NFStat_DY_BJetOS_2023=0.0406733	CMS_NPS26009_NFStat_DY_BJetOS_2023BPix=0.104157	CMS_NPS26009_QCDscale_fac_singleTop=-2.47309	CMS_NPS26009_QCDscale_ren_singleTop=24.5489	CMS_NPS26009_bckgNorm_QCD_BJetOS_2016postVFP=-0.0154757	CMS_NPS26009_bckgNorm_QCD_BJetOS_2016preVFP=-1.05554	CMS_NPS26009_bckgNorm_QCD_BJetOS_2017=-10.5267	CMS_NPS26009_bckgNorm_QCD_BJetOS_2018=-6.58292	CMS_NPS26009_bckgNorm_QCD_BJetOS_2022=-3.10438	CMS_NPS26009_bckgNorm_QCD_BJetOS_2022EE=-1.87022	CMS_NPS26009_bckgNorm_QCD_BJetOS_2023=-97.0666	CMS_NPS26009_bckgNorm_QCD_BJetOS_2023BPix=-8.7586	CMS_NPS26009_bckgShape_QCD_BJetOS_2016postVFP=6.07011	CMS_NPS26009_bckgShape_QCD_BJetOS_2016preVFP=31.3067	CMS_NPS26009_bckgShape_QCD_BJetOS_2017=9.26205	CMS_NPS26009_bckgShape_QCD_BJetOS_2018=0.737879	CMS_NPS26009_bckgShape_QCD_BJetOS_2022=-0.659684	CMS_NPS26009_bckgShape_QCD_BJetOS_2022EE=33.3728	CMS_NPS26009_bckgShape_QCD_BJetOS_2023=68.9571	CMS_NPS26009_bckgShape_QCD_BJetOS_2023BPix=11.4637	CMS_NPS26009_btag_fixedWP_comb_bc_correlated_13TeV=-52.2866	CMS_NPS26009_btag_fixedWP_comb_bc_correlated_13p6TeV=-109.238	CMS_NPS26009_btag_fixedWP_incl_light_correlated_13TeV=-6.92027	CMS_NPS26009_btag_fixedWP_incl_light_correlated_13p6TeV=-17.9041	CMS_NPS26009_eff_m_id_Run2=-4.14966	CMS_NPS26009_eff_m_id_Run3=-8.47271	CMS_NPS26009_eff_m_trigger_2016postVFP=-1.07299	CMS_NPS26009_eff_m_trigger_2016preVFP=-2.1663	CMS_NPS26009_eff_m_trigger_2017=-2.39614	CMS_NPS26009_eff_m_trigger_2018=-2.59027	CMS_NPS26009_eff_m_trigger_2022=-1.79984	CMS_NPS26009_eff_m_trigger_2022EE=-3.4631	CMS_NPS26009_eff_m_trigger_2023=-2.41638	CMS_NPS26009_eff_m_trigger_2023BPix=-1.95615	CMS_NPS26009_lumi_2016=-13.3891	CMS_NPS26009_lumi_2017=-29.7957	CMS_NPS26009_lumi_2018=-41.6007	CMS_NPS26009_lumi_2022=-46.1794	CMS_NPS26009_lumi_2023=-26.6158	CMS_NPS26009_pdf_NNPDF31=-63.0722	CMS_NPS26009_topmass_ttbar_BJetOS=-156.794	CMS_btag_fixedWP_comb_bc_uncorrelated_2016postVFP=-5.37082	CMS_btag_fixedWP_comb_bc_uncorrelated_2016preVFP=-7.32554	CMS_btag_fixedWP_comb_bc_uncorrelated_2017=-22.0245	CMS_btag_fixedWP_comb_bc_uncorrelated_2018=-14.7385	CMS_btag_fixedWP_comb_bc_uncorrelated_2022=-13.1852	CMS_btag_fixedWP_comb_bc_uncorrelated_2022EE=-32.6416	CMS_btag_fixedWP_comb_bc_uncorrelated_2023=-28.5954	CMS_btag_fixedWP_comb_bc_uncorrelated_2023BPix=-19.474	CMS_btag_fixedWP_incl_light_uncorrelated_2016postVFP=-0.35003	CMS_btag_fixedWP_incl_light_uncorrelated_2016preVFP=-0.4088	CMS_btag_fixedWP_incl_light_uncorrelated_2017=-1.47811	CMS_btag_fixedWP_incl_light_uncorrelated_2018=-1.51483	CMS_btag_fixedWP_incl_light_uncorrelated_2022=-0.826519	CMS_btag_fixedWP_incl_light_uncorrelated_2022EE=-3.61329	CMS_btag_fixedWP_incl_light_uncorrelated_2023=-1.83805	CMS_btag_fixedWP_incl_light_uncorrelated_2023BPix=-1.04357	CMS_l1_prefiring_2016postVFP=4.68663	CMS_l1_prefiring_2016preVFP=6.04657	CMS_l1_prefiring_2017=9.13128	CMS_l1_prefiring_2018=2.73328	CMS_pileup_13TeV=5.81415	CMS_pileup_13p6TeV=25.049	CMS_res_j_2016postVFP=-0.189971	CMS_res_j_2016preVFP=0.0289727	CMS_res_j_2017=0.475806	CMS_res_j_2018=-0.158746	CMS_res_j_2022=0.455967	CMS_res_j_2022EE=1.40955	CMS_res_j_2023=1.36441	CMS_res_j_2023BPix=1.3309	CMS_scale_j_2016postVFP=-1.20831	CMS_scale_j_2016preVFP=-1.28696	CMS_scale_j_2017=-5.41303	CMS_scale_j_2018=-8.95783	CMS_scale_j_2022=-4.39436	CMS_scale_j_2022EE=-18.6149	CMS_scale_j_2023=-11.8638	CMS_scale_j_2023BPix=-4.5325	CMS_scale_m_13TeV=-2.75345	CMS_scale_m_13p6TeV=-6.84369	QCDscale_fac_ttbar=0.406396	QCDscale_ren_ttbar=563.832	pdf_alphas=-163.296	r=10.3518
RooFit::Detail::RooFixedProdPdf::model_s[ ]
     getLogVal() top-level p.d.f not greater than zero @ !servers=(modelObs_s = 0)

RooAbsMinimizerFcn: Minimized function has error status.
Returning maximum FCN so far (0.182996) to force MIGRAD to back out of this region. Error log follows.
Parameter values: 	CMS_NPS26009_LightJetStat_DY_BJetOS_2016postVFP=-1.9123	CMS_NPS26009_LightJetStat_DY_BJetOS_2016preVFP=-3.02597	CMS_NPS26009_LightJetStat_DY_BJetOS_2017=-3.56262	CMS_NPS26009_LightJetStat_DY_BJetOS_2018=-4.21922	CMS_NPS26009_LightJetStat_DY_BJetOS_2022=-4.53327	CMS_NPS26009_LightJetStat_DY_BJetOS_2022EE=-13.1701	CMS_NPS26009_LightJetStat_DY_BJetOS_2023=-9.51694	CMS_NPS26009_LightJetStat_DY_BJetOS_2023BPix=-6.65919	CMS_NPS26009_MCstat_other_BJetOS_2016postVFP=-12.6761	CMS_NPS26009_MCstat_other_BJetOS_2016preVFP=-0.778142	CMS_NPS26009_MCstat_other_BJetOS_2017=-1.04458	CMS_NPS26009_MCstat_other_BJetOS_2018=-1.05498	CMS_NPS26009_MCstat_other_BJetOS_2022=-1.56312	CMS_NPS26009_MCstat_other_BJetOS_2022EE=-2.44598	CMS_NPS26009_MCstat_other_BJetOS_2023=-1.55519	CMS_NPS26009_MCstat_other_BJetOS_2023BPix=-2.97138	CMS_NPS26009_MCstat_signal_BJetOS_2016postVFP=-2.20366	CMS_NPS26009_MCstat_signal_BJetOS_2016preVFP=-2.40638	CMS_NPS26009_MCstat_signal_BJetOS_2017=-2.98635	CMS_NPS26009_MCstat_signal_BJetOS_2018=-4.95289	CMS_NPS26009_MCstat_signal_BJetOS_2022=-0.747071	CMS_NPS26009_MCstat_signal_BJetOS_2022EE=-1.7578	CMS_NPS26009_MCstat_signal_BJetOS_2023=-1.58259	CMS_NPS26009_MCstat_signal_BJetOS_2023BPix=-1.45664	CMS_NPS26009_MCstat_singleTop_BJetOS_2016postVFP=-0.649519	CMS_NPS26009_MCstat_singleTop_BJetOS_2016preVFP=-1.00665	CMS_NPS26009_MCstat_singleTop_BJetOS_2017=-1.46014	CMS_NPS26009_MCstat_singleTop_BJetOS_2018=-1.35533	CMS_NPS26009_MCstat_singleTop_BJetOS_2022=-2.51208	CMS_NPS26009_MCstat_singleTop_BJetOS_2022EE=-5.33883	CMS_NPS26009_MCstat_singleTop_BJetOS_2023=-3.30581	CMS_NPS26009_MCstat_singleTop_BJetOS_2023BPix=-1.56251	CMS_NPS26009_MCstat_ttbar_BJetOS_2016postVFP=-0.380142	CMS_NPS26009_MCstat_ttbar_BJetOS_2016preVFP=-1.07972	CMS_NPS26009_MCstat_ttbar_BJetOS_2017=-3.03443	CMS_NPS26009_MCstat_ttbar_BJetOS_2018=-2.33342	CMS_NPS26009_MCstat_ttbar_BJetOS_2022=-7.41089	CMS_NPS26009_MCstat_ttbar_BJetOS_2022EE=-13.9987	CMS_NPS26009_MCstat_ttbar_BJetOS_2023=-10.8447	CMS_NPS26009_MCstat_ttbar_BJetOS_2023BPix=-8.87541	CMS_NPS26009_NFModel_DY_BJetOS_13TeV=-63.4579	CMS_NPS26009_NFModel_DY_BJetOS_13p6TeV=-131.105	CMS_NPS26009_NFStat_DY_BJetOS_2016postVFP=0.0615448	CMS_NPS26009_NFStat_DY_BJetOS_2016preVFP=0.203947	CMS_NPS26009_NFStat_DY_BJetOS_2017=0.116461	CMS_NPS26009_NFStat_DY_BJetOS_2018=0.151183	CMS_NPS26009_NFStat_DY_BJetOS_2022=0.0401276	CMS_NPS26009_NFStat_DY_BJetOS_2022EE=0.0607114	CMS_NPS26009_NFStat_DY_BJetOS_2023=0.0451979	CMS_NPS26009_NFStat_DY_BJetOS_2023BPix=0.0325702	CMS_NPS26009_QCDscale_fac_singleTop=-1.21744	CMS_NPS26009_QCDscale_ren_singleTop=12.0702	CMS_NPS26009_bckgNorm_QCD_BJetOS_2016postVFP=-0.00748115	CMS_NPS26009_bckgNorm_QCD_BJetOS_2016preVFP=-0.50968	CMS_NPS26009_bckgNorm_QCD_BJetOS_2017=-5.19725	CMS_NPS26009_bckgNorm_QCD_BJetOS_2018=-3.28168	CMS_NPS26009_bckgNorm_QCD_BJetOS_2022=-1.54138	CMS_NPS26009_bckgNorm_QCD_BJetOS_2022EE=-0.916287	CMS_NPS26009_bckgNorm_QCD_BJetOS_2023=-47.5335	CMS_NPS26009_bckgNorm_QCD_BJetOS_2023BPix=-4.29399	CMS_NPS26009_bckgShape_QCD_BJetOS_2016postVFP=0.680193	CMS_NPS26009_bckgShape_QCD_BJetOS_2016preVFP=-11.6222	CMS_NPS26009_bckgShape_QCD_BJetOS_2017=84.5629	CMS_NPS26009_bckgShape_QCD_BJetOS_2018=70.9708	CMS_NPS26009_bckgShape_QCD_BJetOS_2022=7.52717	CMS_NPS26009_bckgShape_QCD_BJetOS_2022EE=6.13785	CMS_NPS26009_bckgShape_QCD_BJetOS_2023=-43.7381	CMS_NPS26009_bckgShape_QCD_BJetOS_2023BPix=-5.32147	CMS_NPS26009_btag_fixedWP_comb_bc_correlated_13TeV=-25.7701	CMS_NPS26009_btag_fixedWP_comb_bc_correlated_13p6TeV=-53.6435	CMS_NPS26009_btag_fixedWP_incl_light_correlated_13TeV=-3.42172	CMS_NPS26009_btag_fixedWP_incl_light_correlated_13p6TeV=-8.77911	CMS_NPS26009_eff_m_id_Run2=-2.04498	CMS_NPS26009_eff_m_id_Run3=-4.15825	CMS_NPS26009_eff_m_trigger_2016postVFP=-0.522792	CMS_NPS26009_eff_m_trigger_2016preVFP=-1.06316	CMS_NPS26009_eff_m_trigger_2017=-1.18213	CMS_NPS26009_eff_m_trigger_2018=-1.28329	CMS_NPS26009_eff_m_trigger_2022=-0.892931	CMS_NPS26009_eff_m_trigger_2022EE=-1.69567	CMS_NPS26009_eff_m_trigger_2023=-1.18352	CMS_NPS26009_eff_m_trigger_2023BPix=-0.95929	CMS_NPS26009_lumi_2016=-6.54597	CMS_NPS26009_lumi_2017=-14.7027	CMS_NPS26009_lumi_2018=-20.621	CMS_NPS26009_lumi_2022=-22.6748	CMS_NPS26009_lumi_2023=-13.0412	CMS_NPS26009_pdf_NNPDF31=-31.0006	CMS_NPS26009_topmass_ttbar_BJetOS=-77.0639	CMS_btag_fixedWP_comb_bc_uncorrelated_2016postVFP=-2.6119	CMS_btag_fixedWP_comb_bc_uncorrelated_2016preVFP=-3.59309	CMS_btag_fixedWP_comb_bc_uncorrelated_2017=-10.8679	CMS_btag_fixedWP_comb_bc_uncorrelated_2018=-7.30726	CMS_btag_fixedWP_comb_bc_uncorrelated_2022=-6.54232	CMS_btag_fixedWP_comb_bc_uncorrelated_2022EE=-15.9814	CMS_btag_fixedWP_comb_bc_uncorrelated_2023=-14.0042	CMS_btag_fixedWP_comb_bc_uncorrelated_2023BPix=-9.54927	CMS_btag_fixedWP_incl_light_uncorrelated_2016postVFP=-0.165753	CMS_btag_fixedWP_incl_light_uncorrelated_2016preVFP=-0.199418	CMS_btag_fixedWP_incl_light_uncorrelated_2017=-0.7303	CMS_btag_fixedWP_incl_light_uncorrelated_2018=-0.755982	CMS_btag_fixedWP_incl_light_uncorrelated_2022=-0.410305	CMS_btag_fixedWP_incl_light_uncorrelated_2022EE=-1.76899	CMS_btag_fixedWP_incl_light_uncorrelated_2023=-0.899905	CMS_btag_fixedWP_incl_light_uncorrelated_2023BPix=-0.511419	CMS_l1_prefiring_2016postVFP=2.27873	CMS_l1_prefiring_2016preVFP=2.9662	CMS_l1_prefiring_2017=4.50629	CMS_l1_prefiring_2018=1.35494	CMS_pileup_13TeV=2.84702	CMS_pileup_13p6TeV=12.2829	CMS_res_j_2016postVFP=-0.0927793	CMS_res_j_2016preVFP=0.014239	CMS_res_j_2017=0.235413	CMS_res_j_2018=-0.077215	CMS_res_j_2022=0.226366	CMS_res_j_2022EE=0.690087	CMS_res_j_2023=0.668188	CMS_res_j_2023BPix=0.65224	CMS_scale_j_2016postVFP=-0.586794	CMS_scale_j_2016preVFP=-0.630949	CMS_scale_j_2017=-2.67152	CMS_scale_j_2018=-4.44284	CMS_scale_j_2022=-2.18126	CMS_scale_j_2022EE=-9.11379	CMS_scale_j_2023=-5.80807	CMS_scale_j_2023BPix=-2.22153	CMS_scale_m_13TeV=-1.36133	CMS_scale_m_13p6TeV=-3.35388	QCDscale_fac_ttbar=0.0588514	QCDscale_ren_ttbar=277.108	pdf_alphas=-80.2338	r=10.3518
RooFit::Detail::RooFixedProdPdf::model_s[ ]
     getLogVal() top-level p.d.f not greater than zero @ !servers=(modelObs_s = 0)

[#0] ERROR:Minimization -- RooMinimizer::calculateMinosErrors() Minos error calculation failed for all the selected parameters

 --- MultiDimFit ---
best fit parameter values and profile-likelihood uncertainties: 
 Warning - No valid low-error found, will report difference to minimum of range for : r
   r :   +19.415   -39.415/+7.967 (68%)
Set Range of Parameter r To : (-20,100)
Doing initial fit: 

 --- MultiDimFit ---
best fit parameter values and profile-likelihood uncertainties: 
   r :   +22.546   -9.942/+9.667 (68%)
Set Range of Parameter r To : (-20,100)
Doing initial fit: 

 --- MultiDimFit ---
best fit parameter values and profile-likelihood uncertainties: 
   r :   +23.425   -7.873/+8.102 (68%)
Set Range of Parameter r To : (-20,100)
Doing initial fit: 

 --- MultiDimFit ---
best fit parameter values and profile-likelihood uncertainties: 
   r :   +39.113   -9.467/+8.564 (68%)
Set Range of Parameter r To : (-20,100)
Doing initial fit: 

 --- MultiDimFit ---
best fit parameter values and profile-likelihood uncertainties: 
   r :   +41.550   -10.459/+11.035 (68%)
Set Range of Parameter r To : (-20,100)
Doing initial fit: 

 --- MultiDimFit ---
best fit parameter values and profile-likelihood uncertainties: 
   r :   +38.575   -7.248/+7.832 (68%)
Set Range of Parameter r To : (-20,100)
Doing initial fit: 

 --- MultiDimFit ---
best fit parameter values and profile-likelihood uncertainties: 
   r :   +31.178   -8.857/+8.055 (68%)
Set Range of Parameter r To : (-20,100)
Doing initial fit: 

 --- MultiDimFit ---
best fit parameter values and profile-likelihood uncertainties: 
   r :   +33.267   -8.944/+7.671 (68%)
Set Range of Parameter r To : (-20,100)
Doing initial fit: 

 --- MultiDimFit ---
best fit parameter values and profile-likelihood uncertainties: 
   r :   +22.605   -9.722/+9.145 (68%)
Set Range of Parameter r To : (-20,100)
Doing initial fit: 

 --- MultiDimFit ---
best fit parameter values and profile-likelihood uncertainties: 
   r :   +41.178   -10.750/+12.780 (68%)
Set Range of Parameter r To : (-20,100)
Doing initial fit: 

 --- MultiDimFit ---
best fit parameter values and profile-likelihood uncertainties: 
   r :   +33.408   -9.489/+9.041 (68%)
Set Range of Parameter r To : (-20,100)
Doing initial fit: 

 --- MultiDimFit ---
best fit parameter values and profile-likelihood uncertainties: 
   r :   +21.302   -8.783/+7.470 (68%)
Set Range of Parameter r To : (-20,100)
Doing initial fit: 

 --- MultiDimFit ---
best fit parameter values and profile-likelihood uncertainties: 
   r :   +35.593   -11.350/+7.809 (68%)
Set Range of Parameter r To : (-20,100)
Doing initial fit: 

 --- MultiDimFit ---
best fit parameter values and profile-likelihood uncertainties: 
   r :   +19.577   -9.924/+11.329 (68%)
Set Range of Parameter r To : (-20,100)
Doing initial fit: 

 --- MultiDimFit ---
best fit parameter values and profile-likelihood uncertainties: 
   r :   +31.492   -9.916/+9.659 (68%)
Set Range of Parameter r To : (-20,100)
Doing initial fit: 

 --- MultiDimFit ---
best fit parameter values and profile-likelihood uncertainties: 
   r :   +27.054   -8.532/+7.739 (68%)
Set Range of Parameter r To : (-20,100)
Doing initial fit: 

 --- MultiDimFit ---
best fit parameter values and profile-likelihood uncertainties: 
   r :   +24.545   -9.418/+9.882 (68%)
Set Range of Parameter r To : (-20,100)
Doing initial fit: 

 --- MultiDimFit ---
best fit parameter values and profile-likelihood uncertainties: 
   r :   +21.602   -6.783/+7.993 (68%)
Set Range of Parameter r To : (-20,100)
Doing initial fit: 

 --- MultiDimFit ---
best fit parameter values and profile-likelihood uncertainties: 
   r :   +28.360   -8.238/+8.110 (68%)
Set Range of Parameter r To : (-20,100)
Doing initial fit: 

 --- MultiDimFit ---
best fit parameter values and profile-likelihood uncertainties: 
   r :   +36.412   -9.482/+10.007 (68%)
Set Range of Parameter r To : (-20,100)
Doing initial fit: 

 --- MultiDimFit ---
best fit parameter values and profile-likelihood uncertainties: 
   r :   +35.969   -9.253/+8.428 (68%)
Set Range of Parameter r To : (-20,100)
Doing initial fit: 

 --- MultiDimFit ---
best fit parameter values and profile-likelihood uncertainties: 
   r :   +40.862   -8.416/+8.096 (68%)
Set Range of Parameter r To : (-20,100)
Doing initial fit: 

 --- MultiDimFit ---
best fit parameter values and profile-likelihood uncertainties: 
   r :   +24.485   -7.441/+7.158 (68%)
Set Range of Parameter r To : (-20,100)
Doing initial fit: 

 --- MultiDimFit ---
best fit parameter values and profile-likelihood uncertainties: 
   r :   +26.134   -11.011/+7.718 (68%)
Set Range of Parameter r To : (-20,100)
Doing initial fit: 

 --- MultiDimFit ---
best fit parameter values and profile-likelihood uncertainties: 
   r :   +43.611   -7.864/+7.631 (68%)
Set Range of Parameter r To : (-20,100)
Doing initial fit: 

 --- MultiDimFit ---
best fit parameter values and profile-likelihood uncertainties: 
   r :   +33.836   -9.071/+8.160 (68%)
Set Range of Parameter r To : (-20,100)
Doing initial fit: 

 --- MultiDimFit ---
best fit parameter values and profile-likelihood uncertainties: 
   r :   +41.956   -9.698/+8.325 (68%)
Set Range of Parameter r To : (-20,100)
Doing initial fit: 

 --- MultiDimFit ---
best fit parameter values and profile-likelihood uncertainties: 
   r :   +33.710   -11.680/+7.636 (68%)
Set Range of Parameter r To : (-20,100)
Doing initial fit: 

 --- MultiDimFit ---
best fit parameter values and profile-likelihood uncertainties: 
   r :   +32.662   -9.289/+9.308 (68%)
Set Range of Parameter r To : (-20,100)
Doing initial fit: 

 --- MultiDimFit ---
best fit parameter values and profile-likelihood uncertainties: 
   r :   +13.054   -7.683/+7.977 (68%)
Set Range of Parameter r To : (-20,100)
Doing initial fit: 

 --- MultiDimFit ---
best fit parameter values and profile-likelihood uncertainties: 
   r :   +36.800   -9.455/+9.670 (68%)
Set Range of Parameter r To : (-20,100)
Doing initial fit: 

 --- MultiDimFit ---
best fit parameter values and profile-likelihood uncertainties: 
   r :   +32.065   -8.774/+8.118 (68%)
Set Range of Parameter r To : (-20,100)
Doing initial fit: 

 --- MultiDimFit ---
best fit parameter values and profile-likelihood uncertainties: 
   r :   +14.755   -10.390/+10.329 (68%)
Set Range of Parameter r To : (-20,100)
Doing initial fit: 

 --- MultiDimFit ---
best fit parameter values and profile-likelihood uncertainties: 
   r :   +34.442   -10.029/+10.263 (68%)
Set Range of Parameter r To : (-20,100)
Doing initial fit: 

 --- MultiDimFit ---
best fit parameter values and profile-likelihood uncertainties: 
   r :   +28.560   -8.619/+7.558 (68%)
Set Range of Parameter r To : (-20,100)
Doing initial fit: 

 --- MultiDimFit ---
best fit parameter values and profile-likelihood uncertainties: 
   r :   +36.680   -8.523/+8.198 (68%)
Set Range of Parameter r To : (-20,100)
Doing initial fit: 

 --- MultiDimFit ---
best fit parameter values and profile-likelihood uncertainties: 
   r :   +46.840   -8.072/+8.395 (68%)
Set Range of Parameter r To : (-20,100)
Doing initial fit: 

 --- MultiDimFit ---
best fit parameter values and profile-likelihood uncertainties: 
   r :   +27.592   -9.205/+8.219 (68%)
Set Range of Parameter r To : (-20,100)
Doing initial fit: 

 --- MultiDimFit ---
best fit parameter values and profile-likelihood uncertainties: 
   r :   +16.718   -9.169/+7.692 (68%)
Set Range of Parameter r To : (-20,100)
Doing initial fit: 

 --- MultiDimFit ---
best fit parameter values and profile-likelihood uncertainties: 
   r :   +35.311   -8.017/+7.988 (68%)
Set Range of Parameter r To : (-20,100)
Doing initial fit: 

 --- MultiDimFit ---
best fit parameter values and profile-likelihood uncertainties: 
   r :   +33.199   -7.556/+7.559 (68%)
Set Range of Parameter r To : (-20,100)
Doing initial fit: 

 --- MultiDimFit ---
best fit parameter values and profile-likelihood uncertainties: 
   r :   +39.234   -9.103/+8.252 (68%)
Set Range of Parameter r To : (-20,100)
Doing initial fit: 

 --- MultiDimFit ---
best fit parameter values and profile-likelihood uncertainties: 
   r :   +33.149   -8.582/+7.576 (68%)
Set Range of Parameter r To : (-20,100)
Doing initial fit: 

 --- MultiDimFit ---
best fit parameter values and profile-likelihood uncertainties: 
   r :   +18.508   -9.384/+7.996 (68%)
Set Range of Parameter r To : (-20,100)
Doing initial fit: 

 --- MultiDimFit ---
best fit parameter values and profile-likelihood uncertainties: 
   r :   +22.432   -7.755/+8.049 (68%)
Set Range of Parameter r To : (-20,100)
Doing initial fit: 
RooAbsMinimizerFcn: Minimized function has error status.
Returning maximum FCN so far (28.3892) to force MIGRAD to back out of this region. Error log follows.
Parameter values: 	CMS_NPS26009_LightJetStat_DY_BJetOS_2016postVFP=-0.482738	CMS_NPS26009_LightJetStat_DY_BJetOS_2016preVFP=-0.485126	CMS_NPS26009_LightJetStat_DY_BJetOS_2017=-1.07815	CMS_NPS26009_LightJetStat_DY_BJetOS_2018=-0.899995	CMS_NPS26009_LightJetStat_DY_BJetOS_2022=-0.413334	CMS_NPS26009_LightJetStat_DY_BJetOS_2022EE=-0.987356	CMS_NPS26009_LightJetStat_DY_BJetOS_2023=-0.521857	CMS_NPS26009_LightJetStat_DY_BJetOS_2023BPix=-0.633035	CMS_NPS26009_MCstat_other_BJetOS_2016postVFP=-0.230759	CMS_NPS26009_MCstat_other_BJetOS_2016preVFP=-0.0558721	CMS_NPS26009_MCstat_other_BJetOS_2017=-0.165183	CMS_NPS26009_MCstat_other_BJetOS_2018=-0.149347	CMS_NPS26009_MCstat_other_BJetOS_2022=-0.136967	CMS_NPS26009_MCstat_other_BJetOS_2022EE=-0.214439	CMS_NPS26009_MCstat_other_BJetOS_2023=-0.0852468	CMS_NPS26009_MCstat_other_BJetOS_2023BPix=-0.226686	CMS_NPS26009_MCstat_signal_BJetOS_2016postVFP=0.0840475	CMS_NPS26009_MCstat_signal_BJetOS_2016preVFP=0.0978018	CMS_NPS26009_MCstat_signal_BJetOS_2017=0.0567816	CMS_NPS26009_MCstat_signal_BJetOS_2018=-0.0902135	CMS_NPS26009_MCstat_signal_BJetOS_2022=-0.0169718	CMS_NPS26009_MCstat_signal_BJetOS_2022EE=-0.165092	CMS_NPS26009_MCstat_signal_BJetOS_2023=-0.166667	CMS_NPS26009_MCstat_signal_BJetOS_2023BPix=-0.0406747	CMS_NPS26009_MCstat_singleTop_BJetOS_2016postVFP=-0.131915	CMS_NPS26009_MCstat_singleTop_BJetOS_2016preVFP=-0.112883	CMS_NPS26009_MCstat_singleTop_BJetOS_2017=-0.250497	CMS_NPS26009_MCstat_singleTop_BJetOS_2018=-0.213574	CMS_NPS26009_MCstat_singleTop_BJetOS_2022=-0.219216	CMS_NPS26009_MCstat_singleTop_BJetOS_2022EE=-0.460504	CMS_NPS26009_MCstat_singleTop_BJetOS_2023=-0.181511	CMS_NPS26009_MCstat_singleTop_BJetOS_2023BPix=-0.134219	CMS_NPS26009_MCstat_ttbar_BJetOS_2016postVFP=-0.44477	CMS_NPS26009_MCstat_ttbar_BJetOS_2016preVFP=-0.390203	CMS_NPS26009_MCstat_ttbar_BJetOS_2017=-0.926103	CMS_NPS26009_MCstat_ttbar_BJetOS_2018=-0.650327	CMS_NPS26009_MCstat_ttbar_BJetOS_2022=-0.716859	CMS_NPS26009_MCstat_ttbar_BJetOS_2022EE=-1.39861	CMS_NPS26009_MCstat_ttbar_BJetOS_2023=-0.502268	CMS_NPS26009_MCstat_ttbar_BJetOS_2023BPix=-0.82401	CMS_NPS26009_NFModel_DY_BJetOS_13TeV=-10.7187	CMS_NPS26009_NFModel_DY_BJetOS_13p6TeV=-9.81181	CMS_NPS26009_NFStat_DY_BJetOS_2016postVFP=0.10595	CMS_NPS26009_NFStat_DY_BJetOS_2016preVFP=0.0862835	CMS_NPS26009_NFStat_DY_BJetOS_2017=0.0654718	CMS_NPS26009_NFStat_DY_BJetOS_2018=0.0764703	CMS_NPS26009_NFStat_DY_BJetOS_2022=0.119524	CMS_NPS26009_NFStat_DY_BJetOS_2022EE=0.0660798	CMS_NPS26009_NFStat_DY_BJetOS_2023=0.0353839	CMS_NPS26009_NFStat_DY_BJetOS_2023BPix=0.0224352	CMS_NPS26009_QCDscale_fac_singleTop=-0.108243	CMS_NPS26009_QCDscale_ren_singleTop=1.05205	CMS_NPS26009_bckgNorm_QCD_BJetOS_2016postVFP=-0.00141324	CMS_NPS26009_bckgNorm_QCD_BJetOS_2016preVFP=-0.385803	CMS_NPS26009_bckgNorm_QCD_BJetOS_2017=-0.918283	CMS_NPS26009_bckgNorm_QCD_BJetOS_2018=-0.689644	CMS_NPS26009_bckgNorm_QCD_BJetOS_2022=-0.156061	CMS_NPS26009_bckgNorm_QCD_BJetOS_2022EE=-0.0351635	CMS_NPS26009_bckgNorm_QCD_BJetOS_2023=-5.50909	CMS_NPS26009_bckgNorm_QCD_BJetOS_2023BPix=-0.384259	CMS_NPS26009_bckgShape_QCD_BJetOS_2016postVFP=-0.602668	CMS_NPS26009_bckgShape_QCD_BJetOS_2016preVFP=48.1034	CMS_NPS26009_bckgShape_QCD_BJetOS_2017=104.772	CMS_NPS26009_bckgShape_QCD_BJetOS_2018=33.4316	CMS_NPS26009_bckgShape_QCD_BJetOS_2022=-3.191	CMS_NPS26009_bckgShape_QCD_BJetOS_2022EE=31.9413	CMS_NPS26009_bckgShape_QCD_BJetOS_2023=-43.7072	CMS_NPS26009_bckgShape_QCD_BJetOS_2023BPix=16.1786	CMS_NPS26009_btag_fixedWP_comb_bc_correlated_13TeV=-2.79629	CMS_NPS26009_btag_fixedWP_comb_bc_correlated_13p6TeV=-4.61971	CMS_NPS26009_btag_fixedWP_incl_light_correlated_13TeV=-0.80771	CMS_NPS26009_btag_fixedWP_incl_light_correlated_13p6TeV=-0.717183	CMS_NPS26009_eff_m_id_Run2=-0.187313	CMS_NPS26009_eff_m_id_Run3=-0.327979	CMS_NPS26009_eff_m_trigger_2016postVFP=-0.0393543	CMS_NPS26009_eff_m_trigger_2016preVFP=-0.0329561	CMS_NPS26009_eff_m_trigger_2017=-0.149096	CMS_NPS26009_eff_m_trigger_2018=-0.130886	CMS_NPS26009_eff_m_trigger_2022=-0.0772866	CMS_NPS26009_eff_m_trigger_2022EE=-0.165853	CMS_NPS26009_eff_m_trigger_2023=-0.0682204	CMS_NPS26009_eff_m_trigger_2023BPix=-0.0713829	CMS_NPS26009_lumi_2016=-0.422135	CMS_NPS26009_lumi_2017=-2.08802	CMS_NPS26009_lumi_2018=-2.28521	CMS_NPS26009_lumi_2022=-2.17263	CMS_NPS26009_lumi_2023=-0.837128	CMS_NPS26009_pdf_NNPDF31=-4.36874	CMS_NPS26009_topmass_ttbar_BJetOS=-11.1488	CMS_btag_fixedWP_comb_bc_uncorrelated_2016postVFP=-0.256635	CMS_btag_fixedWP_comb_bc_uncorrelated_2016preVFP=-0.173784	CMS_btag_fixedWP_comb_bc_uncorrelated_2017=-1.53573	CMS_btag_fixedWP_comb_bc_uncorrelated_2018=-0.82957	CMS_btag_fixedWP_comb_bc_uncorrelated_2022=-0.578001	CMS_btag_fixedWP_comb_bc_uncorrelated_2022EE=-1.58302	CMS_btag_fixedWP_comb_bc_uncorrelated_2023=-0.794447	CMS_btag_fixedWP_comb_bc_uncorrelated_2023BPix=-0.721298	CMS_btag_fixedWP_incl_light_uncorrelated_2016postVFP=-0.0814839	CMS_btag_fixedWP_incl_light_uncorrelated_2016preVFP=-0.0447703	CMS_btag_fixedWP_incl_light_uncorrelated_2017=-0.175795	CMS_btag_fixedWP_incl_light_uncorrelated_2018=-0.16189	CMS_btag_fixedWP_incl_light_uncorrelated_2022=-0.0394204	CMS_btag_fixedWP_incl_light_uncorrelated_2022EE=-0.173598	CMS_btag_fixedWP_incl_light_uncorrelated_2023=-0.0430726	CMS_btag_fixedWP_incl_light_uncorrelated_2023BPix=-0.0458258	CMS_l1_prefiring_2016postVFP=0.230378	CMS_l1_prefiring_2016preVFP=0.126332	CMS_l1_prefiring_2017=0.676322	CMS_l1_prefiring_2018=0.149401	CMS_pileup_13TeV=0.160849	CMS_pileup_13p6TeV=1.00622	CMS_res_j_2016postVFP=-0.00423505	CMS_res_j_2016preVFP=-0.000467849	CMS_res_j_2017=0.0812221	CMS_res_j_2018=0.0145292	CMS_res_j_2022=0.0227418	CMS_res_j_2022EE=0.0714209	CMS_res_j_2023=0.0360984	CMS_res_j_2023BPix=0.0572643	CMS_scale_j_2016postVFP=-0.0678718	CMS_scale_j_2016preVFP=-0.0411418	CMS_scale_j_2017=-0.409992	CMS_scale_j_2018=-0.533161	CMS_scale_j_2022=-0.202464	CMS_scale_j_2022EE=-0.90467	CMS_scale_j_2023=-0.31045	CMS_scale_j_2023BPix=-0.188591	CMS_scale_m_13TeV=-0.186727	CMS_scale_m_13p6TeV=-0.213766	QCDscale_fac_ttbar=1.21662	QCDscale_ren_ttbar=34.3706	pdf_alphas=-10.2711	r=24.592
RooFit::Detail::RooFixedProdPdf::model_s[ ]
     getLogVal() top-level p.d.f not greater than zero @ !servers=(modelObs_s = 0)

RooAbsMinimizerFcn: Minimized function has error status.
Returning maximum FCN so far (28.3892) to force MIGRAD to back out of this region. Error log follows.
Parameter values: 	CMS_NPS26009_LightJetStat_DY_BJetOS_2016postVFP=-0.143159	CMS_NPS26009_LightJetStat_DY_BJetOS_2016preVFP=-0.0592505	CMS_NPS26009_LightJetStat_DY_BJetOS_2017=-0.272077	CMS_NPS26009_LightJetStat_DY_BJetOS_2018=-0.334374	CMS_NPS26009_LightJetStat_DY_BJetOS_2022=-0.0899098	CMS_NPS26009_LightJetStat_DY_BJetOS_2022EE=-0.251288	CMS_NPS26009_LightJetStat_DY_BJetOS_2023=-0.0401314	CMS_NPS26009_LightJetStat_DY_BJetOS_2023BPix=-0.123417	CMS_NPS26009_MCstat_other_BJetOS_2016postVFP=-0.0818066	CMS_NPS26009_MCstat_other_BJetOS_2016preVFP=-0.0032025	CMS_NPS26009_MCstat_other_BJetOS_2017=-0.0413268	CMS_NPS26009_MCstat_other_BJetOS_2018=-0.0576729	CMS_NPS26009_MCstat_other_BJetOS_2022=-0.0297831	CMS_NPS26009_MCstat_other_BJetOS_2022EE=-0.0546246	CMS_NPS26009_MCstat_other_BJetOS_2023=-0.00643068	CMS_NPS26009_MCstat_other_BJetOS_2023BPix=-0.0414949	CMS_NPS26009_MCstat_signal_BJetOS_2016postVFP=0.0191699	CMS_NPS26009_MCstat_signal_BJetOS_2016preVFP=0.0364069	CMS_NPS26009_MCstat_signal_BJetOS_2017=0.018045	CMS_NPS26009_MCstat_signal_BJetOS_2018=-0.05287	CMS_NPS26009_MCstat_signal_BJetOS_2022=-0.00117647	CMS_NPS26009_MCstat_signal_BJetOS_2022EE=-0.0410624	CMS_NPS26009_MCstat_signal_BJetOS_2023=-0.0200783	CMS_NPS26009_MCstat_signal_BJetOS_2023BPix=-0.00190886	CMS_NPS26009_MCstat_singleTop_BJetOS_2016postVFP=-0.03942	CMS_NPS26009_MCstat_singleTop_BJetOS_2016preVFP=-0.0116099	CMS_NPS26009_MCstat_singleTop_BJetOS_2017=-0.0627757	CMS_NPS26009_MCstat_singleTop_BJetOS_2018=-0.0814814	CMS_NPS26009_MCstat_singleTop_BJetOS_2022=-0.0477804	CMS_NPS26009_MCstat_singleTop_BJetOS_2022EE=-0.117294	CMS_NPS26009_MCstat_singleTop_BJetOS_2023=-0.0135491	CMS_NPS26009_MCstat_singleTop_BJetOS_2023BPix=-0.0253505	CMS_NPS26009_MCstat_ttbar_BJetOS_2016postVFP=-0.130654	CMS_NPS26009_MCstat_ttbar_BJetOS_2016preVFP=-0.0506476	CMS_NPS26009_MCstat_ttbar_BJetOS_2017=-0.234311	CMS_NPS26009_MCstat_ttbar_BJetOS_2018=-0.245291	CMS_NPS26009_MCstat_ttbar_BJetOS_2022=-0.158988	CMS_NPS26009_MCstat_ttbar_BJetOS_2022EE=-0.357121	CMS_NPS26009_MCstat_ttbar_BJetOS_2023=-0.00785915	CMS_NPS26009_MCstat_ttbar_BJetOS_2023BPix=-0.152562	CMS_NPS26009_NFModel_DY_BJetOS_13TeV=-2.97678	CMS_NPS26009_NFModel_DY_BJetOS_13p6TeV=-1.92773	CMS_NPS26009_NFStat_DY_BJetOS_2016postVFP=0.0544183	CMS_NPS26009_NFStat_DY_BJetOS_2016preVFP=0.0729295	CMS_NPS26009_NFStat_DY_BJetOS_2017=0.136679	CMS_NPS26009_NFStat_DY_BJetOS_2018=0.155325	CMS_NPS26009_NFStat_DY_BJetOS_2022=0.0210083	CMS_NPS26009_NFStat_DY_BJetOS_2022EE=0.0844687	CMS_NPS26009_NFStat_DY_BJetOS_2023=0.0402959	CMS_NPS26009_NFStat_DY_BJetOS_2023BPix=0.028638	CMS_NPS26009_QCDscale_fac_singleTop=-0.0281431	CMS_NPS26009_QCDscale_ren_singleTop=0.26584	CMS_NPS26009_bckgNorm_QCD_BJetOS_2016postVFP=-0.000423469	CMS_NPS26009_bckgNorm_QCD_BJetOS_2016preVFP=-0.0617679	CMS_NPS26009_bckgNorm_QCD_BJetOS_2017=-0.229694	CMS_NPS26009_bckgNorm_QCD_BJetOS_2018=-0.256482	CMS_NPS26009_bckgNorm_QCD_BJetOS_2022=-0.0338814	CMS_NPS26009_bckgNorm_QCD_BJetOS_2022EE=-0.008891	CMS_NPS26009_bckgNorm_QCD_BJetOS_2023=-0.41202	CMS_NPS26009_bckgNorm_QCD_BJetOS_2023BPix=-0.0730635	CMS_NPS26009_bckgShape_QCD_BJetOS_2016postVFP=6.85938	CMS_NPS26009_bckgShape_QCD_BJetOS_2016preVFP=-19.5777	CMS_NPS26009_bckgShape_QCD_BJetOS_2017=32.3808	CMS_NPS26009_bckgShape_QCD_BJetOS_2018=4.30916	CMS_NPS26009_bckgShape_QCD_BJetOS_2022=-1.47979	CMS_NPS26009_bckgShape_QCD_BJetOS_2022EE=1.57725	CMS_NPS26009_bckgShape_QCD_BJetOS_2023=-29.2343	CMS_NPS26009_bckgShape_QCD_BJetOS_2023BPix=-5.94269	CMS_NPS26009_btag_fixedWP_comb_bc_correlated_13TeV=-0.774232	CMS_NPS26009_btag_fixedWP_comb_bc_correlated_13p6TeV=-0.983892	CMS_NPS26009_btag_fixedWP_incl_light_correlated_13TeV=-0.232324	CMS_NPS26009_btag_fixedWP_incl_light_correlated_13p6TeV=-0.142428	CMS_NPS26009_eff_m_id_Run2=-0.0544788	CMS_NPS26009_eff_m_id_Run3=-0.0608672	CMS_NPS26009_eff_m_trigger_2016postVFP=-0.0127279	CMS_NPS26009_eff_m_trigger_2016preVFP=0.0042164	CMS_NPS26009_eff_m_trigger_2017=-0.036921	CMS_NPS26009_eff_m_trigger_2018=-0.0525801	CMS_NPS26009_eff_m_trigger_2022=-0.0166302	CMS_NPS26009_eff_m_trigger_2022EE=-0.0422288	CMS_NPS26009_eff_m_trigger_2023=-0.00370317	CMS_NPS26009_eff_m_trigger_2023BPix=-0.0121779	CMS_NPS26009_lumi_2016=-0.0728751	CMS_NPS26009_lumi_2017=-0.519164	CMS_NPS26009_lumi_2018=-0.907968	CMS_NPS26009_lumi_2022=-0.536712	CMS_NPS26009_lumi_2023=-0.0887427	CMS_NPS26009_pdf_NNPDF31=-1.11142	CMS_NPS26009_topmass_ttbar_BJetOS=-2.82606	CMS_btag_fixedWP_comb_bc_uncorrelated_2016postVFP=-0.0812421	CMS_btag_fixedWP_comb_bc_uncorrelated_2016preVFP=0.00473613	CMS_btag_fixedWP_comb_bc_uncorrelated_2017=-0.381918	CMS_btag_fixedWP_comb_bc_uncorrelated_2018=-0.329521	CMS_btag_fixedWP_comb_bc_uncorrelated_2022=-0.125503	CMS_btag_fixedWP_comb_bc_uncorrelated_2022EE=-0.403471	CMS_btag_fixedWP_comb_bc_uncorrelated_2023=-0.0401801	CMS_btag_fixedWP_comb_bc_uncorrelated_2023BPix=-0.124088	CMS_btag_fixedWP_incl_light_uncorrelated_2016postVFP=-0.0241107	CMS_btag_fixedWP_incl_light_uncorrelated_2016preVFP=-0.00518487	CMS_btag_fixedWP_incl_light_uncorrelated_2017=-0.0443065	CMS_btag_fixedWP_incl_light_uncorrelated_2018=-0.0617129	CMS_btag_fixedWP_incl_light_uncorrelated_2022=-0.00868482	CMS_btag_fixedWP_incl_light_uncorrelated_2022EE=-0.0442984	CMS_btag_fixedWP_incl_light_uncorrelated_2023=-0.00107882	CMS_btag_fixedWP_incl_light_uncorrelated_2023BPix=-0.00837556	CMS_l1_prefiring_2016postVFP=0.0728106	CMS_l1_prefiring_2016preVFP=-0.00676958	CMS_l1_prefiring_2017=0.168486	CMS_l1_prefiring_2018=0.0596676	CMS_pileup_13TeV=0.0378955	CMS_pileup_13p6TeV=0.182207	CMS_res_j_2016postVFP=-0.00144636	CMS_res_j_2016preVFP=-0.000216409	CMS_res_j_2017=0.0205935	CMS_res_j_2018=0.00474103	CMS_res_j_2022=0.0050297	CMS_res_j_2022EE=0.0182165	CMS_res_j_2023=0.00148584	CMS_res_j_2023BPix=0.0104805	CMS_scale_j_2016postVFP=-0.0213277	CMS_scale_j_2016preVFP=-0.000845099	CMS_scale_j_2017=-0.102295	CMS_scale_j_2018=-0.209565	CMS_scale_j_2022=-0.044427	CMS_scale_j_2022EE=-0.230683	CMS_scale_j_2023=-0.0106354	CMS_scale_j_2023BPix=-0.0337799	CMS_scale_m_13TeV=-0.0602979	CMS_scale_m_13p6TeV=-0.027558	QCDscale_fac_ttbar=0.173298	QCDscale_ren_ttbar=8.67743	pdf_alphas=-2.55034	r=24.592
RooFit::Detail::RooFixedProdPdf::model_s[ ]
     getLogVal() top-level p.d.f not greater than zero @ !servers=(modelObs_s = 3.27722e-114)


 --- MultiDimFit ---
best fit parameter values and profile-likelihood uncertainties: 
   r :   +32.751   -9.666/+11.669 (68%)
Set Range of Parameter r To : (-20,100)
Doing initial fit: 

 --- MultiDimFit ---
best fit parameter values and profile-likelihood uncertainties: 
   r :   +28.779   -9.714/+10.636 (68%)
Set Range of Parameter r To : (-20,100)
Doing initial fit: 

 --- MultiDimFit ---
best fit parameter values and profile-likelihood uncertainties: 
   r :   +17.479   -10.250/+9.538 (68%)
Set Range of Parameter r To : (-20,100)
Doing initial fit: 

 --- MultiDimFit ---
best fit parameter values and profile-likelihood uncertainties: 
   r :   +23.090   -9.942/+10.144 (68%)
Set Range of Parameter r To : (-20,100)
Doing initial fit: 

 --- MultiDimFit ---
best fit parameter values and profile-likelihood uncertainties: 
   r :   +31.938   -9.011/+8.218 (68%)
Set Range of Parameter r To : (-20,100)
Doing initial fit: 

 --- MultiDimFit ---
best fit parameter values and profile-likelihood uncertainties: 
   r :   +46.442   -9.871/+7.964 (68%)
Set Range of Parameter r To : (-20,100)
Doing initial fit: 

 --- MultiDimFit ---
best fit parameter values and profile-likelihood uncertainties: 
   r :   +39.084   -8.867/+7.988 (68%)
Set Range of Parameter r To : (-20,100)
Doing initial fit: 

 --- MultiDimFit ---
best fit parameter values and profile-likelihood uncertainties: 
   r :   +32.341   -9.152/+8.306 (68%)
Set Range of Parameter r To : (-20,100)
Doing initial fit: 

 --- MultiDimFit ---
best fit parameter values and profile-likelihood uncertainties: 
   r :   +30.714   -8.290/+8.100 (68%)
Set Range of Parameter r To : (-20,100)
Doing initial fit: 

 --- MultiDimFit ---
best fit parameter values and profile-likelihood uncertainties: 
   r :   +29.647   -9.703/+9.901 (68%)
Set Range of Parameter r To : (-20,100)
Doing initial fit: 

 --- MultiDimFit ---
best fit parameter values and profile-likelihood uncertainties: 
   r :   +22.574   -9.680/+8.860 (68%)
Set Range of Parameter r To : (-20,100)
Doing initial fit: 

 --- MultiDimFit ---
best fit parameter values and profile-likelihood uncertainties: 
   r :   +32.303   -8.646/+7.658 (68%)
Set Range of Parameter r To : (-20,100)
Doing initial fit: 

 --- MultiDimFit ---
best fit parameter values and profile-likelihood uncertainties: 
   r :   +21.780   -8.284/+8.021 (68%)
Set Range of Parameter r To : (-20,100)
Doing initial fit: 

 --- MultiDimFit ---
best fit parameter values and profile-likelihood uncertainties: 
   r :   +35.332   -7.158/+8.268 (68%)
Set Range of Parameter r To : (-20,100)
Doing initial fit: 

 --- MultiDimFit ---
best fit parameter values and profile-likelihood uncertainties: 
   r :   +30.351   -9.599/+10.067 (68%)
Set Range of Parameter r To : (-20,100)
Doing initial fit: 

 --- MultiDimFit ---
best fit parameter values and profile-likelihood uncertainties: 
   r :   +35.922   -10.107/+7.871 (68%)
Set Range of Parameter r To : (-20,100)
Doing initial fit: 

 --- MultiDimFit ---
best fit parameter values and profile-likelihood uncertainties: 
   r :   +14.727   -9.060/+8.144 (68%)
Set Range of Parameter r To : (-20,100)
Doing initial fit: 

 --- MultiDimFit ---
best fit parameter values and profile-likelihood uncertainties: 
   r :   +23.027   -9.386/+8.433 (68%)
Set Range of Parameter r To : (-20,100)
Doing initial fit: 

 --- MultiDimFit ---
best fit parameter values and profile-likelihood uncertainties: 
   r :   +38.102   -8.490/+8.066 (68%)
Set Range of Parameter r To : (-20,100)
Doing initial fit: 

 --- MultiDimFit ---
best fit parameter values and profile-likelihood uncertainties: 
   r :   +39.442   -9.705/+11.366 (68%)
Set Range of Parameter r To : (-20,100)
Doing initial fit: 

 --- MultiDimFit ---
best fit parameter values and profile-likelihood uncertainties: 
   r :   +34.923   -8.382/+7.763 (68%)
Set Range of Parameter r To : (-20,100)
Doing initial fit: 

 --- MultiDimFit ---
best fit parameter values and profile-likelihood uncertainties: 
   r :   +43.963   -7.931/+7.672 (68%)
Set Range of Parameter r To : (-20,100)
Doing initial fit: 

 --- MultiDimFit ---
best fit parameter values and profile-likelihood uncertainties: 
   r :   +41.105   -9.507/+9.327 (68%)
Set Range of Parameter r To : (-20,100)
Doing initial fit: 

 --- MultiDimFit ---
best fit parameter values and profile-likelihood uncertainties: 
   r :   +41.890   -10.683/+10.412 (68%)
Set Range of Parameter r To : (-20,100)
Doing initial fit: 

 --- MultiDimFit ---
best fit parameter values and profile-likelihood uncertainties: 
   r :   +41.615   -8.981/+7.854 (68%)
Set Range of Parameter r To : (-20,100)
Doing initial fit: 

 --- MultiDimFit ---
best fit parameter values and profile-likelihood uncertainties: 
   r :   +38.008   -9.833/+9.952 (68%)
Set Range of Parameter r To : (-20,100)
Doing initial fit: 

 --- MultiDimFit ---
best fit parameter values and profile-likelihood uncertainties: 
   r :   +29.011   -9.721/+10.341 (68%)
Set Range of Parameter r To : (-20,100)
Doing initial fit: 

 

 ---------------------------

 WARNING: MultiDimFit failed

 ---------------------------

 
Set Range of Parameter r To : (-20,100)
Doing initial fit: 

 --- MultiDimFit ---
best fit parameter values and profile-likelihood uncertainties: 
   r :   +34.617   -9.748/+10.029 (68%)
Set Range of Parameter r To : (-20,100)
Doing initial fit: 

 

 ---------------------------

 WARNING: MultiDimFit failed

 ---------------------------

 
Set Range of Parameter r To : (-20,100)
Doing initial fit: 

 --- MultiDimFit ---
best fit parameter values and profile-likelihood uncertainties: 
   r :   +47.495   -8.422/+7.826 (68%)
Set Range of Parameter r To : (-20,100)
Doing initial fit: 

 --- MultiDimFit ---
best fit parameter values and profile-likelihood uncertainties: 
   r :   +32.326   -7.805/+7.988 (68%)
Set Range of Parameter r To : (-20,100)
Doing initial fit: 

 --- MultiDimFit ---
best fit parameter values and profile-likelihood uncertainties: 
   r :   +34.418   -9.017/+11.984 (68%)
Set Range of Parameter r To : (-20,100)
Doing initial fit: 

 --- MultiDimFit ---
best fit parameter values and profile-likelihood uncertainties: 
   r :   +28.372   -7.815/+7.716 (68%)
Set Range of Parameter r To : (-20,100)
Doing initial fit: 

 --- MultiDimFit ---
best fit parameter values and profile-likelihood uncertainties: 
   r :   +31.149   -10.951/+8.170 (68%)
Set Range of Parameter r To : (-20,100)
Doing initial fit: 

 --- MultiDimFit ---
best fit parameter values and profile-likelihood uncertainties: 
   r :   +49.635   -9.794/+8.272 (68%)
Set Range of Parameter r To : (-20,100)
Doing initial fit: 

 --- MultiDimFit ---
best fit parameter values and profile-likelihood uncertainties: 
   r :   +32.832   -9.989/+10.029 (68%)
Set Range of Parameter r To : (-20,100)
Doing initial fit: 

 --- MultiDimFit ---
best fit parameter values and profile-likelihood uncertainties: 
   r :   +42.198   -9.039/+8.272 (68%)
Set Range of Parameter r To : (-20,100)
Doing initial fit: 

 --- MultiDimFit ---
best fit parameter values and profile-likelihood uncertainties: 
   r :   +27.564   -9.385/+9.060 (68%)
Set Range of Parameter r To : (-20,100)
Doing initial fit: 

 --- MultiDimFit ---
best fit parameter values and profile-likelihood uncertainties: 
   r :   +38.037   -7.631/+8.168 (68%)
Set Range of Parameter r To : (-20,100)
Doing initial fit: 

 --- MultiDimFit ---
best fit parameter values and profile-likelihood uncertainties: 
   r :   +29.059   -8.380/+8.037 (68%)
Set Range of Parameter r To : (-20,100)
Doing initial fit: 

 --- MultiDimFit ---
best fit parameter values and profile-likelihood uncertainties: 
   r :   +22.776   -10.600/+9.803 (68%)
Set Range of Parameter r To : (-20,100)
Doing initial fit: 

 --- MultiDimFit ---
best fit parameter values and profile-likelihood uncertainties: 
   r :   +24.945   -9.541/+8.549 (68%)
Set Range of Parameter r To : (-20,100)
Doing initial fit: 

 --- MultiDimFit ---
best fit parameter values and profile-likelihood uncertainties: 
   r :   +35.758   -10.147/+9.718 (68%)
Set Range of Parameter r To : (-20,100)
Doing initial fit: 

 --- MultiDimFit ---
best fit parameter values and profile-likelihood uncertainties: 
   r :   +27.676   -11.719/+8.045 (68%)
Set Range of Parameter r To : (-20,100)
Doing initial fit: 

 --- MultiDimFit ---
best fit parameter values and profile-likelihood uncertainties: 
   r :   +22.355   -9.394/+8.592 (68%)
Set Range of Parameter r To : (-20,100)
Doing initial fit: 

 --- MultiDimFit ---
best fit parameter values and profile-likelihood uncertainties: 
   r :   +30.219   -9.449/+8.433 (68%)
Set Range of Parameter r To : (-20,100)
Doing initial fit: 

 --- MultiDimFit ---
best fit parameter values and profile-likelihood uncertainties: 
   r :   +29.436   -8.210/+7.428 (68%)
Set Range of Parameter r To : (-20,100)
Doing initial fit: 

 --- MultiDimFit ---
best fit parameter values and profile-likelihood uncertainties: 
   r :   +31.253   -10.517/+9.810 (68%)
Set Range of Parameter r To : (-20,100)
Doing initial fit: 

 --- MultiDimFit ---
best fit parameter values and profile-likelihood uncertainties: 
   r :   +21.629   -7.832/+7.628 (68%)
Set Range of Parameter r To : (-20,100)
Doing initial fit: 

 --- MultiDimFit ---
best fit parameter values and profile-likelihood uncertainties: 
   r :   +48.503   -12.113/+8.052 (68%)
Set Range of Parameter r To : (-20,100)
Doing initial fit: 

 --- MultiDimFit ---
best fit parameter values and profile-likelihood uncertainties: 
   r :   +12.877   -9.469/+10.041 (68%)
Set Range of Parameter r To : (-20,100)
Doing initial fit: 

 --- MultiDimFit ---
best fit parameter values and profile-likelihood uncertainties: 
   r :   +40.832   -10.297/+10.162 (68%)
Set Range of Parameter r To : (-20,100)
Doing initial fit: 

 --- MultiDimFit ---
best fit parameter values and profile-likelihood uncertainties: 
   r :   +23.316   -9.564/+8.665 (68%)
Set Range of Parameter r To : (-20,100)
Doing initial fit: 

 --- MultiDimFit ---
best fit parameter values and profile-likelihood uncertainties: 
   r :   +37.695   -9.364/+8.740 (68%)
Set Range of Parameter r To : (-20,100)
Doing initial fit: 

 --- MultiDimFit ---
best fit parameter values and profile-likelihood uncertainties: 
   r :   +20.433   -13.002/+7.487 (68%)
Set Range of Parameter r To : (-20,100)
Doing initial fit: 

 --- MultiDimFit ---
best fit parameter values and profile-likelihood uncertainties: 
   r :   +35.003   -10.032/+8.274 (68%)
Set Range of Parameter r To : (-20,100)
Doing initial fit: 

 --- MultiDimFit ---
best fit parameter values and profile-likelihood uncertainties: 
   r :   +23.907   -9.006/+8.154 (68%)
Set Range of Parameter r To : (-20,100)
Doing initial fit: 

 --- MultiDimFit ---
best fit parameter values and profile-likelihood uncertainties: 
   r :   +34.910   -9.521/+9.024 (68%)
Set Range of Parameter r To : (-20,100)
Doing initial fit: 

 --- MultiDimFit ---
best fit parameter values and profile-likelihood uncertainties: 
   r :   +36.933   -9.554/+9.002 (68%)
Set Range of Parameter r To : (-20,100)
Doing initial fit: 

 --- MultiDimFit ---
best fit parameter values and profile-likelihood uncertainties: 
   r :   +17.858   -10.387/+9.951 (68%)
Set Range of Parameter r To : (-20,100)
Doing initial fit: 

 --- MultiDimFit ---
best fit parameter values and profile-likelihood uncertainties: 
   r :   +32.099   -7.062/+7.807 (68%)
Set Range of Parameter r To : (-20,100)
Doing initial fit: 

 --- MultiDimFit ---
best fit parameter values and profile-likelihood uncertainties: 
   r :   +33.163   -9.078/+7.753 (68%)
Set Range of Parameter r To : (-20,100)
Doing initial fit: 

 

 ---------------------------

 WARNING: MultiDimFit failed

 ---------------------------

 
Set Range of Parameter r To : (-20,100)
Doing initial fit: 

 --- MultiDimFit ---
best fit parameter values and profile-likelihood uncertainties: 
   r :   +38.110   -9.362/+8.445 (68%)
Set Range of Parameter r To : (-20,100)
Doing initial fit: 

 --- MultiDimFit ---
best fit parameter values and profile-likelihood uncertainties: 
   r :   +33.817   -7.434/+7.393 (68%)
Set Range of Parameter r To : (-20,100)
Doing initial fit: 

 --- MultiDimFit ---
best fit parameter values and profile-likelihood uncertainties: 
   r :   +49.186   -10.926/+8.124 (68%)
Set Range of Parameter r To : (-20,100)
Doing initial fit: 

 --- MultiDimFit ---
best fit parameter values and profile-likelihood uncertainties: 
   r :   +25.933   -9.614/+10.389 (68%)
Set Range of Parameter r To : (-20,100)
Doing initial fit: 

 --- MultiDimFit ---
best fit parameter values and profile-likelihood uncertainties: 
   r :   +49.123   -8.558/+8.198 (68%)
Set Range of Parameter r To : (-20,100)
Doing initial fit: 

 --- MultiDimFit ---
best fit parameter values and profile-likelihood uncertainties: 
   r :   +27.080   -8.954/+8.040 (68%)
Set Range of Parameter r To : (-20,100)
Doing initial fit: 

 --- MultiDimFit ---
best fit parameter values and profile-likelihood uncertainties: 
   r :   +31.837   -9.636/+8.756 (68%)
Set Range of Parameter r To : (-20,100)
Doing initial fit: 

 --- MultiDimFit ---
best fit parameter values and profile-likelihood uncertainties: 
   r :   +28.708   -9.779/+9.507 (68%)
Set Range of Parameter r To : (-20,100)
Doing initial fit: 

 --- MultiDimFit ---
best fit parameter values and profile-likelihood uncertainties: 
   r :   +47.975   -9.132/+8.294 (68%)
Set Range of Parameter r To : (-20,100)
Doing initial fit: 

 --- MultiDimFit ---
best fit parameter values and profile-likelihood uncertainties: 
   r :   +31.824   -9.276/+8.626 (68%)
Set Range of Parameter r To : (-20,100)
Doing initial fit: 

 --- MultiDimFit ---
best fit parameter values and profile-likelihood uncertainties: 
   r :   +38.300   -10.474/+8.130 (68%)
Set Range of Parameter r To : (-20,100)
Doing initial fit: 

 --- MultiDimFit ---
best fit parameter values and profile-likelihood uncertainties: 
   r :   +30.439   -9.731/+8.241 (68%)
Set Range of Parameter r To : (-20,100)
Doing initial fit: 

 --- MultiDimFit ---
best fit parameter values and profile-likelihood uncertainties: 
   r :   +22.808   -8.254/+7.011 (68%)
Set Range of Parameter r To : (-20,100)
Doing initial fit: 

 --- MultiDimFit ---
best fit parameter values and profile-likelihood uncertainties: 
   r :   +26.529   -9.363/+7.824 (68%)
Set Range of Parameter r To : (-20,100)
Doing initial fit: 

 --- MultiDimFit ---
best fit parameter values and profile-likelihood uncertainties: 
   r :   +39.915   -9.980/+9.209 (68%)
Set Range of Parameter r To : (-20,100)
Doing initial fit: 

 --- MultiDimFit ---
best fit parameter values and profile-likelihood uncertainties: 
   r :   +36.347   -9.511/+9.161 (68%)
Set Range of Parameter r To : (-20,100)
Doing initial fit: 

 --- MultiDimFit ---
best fit parameter values and profile-likelihood uncertainties: 
   r :   +21.513   -9.444/+10.679 (68%)
Set Range of Parameter r To : (-20,100)
Doing initial fit: 

 --- MultiDimFit ---
best fit parameter values and profile-likelihood uncertainties: 
   r :   +22.097   -10.094/+10.809 (68%)
Set Range of Parameter r To : (-20,100)
Doing initial fit: 

 --- MultiDimFit ---
best fit parameter values and profile-likelihood uncertainties: 
   r :   +32.416   -8.869/+8.108 (68%)
Set Range of Parameter r To : (-20,100)
Doing initial fit: 

 --- MultiDimFit ---
best fit parameter values and profile-likelihood uncertainties: 
   r :   +28.653   -7.256/+6.827 (68%)
Set Range of Parameter r To : (-20,100)
Doing initial fit: 

 --- MultiDimFit ---
best fit parameter values and profile-likelihood uncertainties: 
   r :   +28.824   -8.010/+7.885 (68%)
Set Range of Parameter r To : (-20,100)
Doing initial fit: 

 --- MultiDimFit ---
best fit parameter values and profile-likelihood uncertainties: 
   r :   +25.596   -9.689/+8.312 (68%)
Set Range of Parameter r To : (-20,100)
Doing initial fit: 

 --- MultiDimFit ---
best fit parameter values and profile-likelihood uncertainties: 
   r :   +30.615   -9.390/+8.874 (68%)
Set Range of Parameter r To : (-20,100)
Doing initial fit: 

 --- MultiDimFit ---
best fit parameter values and profile-likelihood uncertainties: 
   r :   +27.002   -8.944/+8.073 (68%)
Set Range of Parameter r To : (-20,100)
Doing initial fit: 

 --- MultiDimFit ---
best fit parameter values and profile-likelihood uncertainties: 
   r :   +46.392   -10.019/+9.337 (68%)
Set Range of Parameter r To : (-20,100)
Doing initial fit: 

 --- MultiDimFit ---
best fit parameter values and profile-likelihood uncertainties: 
   r :   +28.324   -8.904/+8.125 (68%)
Set Range of Parameter r To : (-20,100)
Doing initial fit: 

 --- MultiDimFit ---
best fit parameter values and profile-likelihood uncertainties: 
   r :   +39.436   -7.593/+8.131 (68%)
Set Range of Parameter r To : (-20,100)
Doing initial fit: 

 --- MultiDimFit ---
best fit parameter values and profile-likelihood uncertainties: 
   r :   +33.296   -10.225/+8.882 (68%)
Set Range of Parameter r To : (-20,100)
Doing initial fit: 

 --- MultiDimFit ---
best fit parameter values and profile-likelihood uncertainties: 
   r :   +41.897   -9.510/+9.389 (68%)
Set Range of Parameter r To : (-20,100)
Doing initial fit: 

 --- MultiDimFit ---
best fit parameter values and profile-likelihood uncertainties: 
   r :   +32.168   -10.087/+9.864 (68%)
Set Range of Parameter r To : (-20,100)
Doing initial fit: 

 --- MultiDimFit ---
best fit parameter values and profile-likelihood uncertainties: 
   r :   +36.211   -7.386/+7.642 (68%)
Set Range of Parameter r To : (-20,100)
Doing initial fit: 

 --- MultiDimFit ---
best fit parameter values and profile-likelihood uncertainties: 
   r :   +10.814   -10.484/+7.731 (68%)
Set Range of Parameter r To : (-20,100)
Doing initial fit: 

 --- MultiDimFit ---
best fit parameter values and profile-likelihood uncertainties: 
   r :   +30.762   -9.778/+10.186 (68%)
Set Range of Parameter r To : (-20,100)
Doing initial fit: 

 --- MultiDimFit ---
best fit parameter values and profile-likelihood uncertainties: 
   r :   +33.076   -9.444/+9.048 (68%)
Set Range of Parameter r To : (-20,100)
Doing initial fit: 

 --- MultiDimFit ---
best fit parameter values and profile-likelihood uncertainties: 
   r :   +24.084   -8.485/+8.073 (68%)
Set Range of Parameter r To : (-20,100)
Doing initial fit: 

 --- MultiDimFit ---
best fit parameter values and profile-likelihood uncertainties: 
   r :   +25.697   -7.612/+8.088 (68%)
Set Range of Parameter r To : (-20,100)
Doing initial fit: 

 --- MultiDimFit ---
best fit parameter values and profile-likelihood uncertainties: 
   r :   +45.242   -8.533/+8.140 (68%)
Set Range of Parameter r To : (-20,100)
Doing initial fit: 

 --- MultiDimFit ---
best fit parameter values and profile-likelihood uncertainties: 
   r :   +48.074   -8.397/+8.149 (68%)
Set Range of Parameter r To : (-20,100)
Doing initial fit: 

 --- MultiDimFit ---
best fit parameter values and profile-likelihood uncertainties: 
   r :   +48.490   -9.946/+9.629 (68%)
Set Range of Parameter r To : (-20,100)
Doing initial fit: 

 --- MultiDimFit ---
best fit parameter values and profile-likelihood uncertainties: 
   r :   +30.687   -8.352/+8.127 (68%)
Set Range of Parameter r To : (-20,100)
Doing initial fit: 

 --- MultiDimFit ---
best fit parameter values and profile-likelihood uncertainties: 
   r :   +31.882   -8.937/+8.175 (68%)
Set Range of Parameter r To : (-20,100)
Doing initial fit: 

 --- MultiDimFit ---
best fit parameter values and profile-likelihood uncertainties: 
   r :   +18.979   -8.140/+7.779 (68%)
Set Range of Parameter r To : (-20,100)
Doing initial fit: 

 --- MultiDimFit ---
best fit parameter values and profile-likelihood uncertainties: 
   r :   +28.892   -7.091/+7.264 (68%)
Set Range of Parameter r To : (-20,100)
Doing initial fit: 

 --- MultiDimFit ---
best fit parameter values and profile-likelihood uncertainties: 
   r :   +25.094   -9.168/+8.265 (68%)
Set Range of Parameter r To : (-20,100)
Doing initial fit: 

 --- MultiDimFit ---
best fit parameter values and profile-likelihood uncertainties: 
   r :   +29.554   -9.923/+10.055 (68%)
Set Range of Parameter r To : (-20,100)
Doing initial fit: 

 --- MultiDimFit ---
best fit parameter values and profile-likelihood uncertainties: 
   r :   +32.690   -9.966/+9.327 (68%)
Set Range of Parameter r To : (-20,100)
Doing initial fit: 

 --- MultiDimFit ---
best fit parameter values and profile-likelihood uncertainties: 
   r :   +31.446   -9.910/+9.334 (68%)
Set Range of Parameter r To : (-20,100)
Doing initial fit: 

 --- MultiDimFit ---
best fit parameter values and profile-likelihood uncertainties: 
   r :   +42.087   -11.229/+8.392 (68%)
Set Range of Parameter r To : (-20,100)
Doing initial fit: 

 --- MultiDimFit ---
best fit parameter values and profile-likelihood uncertainties: 
   r :   +31.701   -7.987/+7.534 (68%)
Set Range of Parameter r To : (-20,100)
Doing initial fit: 

 --- MultiDimFit ---
best fit parameter values and profile-likelihood uncertainties: 
   r :   +43.982   -10.883/+10.017 (68%)
Set Range of Parameter r To : (-20,100)
Doing initial fit: 

 --- MultiDimFit ---
best fit parameter values and profile-likelihood uncertainties: 
   r :   +14.131   -10.054/+10.204 (68%)
Set Range of Parameter r To : (-20,100)
Doing initial fit: 

 --- MultiDimFit ---
best fit parameter values and profile-likelihood uncertainties: 
   r :   +33.263   -11.109/+7.799 (68%)
Set Range of Parameter r To : (-20,100)
Doing initial fit: 

 --- MultiDimFit ---
best fit parameter values and profile-likelihood uncertainties: 
   r :   +29.896   -9.399/+9.076 (68%)
Set Range of Parameter r To : (-20,100)
Doing initial fit: 

 --- MultiDimFit ---
best fit parameter values and profile-likelihood uncertainties: 
   r :   +28.067   -9.548/+8.922 (68%)
Set Range of Parameter r To : (-20,100)
Doing initial fit: 

 --- MultiDimFit ---
best fit parameter values and profile-likelihood uncertainties: 
   r :   +33.364   -9.950/+10.701 (68%)
Set Range of Parameter r To : (-20,100)
Doing initial fit: 

 --- MultiDimFit ---
best fit parameter values and profile-likelihood uncertainties: 
   r :   +35.067   -10.662/+7.999 (68%)
Set Range of Parameter r To : (-20,100)
Doing initial fit: 

 --- MultiDimFit ---
best fit parameter values and profile-likelihood uncertainties: 
   r :   +34.267   -9.424/+9.018 (68%)
Set Range of Parameter r To : (-20,100)
Doing initial fit: 

 --- MultiDimFit ---
best fit parameter values and profile-likelihood uncertainties: 
   r :   +32.556   -9.202/+8.439 (68%)
Set Range of Parameter r To : (-20,100)
Doing initial fit: 

 --- MultiDimFit ---
best fit parameter values and profile-likelihood uncertainties: 
   r :   +48.240   -9.981/+8.961 (68%)
Set Range of Parameter r To : (-20,100)
Doing initial fit: 

 --- MultiDimFit ---
best fit parameter values and profile-likelihood uncertainties: 
   r :   +37.141   -8.124/+8.274 (68%)
Set Range of Parameter r To : (-20,100)
Doing initial fit: 

 --- MultiDimFit ---
best fit parameter values and profile-likelihood uncertainties: 
   r :   +34.182   -7.490/+7.338 (68%)
Set Range of Parameter r To : (-20,100)
Doing initial fit: 

 --- MultiDimFit ---
best fit parameter values and profile-likelihood uncertainties: 
   r :   +49.512   -9.587/+8.105 (68%)
Set Range of Parameter r To : (-20,100)
Doing initial fit: 

 --- MultiDimFit ---
best fit parameter values and profile-likelihood uncertainties: 
   r :   +36.564   -9.389/+8.988 (68%)
Set Range of Parameter r To : (-20,100)
Doing initial fit: 

 --- MultiDimFit ---
best fit parameter values and profile-likelihood uncertainties: 
   r :   +34.483   -8.377/+7.315 (68%)
Set Range of Parameter r To : (-20,100)
Doing initial fit: 

 --- MultiDimFit ---
best fit parameter values and profile-likelihood uncertainties: 
   r :   +26.556   -6.535/+7.053 (68%)
Set Range of Parameter r To : (-20,100)
Doing initial fit: 

 --- MultiDimFit ---
best fit parameter values and profile-likelihood uncertainties: 
   r :   +28.925   -10.542/+10.759 (68%)
Set Range of Parameter r To : (-20,100)
Doing initial fit: 

 --- MultiDimFit ---
best fit parameter values and profile-likelihood uncertainties: 
   r :   +33.051   -8.678/+8.092 (68%)
Set Range of Parameter r To : (-20,100)
Doing initial fit: 

 --- MultiDimFit ---
best fit parameter values and profile-likelihood uncertainties: 
   r :   +18.046   -9.569/+9.480 (68%)
Set Range of Parameter r To : (-20,100)
Doing initial fit: 

 --- MultiDimFit ---
best fit parameter values and profile-likelihood uncertainties: 
   r :   +29.603   -12.938/+7.450 (68%)
Set Range of Parameter r To : (-20,100)
Doing initial fit: 

 --- MultiDimFit ---
best fit parameter values and profile-likelihood uncertainties: 
   r :   +32.124   -11.634/+7.759 (68%)
Set Range of Parameter r To : (-20,100)
Doing initial fit: 

 --- MultiDimFit ---
best fit parameter values and profile-likelihood uncertainties: 
   r :   +28.857   -9.080/+8.227 (68%)
Set Range of Parameter r To : (-20,100)
Doing initial fit: 

 --- MultiDimFit ---
best fit parameter values and profile-likelihood uncertainties: 
   r :   +46.577   -9.556/+9.129 (68%)
Set Range of Parameter r To : (-20,100)
Doing initial fit: 

 --- MultiDimFit ---
best fit parameter values and profile-likelihood uncertainties: 
   r :   +38.363   -9.765/+10.560 (68%)
Set Range of Parameter r To : (-20,100)
Doing initial fit: 

 --- MultiDimFit ---
best fit parameter values and profile-likelihood uncertainties: 
   r :   +31.269   -9.851/+9.244 (68%)
Set Range of Parameter r To : (-20,100)
Doing initial fit: 

 --- MultiDimFit ---
best fit parameter values and profile-likelihood uncertainties: 
   r :   +33.457   -9.622/+10.562 (68%)
mean   expected limit: r < 3.6373e-316 +/- 0 @ 95%CL (500 toyMC)
median expected limit: r < 3.6373e-316 @ 95%CL (500 toyMC)
   68% expected band : 3.6373e-316 < r < 3.6373e-316
   95% expected band : 3.6373e-316 < r < 3.6373e-316
