 <<< Combine >>> 
 <<< v11.0.0 >>>
>>> Random number generator seed is 123456
>>> Method used is MultiDimFit
Set Range of Parameter r To : (-20,100)
Set Default Value of Parameter r To : 15.5
Set Range of Parameter r To : (-20,100)
Doing initial fit: 

 --- MultiDimFit ---
best fit parameter values and profile-likelihood uncertainties: 
   r :   +18.101   -7.764/+8.096 (68%)
Set Range of Parameter r To : (-20,100)
Doing initial fit: 

 --- MultiDimFit ---
best fit parameter values and profile-likelihood uncertainties: 
   r :    +6.769   -8.839/+8.045 (68%)
Set Range of Parameter r To : (-20,100)
Doing initial fit: 

 --- MultiDimFit ---
best fit parameter values and profile-likelihood uncertainties: 
   r :   +24.705   -9.093/+8.223 (68%)
Set Range of Parameter r To : (-20,100)
Doing initial fit: 

 --- MultiDimFit ---
best fit parameter values and profile-likelihood uncertainties: 
   r :   +15.128   -7.434/+6.863 (68%)
Set Range of Parameter r To : (-20,100)
Doing initial fit: 

 --- MultiDimFit ---
best fit parameter values and profile-likelihood uncertainties: 
   r :   +20.263   -10.056/+10.373 (68%)
Set Range of Parameter r To : (-20,100)
Doing initial fit: 

 --- MultiDimFit ---
best fit parameter values and profile-likelihood uncertainties: 
   r :   +15.707   -7.742/+7.627 (68%)
Set Range of Parameter r To : (-20,100)
Doing initial fit: 

 --- MultiDimFit ---
best fit parameter values and profile-likelihood uncertainties: 
   r :   +16.891   -6.990/+6.541 (68%)
Set Range of Parameter r To : (-20,100)
Doing initial fit: 

 --- MultiDimFit ---
best fit parameter values and profile-likelihood uncertainties: 
   r :   +13.715   -10.502/+10.279 (68%)
Set Range of Parameter r To : (-20,100)
Doing initial fit: 

 --- MultiDimFit ---
best fit parameter values and profile-likelihood uncertainties: 
   r :   +33.922   -9.981/+8.953 (68%)
Set Range of Parameter r To : (-20,100)
Doing initial fit: 

 --- MultiDimFit ---
best fit parameter values and profile-likelihood uncertainties: 
   r :    +4.483   -9.009/+8.154 (68%)
Set Range of Parameter r To : (-20,100)
Doing initial fit: 

 --- MultiDimFit ---
best fit parameter values and profile-likelihood uncertainties: 
   r :    +6.522   -9.747/+9.926 (68%)
Set Range of Parameter r To : (-20,100)
Doing initial fit: 

 --- MultiDimFit ---
best fit parameter values and profile-likelihood uncertainties: 
   r :   +18.017   -9.546/+10.855 (68%)
Set Range of Parameter r To : (-20,100)
Doing initial fit: 

 --- MultiDimFit ---
best fit parameter values and profile-likelihood uncertainties: 
   r :   +11.564   -9.591/+9.369 (68%)
Set Range of Parameter r To : (-20,100)
Doing initial fit: 

 --- MultiDimFit ---
best fit parameter values and profile-likelihood uncertainties: 
   r :   +12.665   -9.425/+9.027 (68%)
Set Range of Parameter r To : (-20,100)
Doing initial fit: 

 --- MultiDimFit ---
best fit parameter values and profile-likelihood uncertainties: 
   r :   +12.404   -8.830/+8.064 (68%)
Set Range of Parameter r To : (-20,100)
Doing initial fit: 

 --- MultiDimFit ---
best fit parameter values and profile-likelihood uncertainties: 
   r :   +26.366   -8.030/+7.596 (68%)
Set Range of Parameter r To : (-20,100)
Doing initial fit: 

 --- MultiDimFit ---
best fit parameter values and profile-likelihood uncertainties: 
   r :   +25.111   -10.052/+7.923 (68%)
Set Range of Parameter r To : (-20,100)
Doing initial fit: 

 --- MultiDimFit ---
best fit parameter values and profile-likelihood uncertainties: 
   r :    +6.536   -10.962/+8.964 (68%)
Set Range of Parameter r To : (-20,100)
Doing initial fit: 

 --- MultiDimFit ---
best fit parameter values and profile-likelihood uncertainties: 
   r :   +13.986   -9.766/+9.486 (68%)
Set Range of Parameter r To : (-20,100)
Doing initial fit: 

 --- MultiDimFit ---
best fit parameter values and profile-likelihood uncertainties: 
   r :    -9.267   -9.701/+9.458 (68%)
Set Range of Parameter r To : (-20,100)
Doing initial fit: 

 --- MultiDimFit ---
best fit parameter values and profile-likelihood uncertainties: 
   r :   +19.474   -9.760/+8.635 (68%)
Set Range of Parameter r To : (-20,100)
Doing initial fit: 

 --- MultiDimFit ---
best fit parameter values and profile-likelihood uncertainties: 
   r :    +3.261   -10.302/+10.515 (68%)
Set Range of Parameter r To : (-20,100)
Doing initial fit: 

 --- MultiDimFit ---
best fit parameter values and profile-likelihood uncertainties: 
   r :    +5.913   -9.215/+8.334 (68%)
Set Range of Parameter r To : (-20,100)
Doing initial fit: 

 --- MultiDimFit ---
best fit parameter values and profile-likelihood uncertainties: 
   r :   +21.307   -7.406/+7.554 (68%)
Set Range of Parameter r To : (-20,100)
Doing initial fit: 

 --- MultiDimFit ---
best fit parameter values and profile-likelihood uncertainties: 
   r :   +16.916   -9.500/+9.638 (68%)
Set Range of Parameter r To : (-20,100)
Doing initial fit: 

 --- MultiDimFit ---
best fit parameter values and profile-likelihood uncertainties: 
   r :   +34.134   -9.885/+8.373 (68%)
Set Range of Parameter r To : (-20,100)
Doing initial fit: 

 --- MultiDimFit ---
best fit parameter values and profile-likelihood uncertainties: 
   r :   +22.470   -8.877/+8.060 (68%)
Set Range of Parameter r To : (-20,100)
Doing initial fit: 

 --- MultiDimFit ---
best fit parameter values and profile-likelihood uncertainties: 
   r :   +14.628   -9.595/+9.144 (68%)
Set Range of Parameter r To : (-20,100)
Doing initial fit: 

 --- MultiDimFit ---
best fit parameter values and profile-likelihood uncertainties: 
   r :   +28.654   -10.509/+9.692 (68%)
Set Range of Parameter r To : (-20,100)
Doing initial fit: 

 --- MultiDimFit ---
best fit parameter values and profile-likelihood uncertainties: 
   r :   +14.985   -7.910/+7.894 (68%)
Set Range of Parameter r To : (-20,100)
Doing initial fit: 

 --- MultiDimFit ---
best fit parameter values and profile-likelihood uncertainties: 
   r :   +17.117   -8.503/+7.934 (68%)
Set Range of Parameter r To : (-20,100)
Doing initial fit: 

 --- MultiDimFit ---
best fit parameter values and profile-likelihood uncertainties: 
   r :    +7.768   -7.805/+7.667 (68%)
Set Range of Parameter r To : (-20,100)
Doing initial fit: 

 --- MultiDimFit ---
best fit parameter values and profile-likelihood uncertainties: 
   r :   +17.016   -11.451/+7.872 (68%)
Set Range of Parameter r To : (-20,100)
Doing initial fit: 

 

 ---------------------------

 WARNING: MultiDimFit failed

 ---------------------------

 
Set Range of Parameter r To : (-20,100)
Doing initial fit: 

 --- MultiDimFit ---
best fit parameter values and profile-likelihood uncertainties: 
   r :   +14.057   -9.379/+8.432 (68%)
Set Range of Parameter r To : (-20,100)
Doing initial fit: 

 --- MultiDimFit ---
best fit parameter values and profile-likelihood uncertainties: 
   r :    +3.468   -9.397/+9.075 (68%)
Set Range of Parameter r To : (-20,100)
Doing initial fit: 

 --- MultiDimFit ---
best fit parameter values and profile-likelihood uncertainties: 
   r :   +27.274   -9.254/+8.324 (68%)
Set Range of Parameter r To : (-20,100)
Doing initial fit: 

 --- MultiDimFit ---
best fit parameter values and profile-likelihood uncertainties: 
   r :    +0.206   -8.067/+7.725 (68%)
Set Range of Parameter r To : (-20,100)
Doing initial fit: 

 --- MultiDimFit ---
best fit parameter values and profile-likelihood uncertainties: 
   r :    +7.892   -7.258/+7.737 (68%)
Set Range of Parameter r To : (-20,100)
Doing initial fit: 

 --- MultiDimFit ---
best fit parameter values and profile-likelihood uncertainties: 
   r :   +10.735   -10.508/+9.447 (68%)
Set Range of Parameter r To : (-20,100)
Doing initial fit: 

 --- MultiDimFit ---
best fit parameter values and profile-likelihood uncertainties: 
   r :   +17.204   -8.706/+7.747 (68%)
Set Range of Parameter r To : (-20,100)
Doing initial fit: 

 --- MultiDimFit ---
best fit parameter values and profile-likelihood uncertainties: 
   r :   +22.089   -10.251/+9.920 (68%)
Set Range of Parameter r To : (-20,100)
Doing initial fit: 

 --- MultiDimFit ---
best fit parameter values and profile-likelihood uncertainties: 
   r :   +39.777   -9.707/+8.291 (68%)
Set Range of Parameter r To : (-20,100)
Doing initial fit: 

 --- MultiDimFit ---
best fit parameter values and profile-likelihood uncertainties: 
   r :   +14.534   -11.219/+7.770 (68%)
Set Range of Parameter r To : (-20,100)
Doing initial fit: 

 --- MultiDimFit ---
best fit parameter values and profile-likelihood uncertainties: 
   r :   +10.413   -6.432/+6.829 (68%)
Set Range of Parameter r To : (-20,100)
Doing initial fit: 

 --- MultiDimFit ---
best fit parameter values and profile-likelihood uncertainties: 
   r :   +16.296   -9.383/+9.174 (68%)
Set Range of Parameter r To : (-20,100)
Doing initial fit: 

 --- MultiDimFit ---
best fit parameter values and profile-likelihood uncertainties: 
   r :   +17.276   -9.272/+9.046 (68%)
Set Range of Parameter r To : (-20,100)
Doing initial fit: 

 --- MultiDimFit ---
best fit parameter values and profile-likelihood uncertainties: 
   r :   +10.086   -12.585/+7.708 (68%)
Set Range of Parameter r To : (-20,100)
Doing initial fit: 

 --- MultiDimFit ---
best fit parameter values and profile-likelihood uncertainties: 
   r :    +5.055   -9.243/+8.121 (68%)
Set Range of Parameter r To : (-20,100)
Doing initial fit: 
RooAbsMinimizerFcn: Minimized function has error status.
Returning maximum FCN so far (0.263049) to force MIGRAD to back out of this region. Error log follows.
Parameter values: 	CMS_NPS26009_LightJetStat_DY_BJetOS_2016postVFP=-0.0932778	CMS_NPS26009_LightJetStat_DY_BJetOS_2016preVFP=-0.243787	CMS_NPS26009_LightJetStat_DY_BJetOS_2017=-0.0755522	CMS_NPS26009_LightJetStat_DY_BJetOS_2018=-0.355165	CMS_NPS26009_LightJetStat_DY_BJetOS_2022=-0.269852	CMS_NPS26009_LightJetStat_DY_BJetOS_2022EE=-0.601955	CMS_NPS26009_LightJetStat_DY_BJetOS_2023=-0.438452	CMS_NPS26009_LightJetStat_DY_BJetOS_2023BPix=-0.321049	CMS_NPS26009_MCstat_other_BJetOS_2016postVFP=1.15471	CMS_NPS26009_MCstat_other_BJetOS_2016preVFP=-0.0458604	CMS_NPS26009_MCstat_other_BJetOS_2017=-0.0289682	CMS_NPS26009_MCstat_other_BJetOS_2018=-0.0727896	CMS_NPS26009_MCstat_other_BJetOS_2022=-0.09146	CMS_NPS26009_MCstat_other_BJetOS_2022EE=-0.12892	CMS_NPS26009_MCstat_other_BJetOS_2023=-0.0694748	CMS_NPS26009_MCstat_other_BJetOS_2023BPix=-0.107153	CMS_NPS26009_MCstat_signal_BJetOS_2016postVFP=-0.0519555	CMS_NPS26009_MCstat_signal_BJetOS_2016preVFP=-0.0628111	CMS_NPS26009_MCstat_signal_BJetOS_2017=-0.292218	CMS_NPS26009_MCstat_signal_BJetOS_2018=-0.248157	CMS_NPS26009_MCstat_signal_BJetOS_2022=-0.00814861	CMS_NPS26009_MCstat_signal_BJetOS_2022EE=-0.0855717	CMS_NPS26009_MCstat_signal_BJetOS_2023=-0.0909968	CMS_NPS26009_MCstat_signal_BJetOS_2023BPix=-0.0578636	CMS_NPS26009_MCstat_singleTop_BJetOS_2016postVFP=-0.0202006	CMS_NPS26009_MCstat_singleTop_BJetOS_2016preVFP=-0.0661095	CMS_NPS26009_MCstat_singleTop_BJetOS_2017=-0.03889	CMS_NPS26009_MCstat_singleTop_BJetOS_2018=-0.0947043	CMS_NPS26009_MCstat_singleTop_BJetOS_2022=-0.146738	CMS_NPS26009_MCstat_singleTop_BJetOS_2022EE=-0.27618	CMS_NPS26009_MCstat_singleTop_BJetOS_2023=-0.147519	CMS_NPS26009_MCstat_singleTop_BJetOS_2023BPix=-0.059836	CMS_NPS26009_MCstat_ttbar_BJetOS_2016postVFP=-0.0440684	CMS_NPS26009_MCstat_ttbar_BJetOS_2016preVFP=-0.176372	CMS_NPS26009_MCstat_ttbar_BJetOS_2017=0.056321	CMS_NPS26009_MCstat_ttbar_BJetOS_2018=-0.209495	CMS_NPS26009_MCstat_ttbar_BJetOS_2022=-0.478092	CMS_NPS26009_MCstat_ttbar_BJetOS_2022EE=-0.797381	CMS_NPS26009_MCstat_ttbar_BJetOS_2023=-0.470813	CMS_NPS26009_MCstat_ttbar_BJetOS_2023BPix=-0.28874	CMS_NPS26009_NFModel_DY_BJetOS_13TeV=-1.40177	CMS_NPS26009_NFModel_DY_BJetOS_13p6TeV=-6.26726	CMS_NPS26009_NFStat_DY_BJetOS_2016postVFP=0.0560117	CMS_NPS26009_NFStat_DY_BJetOS_2016preVFP=0.0721192	CMS_NPS26009_NFStat_DY_BJetOS_2017=0.0908141	CMS_NPS26009_NFStat_DY_BJetOS_2018=0.140559	CMS_NPS26009_NFStat_DY_BJetOS_2022=0.0626736	CMS_NPS26009_NFStat_DY_BJetOS_2022EE=0.0436376	CMS_NPS26009_NFStat_DY_BJetOS_2023=0.0649794	CMS_NPS26009_NFStat_DY_BJetOS_2023BPix=0.109152	CMS_NPS26009_QCDscale_fac_singleTop=-0.0459873	CMS_NPS26009_QCDscale_ren_singleTop=0.461847	CMS_NPS26009_bckgNorm_QCD_BJetOS_2016postVFP=-0.000319026	CMS_NPS26009_bckgNorm_QCD_BJetOS_2016preVFP=-0.12985	CMS_NPS26009_bckgNorm_QCD_BJetOS_2017=-0.187835	CMS_NPS26009_bckgNorm_QCD_BJetOS_2018=-0.306037	CMS_NPS26009_bckgNorm_QCD_BJetOS_2022=-0.0995124	CMS_NPS26009_bckgNorm_QCD_BJetOS_2022EE=-0.0285271	CMS_NPS26009_bckgNorm_QCD_BJetOS_2023=-1.95005	CMS_NPS26009_bckgNorm_QCD_BJetOS_2023BPix=-0.183338	CMS_NPS26009_bckgShape_QCD_BJetOS_2016postVFP=5.28369	CMS_NPS26009_bckgShape_QCD_BJetOS_2016preVFP=-20.5668	CMS_NPS26009_bckgShape_QCD_BJetOS_2017=18.6667	CMS_NPS26009_bckgShape_QCD_BJetOS_2018=59.9377	CMS_NPS26009_bckgShape_QCD_BJetOS_2022=-4.19113	CMS_NPS26009_bckgShape_QCD_BJetOS_2022EE=-25.1293	CMS_NPS26009_bckgShape_QCD_BJetOS_2023=-23.5507	CMS_NPS26009_bckgShape_QCD_BJetOS_2023BPix=-0.0651789	CMS_NPS26009_btag_fixedWP_comb_bc_correlated_13TeV=-1.21795	CMS_NPS26009_btag_fixedWP_comb_bc_correlated_13p6TeV=-2.77114	CMS_NPS26009_btag_fixedWP_incl_light_correlated_13TeV=-0.19446	CMS_NPS26009_btag_fixedWP_incl_light_correlated_13p6TeV=-0.435909	CMS_NPS26009_eff_m_id_Run2=-0.106369	CMS_NPS26009_eff_m_id_Run3=-0.20077	CMS_NPS26009_eff_m_trigger_2016postVFP=-0.01786	CMS_NPS26009_eff_m_trigger_2016preVFP=-0.053374	CMS_NPS26009_eff_m_trigger_2017=-0.0539668	CMS_NPS26009_eff_m_trigger_2018=-0.0817344	CMS_NPS26009_eff_m_trigger_2022=-0.0507068	CMS_NPS26009_eff_m_trigger_2022EE=-0.0940526	CMS_NPS26009_eff_m_trigger_2023=-0.0540603	CMS_NPS26009_eff_m_trigger_2023BPix=-0.0335529	CMS_NPS26009_lumi_2016=-0.304106	CMS_NPS26009_lumi_2017=-0.58626	CMS_NPS26009_lumi_2018=-1.31861	CMS_NPS26009_lumi_2022=-1.27056	CMS_NPS26009_lumi_2023=-0.540688	CMS_NPS26009_pdf_NNPDF31=-1.54844	CMS_NPS26009_topmass_ttbar_BJetOS=-3.99532	CMS_btag_fixedWP_comb_bc_uncorrelated_2016postVFP=-0.0969967	CMS_btag_fixedWP_comb_bc_uncorrelated_2016preVFP=-0.20069	CMS_btag_fixedWP_comb_bc_uncorrelated_2017=-0.423092	CMS_btag_fixedWP_comb_bc_uncorrelated_2018=-0.469854	CMS_btag_fixedWP_comb_bc_uncorrelated_2022=-0.381784	CMS_btag_fixedWP_comb_bc_uncorrelated_2022EE=-0.897918	CMS_btag_fixedWP_comb_bc_uncorrelated_2023=-0.643116	CMS_btag_fixedWP_comb_bc_uncorrelated_2023BPix=-0.328439	CMS_btag_fixedWP_incl_light_uncorrelated_2016postVFP=0.00111407	CMS_btag_fixedWP_incl_light_uncorrelated_2016preVFP=-0.0228371	CMS_btag_fixedWP_incl_light_uncorrelated_2017=-0.00310874	CMS_btag_fixedWP_incl_light_uncorrelated_2018=-0.0605359	CMS_btag_fixedWP_incl_light_uncorrelated_2022=-0.0261008	CMS_btag_fixedWP_incl_light_uncorrelated_2022EE=-0.099476	CMS_btag_fixedWP_incl_light_uncorrelated_2023=-0.0390371	CMS_btag_fixedWP_incl_light_uncorrelated_2023BPix=-0.0169796	CMS_l1_prefiring_2016postVFP=0.0791294	CMS_l1_prefiring_2016preVFP=0.159223	CMS_l1_prefiring_2017=0.165181	CMS_l1_prefiring_2018=0.086877	CMS_pileup_13TeV=0.32714	CMS_pileup_13p6TeV=0.612671	CMS_res_j_2016postVFP=-0.00331242	CMS_res_j_2016preVFP=0.000422712	CMS_res_j_2017=-0.00775709	CMS_res_j_2018=0.00196656	CMS_res_j_2022=0.0148544	CMS_res_j_2022EE=0.0398657	CMS_res_j_2023=0.0296555	CMS_res_j_2023BPix=0.021553	CMS_scale_j_2016postVFP=-0.0162162	CMS_scale_j_2016preVFP=-0.038763	CMS_scale_j_2017=-0.0841473	CMS_scale_j_2018=-0.250669	CMS_scale_j_2022=-0.134685	CMS_scale_j_2022EE=-0.513002	CMS_scale_j_2023=-0.252397	CMS_scale_j_2023BPix=-0.0725546	CMS_scale_m_13TeV=-0.099366	CMS_scale_m_13p6TeV=-0.162023	QCDscale_fac_ttbar=0.329111	QCDscale_ren_ttbar=16.5886	pdf_alphas=-4.74929	r=12.1229
RooFit::Detail::RooFixedProdPdf::model_s[ ]
     getLogVal() top-level p.d.f not greater than zero @ !servers=(modelObs_s = 0)


 --- MultiDimFit ---
best fit parameter values and profile-likelihood uncertainties: 
   r :   +21.558   -10.196/+11.014 (68%)
Set Range of Parameter r To : (-20,100)
Doing initial fit: 

 --- MultiDimFit ---
best fit parameter values and profile-likelihood uncertainties: 
   r :   +38.976   -12.156/+7.906 (68%)
Set Range of Parameter r To : (-20,100)
Doing initial fit: 

 --- MultiDimFit ---
best fit parameter values and profile-likelihood uncertainties: 
   r :    +1.123   -10.302/+10.464 (68%)
Set Range of Parameter r To : (-20,100)
Doing initial fit: 

 --- MultiDimFit ---
best fit parameter values and profile-likelihood uncertainties: 
   r :   +12.049   -7.385/+7.381 (68%)
Set Range of Parameter r To : (-20,100)
Doing initial fit: 

 --- MultiDimFit ---
best fit parameter values and profile-likelihood uncertainties: 
   r :    +9.547   -8.857/+7.930 (68%)
Set Range of Parameter r To : (-20,100)
Doing initial fit: 

 --- MultiDimFit ---
best fit parameter values and profile-likelihood uncertainties: 
   r :   +19.590   -7.462/+8.198 (68%)
Set Range of Parameter r To : (-20,100)
Doing initial fit: 

 --- MultiDimFit ---
best fit parameter values and profile-likelihood uncertainties: 
   r :    +0.269   -9.821/+9.250 (68%)
Set Range of Parameter r To : (-20,100)
Doing initial fit: 

 --- MultiDimFit ---
best fit parameter values and profile-likelihood uncertainties: 
   r :   +25.529   -10.140/+10.942 (68%)
Set Range of Parameter r To : (-20,100)
Doing initial fit: 

 --- MultiDimFit ---
best fit parameter values and profile-likelihood uncertainties: 
   r :   +19.096   -10.420/+9.674 (68%)
Set Range of Parameter r To : (-20,100)
Doing initial fit: 

 --- MultiDimFit ---
best fit parameter values and profile-likelihood uncertainties: 
   r :    -0.109   -8.912/+7.857 (68%)
Set Range of Parameter r To : (-20,100)
Doing initial fit: 

 --- MultiDimFit ---
best fit parameter values and profile-likelihood uncertainties: 
   r :   +24.254   -7.627/+7.285 (68%)
Set Range of Parameter r To : (-20,100)
Doing initial fit: 

 --- MultiDimFit ---
best fit parameter values and profile-likelihood uncertainties: 
   r :   +29.519   -8.284/+7.825 (68%)
Set Range of Parameter r To : (-20,100)
Doing initial fit: 

 --- MultiDimFit ---
best fit parameter values and profile-likelihood uncertainties: 
   r :   +22.865   -9.350/+7.516 (68%)
Set Range of Parameter r To : (-20,100)
Doing initial fit: 

 --- MultiDimFit ---
best fit parameter values and profile-likelihood uncertainties: 
   r :   +18.503   -9.043/+8.074 (68%)
Set Range of Parameter r To : (-20,100)
Doing initial fit: 

 --- MultiDimFit ---
best fit parameter values and profile-likelihood uncertainties: 
   r :   +17.069   -7.812/+7.679 (68%)
Set Range of Parameter r To : (-20,100)
Doing initial fit: 

 --- MultiDimFit ---
best fit parameter values and profile-likelihood uncertainties: 
   r :   +19.416   -9.755/+10.520 (68%)
Set Range of Parameter r To : (-20,100)
Doing initial fit: 

 --- MultiDimFit ---
best fit parameter values and profile-likelihood uncertainties: 
   r :   +14.158   -9.495/+9.656 (68%)
Set Range of Parameter r To : (-20,100)
Doing initial fit: 

 --- MultiDimFit ---
best fit parameter values and profile-likelihood uncertainties: 
   r :   +14.422   -7.963/+7.935 (68%)
Set Range of Parameter r To : (-20,100)
Doing initial fit: 

 --- MultiDimFit ---
best fit parameter values and profile-likelihood uncertainties: 
   r :   +15.195   -9.930/+10.248 (68%)
Set Range of Parameter r To : (-20,100)
Doing initial fit: 
RooAbsMinimizerFcn: Minimized function has error status.
Returning maximum FCN so far (0.0409548) to force MIGRAD to back out of this region. Error log follows.
Parameter values: 	CMS_NPS26009_LightJetStat_DY_BJetOS_2016postVFP=-0.493309	CMS_NPS26009_LightJetStat_DY_BJetOS_2016preVFP=-0.562575	CMS_NPS26009_LightJetStat_DY_BJetOS_2017=-1.63738	CMS_NPS26009_LightJetStat_DY_BJetOS_2018=-1.04048	CMS_NPS26009_LightJetStat_DY_BJetOS_2022=-1.58304	CMS_NPS26009_LightJetStat_DY_BJetOS_2022EE=-3.76101	CMS_NPS26009_LightJetStat_DY_BJetOS_2023=-2.83406	CMS_NPS26009_LightJetStat_DY_BJetOS_2023BPix=-2.02866	CMS_NPS26009_MCstat_other_BJetOS_2016postVFP=1.21286	CMS_NPS26009_MCstat_other_BJetOS_2016preVFP=-0.243012	CMS_NPS26009_MCstat_other_BJetOS_2017=-0.383157	CMS_NPS26009_MCstat_other_BJetOS_2018=-0.259819	CMS_NPS26009_MCstat_other_BJetOS_2022=-0.483711	CMS_NPS26009_MCstat_other_BJetOS_2022EE=-0.679168	CMS_NPS26009_MCstat_other_BJetOS_2023=-0.474024	CMS_NPS26009_MCstat_other_BJetOS_2023BPix=-0.88651	CMS_NPS26009_MCstat_signal_BJetOS_2016postVFP=-0.689444	CMS_NPS26009_MCstat_signal_BJetOS_2016preVFP=-0.750068	CMS_NPS26009_MCstat_signal_BJetOS_2017=-1.71149	CMS_NPS26009_MCstat_signal_BJetOS_2018=-1.24722	CMS_NPS26009_MCstat_signal_BJetOS_2022=0.0542988	CMS_NPS26009_MCstat_signal_BJetOS_2022EE=0.968938	CMS_NPS26009_MCstat_signal_BJetOS_2023=0.812505	CMS_NPS26009_MCstat_signal_BJetOS_2023BPix=0.390634	CMS_NPS26009_MCstat_singleTop_BJetOS_2016postVFP=-0.178973	CMS_NPS26009_MCstat_singleTop_BJetOS_2016preVFP=-0.285259	CMS_NPS26009_MCstat_singleTop_BJetOS_2017=-0.536316	CMS_NPS26009_MCstat_singleTop_BJetOS_2018=-0.321107	CMS_NPS26009_MCstat_singleTop_BJetOS_2022=-0.756292	CMS_NPS26009_MCstat_singleTop_BJetOS_2022EE=-1.53043	CMS_NPS26009_MCstat_singleTop_BJetOS_2023=-1.01708	CMS_NPS26009_MCstat_singleTop_BJetOS_2023BPix=-0.538897	CMS_NPS26009_MCstat_ttbar_BJetOS_2016postVFP=-0.0611285	CMS_NPS26009_MCstat_ttbar_BJetOS_2016preVFP=-0.241379	CMS_NPS26009_MCstat_ttbar_BJetOS_2017=-0.259643	CMS_NPS26009_MCstat_ttbar_BJetOS_2018=-0.373772	CMS_NPS26009_MCstat_ttbar_BJetOS_2022=-2.21126	CMS_NPS26009_MCstat_ttbar_BJetOS_2022EE=-5.06392	CMS_NPS26009_MCstat_ttbar_BJetOS_2023=-4.53737	CMS_NPS26009_MCstat_ttbar_BJetOS_2023BPix=-3.83289	CMS_NPS26009_NFModel_DY_BJetOS_13TeV=-10.2278	CMS_NPS26009_NFModel_DY_BJetOS_13p6TeV=-39.9216	CMS_NPS26009_NFStat_DY_BJetOS_2016postVFP=0.0955226	CMS_NPS26009_NFStat_DY_BJetOS_2016preVFP=0.142277	CMS_NPS26009_NFStat_DY_BJetOS_2017=0.136007	CMS_NPS26009_NFStat_DY_BJetOS_2018=0.118862	CMS_NPS26009_NFStat_DY_BJetOS_2022=0.112764	CMS_NPS26009_NFStat_DY_BJetOS_2022EE=0.0821307	CMS_NPS26009_NFStat_DY_BJetOS_2023=0.109831	CMS_NPS26009_NFStat_DY_BJetOS_2023BPix=0.0486629	CMS_NPS26009_QCDscale_fac_singleTop=-0.345787	CMS_NPS26009_QCDscale_ren_singleTop=3.5982	CMS_NPS26009_bckgNorm_QCD_BJetOS_2016postVFP=-0.00211934	CMS_NPS26009_bckgNorm_QCD_BJetOS_2016preVFP=0.245539	CMS_NPS26009_bckgNorm_QCD_BJetOS_2017=-2.17299	CMS_NPS26009_bckgNorm_QCD_BJetOS_2018=-0.901617	CMS_NPS26009_bckgNorm_QCD_BJetOS_2022=-0.613116	CMS_NPS26009_bckgNorm_QCD_BJetOS_2022EE=-0.160483	CMS_NPS26009_bckgNorm_QCD_BJetOS_2023=-11.9963	CMS_NPS26009_bckgNorm_QCD_BJetOS_2023BPix=-1.8684	CMS_NPS26009_bckgShape_QCD_BJetOS_2016postVFP=21.8894	CMS_NPS26009_bckgShape_QCD_BJetOS_2016preVFP=-22.6544	CMS_NPS26009_bckgShape_QCD_BJetOS_2017=23.5815	CMS_NPS26009_bckgShape_QCD_BJetOS_2018=34.1425	CMS_NPS26009_bckgShape_QCD_BJetOS_2022=-4.3172	CMS_NPS26009_bckgShape_QCD_BJetOS_2022EE=26.3161	CMS_NPS26009_bckgShape_QCD_BJetOS_2023=41.4308	CMS_NPS26009_bckgShape_QCD_BJetOS_2023BPix=1.08731	CMS_NPS26009_btag_fixedWP_comb_bc_correlated_13TeV=-7.45986	CMS_NPS26009_btag_fixedWP_comb_bc_correlated_13p6TeV=-15.5076	CMS_NPS26009_btag_fixedWP_incl_light_correlated_13TeV=-0.692422	CMS_NPS26009_btag_fixedWP_incl_light_correlated_13p6TeV=-3.15272	CMS_NPS26009_eff_m_id_Run2=-0.582675	CMS_NPS26009_eff_m_id_Run3=-1.00043	CMS_NPS26009_eff_m_trigger_2016postVFP=-0.155688	CMS_NPS26009_eff_m_trigger_2016preVFP=-0.315909	CMS_NPS26009_eff_m_trigger_2017=-0.425284	CMS_NPS26009_eff_m_trigger_2018=-0.289024	CMS_NPS26009_eff_m_trigger_2022=-0.222761	CMS_NPS26009_eff_m_trigger_2022EE=-0.43258	CMS_NPS26009_eff_m_trigger_2023=-0.280963	CMS_NPS26009_eff_m_trigger_2023BPix=-0.220395	CMS_NPS26009_lumi_2016=-1.9464	CMS_NPS26009_lumi_2017=-4.94188	CMS_NPS26009_lumi_2018=-4.53197	CMS_NPS26009_lumi_2022=-6.00857	CMS_NPS26009_lumi_2023=-3.33964	CMS_NPS26009_pdf_NNPDF31=-9.83996	CMS_NPS26009_topmass_ttbar_BJetOS=-24.4509	CMS_btag_fixedWP_comb_bc_uncorrelated_2016postVFP=-0.77377	CMS_btag_fixedWP_comb_bc_uncorrelated_2016preVFP=-1.05217	CMS_btag_fixedWP_comb_bc_uncorrelated_2017=-3.60594	CMS_btag_fixedWP_comb_bc_uncorrelated_2018=-1.58746	CMS_btag_fixedWP_comb_bc_uncorrelated_2022=-1.6922	CMS_btag_fixedWP_comb_bc_uncorrelated_2022EE=-4.69596	CMS_btag_fixedWP_comb_bc_uncorrelated_2023=-3.66872	CMS_btag_fixedWP_comb_bc_uncorrelated_2023BPix=-2.37925	CMS_btag_fixedWP_incl_light_uncorrelated_2016postVFP=-0.0449683	CMS_btag_fixedWP_incl_light_uncorrelated_2016preVFP=-0.0515992	CMS_btag_fixedWP_incl_light_uncorrelated_2017=-0.141837	CMS_btag_fixedWP_incl_light_uncorrelated_2018=-0.140119	CMS_btag_fixedWP_incl_light_uncorrelated_2022=-0.122213	CMS_btag_fixedWP_incl_light_uncorrelated_2022EE=-0.593126	CMS_btag_fixedWP_incl_light_uncorrelated_2023=-0.35203	CMS_btag_fixedWP_incl_light_uncorrelated_2023BPix=-0.200563	CMS_l1_prefiring_2016postVFP=0.677332	CMS_l1_prefiring_2016preVFP=0.872798	CMS_l1_prefiring_2017=1.45011	CMS_l1_prefiring_2018=0.297747	CMS_pileup_13TeV=1.22954	CMS_pileup_13p6TeV=5.23733	CMS_res_j_2016postVFP=-0.0272064	CMS_res_j_2016preVFP=0.00503294	CMS_res_j_2017=0.00845212	CMS_res_j_2018=-0.0140396	CMS_res_j_2022=0.0698562	CMS_res_j_2022EE=0.231749	CMS_res_j_2023=0.191362	CMS_res_j_2023BPix=0.243327	CMS_scale_j_2016postVFP=-0.163285	CMS_scale_j_2016preVFP=-0.192108	CMS_scale_j_2017=-0.814607	CMS_scale_j_2018=-0.929276	CMS_scale_j_2022=-0.613799	CMS_scale_j_2022EE=-2.8255	CMS_scale_j_2023=-2.13414	CMS_scale_j_2023BPix=-0.738556	CMS_scale_m_13TeV=-0.300602	CMS_scale_m_13p6TeV=-1.11351	QCDscale_fac_ttbar=2.15224	QCDscale_ren_ttbar=91.0876	pdf_alphas=-25.8544	r=4.32183
RooFit::Detail::RooFixedProdPdf::model_s[ ]
     getLogVal() top-level p.d.f not greater than zero @ !servers=(modelObs_s = 0)

RooAbsMinimizerFcn: Minimized function has error status.
Returning maximum FCN so far (0.0409548) to force MIGRAD to back out of this region. Error log follows.
Parameter values: 	CMS_NPS26009_LightJetStat_DY_BJetOS_2016postVFP=-0.285843	CMS_NPS26009_LightJetStat_DY_BJetOS_2016preVFP=-0.39853	CMS_NPS26009_LightJetStat_DY_BJetOS_2017=-0.741827	CMS_NPS26009_LightJetStat_DY_BJetOS_2018=-0.422964	CMS_NPS26009_LightJetStat_DY_BJetOS_2022=-0.6966	CMS_NPS26009_LightJetStat_DY_BJetOS_2022EE=-1.76891	CMS_NPS26009_LightJetStat_DY_BJetOS_2023=-1.29895	CMS_NPS26009_LightJetStat_DY_BJetOS_2023BPix=-0.836561	CMS_NPS26009_MCstat_other_BJetOS_2016postVFP=0.513841	CMS_NPS26009_MCstat_other_BJetOS_2016preVFP=-0.141971	CMS_NPS26009_MCstat_other_BJetOS_2017=-0.174884	CMS_NPS26009_MCstat_other_BJetOS_2018=-0.110857	CMS_NPS26009_MCstat_other_BJetOS_2022=-0.212142	CMS_NPS26009_MCstat_other_BJetOS_2022EE=-0.320289	CMS_NPS26009_MCstat_other_BJetOS_2023=-0.217131	CMS_NPS26009_MCstat_other_BJetOS_2023BPix=-0.372627	CMS_NPS26009_MCstat_signal_BJetOS_2016postVFP=-0.322154	CMS_NPS26009_MCstat_signal_BJetOS_2016preVFP=-0.35278	CMS_NPS26009_MCstat_signal_BJetOS_2017=-0.794385	CMS_NPS26009_MCstat_signal_BJetOS_2018=-0.576647	CMS_NPS26009_MCstat_signal_BJetOS_2022=0.0264104	CMS_NPS26009_MCstat_signal_BJetOS_2022EE=0.449089	CMS_NPS26009_MCstat_signal_BJetOS_2023=0.378293	CMS_NPS26009_MCstat_signal_BJetOS_2023BPix=0.185189	CMS_NPS26009_MCstat_singleTop_BJetOS_2016postVFP=-0.0997378	CMS_NPS26009_MCstat_singleTop_BJetOS_2016preVFP=-0.174879	CMS_NPS26009_MCstat_singleTop_BJetOS_2017=-0.244659	CMS_NPS26009_MCstat_singleTop_BJetOS_2018=-0.135407	CMS_NPS26009_MCstat_singleTop_BJetOS_2022=-0.331576	CMS_NPS26009_MCstat_singleTop_BJetOS_2022EE=-0.721179	CMS_NPS26009_MCstat_singleTop_BJetOS_2023=-0.465977	CMS_NPS26009_MCstat_singleTop_BJetOS_2023BPix=-0.226904	CMS_NPS26009_MCstat_ttbar_BJetOS_2016postVFP=-0.0745681	CMS_NPS26009_MCstat_ttbar_BJetOS_2016preVFP=-0.226937	CMS_NPS26009_MCstat_ttbar_BJetOS_2017=-0.107666	CMS_NPS26009_MCstat_ttbar_BJetOS_2018=-0.134684	CMS_NPS26009_MCstat_ttbar_BJetOS_2022=-0.969386	CMS_NPS26009_MCstat_ttbar_BJetOS_2022EE=-2.37988	CMS_NPS26009_MCstat_ttbar_BJetOS_2023=-2.08528	CMS_NPS26009_MCstat_ttbar_BJetOS_2023BPix=-1.63439	CMS_NPS26009_NFModel_DY_BJetOS_13TeV=-4.53725	CMS_NPS26009_NFModel_DY_BJetOS_13p6TeV=-18.1009	CMS_NPS26009_NFStat_DY_BJetOS_2016postVFP=0.152978	CMS_NPS26009_NFStat_DY_BJetOS_2016preVFP=0.161831	CMS_NPS26009_NFStat_DY_BJetOS_2017=0.0630328	CMS_NPS26009_NFStat_DY_BJetOS_2018=0.157597	CMS_NPS26009_NFStat_DY_BJetOS_2022=0.0236528	CMS_NPS26009_NFStat_DY_BJetOS_2022EE=0.0768995	CMS_NPS26009_NFStat_DY_BJetOS_2023=0.112201	CMS_NPS26009_NFStat_DY_BJetOS_2023BPix=0.0963351	CMS_NPS26009_QCDscale_fac_singleTop=-0.15712	CMS_NPS26009_QCDscale_ren_singleTop=1.66949	CMS_NPS26009_bckgNorm_QCD_BJetOS_2016postVFP=-0.00116259	CMS_NPS26009_bckgNorm_QCD_BJetOS_2016preVFP=0.0679559	CMS_NPS26009_bckgNorm_QCD_BJetOS_2017=-0.992088	CMS_NPS26009_bckgNorm_QCD_BJetOS_2018=-0.370974	CMS_NPS26009_bckgNorm_QCD_BJetOS_2022=-0.269449	CMS_NPS26009_bckgNorm_QCD_BJetOS_2022EE=-0.0751307	CMS_NPS26009_bckgNorm_QCD_BJetOS_2023=-5.51108	CMS_NPS26009_bckgNorm_QCD_BJetOS_2023BPix=-0.790171	CMS_NPS26009_bckgShape_QCD_BJetOS_2016postVFP=-1.22909	CMS_NPS26009_bckgShape_QCD_BJetOS_2016preVFP=37.7232	CMS_NPS26009_bckgShape_QCD_BJetOS_2017=84.1132	CMS_NPS26009_bckgShape_QCD_BJetOS_2018=23.1184	CMS_NPS26009_bckgShape_QCD_BJetOS_2022=4.93275	CMS_NPS26009_bckgShape_QCD_BJetOS_2022EE=25.5282	CMS_NPS26009_bckgShape_QCD_BJetOS_2023=11.1637	CMS_NPS26009_bckgShape_QCD_BJetOS_2023BPix=-1.05787	CMS_NPS26009_btag_fixedWP_comb_bc_correlated_13TeV=-3.53664	CMS_NPS26009_btag_fixedWP_comb_bc_correlated_13p6TeV=-7.04604	CMS_NPS26009_btag_fixedWP_incl_light_correlated_13TeV=-0.34464	CMS_NPS26009_btag_fixedWP_incl_light_correlated_13p6TeV=-1.43831	CMS_NPS26009_eff_m_id_Run2=-0.277521	CMS_NPS26009_eff_m_id_Run3=-0.449695	CMS_NPS26009_eff_m_trigger_2016postVFP=-0.0786177	CMS_NPS26009_eff_m_trigger_2016preVFP=-0.168048	CMS_NPS26009_eff_m_trigger_2017=-0.195128	CMS_NPS26009_eff_m_trigger_2018=-0.126871	CMS_NPS26009_eff_m_trigger_2022=-0.0971908	CMS_NPS26009_eff_m_trigger_2022EE=-0.203979	CMS_NPS26009_eff_m_trigger_2023=-0.128431	CMS_NPS26009_eff_m_trigger_2023BPix=-0.0903002	CMS_NPS26009_lumi_2016=-1.03192	CMS_NPS26009_lumi_2017=-2.2625	CMS_NPS26009_lumi_2018=-1.97586	CMS_NPS26009_lumi_2022=-2.78866	CMS_NPS26009_lumi_2023=-1.47201	CMS_NPS26009_pdf_NNPDF31=-4.54973	CMS_NPS26009_topmass_ttbar_BJetOS=-11.2998	CMS_btag_fixedWP_comb_bc_uncorrelated_2016postVFP=-0.397496	CMS_btag_fixedWP_comb_bc_uncorrelated_2016preVFP=-0.578424	CMS_btag_fixedWP_comb_bc_uncorrelated_2017=-1.65072	CMS_btag_fixedWP_comb_bc_uncorrelated_2018=-0.690275	CMS_btag_fixedWP_comb_bc_uncorrelated_2022=-0.739296	CMS_btag_fixedWP_comb_bc_uncorrelated_2022EE=-2.21128	CMS_btag_fixedWP_comb_bc_uncorrelated_2023=-1.6786	CMS_btag_fixedWP_comb_bc_uncorrelated_2023BPix=-0.982059	CMS_btag_fixedWP_incl_light_uncorrelated_2016postVFP=-0.0297535	CMS_btag_fixedWP_incl_light_uncorrelated_2016preVFP=-0.0378028	CMS_btag_fixedWP_incl_light_uncorrelated_2017=-0.063308	CMS_btag_fixedWP_incl_light_uncorrelated_2018=-0.0554173	CMS_btag_fixedWP_incl_light_uncorrelated_2022=-0.0535454	CMS_btag_fixedWP_incl_light_uncorrelated_2022EE=-0.278904	CMS_btag_fixedWP_incl_light_uncorrelated_2023=-0.161716	CMS_btag_fixedWP_incl_light_uncorrelated_2023BPix=-0.0850561	CMS_l1_prefiring_2016postVFP=0.348704	CMS_l1_prefiring_2016preVFP=0.476358	CMS_l1_prefiring_2017=0.663026	CMS_l1_prefiring_2018=0.12977	CMS_pileup_13TeV=0.642396	CMS_pileup_13p6TeV=2.37776	CMS_res_j_2016postVFP=-0.0134399	CMS_res_j_2016preVFP=0.00246693	CMS_res_j_2017=0.00278072	CMS_res_j_2018=-0.00753243	CMS_res_j_2022=0.0306186	CMS_res_j_2022EE=0.109078	CMS_res_j_2023=0.0876787	CMS_res_j_2023BPix=0.103032	CMS_scale_j_2016postVFP=-0.0862573	CMS_scale_j_2016preVFP=-0.106816	CMS_scale_j_2017=-0.372066	CMS_scale_j_2018=-0.404302	CMS_scale_j_2022=-0.268717	CMS_scale_j_2022EE=-1.32979	CMS_scale_j_2023=-0.980265	CMS_scale_j_2023BPix=-0.310759	CMS_scale_m_13TeV=-0.149566	CMS_scale_m_13p6TeV=-0.512862	QCDscale_fac_ttbar=0.913037	QCDscale_ren_ttbar=42.1083	pdf_alphas=-11.9263	r=4.32183
RooFit::Detail::RooFixedProdPdf::model_s[ ]
     getLogVal() top-level p.d.f not greater than zero @ !servers=(modelObs_s = 0)

RooAbsMinimizerFcn: Minimized function has error status.
Returning maximum FCN so far (0.0409548) to force MIGRAD to back out of this region. Error log follows.
Parameter values: 	CMS_NPS26009_LightJetStat_DY_BJetOS_2016postVFP=-0.183074	CMS_NPS26009_LightJetStat_DY_BJetOS_2016preVFP=-0.31727	CMS_NPS26009_LightJetStat_DY_BJetOS_2017=-0.298213	CMS_NPS26009_LightJetStat_DY_BJetOS_2018=-0.117077	CMS_NPS26009_LightJetStat_DY_BJetOS_2022=-0.257499	CMS_NPS26009_LightJetStat_DY_BJetOS_2022EE=-0.782123	CMS_NPS26009_LightJetStat_DY_BJetOS_2023=-0.538534	CMS_NPS26009_LightJetStat_DY_BJetOS_2023BPix=-0.246052	CMS_NPS26009_MCstat_other_BJetOS_2016postVFP=0.167578	CMS_NPS26009_MCstat_other_BJetOS_2016preVFP=-0.0919203	CMS_NPS26009_MCstat_other_BJetOS_2017=-0.0717154	CMS_NPS26009_MCstat_other_BJetOS_2018=-0.0370687	CMS_NPS26009_MCstat_other_BJetOS_2022=-0.0776188	CMS_NPS26009_MCstat_other_BJetOS_2022EE=-0.142518	CMS_NPS26009_MCstat_other_BJetOS_2023=-0.0898784	CMS_NPS26009_MCstat_other_BJetOS_2023BPix=-0.118073	CMS_NPS26009_MCstat_signal_BJetOS_2016postVFP=-0.140215	CMS_NPS26009_MCstat_signal_BJetOS_2016preVFP=-0.155982	CMS_NPS26009_MCstat_signal_BJetOS_2017=-0.340093	CMS_NPS26009_MCstat_signal_BJetOS_2018=-0.244478	CMS_NPS26009_MCstat_signal_BJetOS_2022=0.0125959	CMS_NPS26009_MCstat_signal_BJetOS_2022EE=0.191581	CMS_NPS26009_MCstat_signal_BJetOS_2023=0.163205	CMS_NPS26009_MCstat_signal_BJetOS_2023BPix=0.0834214	CMS_NPS26009_MCstat_singleTop_BJetOS_2016postVFP=-0.0604882	CMS_NPS26009_MCstat_singleTop_BJetOS_2016preVFP=-0.120202	CMS_NPS26009_MCstat_singleTop_BJetOS_2017=-0.100185	CMS_NPS26009_MCstat_singleTop_BJetOS_2018=-0.0434202	CMS_NPS26009_MCstat_singleTop_BJetOS_2022=-0.121192	CMS_NPS26009_MCstat_singleTop_BJetOS_2022EE=-0.320316	CMS_NPS26009_MCstat_singleTop_BJetOS_2023=-0.192989	CMS_NPS26009_MCstat_singleTop_BJetOS_2023BPix=-0.0723572	CMS_NPS26009_MCstat_ttbar_BJetOS_2016postVFP=-0.0812255	CMS_NPS26009_MCstat_ttbar_BJetOS_2016preVFP=-0.219783	CMS_NPS26009_MCstat_ttbar_BJetOS_2017=-0.0323838	CMS_NPS26009_MCstat_ttbar_BJetOS_2018=-0.0162501	CMS_NPS26009_MCstat_ttbar_BJetOS_2022=-0.354219	CMS_NPS26009_MCstat_ttbar_BJetOS_2022EE=-1.05033	CMS_NPS26009_MCstat_ttbar_BJetOS_2023=-0.870633	CMS_NPS26009_MCstat_ttbar_BJetOS_2023BPix=-0.545354	CMS_NPS26009_NFModel_DY_BJetOS_13TeV=-1.71843	CMS_NPS26009_NFModel_DY_BJetOS_13p6TeV=-7.29193	CMS_NPS26009_NFStat_DY_BJetOS_2016postVFP=0.0572794	CMS_NPS26009_NFStat_DY_BJetOS_2016preVFP=0.111803	CMS_NPS26009_NFStat_DY_BJetOS_2017=0.11199	CMS_NPS26009_NFStat_DY_BJetOS_2018=0.166007	CMS_NPS26009_NFStat_DY_BJetOS_2022=0.0893978	CMS_NPS26009_NFStat_DY_BJetOS_2022EE=0.078045	CMS_NPS26009_NFStat_DY_BJetOS_2023=0.0398507	CMS_NPS26009_NFStat_DY_BJetOS_2023BPix=0.108252	CMS_NPS26009_QCDscale_fac_singleTop=-0.0636633	CMS_NPS26009_QCDscale_ren_singleTop=0.714102	CMS_NPS26009_bckgNorm_QCD_BJetOS_2016postVFP=-0.000688659	CMS_NPS26009_bckgNorm_QCD_BJetOS_2016preVFP=-0.0200103	CMS_NPS26009_bckgNorm_QCD_BJetOS_2017=-0.407125	CMS_NPS26009_bckgNorm_QCD_BJetOS_2018=-0.108118	CMS_NPS26009_bckgNorm_QCD_BJetOS_2022=-0.0992119	CMS_NPS26009_bckgNorm_QCD_BJetOS_2022EE=-0.0328509	CMS_NPS26009_bckgNorm_QCD_BJetOS_2023=-2.29862	CMS_NPS26009_bckgNorm_QCD_BJetOS_2023BPix=-0.256067	CMS_NPS26009_bckgShape_QCD_BJetOS_2016postVFP=3.81079	CMS_NPS26009_bckgShape_QCD_BJetOS_2016preVFP=-22.6655	CMS_NPS26009_bckgShape_QCD_BJetOS_2017=100.568	CMS_NPS26009_bckgShape_QCD_BJetOS_2018=61.2363	CMS_NPS26009_bckgShape_QCD_BJetOS_2022=-4.34242	CMS_NPS26009_bckgShape_QCD_BJetOS_2022EE=-21.435	CMS_NPS26009_bckgShape_QCD_BJetOS_2023=78.7448	CMS_NPS26009_bckgShape_QCD_BJetOS_2023BPix=11.7308	CMS_NPS26009_btag_fixedWP_comb_bc_correlated_13TeV=-1.59326	CMS_NPS26009_btag_fixedWP_comb_bc_correlated_13p6TeV=-2.85459	CMS_NPS26009_btag_fixedWP_incl_light_correlated_13TeV=-0.172364	CMS_NPS26009_btag_fixedWP_incl_light_correlated_13p6TeV=-0.589075	CMS_NPS26009_eff_m_id_Run2=-0.126362	CMS_NPS26009_eff_m_id_Run3=-0.176887	CMS_NPS26009_eff_m_trigger_2016postVFP=-0.0404408	CMS_NPS26009_eff_m_trigger_2016preVFP=-0.0948043	CMS_NPS26009_eff_m_trigger_2017=-0.0811197	CMS_NPS26009_eff_m_trigger_2018=-0.0465483	CMS_NPS26009_eff_m_trigger_2022=-0.0349893	CMS_NPS26009_eff_m_trigger_2022EE=-0.0907413	CMS_NPS26009_eff_m_trigger_2023=-0.0528735	CMS_NPS26009_eff_m_trigger_2023BPix=-0.0258575	CMS_NPS26009_lumi_2016=-0.57893	CMS_NPS26009_lumi_2017=-0.935265	CMS_NPS26009_lumi_2018=-0.709682	CMS_NPS26009_lumi_2022=-1.19367	CMS_NPS26009_lumi_2023=-0.546871	CMS_NPS26009_pdf_NNPDF31=-1.92919	CMS_NPS26009_topmass_ttbar_BJetOS=-4.78535	CMS_btag_fixedWP_comb_bc_uncorrelated_2016postVFP=-0.211107	CMS_btag_fixedWP_comb_bc_uncorrelated_2016preVFP=-0.343754	CMS_btag_fixedWP_comb_bc_uncorrelated_2017=-0.682195	CMS_btag_fixedWP_comb_bc_uncorrelated_2018=-0.245852	CMS_btag_fixedWP_comb_bc_uncorrelated_2022=-0.267271	CMS_btag_fixedWP_comb_bc_uncorrelated_2022EE=-0.980481	CMS_btag_fixedWP_comb_bc_uncorrelated_2023=-0.692792	CMS_btag_fixedWP_comb_bc_uncorrelated_2023BPix=-0.289954	CMS_btag_fixedWP_incl_light_uncorrelated_2016postVFP=-0.0222168	CMS_btag_fixedWP_incl_light_uncorrelated_2016preVFP=-0.0309687	CMS_btag_fixedWP_incl_light_uncorrelated_2017=-0.0244086	CMS_btag_fixedWP_incl_light_uncorrelated_2018=-0.0134598	CMS_btag_fixedWP_incl_light_uncorrelated_2022=-0.0195309	CMS_btag_fixedWP_incl_light_uncorrelated_2022EE=-0.123253	CMS_btag_fixedWP_incl_light_uncorrelated_2023=-0.0674435	CMS_btag_fixedWP_incl_light_uncorrelated_2023BPix=-0.0278392	CMS_l1_prefiring_2016postVFP=0.185916	CMS_l1_prefiring_2016preVFP=0.27998	CMS_l1_prefiring_2017=0.273139	CMS_l1_prefiring_2018=0.0465617	CMS_pileup_13TeV=0.35155	CMS_pileup_13p6TeV=0.961265	CMS_res_j_2016postVFP=-0.00662066	CMS_res_j_2016preVFP=0.00119585	CMS_res_j_2017=-2.86242e-05	CMS_res_j_2018=-0.00430908	CMS_res_j_2022=0.0111822	CMS_res_j_2022EE=0.0483118	CMS_res_j_2023=0.0363188	CMS_res_j_2023BPix=0.0335362	CMS_scale_j_2016postVFP=-0.0481012	CMS_scale_j_2016preVFP=-0.0645661	CMS_scale_j_2017=-0.152852	CMS_scale_j_2018=-0.144255	CMS_scale_j_2022=-0.0977801	CMS_scale_j_2022EE=-0.588894	CMS_scale_j_2023=-0.408692	CMS_scale_j_2023BPix=-0.0988483	CMS_scale_m_13TeV=-0.0747498	CMS_scale_m_13p6TeV=-0.215328	QCDscale_fac_ttbar=0.299196	QCDscale_ren_ttbar=17.8462	pdf_alphas=-5.027	r=4.32183
RooFit::Detail::RooFixedProdPdf::model_s[ ]
     getLogVal() top-level p.d.f not greater than zero @ !servers=(modelObs_s = 0)

RooAbsMinimizerFcn: Minimized function has error status.
Returning maximum FCN so far (765.912) to force MIGRAD to back out of this region. Error log follows.
Parameter values: 	CMS_NPS26009_LightJetStat_DY_BJetOS_2016postVFP=0.152726	CMS_NPS26009_LightJetStat_DY_BJetOS_2016preVFP=0.330531	CMS_NPS26009_LightJetStat_DY_BJetOS_2017=0.180037	CMS_NPS26009_LightJetStat_DY_BJetOS_2018=0.927392	CMS_NPS26009_LightJetStat_DY_BJetOS_2022=-1.2234	CMS_NPS26009_LightJetStat_DY_BJetOS_2022EE=-2.56407	CMS_NPS26009_LightJetStat_DY_BJetOS_2023=-0.612171	CMS_NPS26009_LightJetStat_DY_BJetOS_2023BPix=-1.42807	CMS_NPS26009_MCstat_other_BJetOS_2016postVFP=1.71723	CMS_NPS26009_MCstat_other_BJetOS_2016preVFP=-0.0603204	CMS_NPS26009_MCstat_other_BJetOS_2017=-0.0807249	CMS_NPS26009_MCstat_other_BJetOS_2018=0.0649622	CMS_NPS26009_MCstat_other_BJetOS_2022=-0.358926	CMS_NPS26009_MCstat_other_BJetOS_2022EE=-0.422021	CMS_NPS26009_MCstat_other_BJetOS_2023=-0.0817261	CMS_NPS26009_MCstat_other_BJetOS_2023BPix=-0.613399	CMS_NPS26009_MCstat_signal_BJetOS_2016postVFP=-0.665997	CMS_NPS26009_MCstat_signal_BJetOS_2016preVFP=-0.719993	CMS_NPS26009_MCstat_signal_BJetOS_2017=-1.64271	CMS_NPS26009_MCstat_signal_BJetOS_2018=-1.15207	CMS_NPS26009_MCstat_signal_BJetOS_2022=0.0655455	CMS_NPS26009_MCstat_signal_BJetOS_2022EE=1.02197	CMS_NPS26009_MCstat_signal_BJetOS_2023=0.907446	CMS_NPS26009_MCstat_signal_BJetOS_2023BPix=0.413381	CMS_NPS26009_MCstat_singleTop_BJetOS_2016postVFP=0.0088103	CMS_NPS26009_MCstat_singleTop_BJetOS_2016preVFP=-0.0178518	CMS_NPS26009_MCstat_singleTop_BJetOS_2017=-0.100487	CMS_NPS26009_MCstat_singleTop_BJetOS_2018=0.132157	CMS_NPS26009_MCstat_singleTop_BJetOS_2022=-0.559255	CMS_NPS26009_MCstat_singleTop_BJetOS_2022EE=-0.980573	CMS_NPS26009_MCstat_singleTop_BJetOS_2023=-0.187858	CMS_NPS26009_MCstat_singleTop_BJetOS_2023BPix=-0.378479	CMS_NPS26009_MCstat_ttbar_BJetOS_2016postVFP=0.482732	CMS_NPS26009_MCstat_ttbar_BJetOS_2016preVFP=0.542814	CMS_NPS26009_MCstat_ttbar_BJetOS_2017=0.988741	CMS_NPS26009_MCstat_ttbar_BJetOS_2018=0.885758	CMS_NPS26009_MCstat_ttbar_BJetOS_2022=-1.66121	CMS_NPS26009_MCstat_ttbar_BJetOS_2022EE=-3.57451	CMS_NPS26009_MCstat_ttbar_BJetOS_2023=-1.66089	CMS_NPS26009_MCstat_ttbar_BJetOS_2023BPix=-2.89892	CMS_NPS26009_NFModel_DY_BJetOS_13TeV=15.6398	CMS_NPS26009_NFModel_DY_BJetOS_13p6TeV=-22.0995	CMS_NPS26009_NFStat_DY_BJetOS_2016postVFP=0.104482	CMS_NPS26009_NFStat_DY_BJetOS_2016preVFP=0.0821998	CMS_NPS26009_NFStat_DY_BJetOS_2017=0.147005	CMS_NPS26009_NFStat_DY_BJetOS_2018=0.165527	CMS_NPS26009_NFStat_DY_BJetOS_2022=0.0318527	CMS_NPS26009_NFStat_DY_BJetOS_2022EE=0.0559941	CMS_NPS26009_NFStat_DY_BJetOS_2023=0.0397496	CMS_NPS26009_NFStat_DY_BJetOS_2023BPix=0.0410622	CMS_NPS26009_QCDscale_fac_singleTop=-0.117429	CMS_NPS26009_QCDscale_ren_singleTop=1.32028	CMS_NPS26009_bckgNorm_QCD_BJetOS_2016postVFP=-8.90442e-05	CMS_NPS26009_bckgNorm_QCD_BJetOS_2016preVFP=0.593771	CMS_NPS26009_bckgNorm_QCD_BJetOS_2017=-0.515349	CMS_NPS26009_bckgNorm_QCD_BJetOS_2018=0.646763	CMS_NPS26009_bckgNorm_QCD_BJetOS_2022=-0.475469	CMS_NPS26009_bckgNorm_QCD_BJetOS_2022EE=-0.116009	CMS_NPS26009_bckgNorm_QCD_BJetOS_2023=-4.95283	CMS_NPS26009_bckgNorm_QCD_BJetOS_2023BPix=-1.46285	CMS_NPS26009_bckgShape_QCD_BJetOS_2016postVFP=25.3391	CMS_NPS26009_bckgShape_QCD_BJetOS_2016preVFP=30.9091	CMS_NPS26009_bckgShape_QCD_BJetOS_2017=28.9889	CMS_NPS26009_bckgShape_QCD_BJetOS_2018=139.736	CMS_NPS26009_bckgShape_QCD_BJetOS_2022=1.08335	CMS_NPS26009_bckgShape_QCD_BJetOS_2022EE=-5.69622	CMS_NPS26009_bckgShape_QCD_BJetOS_2023=-24.3103	CMS_NPS26009_bckgShape_QCD_BJetOS_2023BPix=-3.46476	CMS_NPS26009_btag_fixedWP_comb_bc_correlated_13TeV=-2.30482	CMS_NPS26009_btag_fixedWP_comb_bc_correlated_13p6TeV=-9.28858	CMS_NPS26009_btag_fixedWP_incl_light_correlated_13TeV=0.707374	CMS_NPS26009_btag_fixedWP_incl_light_correlated_13p6TeV=-1.86475	CMS_NPS26009_eff_m_id_Run2=-0.223616	CMS_NPS26009_eff_m_id_Run3=-0.462618	CMS_NPS26009_eff_m_trigger_2016postVFP=-0.0814928	CMS_NPS26009_eff_m_trigger_2016preVFP=-0.171044	CMS_NPS26009_eff_m_trigger_2017=-0.189665	CMS_NPS26009_eff_m_trigger_2018=-0.0485047	CMS_NPS26009_eff_m_trigger_2022=-0.162807	CMS_NPS26009_eff_m_trigger_2022EE=-0.26868	CMS_NPS26009_eff_m_trigger_2023=-0.0160836	CMS_NPS26009_eff_m_trigger_2023BPix=-0.143084	CMS_NPS26009_lumi_2016=-0.890702	CMS_NPS26009_lumi_2017=-1.73246	CMS_NPS26009_lumi_2018=-0.326138	CMS_NPS26009_lumi_2022=-3.93829	CMS_NPS26009_lumi_2023=-1.07342	CMS_NPS26009_pdf_NNPDF31=-2.67879	CMS_NPS26009_topmass_ttbar_BJetOS=-6.67402	CMS_btag_fixedWP_comb_bc_uncorrelated_2016postVFP=-0.325847	CMS_btag_fixedWP_comb_bc_uncorrelated_2016preVFP=-0.442681	CMS_btag_fixedWP_comb_bc_uncorrelated_2017=-1.24731	CMS_btag_fixedWP_comb_bc_uncorrelated_2018=-0.0541782	CMS_btag_fixedWP_comb_bc_uncorrelated_2022=-1.24645	CMS_btag_fixedWP_comb_bc_uncorrelated_2022EE=-3.08235	CMS_btag_fixedWP_comb_bc_uncorrelated_2023=-0.409573	CMS_btag_fixedWP_comb_bc_uncorrelated_2023BPix=-1.59028	CMS_btag_fixedWP_incl_light_uncorrelated_2016postVFP=0.0598041	CMS_btag_fixedWP_incl_light_uncorrelated_2016preVFP=0.0426231	CMS_btag_fixedWP_incl_light_uncorrelated_2017=0.107389	CMS_btag_fixedWP_incl_light_uncorrelated_2018=0.173295	CMS_btag_fixedWP_incl_light_uncorrelated_2022=-0.0914339	CMS_btag_fixedWP_incl_light_uncorrelated_2022EE=-0.41036	CMS_btag_fixedWP_incl_light_uncorrelated_2023=-0.120098	CMS_btag_fixedWP_incl_light_uncorrelated_2023BPix=-0.148703	CMS_l1_prefiring_2016postVFP=0.275895	CMS_l1_prefiring_2016preVFP=0.390339	CMS_l1_prefiring_2017=0.423782	CMS_l1_prefiring_2018=0.0199058	CMS_pileup_13TeV=0.651509	CMS_pileup_13p6TeV=3.23272	CMS_res_j_2016postVFP=-0.0177207	CMS_res_j_2016preVFP=0.00413813	CMS_res_j_2017=-0.102039	CMS_res_j_2018=-0.0471867	CMS_res_j_2022=0.0524761	CMS_res_j_2022EE=0.154948	CMS_res_j_2023=0.0366888	CMS_res_j_2023BPix=0.178664	CMS_scale_j_2016postVFP=-0.040316	CMS_scale_j_2016preVFP=-0.0719713	CMS_scale_j_2017=-0.199947	CMS_scale_j_2018=-0.037777	CMS_scale_j_2022=-0.45706	CMS_scale_j_2022EE=-1.89223	CMS_scale_j_2023=-0.715414	CMS_scale_j_2023BPix=-0.531203	CMS_scale_m_13TeV=0.12442	CMS_scale_m_13p6TeV=-0.422945	QCDscale_fac_ttbar=-0.832945	QCDscale_ren_ttbar=24.1107	pdf_alphas=-9.00152	r=4.32183
RooFit::Detail::RooFixedProdPdf::model_s[ ]
     getLogVal() top-level p.d.f not greater than zero @ !servers=(modelObs_s = 0)

RooAbsMinimizerFcn: Minimized function has error status.
Returning maximum FCN so far (765.912) to force MIGRAD to back out of this region. Error log follows.
Parameter values: 	CMS_NPS26009_LightJetStat_DY_BJetOS_2016postVFP=0.30102	CMS_NPS26009_LightJetStat_DY_BJetOS_2016preVFP=0.429712	CMS_NPS26009_LightJetStat_DY_BJetOS_2017=-0.0975792	CMS_NPS26009_LightJetStat_DY_BJetOS_2018=0.450859	CMS_NPS26009_LightJetStat_DY_BJetOS_2022=-0.932712	CMS_NPS26009_LightJetStat_DY_BJetOS_2022EE=-1.69874	CMS_NPS26009_LightJetStat_DY_BJetOS_2023=-0.480971	CMS_NPS26009_LightJetStat_DY_BJetOS_2023BPix=-0.953113	CMS_NPS26009_MCstat_other_BJetOS_2016postVFP=1.72672	CMS_NPS26009_MCstat_other_BJetOS_2016preVFP=-0.0273908	CMS_NPS26009_MCstat_other_BJetOS_2017=-0.125125	CMS_NPS26009_MCstat_other_BJetOS_2018=-0.0160369	CMS_NPS26009_MCstat_other_BJetOS_2022=-0.259219	CMS_NPS26009_MCstat_other_BJetOS_2022EE=-0.240787	CMS_NPS26009_MCstat_other_BJetOS_2023=-0.0591379	CMS_NPS26009_MCstat_other_BJetOS_2023BPix=-0.391352	CMS_NPS26009_MCstat_signal_BJetOS_2016postVFP=-0.634062	CMS_NPS26009_MCstat_signal_BJetOS_2016preVFP=-0.686708	CMS_NPS26009_MCstat_signal_BJetOS_2017=-1.59357	CMS_NPS26009_MCstat_signal_BJetOS_2018=-1.12909	CMS_NPS26009_MCstat_signal_BJetOS_2022=0.0709387	CMS_NPS26009_MCstat_signal_BJetOS_2022EE=1.01841	CMS_NPS26009_MCstat_signal_BJetOS_2023=0.875702	CMS_NPS26009_MCstat_signal_BJetOS_2023BPix=0.414799	CMS_NPS26009_MCstat_singleTop_BJetOS_2016postVFP=0.0576488	CMS_NPS26009_MCstat_singleTop_BJetOS_2016preVFP=0.0286026	CMS_NPS26009_MCstat_singleTop_BJetOS_2017=-0.165297	CMS_NPS26009_MCstat_singleTop_BJetOS_2018=0.0168349	CMS_NPS26009_MCstat_singleTop_BJetOS_2022=-0.401611	CMS_NPS26009_MCstat_singleTop_BJetOS_2022EE=-0.59021	CMS_NPS26009_MCstat_singleTop_BJetOS_2023=-0.139789	CMS_NPS26009_MCstat_singleTop_BJetOS_2023BPix=-0.248547	CMS_NPS26009_MCstat_ttbar_BJetOS_2016postVFP=0.611897	CMS_NPS26009_MCstat_ttbar_BJetOS_2016preVFP=0.676683	CMS_NPS26009_MCstat_ttbar_BJetOS_2017=0.751421	CMS_NPS26009_MCstat_ttbar_BJetOS_2018=0.528757	CMS_NPS26009_MCstat_ttbar_BJetOS_2022=-1.21593	CMS_NPS26009_MCstat_ttbar_BJetOS_2022EE=-2.4846	CMS_NPS26009_MCstat_ttbar_BJetOS_2023=-1.45953	CMS_NPS26009_MCstat_ttbar_BJetOS_2023BPix=-2.10843	CMS_NPS26009_NFModel_DY_BJetOS_13TeV=11.333	CMS_NPS26009_NFModel_DY_BJetOS_13p6TeV=-15.2763	CMS_NPS26009_NFStat_DY_BJetOS_2016postVFP=0.0851064	CMS_NPS26009_NFStat_DY_BJetOS_2016preVFP=0.102981	CMS_NPS26009_NFStat_DY_BJetOS_2017=0.107387	CMS_NPS26009_NFStat_DY_BJetOS_2018=0.0794065	CMS_NPS26009_NFStat_DY_BJetOS_2022=0.116098	CMS_NPS26009_NFStat_DY_BJetOS_2022EE=0.077237	CMS_NPS26009_NFStat_DY_BJetOS_2023=0.0463959	CMS_NPS26009_NFStat_DY_BJetOS_2023BPix=0.0618046	CMS_NPS26009_QCDscale_fac_singleTop=-0.1086	CMS_NPS26009_QCDscale_ren_singleTop=1.11208	CMS_NPS26009_bckgNorm_QCD_BJetOS_2016postVFP=0.000422012	CMS_NPS26009_bckgNorm_QCD_BJetOS_2016preVFP=0.57352	CMS_NPS26009_bckgNorm_QCD_BJetOS_2017=-0.755588	CMS_NPS26009_bckgNorm_QCD_BJetOS_2018=0.269428	CMS_NPS26009_bckgNorm_QCD_BJetOS_2022=-0.363878	CMS_NPS26009_bckgNorm_QCD_BJetOS_2022EE=-0.085377	CMS_NPS26009_bckgNorm_QCD_BJetOS_2023=-4.25948	CMS_NPS26009_bckgNorm_QCD_BJetOS_2023BPix=-1.12272	CMS_NPS26009_bckgShape_QCD_BJetOS_2016postVFP=29.19	CMS_NPS26009_bckgShape_QCD_BJetOS_2016preVFP=40.9082	CMS_NPS26009_bckgShape_QCD_BJetOS_2017=-14.2786	CMS_NPS26009_bckgShape_QCD_BJetOS_2018=-0.0997704	CMS_NPS26009_bckgShape_QCD_BJetOS_2022=5.92619	CMS_NPS26009_bckgShape_QCD_BJetOS_2022EE=19.1558	CMS_NPS26009_bckgShape_QCD_BJetOS_2023=60.5289	CMS_NPS26009_bckgShape_QCD_BJetOS_2023BPix=14.8597	CMS_NPS26009_btag_fixedWP_comb_bc_correlated_13TeV=-2.74422	CMS_NPS26009_btag_fixedWP_comb_bc_correlated_13p6TeV=-6.16106	CMS_NPS26009_btag_fixedWP_incl_light_correlated_13TeV=0.52781	CMS_NPS26009_btag_fixedWP_incl_light_correlated_13p6TeV=-1.35479	CMS_NPS26009_eff_m_id_Run2=-0.248245	CMS_NPS26009_eff_m_id_Run3=-0.267583	CMS_NPS26009_eff_m_trigger_2016postVFP=-0.0583025	CMS_NPS26009_eff_m_trigger_2016preVFP=-0.136262	CMS_NPS26009_eff_m_trigger_2017=-0.220587	CMS_NPS26009_eff_m_trigger_2018=-0.107554	CMS_NPS26009_eff_m_trigger_2022=-0.115006	CMS_NPS26009_eff_m_trigger_2022EE=-0.153322	CMS_NPS26009_eff_m_trigger_2023=-0.00299879	CMS_NPS26009_eff_m_trigger_2023BPix=-0.0812793	CMS_NPS26009_lumi_2016=-0.61725	CMS_NPS26009_lumi_2017=-2.18504	CMS_NPS26009_lumi_2018=-1.38026	CMS_NPS26009_lumi_2022=-2.44327	CMS_NPS26009_lumi_2023=-0.642907	CMS_NPS26009_pdf_NNPDF31=-1.82143	CMS_NPS26009_topmass_ttbar_BJetOS=-4.34534	CMS_btag_fixedWP_comb_bc_uncorrelated_2016postVFP=-0.192377	CMS_btag_fixedWP_comb_bc_uncorrelated_2016preVFP=-0.306969	CMS_btag_fixedWP_comb_bc_uncorrelated_2017=-1.58051	CMS_btag_fixedWP_comb_bc_uncorrelated_2018=-0.440909	CMS_btag_fixedWP_comb_bc_uncorrelated_2022=-0.88952	CMS_btag_fixedWP_comb_bc_uncorrelated_2022EE=-1.93061	CMS_btag_fixedWP_comb_bc_uncorrelated_2023=-0.240018	CMS_btag_fixedWP_comb_bc_uncorrelated_2023BPix=-0.954562	CMS_btag_fixedWP_incl_light_uncorrelated_2016postVFP=0.0862475	CMS_btag_fixedWP_incl_light_uncorrelated_2016preVFP=0.05946	CMS_btag_fixedWP_incl_light_uncorrelated_2017=0.0634382	CMS_btag_fixedWP_incl_light_uncorrelated_2018=0.0866319	CMS_btag_fixedWP_incl_light_uncorrelated_2022=-0.0666027	CMS_btag_fixedWP_incl_light_uncorrelated_2022EE=-0.277637	CMS_btag_fixedWP_incl_light_uncorrelated_2023=-0.104402	CMS_btag_fixedWP_incl_light_uncorrelated_2023BPix=-0.105275	CMS_l1_prefiring_2016postVFP=0.156658	CMS_l1_prefiring_2016preVFP=0.281334	CMS_l1_prefiring_2017=0.573243	CMS_l1_prefiring_2018=0.089609	CMS_pileup_13TeV=0.508765	CMS_pileup_13p6TeV=2.52669	CMS_res_j_2016postVFP=-0.0144638	CMS_res_j_2016preVFP=0.00380249	CMS_res_j_2017=-0.0805225	CMS_res_j_2018=-0.0372264	CMS_res_j_2022=0.0384304	CMS_res_j_2022EE=0.0998587	CMS_res_j_2023=0.0279992	CMS_res_j_2023BPix=0.124547	CMS_scale_j_2016postVFP=-0.00538977	CMS_scale_j_2016preVFP=-0.0455725	CMS_scale_j_2017=-0.291187	CMS_scale_j_2018=-0.261717	CMS_scale_j_2022=-0.330805	CMS_scale_j_2022EE=-1.22207	CMS_scale_j_2023=-0.621466	CMS_scale_j_2023BPix=-0.359237	CMS_scale_m_13TeV=0.0776287	CMS_scale_m_13p6TeV=-0.339043	QCDscale_fac_ttbar=-0.547017	QCDscale_ren_ttbar=15.8228	pdf_alphas=-6.18659	r=4.32183
RooFit::Detail::RooFixedProdPdf::model_s[ ]
     getLogVal() top-level p.d.f not greater than zero @ !servers=(modelObs_s = 0)

RooAbsMinimizerFcn: Minimized function has error status.
Returning maximum FCN so far (765.912) to force MIGRAD to back out of this region. Error log follows.
Parameter values: 	CMS_NPS26009_LightJetStat_DY_BJetOS_2016postVFP=0.343951	CMS_NPS26009_LightJetStat_DY_BJetOS_2016preVFP=0.395228	CMS_NPS26009_LightJetStat_DY_BJetOS_2017=-0.00540658	CMS_NPS26009_LightJetStat_DY_BJetOS_2018=0.872384	CMS_NPS26009_LightJetStat_DY_BJetOS_2022=-0.686784	CMS_NPS26009_LightJetStat_DY_BJetOS_2022EE=-1.26321	CMS_NPS26009_LightJetStat_DY_BJetOS_2023=-0.55456	CMS_NPS26009_LightJetStat_DY_BJetOS_2023BPix=-0.632337	CMS_NPS26009_MCstat_other_BJetOS_2016postVFP=1.5928	CMS_NPS26009_MCstat_other_BJetOS_2016preVFP=-0.0175586	CMS_NPS26009_MCstat_other_BJetOS_2017=-0.104517	CMS_NPS26009_MCstat_other_BJetOS_2018=0.0568381	CMS_NPS26009_MCstat_other_BJetOS_2022=-0.180781	CMS_NPS26009_MCstat_other_BJetOS_2022EE=-0.153886	CMS_NPS26009_MCstat_other_BJetOS_2023=-0.0731946	CMS_NPS26009_MCstat_other_BJetOS_2023BPix=-0.250127	CMS_NPS26009_MCstat_signal_BJetOS_2016postVFP=-0.59091	CMS_NPS26009_MCstat_signal_BJetOS_2016preVFP=-0.641538	CMS_NPS26009_MCstat_signal_BJetOS_2017=-1.49053	CMS_NPS26009_MCstat_signal_BJetOS_2018=-1.03664	CMS_NPS26009_MCstat_signal_BJetOS_2022=0.0722115	CMS_NPS26009_MCstat_signal_BJetOS_2022EE=0.969376	CMS_NPS26009_MCstat_signal_BJetOS_2023=0.814817	CMS_NPS26009_MCstat_signal_BJetOS_2023BPix=0.398571	CMS_NPS26009_MCstat_singleTop_BJetOS_2016postVFP=0.0779338	CMS_NPS26009_MCstat_singleTop_BJetOS_2016preVFP=0.0399291	CMS_NPS26009_MCstat_singleTop_BJetOS_2017=-0.136787	CMS_NPS26009_MCstat_singleTop_BJetOS_2018=0.115692	CMS_NPS26009_MCstat_singleTop_BJetOS_2022=-0.277521	CMS_NPS26009_MCstat_singleTop_BJetOS_2022EE=-0.399734	CMS_NPS26009_MCstat_singleTop_BJetOS_2023=-0.168878	CMS_NPS26009_MCstat_singleTop_BJetOS_2023BPix=-0.166685	CMS_NPS26009_MCstat_ttbar_BJetOS_2016postVFP=0.649842	CMS_NPS26009_MCstat_ttbar_BJetOS_2016preVFP=0.697864	CMS_NPS26009_MCstat_ttbar_BJetOS_2017=0.75263	CMS_NPS26009_MCstat_ttbar_BJetOS_2018=0.76705	CMS_NPS26009_MCstat_ttbar_BJetOS_2022=-0.867337	CMS_NPS26009_MCstat_ttbar_BJetOS_2022EE=-1.91048	CMS_NPS26009_MCstat_ttbar_BJetOS_2023=-1.50403	CMS_NPS26009_MCstat_ttbar_BJetOS_2023BPix=-1.60273	CMS_NPS26009_NFModel_DY_BJetOS_13TeV=13.1312	CMS_NPS26009_NFModel_DY_BJetOS_13p6TeV=-11.9798	CMS_NPS26009_NFStat_DY_BJetOS_2016postVFP=0.148194	CMS_NPS26009_NFStat_DY_BJetOS_2016preVFP=0.170929	CMS_NPS26009_NFStat_DY_BJetOS_2017=0.0930292	CMS_NPS26009_NFStat_DY_BJetOS_2018=0.0860269	CMS_NPS26009_NFStat_DY_BJetOS_2022=0.060742	CMS_NPS26009_NFStat_DY_BJetOS_2022EE=0.102296	CMS_NPS26009_NFStat_DY_BJetOS_2023=0.0346516	CMS_NPS26009_NFStat_DY_BJetOS_2023BPix=0.0206349	CMS_NPS26009_QCDscale_fac_singleTop=-0.0665296	CMS_NPS26009_QCDscale_ren_singleTop=0.748148	CMS_NPS26009_bckgNorm_QCD_BJetOS_2016postVFP=0.000615257	CMS_NPS26009_bckgNorm_QCD_BJetOS_2016preVFP=0.484137	CMS_NPS26009_bckgNorm_QCD_BJetOS_2017=-0.639685	CMS_NPS26009_bckgNorm_QCD_BJetOS_2018=0.600836	CMS_NPS26009_bckgNorm_QCD_BJetOS_2022=-0.264164	CMS_NPS26009_bckgNorm_QCD_BJetOS_2022EE=-0.0756932	CMS_NPS26009_bckgNorm_QCD_BJetOS_2023=-4.13351	CMS_NPS26009_bckgNorm_QCD_BJetOS_2023BPix=-0.821562	CMS_NPS26009_bckgShape_QCD_BJetOS_2016postVFP=20.9034	CMS_NPS26009_bckgShape_QCD_BJetOS_2016preVFP=22.0207	CMS_NPS26009_bckgShape_QCD_BJetOS_2017=67.4909	CMS_NPS26009_bckgShape_QCD_BJetOS_2018=98.2248	CMS_NPS26009_bckgShape_QCD_BJetOS_2022=8.48878	CMS_NPS26009_bckgShape_QCD_BJetOS_2022EE=-8.33795	CMS_NPS26009_bckgShape_QCD_BJetOS_2023=28.0159	CMS_NPS26009_bckgShape_QCD_BJetOS_2023BPix=0.639799	CMS_NPS26009_btag_fixedWP_comb_bc_correlated_13TeV=-2.03305	CMS_NPS26009_btag_fixedWP_comb_bc_correlated_13p6TeV=-4.50925	CMS_NPS26009_btag_fixedWP_incl_light_correlated_13TeV=0.68496	CMS_NPS26009_btag_fixedWP_incl_light_correlated_13p6TeV=-1.09984	CMS_NPS26009_eff_m_id_Run2=-0.18725	CMS_NPS26009_eff_m_id_Run3=-0.179906	CMS_NPS26009_eff_m_trigger_2016postVFP=-0.0443459	CMS_NPS26009_eff_m_trigger_2016preVFP=-0.116417	CMS_NPS26009_eff_m_trigger_2017=-0.197476	CMS_NPS26009_eff_m_trigger_2018=-0.0486897	CMS_NPS26009_eff_m_trigger_2022=-0.0781217	CMS_NPS26009_eff_m_trigger_2022EE=-0.0976594	CMS_NPS26009_eff_m_trigger_2023=-0.0155497	CMS_NPS26009_eff_m_trigger_2023BPix=-0.0451041	CMS_NPS26009_lumi_2016=-0.469037	CMS_NPS26009_lumi_2017=-1.92206	CMS_NPS26009_lumi_2018=-0.382927	CMS_NPS26009_lumi_2022=-1.6378	CMS_NPS26009_lumi_2023=-0.524864	CMS_NPS26009_pdf_NNPDF31=-0.689672	CMS_NPS26009_topmass_ttbar_BJetOS=-1.48849	CMS_btag_fixedWP_comb_bc_uncorrelated_2016postVFP=-0.118378	CMS_btag_fixedWP_comb_bc_uncorrelated_2016preVFP=-0.240173	CMS_btag_fixedWP_comb_bc_uncorrelated_2017=-1.38844	CMS_btag_fixedWP_comb_bc_uncorrelated_2018=-0.0811326	CMS_btag_fixedWP_comb_bc_uncorrelated_2022=-0.612997	CMS_btag_fixedWP_comb_bc_uncorrelated_2022EE=-1.3564	CMS_btag_fixedWP_comb_bc_uncorrelated_2023=-0.381254	CMS_btag_fixedWP_comb_bc_uncorrelated_2023BPix=-0.577376	CMS_btag_fixedWP_incl_light_uncorrelated_2016postVFP=0.095994	CMS_btag_fixedWP_incl_light_uncorrelated_2016preVFP=0.0632247	CMS_btag_fixedWP_incl_light_uncorrelated_2017=0.0692242	CMS_btag_fixedWP_incl_light_uncorrelated_2018=0.148887	CMS_btag_fixedWP_incl_light_uncorrelated_2022=-0.0472034	CMS_btag_fixedWP_incl_light_uncorrelated_2022EE=-0.208873	CMS_btag_fixedWP_incl_light_uncorrelated_2023=-0.108836	CMS_btag_fixedWP_incl_light_uncorrelated_2023BPix=-0.0779296	CMS_l1_prefiring_2016postVFP=0.090966	CMS_l1_prefiring_2016preVFP=0.225998	CMS_l1_prefiring_2017=0.496986	CMS_l1_prefiring_2018=0.0238126	CMS_pileup_13TeV=0.405328	CMS_pileup_13p6TeV=2.16346	CMS_res_j_2016postVFP=-0.0122228	CMS_res_j_2016preVFP=0.00349143	CMS_res_j_2017=-0.079745	CMS_res_j_2018=-0.0421283	CMS_res_j_2022=0.0274559	CMS_res_j_2022EE=0.0721	CMS_res_j_2023=0.033685	CMS_res_j_2023BPix=0.0903429	CMS_scale_j_2016postVFP=0.0122353	CMS_scale_j_2016preVFP=-0.0330605	CMS_scale_j_2017=-0.248548	CMS_scale_j_2018=-0.0514101	CMS_scale_j_2022=-0.232339	CMS_scale_j_2022EE=-0.883363	CMS_scale_j_2023=-0.651372	CMS_scale_j_2023BPix=-0.252617	CMS_scale_m_13TeV=0.151341	CMS_scale_m_13p6TeV=-0.329396	QCDscale_fac_ttbar=-0.950531	QCDscale_ren_ttbar=5.12508	pdf_alphas=-3.32445	r=4.32183
RooFit::Detail::RooFixedProdPdf::model_s[ ]
     getLogVal() top-level p.d.f not greater than zero @ !servers=(modelObs_s = 0)

RooAbsMinimizerFcn: Minimized function has error status.
Returning maximum FCN so far (765.912) to force MIGRAD to back out of this region. Error log follows.
Parameter values: 	CMS_NPS26009_LightJetStat_DY_BJetOS_2016postVFP=0.339827	CMS_NPS26009_LightJetStat_DY_BJetOS_2016preVFP=0.34012	CMS_NPS26009_LightJetStat_DY_BJetOS_2017=-0.119493	CMS_NPS26009_LightJetStat_DY_BJetOS_2018=0.814206	CMS_NPS26009_LightJetStat_DY_BJetOS_2022=-0.365977	CMS_NPS26009_LightJetStat_DY_BJetOS_2022EE=-0.798508	CMS_NPS26009_LightJetStat_DY_BJetOS_2023=-0.178316	CMS_NPS26009_LightJetStat_DY_BJetOS_2023BPix=-0.244868	CMS_NPS26009_MCstat_other_BJetOS_2016postVFP=1.25737	CMS_NPS26009_MCstat_other_BJetOS_2016preVFP=-0.00308007	CMS_NPS26009_MCstat_other_BJetOS_2017=-0.112433	CMS_NPS26009_MCstat_other_BJetOS_2018=0.053576	CMS_NPS26009_MCstat_other_BJetOS_2022=-0.083957	CMS_NPS26009_MCstat_other_BJetOS_2022EE=-0.0678729	CMS_NPS26009_MCstat_other_BJetOS_2023=-0.00859815	CMS_NPS26009_MCstat_other_BJetOS_2023BPix=-0.0818741	CMS_NPS26009_MCstat_signal_BJetOS_2016postVFP=-0.509652	CMS_NPS26009_MCstat_signal_BJetOS_2016preVFP=-0.553901	CMS_NPS26009_MCstat_signal_BJetOS_2017=-1.29966	CMS_NPS26009_MCstat_signal_BJetOS_2018=-0.897088	CMS_NPS26009_MCstat_signal_BJetOS_2022=0.0693971	CMS_NPS26009_MCstat_signal_BJetOS_2022EE=0.854365	CMS_NPS26009_MCstat_signal_BJetOS_2023=0.719427	CMS_NPS26009_MCstat_signal_BJetOS_2023BPix=0.356941	CMS_NPS26009_MCstat_singleTop_BJetOS_2016postVFP=0.0884541	CMS_NPS26009_MCstat_singleTop_BJetOS_2016preVFP=0.0543234	CMS_NPS26009_MCstat_singleTop_BJetOS_2017=-0.150418	CMS_NPS26009_MCstat_singleTop_BJetOS_2018=0.105549	CMS_NPS26009_MCstat_singleTop_BJetOS_2022=-0.124045	CMS_NPS26009_MCstat_singleTop_BJetOS_2022EE=-0.206685	CMS_NPS26009_MCstat_singleTop_BJetOS_2023=-0.0309432	CMS_NPS26009_MCstat_singleTop_BJetOS_2023BPix=-0.0694739	CMS_NPS26009_MCstat_ttbar_BJetOS_2016postVFP=0.634545	CMS_NPS26009_MCstat_ttbar_BJetOS_2016preVFP=0.695028	CMS_NPS26009_MCstat_ttbar_BJetOS_2017=0.557957	CMS_NPS26009_MCstat_ttbar_BJetOS_2018=0.666471	CMS_NPS26009_MCstat_ttbar_BJetOS_2022=-0.43473	CMS_NPS26009_MCstat_ttbar_BJetOS_2022EE=-1.2727	CMS_NPS26009_MCstat_ttbar_BJetOS_2023=-0.910275	CMS_NPS26009_MCstat_ttbar_BJetOS_2023BPix=-0.976151	CMS_NPS26009_NFModel_DY_BJetOS_13TeV=10.765	CMS_NPS26009_NFModel_DY_BJetOS_13p6TeV=-6.26272	CMS_NPS26009_NFStat_DY_BJetOS_2016postVFP=0.0836426	CMS_NPS26009_NFStat_DY_BJetOS_2016preVFP=0.120681	CMS_NPS26009_NFStat_DY_BJetOS_2017=0.134435	CMS_NPS26009_NFStat_DY_BJetOS_2018=0.0764567	CMS_NPS26009_NFStat_DY_BJetOS_2022=0.117953	CMS_NPS26009_NFStat_DY_BJetOS_2022EE=0.0613073	CMS_NPS26009_NFStat_DY_BJetOS_2023=0.0893884	CMS_NPS26009_NFStat_DY_BJetOS_2023BPix=0.0970188	CMS_NPS26009_QCDscale_fac_singleTop=-0.0374344	CMS_NPS26009_QCDscale_ren_singleTop=0.4394	CMS_NPS26009_bckgNorm_QCD_BJetOS_2016postVFP=0.000704055	CMS_NPS26009_bckgNorm_QCD_BJetOS_2016preVFP=0.362953	CMS_NPS26009_bckgNorm_QCD_BJetOS_2017=-0.677715	CMS_NPS26009_bckgNorm_QCD_BJetOS_2018=0.558688	CMS_NPS26009_bckgNorm_QCD_BJetOS_2022=-0.129451	CMS_NPS26009_bckgNorm_QCD_BJetOS_2022EE=-0.0680991	CMS_NPS26009_bckgNorm_QCD_BJetOS_2023=-2.39178	CMS_NPS26009_bckgNorm_QCD_BJetOS_2023BPix=-0.381932	CMS_NPS26009_bckgShape_QCD_BJetOS_2016postVFP=3.61541	CMS_NPS26009_bckgShape_QCD_BJetOS_2016preVFP=-21.8976	CMS_NPS26009_bckgShape_QCD_BJetOS_2017=3.04376	CMS_NPS26009_bckgShape_QCD_BJetOS_2018=60.0352	CMS_NPS26009_bckgShape_QCD_BJetOS_2022=6.56411	CMS_NPS26009_bckgShape_QCD_BJetOS_2022EE=-27.2752	CMS_NPS26009_bckgShape_QCD_BJetOS_2023=81.1219	CMS_NPS26009_bckgShape_QCD_BJetOS_2023BPix=15.3829	CMS_NPS26009_btag_fixedWP_comb_bc_correlated_13TeV=-1.81926	CMS_NPS26009_btag_fixedWP_comb_bc_correlated_13p6TeV=-2.20452	CMS_NPS26009_btag_fixedWP_incl_light_correlated_13TeV=0.608162	CMS_NPS26009_btag_fixedWP_incl_light_correlated_13p6TeV=-0.656721	CMS_NPS26009_eff_m_id_Run2=-0.159527	CMS_NPS26009_eff_m_id_Run3=-0.0270091	CMS_NPS26009_eff_m_trigger_2016postVFP=-0.0290698	CMS_NPS26009_eff_m_trigger_2016preVFP=-0.0851872	CMS_NPS26009_eff_m_trigger_2017=-0.18945	CMS_NPS26009_eff_m_trigger_2018=-0.0414761	CMS_NPS26009_eff_m_trigger_2022=-0.0331792	CMS_NPS26009_eff_m_trigger_2022EE=-0.0423729	CMS_NPS26009_eff_m_trigger_2023=0.0227414	CMS_NPS26009_eff_m_trigger_2023BPix=-0.00456937	CMS_NPS26009_lumi_2016=-0.283344	CMS_NPS26009_lumi_2017=-1.91411	CMS_NPS26009_lumi_2018=-0.319972	CMS_NPS26009_lumi_2022=-0.780769	CMS_NPS26009_lumi_2023=-0.0168433	CMS_NPS26009_pdf_NNPDF31=0.163748	CMS_NPS26009_topmass_ttbar_BJetOS=0.702584	CMS_btag_fixedWP_comb_bc_uncorrelated_2016postVFP=-0.0463372	CMS_btag_fixedWP_comb_bc_uncorrelated_2016preVFP=-0.141725	CMS_btag_fixedWP_comb_bc_uncorrelated_2017=-1.38497	CMS_btag_fixedWP_comb_bc_uncorrelated_2018=-0.0657607	CMS_btag_fixedWP_comb_bc_uncorrelated_2022=-0.274301	CMS_btag_fixedWP_comb_bc_uncorrelated_2022EE=-0.760148	CMS_btag_fixedWP_comb_bc_uncorrelated_2023=0.115377	CMS_btag_fixedWP_comb_bc_uncorrelated_2023BPix=-0.147829	CMS_btag_fixedWP_incl_light_uncorrelated_2016postVFP=0.097808	CMS_btag_fixedWP_incl_light_uncorrelated_2016preVFP=0.0653851	CMS_btag_fixedWP_incl_light_uncorrelated_2017=0.0411658	CMS_btag_fixedWP_incl_light_uncorrelated_2018=0.129726	CMS_btag_fixedWP_incl_light_uncorrelated_2022=-0.0232062	CMS_btag_fixedWP_incl_light_uncorrelated_2022EE=-0.133951	CMS_btag_fixedWP_incl_light_uncorrelated_2023=-0.0626325	CMS_btag_fixedWP_incl_light_uncorrelated_2023BPix=-0.0445939	CMS_l1_prefiring_2016postVFP=0.0277327	CMS_l1_prefiring_2016preVFP=0.143288	CMS_l1_prefiring_2017=0.509797	CMS_l1_prefiring_2018=0.0198358	CMS_pileup_13TeV=0.280587	CMS_pileup_13p6TeV=1.4491	CMS_res_j_2016postVFP=-0.00937556	CMS_res_j_2016preVFP=0.00292999	CMS_res_j_2017=-0.0607683	CMS_res_j_2018=-0.0367678	CMS_res_j_2022=0.0138652	CMS_res_j_2022EE=0.0428692	CMS_res_j_2023=0.00810304	CMS_res_j_2023BPix=0.0486297	CMS_scale_j_2016postVFP=0.0266632	CMS_scale_j_2016preVFP=-0.0151842	CMS_scale_j_2017=-0.262173	CMS_scale_j_2018=-0.0404834	CMS_scale_j_2022=-0.110787	CMS_scale_j_2022EE=-0.525421	CMS_scale_j_2023=-0.373718	CMS_scale_j_2023BPix=-0.12487	CMS_scale_m_13TeV=0.154078	CMS_scale_m_13p6TeV=-0.180566	QCDscale_fac_ttbar=-0.943952	QCDscale_ren_ttbar=-2.78815	pdf_alphas=-0.756853	r=4.32183
RooFit::Detail::RooFixedProdPdf::model_s[ ]
     getLogVal() top-level p.d.f not greater than zero @ !servers=(modelObs_s = 0)

RooAbsMinimizerFcn: Minimized function has error status.
Returning maximum FCN so far (765.912) to force MIGRAD to back out of this region. Error log follows.
Parameter values: 	CMS_NPS26009_LightJetStat_DY_BJetOS_2016postVFP=3.02916	CMS_NPS26009_LightJetStat_DY_BJetOS_2016preVFP=3.35705	CMS_NPS26009_LightJetStat_DY_BJetOS_2017=2.14484	CMS_NPS26009_LightJetStat_DY_BJetOS_2018=7.45481	CMS_NPS26009_LightJetStat_DY_BJetOS_2022=-2.33667	CMS_NPS26009_LightJetStat_DY_BJetOS_2022EE=-8.8371	CMS_NPS26009_LightJetStat_DY_BJetOS_2023=3.24597	CMS_NPS26009_LightJetStat_DY_BJetOS_2023BPix=5.89666	CMS_NPS26009_MCstat_other_BJetOS_2016postVFP=-1.17819	CMS_NPS26009_MCstat_other_BJetOS_2016preVFP=2.37471	CMS_NPS26009_MCstat_other_BJetOS_2017=0.965124	CMS_NPS26009_MCstat_other_BJetOS_2018=1.60522	CMS_NPS26009_MCstat_other_BJetOS_2022=-0.994646	CMS_NPS26009_MCstat_other_BJetOS_2022EE=-2.90982	CMS_NPS26009_MCstat_other_BJetOS_2023=0.37157	CMS_NPS26009_MCstat_other_BJetOS_2023BPix=0.15293	CMS_NPS26009_MCstat_signal_BJetOS_2016postVFP=3.3817	CMS_NPS26009_MCstat_signal_BJetOS_2016preVFP=6.24497	CMS_NPS26009_MCstat_signal_BJetOS_2017=1.47104	CMS_NPS26009_MCstat_signal_BJetOS_2018=-9.46011	CMS_NPS26009_MCstat_signal_BJetOS_2022=-3.81484	CMS_NPS26009_MCstat_signal_BJetOS_2022EE=-12.4268	CMS_NPS26009_MCstat_signal_BJetOS_2023=-12.1121	CMS_NPS26009_MCstat_signal_BJetOS_2023BPix=-11.1318	CMS_NPS26009_MCstat_singleTop_BJetOS_2016postVFP=1.38328	CMS_NPS26009_MCstat_singleTop_BJetOS_2016preVFP=2.82745	CMS_NPS26009_MCstat_singleTop_BJetOS_2017=1.21716	CMS_NPS26009_MCstat_singleTop_BJetOS_2018=1.91521	CMS_NPS26009_MCstat_singleTop_BJetOS_2022=-1.55622	CMS_NPS26009_MCstat_singleTop_BJetOS_2022EE=-5.8357	CMS_NPS26009_MCstat_singleTop_BJetOS_2023=0.944319	CMS_NPS26009_MCstat_singleTop_BJetOS_2023BPix=1.43859	CMS_NPS26009_MCstat_ttbar_BJetOS_2016postVFP=-2.92508	CMS_NPS26009_MCstat_ttbar_BJetOS_2016preVFP=-5.84393	CMS_NPS26009_MCstat_ttbar_BJetOS_2017=-5.33794	CMS_NPS26009_MCstat_ttbar_BJetOS_2018=4.49414	CMS_NPS26009_MCstat_ttbar_BJetOS_2022=-0.519233	CMS_NPS26009_MCstat_ttbar_BJetOS_2022EE=-10.1194	CMS_NPS26009_MCstat_ttbar_BJetOS_2023=12.853	CMS_NPS26009_MCstat_ttbar_BJetOS_2023BPix=24.2008	CMS_NPS26009_NFModel_DY_BJetOS_13TeV=-5.24907	CMS_NPS26009_NFModel_DY_BJetOS_13p6TeV=-2.46635	CMS_NPS26009_NFStat_DY_BJetOS_2016postVFP=0.141918	CMS_NPS26009_NFStat_DY_BJetOS_2016preVFP=0.0766084	CMS_NPS26009_NFStat_DY_BJetOS_2017=0.14703	CMS_NPS26009_NFStat_DY_BJetOS_2018=0.0960769	CMS_NPS26009_NFStat_DY_BJetOS_2022=0.119264	CMS_NPS26009_NFStat_DY_BJetOS_2022EE=0.10517	CMS_NPS26009_NFStat_DY_BJetOS_2023=0.0751801	CMS_NPS26009_NFStat_DY_BJetOS_2023BPix=0.0414141	CMS_NPS26009_QCDscale_fac_singleTop=1.35181	CMS_NPS26009_QCDscale_ren_singleTop=-8.31053	CMS_NPS26009_bckgNorm_QCD_BJetOS_2016postVFP=0.0153139	CMS_NPS26009_bckgNorm_QCD_BJetOS_2016preVFP=-3.94481	CMS_NPS26009_bckgNorm_QCD_BJetOS_2017=5.38733	CMS_NPS26009_bckgNorm_QCD_BJetOS_2018=5.86748	CMS_NPS26009_bckgNorm_QCD_BJetOS_2022=-1.30807	CMS_NPS26009_bckgNorm_QCD_BJetOS_2022EE=0.367322	CMS_NPS26009_bckgNorm_QCD_BJetOS_2023=26.7332	CMS_NPS26009_bckgNorm_QCD_BJetOS_2023BPix=6.22966	CMS_NPS26009_bckgShape_QCD_BJetOS_2016postVFP=28.822	CMS_NPS26009_bckgShape_QCD_BJetOS_2016preVFP=-5.91087	CMS_NPS26009_bckgShape_QCD_BJetOS_2017=-6.57094	CMS_NPS26009_bckgShape_QCD_BJetOS_2018=37.5617	CMS_NPS26009_bckgShape_QCD_BJetOS_2022=-4.17425	CMS_NPS26009_bckgShape_QCD_BJetOS_2022EE=14.4886	CMS_NPS26009_bckgShape_QCD_BJetOS_2023=59.3882	CMS_NPS26009_bckgShape_QCD_BJetOS_2023BPix=4.7365	CMS_NPS26009_btag_fixedWP_comb_bc_correlated_13TeV=-4.94242	CMS_NPS26009_btag_fixedWP_comb_bc_correlated_13p6TeV=-31.4975	CMS_NPS26009_btag_fixedWP_incl_light_correlated_13TeV=-1.41057	CMS_NPS26009_btag_fixedWP_incl_light_correlated_13p6TeV=1.9327	CMS_NPS26009_eff_m_id_Run2=-0.135405	CMS_NPS26009_eff_m_id_Run3=-3.42188	CMS_NPS26009_eff_m_trigger_2016postVFP=0.376444	CMS_NPS26009_eff_m_trigger_2016preVFP=1.35436	CMS_NPS26009_eff_m_trigger_2017=-0.512811	CMS_NPS26009_eff_m_trigger_2018=-0.850565	CMS_NPS26009_eff_m_trigger_2022=-0.81311	CMS_NPS26009_eff_m_trigger_2022EE=-2.40743	CMS_NPS26009_eff_m_trigger_2023=-0.595448	CMS_NPS26009_eff_m_trigger_2023BPix=-0.301617	CMS_NPS26009_lumi_2016=5.50685	CMS_NPS26009_lumi_2017=-8.1228	CMS_NPS26009_lumi_2018=-10.1598	CMS_NPS26009_lumi_2022=-27.7842	CMS_NPS26009_lumi_2023=-2.44599	CMS_NPS26009_pdf_NNPDF31=4.6558	CMS_NPS26009_topmass_ttbar_BJetOS=-0.216006	CMS_btag_fixedWP_comb_bc_uncorrelated_2016postVFP=1.45351	CMS_btag_fixedWP_comb_bc_uncorrelated_2016preVFP=3.27848	CMS_btag_fixedWP_comb_bc_uncorrelated_2017=-5.54537	CMS_btag_fixedWP_comb_bc_uncorrelated_2018=-3.13324	CMS_btag_fixedWP_comb_bc_uncorrelated_2022=-4.41588	CMS_btag_fixedWP_comb_bc_uncorrelated_2022EE=-19.0093	CMS_btag_fixedWP_comb_bc_uncorrelated_2023=-4.68274	CMS_btag_fixedWP_comb_bc_uncorrelated_2023BPix=0.0632986	CMS_btag_fixedWP_incl_light_uncorrelated_2016postVFP=-0.448826	CMS_btag_fixedWP_incl_light_uncorrelated_2016preVFP=-0.493041	CMS_btag_fixedWP_incl_light_uncorrelated_2017=-0.791497	CMS_btag_fixedWP_incl_light_uncorrelated_2018=0.777338	CMS_btag_fixedWP_incl_light_uncorrelated_2022=-0.118383	CMS_btag_fixedWP_incl_light_uncorrelated_2022EE=-1.51544	CMS_btag_fixedWP_incl_light_uncorrelated_2023=0.867115	CMS_btag_fixedWP_incl_light_uncorrelated_2023BPix=1.07515	CMS_l1_prefiring_2016postVFP=-1.1362	CMS_l1_prefiring_2016preVFP=-2.86142	CMS_l1_prefiring_2017=2.67821	CMS_l1_prefiring_2018=0.666376	CMS_pileup_13TeV=6.29018	CMS_pileup_13p6TeV=-6.81969	CMS_res_j_2016postVFP=0.0896396	CMS_res_j_2016preVFP=-0.0316406	CMS_res_j_2017=0.397433	CMS_res_j_2018=-0.568506	CMS_res_j_2022=0.0582789	CMS_res_j_2022EE=0.789359	CMS_res_j_2023=0.0239891	CMS_res_j_2023BPix=-1.28881	CMS_scale_j_2016postVFP=0.106987	CMS_scale_j_2016preVFP=0.428887	CMS_scale_j_2017=-1.32107	CMS_scale_j_2018=0.979196	CMS_scale_j_2022=-0.844295	CMS_scale_j_2022EE=-9.8731	CMS_scale_j_2023=4.40851	CMS_scale_j_2023BPix=2.86589	CMS_scale_m_13TeV=1.97246	CMS_scale_m_13p6TeV=1.16694	QCDscale_fac_ttbar=-0.792876	QCDscale_ren_ttbar=-7.46606	pdf_alphas=4.79642	r=-2.83012
RooFit::Detail::RooFixedProdPdf::model_s[ ]
     getLogVal() top-level p.d.f not greater than zero @ !servers=(modelObs_s = 0)

RooAbsMinimizerFcn: Minimized function has error status.
Returning maximum FCN so far (765.912) to force MIGRAD to back out of this region. Error log follows.
Parameter values: 	CMS_NPS26009_LightJetStat_DY_BJetOS_2016postVFP=1.57716	CMS_NPS26009_LightJetStat_DY_BJetOS_2016preVFP=1.81399	CMS_NPS26009_LightJetStat_DY_BJetOS_2017=1.79541	CMS_NPS26009_LightJetStat_DY_BJetOS_2018=4.56531	CMS_NPS26009_LightJetStat_DY_BJetOS_2022=-1.32637	CMS_NPS26009_LightJetStat_DY_BJetOS_2022EE=-5.5569	CMS_NPS26009_LightJetStat_DY_BJetOS_2023=1.61987	CMS_NPS26009_LightJetStat_DY_BJetOS_2023BPix=3.62122	CMS_NPS26009_MCstat_other_BJetOS_2016postVFP=-0.805378	CMS_NPS26009_MCstat_other_BJetOS_2016preVFP=1.5041	CMS_NPS26009_MCstat_other_BJetOS_2017=0.705414	CMS_NPS26009_MCstat_other_BJetOS_2018=0.979315	CMS_NPS26009_MCstat_other_BJetOS_2022=-0.617987	CMS_NPS26009_MCstat_other_BJetOS_2022EE=-1.85086	CMS_NPS26009_MCstat_other_BJetOS_2023=0.186187	CMS_NPS26009_MCstat_other_BJetOS_2023BPix=-0.151652	CMS_NPS26009_MCstat_signal_BJetOS_2016postVFP=2.23765	CMS_NPS26009_MCstat_signal_BJetOS_2016preVFP=4.17932	CMS_NPS26009_MCstat_signal_BJetOS_2017=0.85739	CMS_NPS26009_MCstat_signal_BJetOS_2018=-6.52335	CMS_NPS26009_MCstat_signal_BJetOS_2022=-2.5874	CMS_NPS26009_MCstat_signal_BJetOS_2022EE=-8.3509	CMS_NPS26009_MCstat_signal_BJetOS_2023=-8.12285	CMS_NPS26009_MCstat_signal_BJetOS_2023BPix=-7.50473	CMS_NPS26009_MCstat_singleTop_BJetOS_2016postVFP=0.807065	CMS_NPS26009_MCstat_singleTop_BJetOS_2016preVFP=1.78081	CMS_NPS26009_MCstat_singleTop_BJetOS_2017=0.916459	CMS_NPS26009_MCstat_singleTop_BJetOS_2018=1.21317	CMS_NPS26009_MCstat_singleTop_BJetOS_2022=-0.916978	CMS_NPS26009_MCstat_singleTop_BJetOS_2022EE=-3.74961	CMS_NPS26009_MCstat_singleTop_BJetOS_2023=0.501435	CMS_NPS26009_MCstat_singleTop_BJetOS_2023BPix=0.939873	CMS_NPS26009_MCstat_ttbar_BJetOS_2016postVFP=-2.34662	CMS_NPS26009_MCstat_ttbar_BJetOS_2016preVFP=-4.39173	CMS_NPS26009_MCstat_ttbar_BJetOS_2017=-3.20679	CMS_NPS26009_MCstat_ttbar_BJetOS_2018=2.92167	CMS_NPS26009_MCstat_ttbar_BJetOS_2022=-0.0135135	CMS_NPS26009_MCstat_ttbar_BJetOS_2022EE=-6.42407	CMS_NPS26009_MCstat_ttbar_BJetOS_2023=8.19816	CMS_NPS26009_MCstat_ttbar_BJetOS_2023BPix=16.5566	CMS_NPS26009_NFModel_DY_BJetOS_13TeV=-3.87851	CMS_NPS26009_NFModel_DY_BJetOS_13p6TeV=-3.20591	CMS_NPS26009_NFStat_DY_BJetOS_2016postVFP=0.0604138	CMS_NPS26009_NFStat_DY_BJetOS_2016preVFP=0.0891335	CMS_NPS26009_NFStat_DY_BJetOS_2017=0.102628	CMS_NPS26009_NFStat_DY_BJetOS_2018=0.102767	CMS_NPS26009_NFStat_DY_BJetOS_2022=0.0508104	CMS_NPS26009_NFStat_DY_BJetOS_2022EE=0.0544678	CMS_NPS26009_NFStat_DY_BJetOS_2023=0.0375438	CMS_NPS26009_NFStat_DY_BJetOS_2023BPix=0.0598322	CMS_NPS26009_QCDscale_fac_singleTop=0.734042	CMS_NPS26009_QCDscale_ren_singleTop=-4.68449	CMS_NPS26009_bckgNorm_QCD_BJetOS_2016postVFP=0.00833787	CMS_NPS26009_bckgNorm_QCD_BJetOS_2016preVFP=-2.73973	CMS_NPS26009_bckgNorm_QCD_BJetOS_2017=3.89951	CMS_NPS26009_bckgNorm_QCD_BJetOS_2018=3.70224	CMS_NPS26009_bckgNorm_QCD_BJetOS_2022=-0.872823	CMS_NPS26009_bckgNorm_QCD_BJetOS_2022EE=0.259702	CMS_NPS26009_bckgNorm_QCD_BJetOS_2023=18.7212	CMS_NPS26009_bckgNorm_QCD_BJetOS_2023BPix=4.26104	CMS_NPS26009_bckgShape_QCD_BJetOS_2016postVFP=29.3834	CMS_NPS26009_bckgShape_QCD_BJetOS_2016preVFP=-1.15455	CMS_NPS26009_bckgShape_QCD_BJetOS_2017=47.2802	CMS_NPS26009_bckgShape_QCD_BJetOS_2018=68.5153	CMS_NPS26009_bckgShape_QCD_BJetOS_2022=6.46079	CMS_NPS26009_bckgShape_QCD_BJetOS_2022EE=-27.7584	CMS_NPS26009_bckgShape_QCD_BJetOS_2023=-16.3968	CMS_NPS26009_bckgShape_QCD_BJetOS_2023BPix=3.21493	CMS_NPS26009_btag_fixedWP_comb_bc_correlated_13TeV=-3.88682	CMS_NPS26009_btag_fixedWP_comb_bc_correlated_13p6TeV=-20.2743	CMS_NPS26009_btag_fixedWP_incl_light_correlated_13TeV=-1.12441	CMS_NPS26009_btag_fixedWP_incl_light_correlated_13p6TeV=1.37651	CMS_NPS26009_eff_m_id_Run2=-0.164194	CMS_NPS26009_eff_m_id_Run3=-2.27187	CMS_NPS26009_eff_m_trigger_2016postVFP=0.196097	CMS_NPS26009_eff_m_trigger_2016preVFP=0.824295	CMS_NPS26009_eff_m_trigger_2017=-0.308681	CMS_NPS26009_eff_m_trigger_2018=-0.615755	CMS_NPS26009_eff_m_trigger_2022=-0.518446	CMS_NPS26009_eff_m_trigger_2022EE=-1.57911	CMS_NPS26009_eff_m_trigger_2023=-0.431751	CMS_NPS26009_eff_m_trigger_2023BPix=-0.189317	CMS_NPS26009_lumi_2016=2.99958	CMS_NPS26009_lumi_2017=-4.90243	CMS_NPS26009_lumi_2018=-7.5318	CMS_NPS26009_lumi_2022=-18.1021	CMS_NPS26009_lumi_2023=-1.79195	CMS_NPS26009_pdf_NNPDF31=3.03856	CMS_NPS26009_topmass_ttbar_BJetOS=0.0495767	CMS_btag_fixedWP_comb_bc_uncorrelated_2016postVFP=0.636866	CMS_btag_fixedWP_comb_bc_uncorrelated_2016preVFP=1.84002	CMS_btag_fixedWP_comb_bc_uncorrelated_2017=-3.24351	CMS_btag_fixedWP_comb_bc_uncorrelated_2018=-2.33739	CMS_btag_fixedWP_comb_bc_uncorrelated_2022=-2.72505	CMS_btag_fixedWP_comb_bc_uncorrelated_2022EE=-12.3583	CMS_btag_fixedWP_comb_bc_uncorrelated_2023=-3.52195	CMS_btag_fixedWP_comb_bc_uncorrelated_2023BPix=0.182531	CMS_btag_fixedWP_incl_light_uncorrelated_2016postVFP=-0.379733	CMS_btag_fixedWP_incl_light_uncorrelated_2016preVFP=-0.387812	CMS_btag_fixedWP_incl_light_uncorrelated_2017=-0.466043	CMS_btag_fixedWP_incl_light_uncorrelated_2018=0.495509	CMS_btag_fixedWP_incl_light_uncorrelated_2022=-0.0627842	CMS_btag_fixedWP_incl_light_uncorrelated_2022EE=-0.973838	CMS_btag_fixedWP_incl_light_uncorrelated_2023=0.551502	CMS_btag_fixedWP_incl_light_uncorrelated_2023BPix=0.735205	CMS_l1_prefiring_2016postVFP=-0.457515	CMS_l1_prefiring_2016preVFP=-1.63242	CMS_l1_prefiring_2017=1.59853	CMS_l1_prefiring_2018=0.491377	CMS_pileup_13TeV=4.77962	CMS_pileup_13p6TeV=-4.94363	CMS_res_j_2016postVFP=0.053532	CMS_res_j_2016preVFP=-0.0206129	CMS_res_j_2017=0.223755	CMS_res_j_2018=-0.345882	CMS_res_j_2022=0.0302899	CMS_res_j_2022EE=0.500762	CMS_res_j_2023=0.0348825	CMS_res_j_2023BPix=-0.840874	CMS_scale_j_2016postVFP=-0.0180072	CMS_scale_j_2016preVFP=0.216381	CMS_scale_j_2017=-0.698927	CMS_scale_j_2018=0.531069	CMS_scale_j_2022=-0.473372	CMS_scale_j_2022EE=-6.3913	CMS_scale_j_2023=2.92566	CMS_scale_j_2023BPix=1.90041	CMS_scale_m_13TeV=1.34996	CMS_scale_m_13p6TeV=0.757651	QCDscale_fac_ttbar=-0.586971	QCDscale_ren_ttbar=-5.80925	pdf_alphas=3.89259	r=-2.83012
RooFit::Detail::RooFixedProdPdf::model_s[ ]
     getLogVal() top-level p.d.f not greater than zero @ !servers=(modelObs_s = 0)

RooAbsMinimizerFcn: Minimized function has error status.
Returning maximum FCN so far (765.912) to force MIGRAD to back out of this region. Error log follows.
Parameter values: 	CMS_NPS26009_LightJetStat_DY_BJetOS_2016postVFP=-0.659309	CMS_NPS26009_LightJetStat_DY_BJetOS_2016preVFP=-0.122114	CMS_NPS26009_LightJetStat_DY_BJetOS_2017=1.72277	CMS_NPS26009_LightJetStat_DY_BJetOS_2018=0.380702	CMS_NPS26009_LightJetStat_DY_BJetOS_2022=2.9667	CMS_NPS26009_LightJetStat_DY_BJetOS_2022EE=2.02413	CMS_NPS26009_LightJetStat_DY_BJetOS_2023=0.413309	CMS_NPS26009_LightJetStat_DY_BJetOS_2023BPix=2.71045	CMS_NPS26009_MCstat_other_BJetOS_2016postVFP=-0.00255812	CMS_NPS26009_MCstat_other_BJetOS_2016preVFP=0.965112	CMS_NPS26009_MCstat_other_BJetOS_2017=0.251165	CMS_NPS26009_MCstat_other_BJetOS_2018=-0.674602	CMS_NPS26009_MCstat_other_BJetOS_2022=-0.14512	CMS_NPS26009_MCstat_other_BJetOS_2022EE=1.0502	CMS_NPS26009_MCstat_other_BJetOS_2023=0.0844305	CMS_NPS26009_MCstat_other_BJetOS_2023BPix=10.9136	CMS_NPS26009_MCstat_signal_BJetOS_2016postVFP=-0.57024	CMS_NPS26009_MCstat_signal_BJetOS_2016preVFP=-0.491792	CMS_NPS26009_MCstat_signal_BJetOS_2017=-1.42973	CMS_NPS26009_MCstat_signal_BJetOS_2018=-1.95601	CMS_NPS26009_MCstat_signal_BJetOS_2022=-0.230977	CMS_NPS26009_MCstat_signal_BJetOS_2022EE=0.0999958	CMS_NPS26009_MCstat_signal_BJetOS_2023=-0.0591851	CMS_NPS26009_MCstat_signal_BJetOS_2023BPix=0.0477444	CMS_NPS26009_MCstat_singleTop_BJetOS_2016postVFP=0.173987	CMS_NPS26009_MCstat_singleTop_BJetOS_2016preVFP=1.0355	CMS_NPS26009_MCstat_singleTop_BJetOS_2017=0.1016	CMS_NPS26009_MCstat_singleTop_BJetOS_2018=-0.372019	CMS_NPS26009_MCstat_singleTop_BJetOS_2022=-0.257166	CMS_NPS26009_MCstat_singleTop_BJetOS_2022EE=1.26493	CMS_NPS26009_MCstat_singleTop_BJetOS_2023=-0.118255	CMS_NPS26009_MCstat_singleTop_BJetOS_2023BPix=-2.44702	CMS_NPS26009_MCstat_ttbar_BJetOS_2016postVFP=0.37288	CMS_NPS26009_MCstat_ttbar_BJetOS_2016preVFP=1.57701	CMS_NPS26009_MCstat_ttbar_BJetOS_2017=1.14361	CMS_NPS26009_MCstat_ttbar_BJetOS_2018=-0.335042	CMS_NPS26009_MCstat_ttbar_BJetOS_2022=1.37329	CMS_NPS26009_MCstat_ttbar_BJetOS_2022EE=2.42862	CMS_NPS26009_MCstat_ttbar_BJetOS_2023=-0.514221	CMS_NPS26009_MCstat_ttbar_BJetOS_2023BPix=-13.2984	CMS_NPS26009_NFModel_DY_BJetOS_13TeV=1.63751	CMS_NPS26009_NFModel_DY_BJetOS_13p6TeV=2.26987	CMS_NPS26009_NFStat_DY_BJetOS_2016postVFP=0.0851597	CMS_NPS26009_NFStat_DY_BJetOS_2016preVFP=0.126571	CMS_NPS26009_NFStat_DY_BJetOS_2017=0.115975	CMS_NPS26009_NFStat_DY_BJetOS_2018=0.139713	CMS_NPS26009_NFStat_DY_BJetOS_2022=0.0348816	CMS_NPS26009_NFStat_DY_BJetOS_2022EE=0.0731623	CMS_NPS26009_NFStat_DY_BJetOS_2023=0.113383	CMS_NPS26009_NFStat_DY_BJetOS_2023BPix=0.101634	CMS_NPS26009_QCDscale_fac_singleTop=4.3189	CMS_NPS26009_QCDscale_ren_singleTop=-3.69582	CMS_NPS26009_bckgNorm_QCD_BJetOS_2016postVFP=-0.00297886	CMS_NPS26009_bckgNorm_QCD_BJetOS_2016preVFP=-0.150375	CMS_NPS26009_bckgNorm_QCD_BJetOS_2017=3.31469	CMS_NPS26009_bckgNorm_QCD_BJetOS_2018=2.38076	CMS_NPS26009_bckgNorm_QCD_BJetOS_2022=1.19397	CMS_NPS26009_bckgNorm_QCD_BJetOS_2022EE=0.206087	CMS_NPS26009_bckgNorm_QCD_BJetOS_2023=11.8502	CMS_NPS26009_bckgNorm_QCD_BJetOS_2023BPix=-7.4543	CMS_NPS26009_bckgShape_QCD_BJetOS_2016postVFP=29.9499	CMS_NPS26009_bckgShape_QCD_BJetOS_2016preVFP=8.57499	CMS_NPS26009_bckgShape_QCD_BJetOS_2017=10.9857	CMS_NPS26009_bckgShape_QCD_BJetOS_2018=113.188	CMS_NPS26009_bckgShape_QCD_BJetOS_2022=-3.68161	CMS_NPS26009_bckgShape_QCD_BJetOS_2022EE=-8.63325	CMS_NPS26009_bckgShape_QCD_BJetOS_2023=-43.3384	CMS_NPS26009_bckgShape_QCD_BJetOS_2023BPix=6.28122	CMS_NPS26009_btag_fixedWP_comb_bc_correlated_13TeV=-2.22162	CMS_NPS26009_btag_fixedWP_comb_bc_correlated_13p6TeV=-3.06631	CMS_NPS26009_btag_fixedWP_incl_light_correlated_13TeV=0.525427	CMS_NPS26009_btag_fixedWP_incl_light_correlated_13p6TeV=-1.11439	CMS_NPS26009_eff_m_id_Run2=-0.295692	CMS_NPS26009_eff_m_id_Run3=-0.617872	CMS_NPS26009_eff_m_trigger_2016postVFP=-0.100419	CMS_NPS26009_eff_m_trigger_2016preVFP=0.0642956	CMS_NPS26009_eff_m_trigger_2017=-0.16116	CMS_NPS26009_eff_m_trigger_2018=-0.339832	CMS_NPS26009_eff_m_trigger_2022=0.196737	CMS_NPS26009_eff_m_trigger_2022EE=0.252129	CMS_NPS26009_eff_m_trigger_2023=-0.00635389	CMS_NPS26009_eff_m_trigger_2023BPix=-1.07644	CMS_NPS26009_lumi_2016=-0.0665621	CMS_NPS26009_lumi_2017=-1.65655	CMS_NPS26009_lumi_2018=-5.14384	CMS_NPS26009_lumi_2022=3.73701	CMS_NPS26009_lumi_2023=-5.87873	CMS_NPS26009_pdf_NNPDF31=-1.38607	CMS_NPS26009_topmass_ttbar_BJetOS=0.328918	CMS_btag_fixedWP_comb_bc_uncorrelated_2016postVFP=-0.417497	CMS_btag_fixedWP_comb_bc_uncorrelated_2016preVFP=0.572449	CMS_btag_fixedWP_comb_bc_uncorrelated_2017=0.0233096	CMS_btag_fixedWP_comb_bc_uncorrelated_2018=-1.40782	CMS_btag_fixedWP_comb_bc_uncorrelated_2022=1.43944	CMS_btag_fixedWP_comb_bc_uncorrelated_2022EE=2.88612	CMS_btag_fixedWP_comb_bc_uncorrelated_2023=0.818764	CMS_btag_fixedWP_comb_bc_uncorrelated_2023BPix=-11.7591	CMS_btag_fixedWP_incl_light_uncorrelated_2016postVFP=0.00934611	CMS_btag_fixedWP_incl_light_uncorrelated_2016preVFP=0.152078	CMS_btag_fixedWP_incl_light_uncorrelated_2017=0.118448	CMS_btag_fixedWP_incl_light_uncorrelated_2018=-0.0740189	CMS_btag_fixedWP_incl_light_uncorrelated_2022=0.124948	CMS_btag_fixedWP_incl_light_uncorrelated_2022EE=0.282152	CMS_btag_fixedWP_incl_light_uncorrelated_2023=-0.00395932	CMS_btag_fixedWP_incl_light_uncorrelated_2023BPix=-0.753553	CMS_l1_prefiring_2016postVFP=0.346028	CMS_l1_prefiring_2016preVFP=-0.549331	CMS_l1_prefiring_2017=0.178573	CMS_l1_prefiring_2018=0.28335	CMS_pileup_13TeV=0.456659	CMS_pileup_13p6TeV=0.402992	CMS_res_j_2016postVFP=-0.0191626	CMS_res_j_2016preVFP=0.00211376	CMS_res_j_2017=-0.242021	CMS_res_j_2018=0.108594	CMS_res_j_2022=-0.0986401	CMS_res_j_2022EE=-0.253838	CMS_res_j_2023=-0.0136326	CMS_res_j_2023BPix=0.712155	CMS_scale_j_2016postVFP=0.12863	CMS_scale_j_2016preVFP=-0.00275751	CMS_scale_j_2017=0.290209	CMS_scale_j_2018=-0.640294	CMS_scale_j_2022=0.377255	CMS_scale_j_2022EE=1.68956	CMS_scale_j_2023=1.67556	CMS_scale_j_2023BPix=-1.93935	CMS_scale_m_13TeV=6.84027	CMS_scale_m_13p6TeV=0.915054	QCDscale_fac_ttbar=-0.156006	QCDscale_ren_ttbar=-0.329966	pdf_alphas=3.17115	r=-2.83012
RooFit::Detail::RooFixedProdPdf::model_s[ ]
     getLogVal() top-level p.d.f not greater than zero @ !servers=(modelObs_s = 0)

RooAbsMinimizerFcn: Minimized function has error status.
Returning maximum FCN so far (765.912) to force MIGRAD to back out of this region. Error log follows.
Parameter values: 	CMS_NPS26009_LightJetStat_DY_BJetOS_2016postVFP=-0.715841	CMS_NPS26009_LightJetStat_DY_BJetOS_2016preVFP=-0.181991	CMS_NPS26009_LightJetStat_DY_BJetOS_2017=1.70551	CMS_NPS26009_LightJetStat_DY_BJetOS_2018=0.390605	CMS_NPS26009_LightJetStat_DY_BJetOS_2022=2.93193	CMS_NPS26009_LightJetStat_DY_BJetOS_2022EE=1.95719	CMS_NPS26009_LightJetStat_DY_BJetOS_2023=0.446861	CMS_NPS26009_LightJetStat_DY_BJetOS_2023BPix=2.73611	CMS_NPS26009_MCstat_other_BJetOS_2016postVFP=-0.00241458	CMS_NPS26009_MCstat_other_BJetOS_2016preVFP=0.937314	CMS_NPS26009_MCstat_other_BJetOS_2017=0.250526	CMS_NPS26009_MCstat_other_BJetOS_2018=-0.668989	CMS_NPS26009_MCstat_other_BJetOS_2022=-0.151777	CMS_NPS26009_MCstat_other_BJetOS_2022EE=1.04041	CMS_NPS26009_MCstat_other_BJetOS_2023=0.093787	CMS_NPS26009_MCstat_other_BJetOS_2023BPix=10.5872	CMS_NPS26009_MCstat_signal_BJetOS_2016postVFP=-0.595852	CMS_NPS26009_MCstat_signal_BJetOS_2016preVFP=-0.529077	CMS_NPS26009_MCstat_signal_BJetOS_2017=-1.45564	CMS_NPS26009_MCstat_signal_BJetOS_2018=-1.93336	CMS_NPS26009_MCstat_signal_BJetOS_2022=-0.212368	CMS_NPS26009_MCstat_signal_BJetOS_2022EE=0.167205	CMS_NPS26009_MCstat_signal_BJetOS_2023=0.0080979	CMS_NPS26009_MCstat_signal_BJetOS_2023BPix=0.0945538	CMS_NPS26009_MCstat_singleTop_BJetOS_2016postVFP=0.148639	CMS_NPS26009_MCstat_singleTop_BJetOS_2016preVFP=0.996475	CMS_NPS26009_MCstat_singleTop_BJetOS_2017=0.0986461	CMS_NPS26009_MCstat_singleTop_BJetOS_2018=-0.374598	CMS_NPS26009_MCstat_singleTop_BJetOS_2022=-0.272557	CMS_NPS26009_MCstat_singleTop_BJetOS_2022EE=1.2513	CMS_NPS26009_MCstat_singleTop_BJetOS_2023=-0.101776	CMS_NPS26009_MCstat_singleTop_BJetOS_2023BPix=-2.42581	CMS_NPS26009_MCstat_ttbar_BJetOS_2016postVFP=0.333613	CMS_NPS26009_MCstat_ttbar_BJetOS_2016preVFP=1.52651	CMS_NPS26009_MCstat_ttbar_BJetOS_2017=1.2079	CMS_NPS26009_MCstat_ttbar_BJetOS_2018=-0.305539	CMS_NPS26009_MCstat_ttbar_BJetOS_2022=1.32198	CMS_NPS26009_MCstat_ttbar_BJetOS_2022EE=2.35408	CMS_NPS26009_MCstat_ttbar_BJetOS_2023=-0.496114	CMS_NPS26009_MCstat_ttbar_BJetOS_2023BPix=-13.2138	CMS_NPS26009_NFModel_DY_BJetOS_13TeV=1.53012	CMS_NPS26009_NFModel_DY_BJetOS_13p6TeV=2.15319	CMS_NPS26009_NFStat_DY_BJetOS_2016postVFP=0.119979	CMS_NPS26009_NFStat_DY_BJetOS_2016preVFP=0.124513	CMS_NPS26009_NFStat_DY_BJetOS_2017=0.0992365	CMS_NPS26009_NFStat_DY_BJetOS_2018=0.149906	CMS_NPS26009_NFStat_DY_BJetOS_2022=0.0416544	CMS_NPS26009_NFStat_DY_BJetOS_2022EE=0.0680873	CMS_NPS26009_NFStat_DY_BJetOS_2023=0.036653	CMS_NPS26009_NFStat_DY_BJetOS_2023BPix=0.0943721	CMS_NPS26009_QCDscale_fac_singleTop=4.30781	CMS_NPS26009_QCDscale_ren_singleTop=-3.76778	CMS_NPS26009_bckgNorm_QCD_BJetOS_2016postVFP=-0.00326258	CMS_NPS26009_bckgNorm_QCD_BJetOS_2016preVFP=-0.129144	CMS_NPS26009_bckgNorm_QCD_BJetOS_2017=3.31968	CMS_NPS26009_bckgNorm_QCD_BJetOS_2018=2.38892	CMS_NPS26009_bckgNorm_QCD_BJetOS_2022=1.10146	CMS_NPS26009_bckgNorm_QCD_BJetOS_2022EE=0.201002	CMS_NPS26009_bckgNorm_QCD_BJetOS_2023=11.8426	CMS_NPS26009_bckgNorm_QCD_BJetOS_2023BPix=-7.39866	CMS_NPS26009_bckgShape_QCD_BJetOS_2016postVFP=2.55854	CMS_NPS26009_bckgShape_QCD_BJetOS_2016preVFP=10.1254	CMS_NPS26009_bckgShape_QCD_BJetOS_2017=51.6631	CMS_NPS26009_bckgShape_QCD_BJetOS_2018=73.874	CMS_NPS26009_bckgShape_QCD_BJetOS_2022=-1.98273	CMS_NPS26009_bckgShape_QCD_BJetOS_2022EE=-3.32388	CMS_NPS26009_bckgShape_QCD_BJetOS_2023=33.3065	CMS_NPS26009_bckgShape_QCD_BJetOS_2023BPix=9.90435	CMS_NPS26009_btag_fixedWP_comb_bc_correlated_13TeV=-2.2468	CMS_NPS26009_btag_fixedWP_comb_bc_correlated_13p6TeV=-3.00987	CMS_NPS26009_btag_fixedWP_incl_light_correlated_13TeV=0.530242	CMS_NPS26009_btag_fixedWP_incl_light_correlated_13p6TeV=-1.11557	CMS_NPS26009_eff_m_id_Run2=-0.301962	CMS_NPS26009_eff_m_id_Run3=-0.593202	CMS_NPS26009_eff_m_trigger_2016postVFP=-0.111182	CMS_NPS26009_eff_m_trigger_2016preVFP=0.0420933	CMS_NPS26009_eff_m_trigger_2017=-0.155462	CMS_NPS26009_eff_m_trigger_2018=-0.331423	CMS_NPS26009_eff_m_trigger_2022=0.194466	CMS_NPS26009_eff_m_trigger_2022EE=0.251677	CMS_NPS26009_eff_m_trigger_2023=0.00378488	CMS_NPS26009_eff_m_trigger_2023BPix=-1.05949	CMS_NPS26009_lumi_2016=-0.210883	CMS_NPS26009_lumi_2017=-1.56106	CMS_NPS26009_lumi_2018=-5.00774	CMS_NPS26009_lumi_2022=3.70768	CMS_NPS26009_lumi_2023=-5.7319	CMS_NPS26009_pdf_NNPDF31=-1.40065	CMS_NPS26009_topmass_ttbar_BJetOS=0.338837	CMS_btag_fixedWP_comb_bc_uncorrelated_2016postVFP=-0.476265	CMS_btag_fixedWP_comb_bc_uncorrelated_2016preVFP=0.490708	CMS_btag_fixedWP_comb_bc_uncorrelated_2017=0.0783752	CMS_btag_fixedWP_comb_bc_uncorrelated_2018=-1.35819	CMS_btag_fixedWP_comb_bc_uncorrelated_2022=1.41456	CMS_btag_fixedWP_comb_bc_uncorrelated_2022EE=2.85193	CMS_btag_fixedWP_comb_bc_uncorrelated_2023=0.931548	CMS_btag_fixedWP_comb_bc_uncorrelated_2023BPix=-11.5973	CMS_btag_fixedWP_incl_light_uncorrelated_2016postVFP=0.000403102	CMS_btag_fixedWP_incl_light_uncorrelated_2016preVFP=0.145016	CMS_btag_fixedWP_incl_light_uncorrelated_2017=0.129387	CMS_btag_fixedWP_incl_light_uncorrelated_2018=-0.0669066	CMS_btag_fixedWP_incl_light_uncorrelated_2022=0.122186	CMS_btag_fixedWP_incl_light_uncorrelated_2022EE=0.274865	CMS_btag_fixedWP_incl_light_uncorrelated_2023=-0.00252266	CMS_btag_fixedWP_incl_light_uncorrelated_2023BPix=-0.747038	CMS_l1_prefiring_2016postVFP=0.39765	CMS_l1_prefiring_2016preVFP=-0.481696	CMS_l1_prefiring_2017=0.148351	CMS_l1_prefiring_2018=0.274118	CMS_pileup_13TeV=0.426228	CMS_pileup_13p6TeV=0.300879	CMS_res_j_2016postVFP=-0.0207343	CMS_res_j_2016preVFP=0.00239074	CMS_res_j_2017=-0.244529	CMS_res_j_2018=0.106148	CMS_res_j_2022=-0.0971831	CMS_res_j_2022EE=-0.250793	CMS_res_j_2023=-0.0178866	CMS_res_j_2023BPix=0.697961	CMS_scale_j_2016postVFP=0.118177	CMS_scale_j_2016preVFP=-0.0163804	CMS_scale_j_2017=0.292857	CMS_scale_j_2018=-0.560472	CMS_scale_j_2022=0.365334	CMS_scale_j_2022EE=1.66296	CMS_scale_j_2023=1.67484	CMS_scale_j_2023BPix=-1.90585	CMS_scale_m_13TeV=6.90476	CMS_scale_m_13p6TeV=0.916415	QCDscale_fac_ttbar=-0.15481	QCDscale_ren_ttbar=-0.367419	pdf_alphas=3.06388	r=-2.83012
RooFit::Detail::RooFixedProdPdf::model_s[ ]
     getLogVal() top-level p.d.f not greater than zero @ !servers=(modelObs_s = 0)


 --- MultiDimFit ---
best fit parameter values and profile-likelihood uncertainties: 
   r :   +12.993   -13.175/+7.584 (68%)
Set Range of Parameter r To : (-20,100)
Doing initial fit: 

 --- MultiDimFit ---
best fit parameter values and profile-likelihood uncertainties: 
   r :   +14.963   -8.982/+7.845 (68%)
Set Range of Parameter r To : (-20,100)
Doing initial fit: 

 --- MultiDimFit ---
best fit parameter values and profile-likelihood uncertainties: 
   r :   +11.759   -9.552/+10.084 (68%)
Set Range of Parameter r To : (-20,100)
Doing initial fit: 

 --- MultiDimFit ---
best fit parameter values and profile-likelihood uncertainties: 
   r :    +8.447   -7.672/+7.479 (68%)
Set Range of Parameter r To : (-20,100)
Doing initial fit: 

 --- MultiDimFit ---
best fit parameter values and profile-likelihood uncertainties: 
   r :   +19.145   -9.560/+9.339 (68%)
Set Range of Parameter r To : (-20,100)
Doing initial fit: 

 --- MultiDimFit ---
best fit parameter values and profile-likelihood uncertainties: 
   r :   +12.733   -7.658/+7.295 (68%)
Set Range of Parameter r To : (-20,100)
Doing initial fit: 

 --- MultiDimFit ---
best fit parameter values and profile-likelihood uncertainties: 
   r :   +27.330   -9.436/+10.050 (68%)
Set Range of Parameter r To : (-20,100)
Doing initial fit: 

 --- MultiDimFit ---
best fit parameter values and profile-likelihood uncertainties: 
   r :   +21.826   -8.641/+8.000 (68%)
Set Range of Parameter r To : (-20,100)
Doing initial fit: 

 --- MultiDimFit ---
best fit parameter values and profile-likelihood uncertainties: 
   r :    +8.373   -8.909/+8.155 (68%)
Set Range of Parameter r To : (-20,100)
Doing initial fit: 

 --- MultiDimFit ---
best fit parameter values and profile-likelihood uncertainties: 
   r :   +15.028   -9.235/+8.327 (68%)
Set Range of Parameter r To : (-20,100)
Doing initial fit: 

 --- MultiDimFit ---
best fit parameter values and profile-likelihood uncertainties: 
   r :   +26.094   -9.948/+10.028 (68%)
Set Range of Parameter r To : (-20,100)
Doing initial fit: 

 --- MultiDimFit ---
best fit parameter values and profile-likelihood uncertainties: 
   r :   +27.226   -9.194/+7.806 (68%)
Set Range of Parameter r To : (-20,100)
Doing initial fit: 

 --- MultiDimFit ---
best fit parameter values and profile-likelihood uncertainties: 
   r :    +6.059   -8.459/+7.804 (68%)
Set Range of Parameter r To : (-20,100)
Doing initial fit: 

 --- MultiDimFit ---
best fit parameter values and profile-likelihood uncertainties: 
   r :   +11.491   -9.813/+8.172 (68%)
Set Range of Parameter r To : (-20,100)
Doing initial fit: 

 --- MultiDimFit ---
best fit parameter values and profile-likelihood uncertainties: 
   r :   +12.695   -10.664/+9.086 (68%)
Set Range of Parameter r To : (-20,100)
Doing initial fit: 

 --- MultiDimFit ---
best fit parameter values and profile-likelihood uncertainties: 
   r :    +8.729   -8.568/+7.626 (68%)
Set Range of Parameter r To : (-20,100)
Doing initial fit: 

 --- MultiDimFit ---
best fit parameter values and profile-likelihood uncertainties: 
   r :   +21.491   -8.183/+8.102 (68%)
Set Range of Parameter r To : (-20,100)
Doing initial fit: 

 --- MultiDimFit ---
best fit parameter values and profile-likelihood uncertainties: 
   r :   +14.417   -8.764/+7.123 (68%)
Set Range of Parameter r To : (-20,100)
Doing initial fit: 

 --- MultiDimFit ---
best fit parameter values and profile-likelihood uncertainties: 
   r :   +19.562   -9.666/+10.967 (68%)
Set Range of Parameter r To : (-20,100)
Doing initial fit: 

 --- MultiDimFit ---
best fit parameter values and profile-likelihood uncertainties: 
   r :   +12.079   -7.210/+8.034 (68%)
Set Range of Parameter r To : (-20,100)
Doing initial fit: 

 --- MultiDimFit ---
best fit parameter values and profile-likelihood uncertainties: 
   r :   +18.245   -10.417/+10.234 (68%)
Set Range of Parameter r To : (-20,100)
Doing initial fit: 

 --- MultiDimFit ---
best fit parameter values and profile-likelihood uncertainties: 
   r :   +10.778   -8.338/+7.853 (68%)
Set Range of Parameter r To : (-20,100)
Doing initial fit: 

 --- MultiDimFit ---
best fit parameter values and profile-likelihood uncertainties: 
   r :    +6.001   -10.241/+7.636 (68%)
Set Range of Parameter r To : (-20,100)
Doing initial fit: 

 --- MultiDimFit ---
best fit parameter values and profile-likelihood uncertainties: 
   r :    +3.589   -7.079/+7.483 (68%)
Set Range of Parameter r To : (-20,100)
Doing initial fit: 

 --- MultiDimFit ---
best fit parameter values and profile-likelihood uncertainties: 
   r :   +24.649   -9.472/+8.646 (68%)
Set Range of Parameter r To : (-20,100)
Doing initial fit: 

 --- MultiDimFit ---
best fit parameter values and profile-likelihood uncertainties: 
   r :    -0.659   -9.280/+9.624 (68%)
Set Range of Parameter r To : (-20,100)
Doing initial fit: 

 --- MultiDimFit ---
best fit parameter values and profile-likelihood uncertainties: 
   r :    +9.590   -9.956/+9.659 (68%)
Set Range of Parameter r To : (-20,100)
Doing initial fit: 

 --- MultiDimFit ---
best fit parameter values and profile-likelihood uncertainties: 
   r :   +23.005   -9.525/+10.180 (68%)
Set Range of Parameter r To : (-20,100)
Doing initial fit: 

 --- MultiDimFit ---
best fit parameter values and profile-likelihood uncertainties: 
   r :   +10.547   -8.069/+7.945 (68%)
Set Range of Parameter r To : (-20,100)
Doing initial fit: 

 --- MultiDimFit ---
best fit parameter values and profile-likelihood uncertainties: 
   r :   +13.790   -9.431/+7.682 (68%)
Set Range of Parameter r To : (-20,100)
Doing initial fit: 

 --- MultiDimFit ---
best fit parameter values and profile-likelihood uncertainties: 
   r :   +34.209   -9.589/+10.211 (68%)
Set Range of Parameter r To : (-20,100)
Doing initial fit: 

 --- MultiDimFit ---
best fit parameter values and profile-likelihood uncertainties: 
   r :   +10.194   -8.164/+7.634 (68%)
Set Range of Parameter r To : (-20,100)
Doing initial fit: 

 --- MultiDimFit ---
best fit parameter values and profile-likelihood uncertainties: 
   r :   +19.948   -8.597/+7.858 (68%)
Set Range of Parameter r To : (-20,100)
Doing initial fit: 

 --- MultiDimFit ---
best fit parameter values and profile-likelihood uncertainties: 
   r :   +25.681   -7.194/+7.019 (68%)
Set Range of Parameter r To : (-20,100)
Doing initial fit: 

 --- MultiDimFit ---
best fit parameter values and profile-likelihood uncertainties: 
   r :    +9.578   -8.829/+7.788 (68%)
Set Range of Parameter r To : (-20,100)
Doing initial fit: 

 --- MultiDimFit ---
best fit parameter values and profile-likelihood uncertainties: 
   r :    +3.813   -9.354/+9.225 (68%)
Set Range of Parameter r To : (-20,100)
Doing initial fit: 

 --- MultiDimFit ---
best fit parameter values and profile-likelihood uncertainties: 
   r :   +31.691   -9.331/+8.133 (68%)
Set Range of Parameter r To : (-20,100)
Doing initial fit: 

 --- MultiDimFit ---
best fit parameter values and profile-likelihood uncertainties: 
   r :   +24.478   -8.538/+8.095 (68%)
Set Range of Parameter r To : (-20,100)
Doing initial fit: 

 --- MultiDimFit ---
best fit parameter values and profile-likelihood uncertainties: 
   r :   +19.389   -10.474/+9.798 (68%)
Set Range of Parameter r To : (-20,100)
Doing initial fit: 

 --- MultiDimFit ---
best fit parameter values and profile-likelihood uncertainties: 
   r :    +1.034   -8.961/+7.533 (68%)
Set Range of Parameter r To : (-20,100)
Doing initial fit: 

 --- MultiDimFit ---
best fit parameter values and profile-likelihood uncertainties: 
   r :   +14.720   -9.421/+9.033 (68%)
Set Range of Parameter r To : (-20,100)
Doing initial fit: 

 --- MultiDimFit ---
best fit parameter values and profile-likelihood uncertainties: 
   r :   +12.495   -8.553/+7.835 (68%)
Set Range of Parameter r To : (-20,100)
Doing initial fit: 

 --- MultiDimFit ---
best fit parameter values and profile-likelihood uncertainties: 
   r :   +24.519   -9.504/+8.736 (68%)
Set Range of Parameter r To : (-20,100)
Doing initial fit: 

 --- MultiDimFit ---
best fit parameter values and profile-likelihood uncertainties: 
   r :   +22.129   -12.450/+7.809 (68%)
Set Range of Parameter r To : (-20,100)
Doing initial fit: 

 --- MultiDimFit ---
best fit parameter values and profile-likelihood uncertainties: 
   r :    +7.130   -9.304/+8.884 (68%)
Set Range of Parameter r To : (-20,100)
Doing initial fit: 

 --- MultiDimFit ---
best fit parameter values and profile-likelihood uncertainties: 
   r :   +16.706   -7.338/+6.788 (68%)
Set Range of Parameter r To : (-20,100)
Doing initial fit: 

 --- MultiDimFit ---
best fit parameter values and profile-likelihood uncertainties: 
   r :    +5.969   -8.388/+8.023 (68%)
Set Range of Parameter r To : (-20,100)
Doing initial fit: 

 --- MultiDimFit ---
best fit parameter values and profile-likelihood uncertainties: 
   r :   +22.282   -10.406/+12.051 (68%)
Set Range of Parameter r To : (-20,100)
Doing initial fit: 

 --- MultiDimFit ---
best fit parameter values and profile-likelihood uncertainties: 
   r :   +16.785   -9.740/+9.852 (68%)
Set Range of Parameter r To : (-20,100)
Doing initial fit: 

 --- MultiDimFit ---
best fit parameter values and profile-likelihood uncertainties: 
   r :   +23.630   -9.434/+8.233 (68%)
Set Range of Parameter r To : (-20,100)
Doing initial fit: 

 --- MultiDimFit ---
best fit parameter values and profile-likelihood uncertainties: 
   r :   +16.112   -8.747/+8.019 (68%)
Set Range of Parameter r To : (-20,100)
Doing initial fit: 

 --- MultiDimFit ---
best fit parameter values and profile-likelihood uncertainties: 
   r :   +23.479   -7.105/+7.598 (68%)
Set Range of Parameter r To : (-20,100)
Doing initial fit: 

 --- MultiDimFit ---
best fit parameter values and profile-likelihood uncertainties: 
   r :    +4.818   -8.614/+7.896 (68%)
Set Range of Parameter r To : (-20,100)
Doing initial fit: 

 --- MultiDimFit ---
best fit parameter values and profile-likelihood uncertainties: 
   r :   +15.682   -9.193/+7.761 (68%)
Set Range of Parameter r To : (-20,100)
Doing initial fit: 

 --- MultiDimFit ---
best fit parameter values and profile-likelihood uncertainties: 
   r :    +6.707   -8.562/+7.898 (68%)
Set Range of Parameter r To : (-20,100)
Doing initial fit: 

 --- MultiDimFit ---
best fit parameter values and profile-likelihood uncertainties: 
   r :   +15.479   -7.826/+7.986 (68%)
Set Range of Parameter r To : (-20,100)
Doing initial fit: 

 --- MultiDimFit ---
best fit parameter values and profile-likelihood uncertainties: 
   r :   +18.029   -9.469/+8.333 (68%)
Set Range of Parameter r To : (-20,100)
Doing initial fit: 

 --- MultiDimFit ---
best fit parameter values and profile-likelihood uncertainties: 
   r :    +3.011   -9.462/+8.639 (68%)
Set Range of Parameter r To : (-20,100)
Doing initial fit: 

 --- MultiDimFit ---
best fit parameter values and profile-likelihood uncertainties: 
   r :    +3.961   -9.698/+8.872 (68%)
Set Range of Parameter r To : (-20,100)
Doing initial fit: 

 --- MultiDimFit ---
best fit parameter values and profile-likelihood uncertainties: 
   r :    +4.139   -9.242/+8.492 (68%)
Set Range of Parameter r To : (-20,100)
Doing initial fit: 

 --- MultiDimFit ---
best fit parameter values and profile-likelihood uncertainties: 
   r :   +10.911   -8.181/+7.881 (68%)
Set Range of Parameter r To : (-20,100)
Doing initial fit: 

 --- MultiDimFit ---
best fit parameter values and profile-likelihood uncertainties: 
   r :   +30.320   -9.238/+8.515 (68%)
Set Range of Parameter r To : (-20,100)
Doing initial fit: 

 --- MultiDimFit ---
best fit parameter values and profile-likelihood uncertainties: 
   r :    +8.078   -9.652/+8.867 (68%)
Set Range of Parameter r To : (-20,100)
Doing initial fit: 

 --- MultiDimFit ---
best fit parameter values and profile-likelihood uncertainties: 
   r :    +7.268   -9.213/+9.549 (68%)
Set Range of Parameter r To : (-20,100)
Doing initial fit: 

 --- MultiDimFit ---
best fit parameter values and profile-likelihood uncertainties: 
   r :   +20.227   -9.150/+8.299 (68%)
Set Range of Parameter r To : (-20,100)
Doing initial fit: 

 --- MultiDimFit ---
best fit parameter values and profile-likelihood uncertainties: 
   r :   +28.152   -9.671/+8.339 (68%)
Set Range of Parameter r To : (-20,100)
Doing initial fit: 

 --- MultiDimFit ---
best fit parameter values and profile-likelihood uncertainties: 
   r :    +5.679   -9.501/+10.344 (68%)
Set Range of Parameter r To : (-20,100)
Doing initial fit: 

 --- MultiDimFit ---
best fit parameter values and profile-likelihood uncertainties: 
   r :    +9.785   -9.522/+11.219 (68%)
Set Range of Parameter r To : (-20,100)
Doing initial fit: 

 --- MultiDimFit ---
best fit parameter values and profile-likelihood uncertainties: 
   r :   +14.062   -9.475/+8.187 (68%)
Set Range of Parameter r To : (-20,100)
Doing initial fit: 

 --- MultiDimFit ---
best fit parameter values and profile-likelihood uncertainties: 
   r :   +14.590   -9.354/+9.362 (68%)
Set Range of Parameter r To : (-20,100)
Doing initial fit: 

 --- MultiDimFit ---
best fit parameter values and profile-likelihood uncertainties: 
   r :   +14.977   -7.190/+8.339 (68%)
Set Range of Parameter r To : (-20,100)
Doing initial fit: 

 --- MultiDimFit ---
best fit parameter values and profile-likelihood uncertainties: 
   r :   +17.025   -9.725/+9.628 (68%)
Set Range of Parameter r To : (-20,100)
Doing initial fit: 

 --- MultiDimFit ---
best fit parameter values and profile-likelihood uncertainties: 
   r :   +39.246   -10.145/+9.555 (68%)
Set Range of Parameter r To : (-20,100)
Doing initial fit: 

 --- MultiDimFit ---
best fit parameter values and profile-likelihood uncertainties: 
   r :   +11.065   -10.160/+9.879 (68%)
Set Range of Parameter r To : (-20,100)
Doing initial fit: 

 --- MultiDimFit ---
best fit parameter values and profile-likelihood uncertainties: 
   r :   +14.912   -11.184/+8.484 (68%)
Set Range of Parameter r To : (-20,100)
Doing initial fit: 

 --- MultiDimFit ---
best fit parameter values and profile-likelihood uncertainties: 
   r :   +17.263   -8.522/+7.874 (68%)
Set Range of Parameter r To : (-20,100)
Doing initial fit: 

 --- MultiDimFit ---
best fit parameter values and profile-likelihood uncertainties: 
   r :    -1.497   -10.079/+9.544 (68%)
Set Range of Parameter r To : (-20,100)
Doing initial fit: 

 --- MultiDimFit ---
best fit parameter values and profile-likelihood uncertainties: 
   r :   +19.843   -9.637/+10.214 (68%)
Set Range of Parameter r To : (-20,100)
Doing initial fit: 

 --- MultiDimFit ---
best fit parameter values and profile-likelihood uncertainties: 
   r :   +27.392   -10.121/+9.042 (68%)
Set Range of Parameter r To : (-20,100)
Doing initial fit: 

 --- MultiDimFit ---
best fit parameter values and profile-likelihood uncertainties: 
   r :   +10.620   -7.589/+7.655 (68%)
Set Range of Parameter r To : (-20,100)
Doing initial fit: 

 --- MultiDimFit ---
best fit parameter values and profile-likelihood uncertainties: 
   r :   +15.872   -9.491/+9.626 (68%)
Set Range of Parameter r To : (-20,100)
Doing initial fit: 

 --- MultiDimFit ---
best fit parameter values and profile-likelihood uncertainties: 
   r :   +26.812   -8.924/+7.988 (68%)
Set Range of Parameter r To : (-20,100)
Doing initial fit: 

 --- MultiDimFit ---
best fit parameter values and profile-likelihood uncertainties: 
   r :    +7.801   -9.797/+7.768 (68%)
Set Range of Parameter r To : (-20,100)
Doing initial fit: 

 --- MultiDimFit ---
best fit parameter values and profile-likelihood uncertainties: 
   r :    +8.825   -8.519/+7.733 (68%)
Set Range of Parameter r To : (-20,100)
Doing initial fit: 

 --- MultiDimFit ---
best fit parameter values and profile-likelihood uncertainties: 
   r :   +26.371   -7.672/+8.072 (68%)
Set Range of Parameter r To : (-20,100)
Doing initial fit: 

 --- MultiDimFit ---
best fit parameter values and profile-likelihood uncertainties: 
   r :   +12.762   -9.961/+10.422 (68%)
Set Range of Parameter r To : (-20,100)
Doing initial fit: 

 --- MultiDimFit ---
best fit parameter values and profile-likelihood uncertainties: 
   r :   +17.987   -9.807/+10.204 (68%)
Set Range of Parameter r To : (-20,100)
Doing initial fit: 

 --- MultiDimFit ---
best fit parameter values and profile-likelihood uncertainties: 
   r :    -1.712   -9.760/+9.827 (68%)
Set Range of Parameter r To : (-20,100)
Doing initial fit: 

 --- MultiDimFit ---
best fit parameter values and profile-likelihood uncertainties: 
   r :    +0.787   -8.619/+7.375 (68%)
Set Range of Parameter r To : (-20,100)
Doing initial fit: 

 --- MultiDimFit ---
best fit parameter values and profile-likelihood uncertainties: 
   r :   +24.232   -9.908/+8.060 (68%)
Set Range of Parameter r To : (-20,100)
Doing initial fit: 

 --- MultiDimFit ---
best fit parameter values and profile-likelihood uncertainties: 
   r :   +11.885   -7.140/+7.925 (68%)
Set Range of Parameter r To : (-20,100)
Doing initial fit: 

 --- MultiDimFit ---
best fit parameter values and profile-likelihood uncertainties: 
   r :   +11.824   -7.762/+7.990 (68%)
Set Range of Parameter r To : (-20,100)
Doing initial fit: 

 --- MultiDimFit ---
best fit parameter values and profile-likelihood uncertainties: 
   r :    +9.769   -10.049/+9.569 (68%)
Set Range of Parameter r To : (-20,100)
Doing initial fit: 

 --- MultiDimFit ---
best fit parameter values and profile-likelihood uncertainties: 
   r :   +10.195   -9.482/+9.418 (68%)
Set Range of Parameter r To : (-20,100)
Doing initial fit: 

 --- MultiDimFit ---
best fit parameter values and profile-likelihood uncertainties: 
   r :   +12.849   -9.566/+10.528 (68%)
Set Range of Parameter r To : (-20,100)
Doing initial fit: 

 --- MultiDimFit ---
best fit parameter values and profile-likelihood uncertainties: 
   r :    +0.910   -10.686/+8.918 (68%)
Set Range of Parameter r To : (-20,100)
Doing initial fit: 

 --- MultiDimFit ---
best fit parameter values and profile-likelihood uncertainties: 
   r :   +15.337   -8.534/+7.915 (68%)
Set Range of Parameter r To : (-20,100)
Doing initial fit: 

 --- MultiDimFit ---
best fit parameter values and profile-likelihood uncertainties: 
   r :   +26.162   -9.362/+8.274 (68%)
Set Range of Parameter r To : (-20,100)
Doing initial fit: 

 --- MultiDimFit ---
best fit parameter values and profile-likelihood uncertainties: 
   r :   +37.627   -9.883/+8.028 (68%)
Set Range of Parameter r To : (-20,100)
Doing initial fit: 

 --- MultiDimFit ---
best fit parameter values and profile-likelihood uncertainties: 
   r :   +20.979   -9.726/+9.130 (68%)
Set Range of Parameter r To : (-20,100)
Doing initial fit: 

 --- MultiDimFit ---
best fit parameter values and profile-likelihood uncertainties: 
   r :    +1.611   -8.454/+7.811 (68%)
Set Range of Parameter r To : (-20,100)
Doing initial fit: 

 --- MultiDimFit ---
best fit parameter values and profile-likelihood uncertainties: 
   r :   +16.787   -10.459/+7.885 (68%)
Set Range of Parameter r To : (-20,100)
Doing initial fit: 

 --- MultiDimFit ---
best fit parameter values and profile-likelihood uncertainties: 
   r :    +5.888   -7.845/+7.801 (68%)
Set Range of Parameter r To : (-20,100)
Doing initial fit: 

 --- MultiDimFit ---
best fit parameter values and profile-likelihood uncertainties: 
   r :   +14.574   -8.991/+7.921 (68%)
Set Range of Parameter r To : (-20,100)
Doing initial fit: 

 --- MultiDimFit ---
best fit parameter values and profile-likelihood uncertainties: 
   r :    +6.205   -7.424/+8.053 (68%)
Set Range of Parameter r To : (-20,100)
Doing initial fit: 

 --- MultiDimFit ---
best fit parameter values and profile-likelihood uncertainties: 
   r :   +32.506   -9.877/+8.020 (68%)
Set Range of Parameter r To : (-20,100)
Doing initial fit: 

 --- MultiDimFit ---
best fit parameter values and profile-likelihood uncertainties: 
   r :   +16.485   -7.518/+7.877 (68%)
Set Range of Parameter r To : (-20,100)
Doing initial fit: 

 --- MultiDimFit ---
best fit parameter values and profile-likelihood uncertainties: 
   r :   +12.581   -9.175/+8.635 (68%)
Set Range of Parameter r To : (-20,100)
Doing initial fit: 

 --- MultiDimFit ---
best fit parameter values and profile-likelihood uncertainties: 
   r :    +6.815   -10.213/+9.726 (68%)
Set Range of Parameter r To : (-20,100)
Doing initial fit: 

 --- MultiDimFit ---
best fit parameter values and profile-likelihood uncertainties: 
   r :   +10.521   -9.368/+9.009 (68%)
Set Range of Parameter r To : (-20,100)
Doing initial fit: 

 --- MultiDimFit ---
best fit parameter values and profile-likelihood uncertainties: 
   r :   +29.990   -7.709/+8.245 (68%)
Set Range of Parameter r To : (-20,100)
Doing initial fit: 

 --- MultiDimFit ---
best fit parameter values and profile-likelihood uncertainties: 
   r :    +8.982   -8.571/+7.945 (68%)
Set Range of Parameter r To : (-20,100)
Doing initial fit: 

 --- MultiDimFit ---
best fit parameter values and profile-likelihood uncertainties: 
   r :   +14.977   -8.842/+8.027 (68%)
Set Range of Parameter r To : (-20,100)
Doing initial fit: 

 --- MultiDimFit ---
best fit parameter values and profile-likelihood uncertainties: 
   r :   +18.444   -7.743/+7.966 (68%)
Set Range of Parameter r To : (-20,100)
Doing initial fit: 

 --- MultiDimFit ---
best fit parameter values and profile-likelihood uncertainties: 
   r :   +14.908   -8.380/+7.938 (68%)
Set Range of Parameter r To : (-20,100)
Doing initial fit: 

 --- MultiDimFit ---
best fit parameter values and profile-likelihood uncertainties: 
   r :    +5.587   -10.409/+9.823 (68%)
Set Range of Parameter r To : (-20,100)
Doing initial fit: 

 --- MultiDimFit ---
best fit parameter values and profile-likelihood uncertainties: 
   r :    +2.423   -9.030/+7.676 (68%)
Set Range of Parameter r To : (-20,100)
Doing initial fit: 

 --- MultiDimFit ---
best fit parameter values and profile-likelihood uncertainties: 
   r :   +10.225   -9.635/+10.323 (68%)
Set Range of Parameter r To : (-20,100)
Doing initial fit: 

 --- MultiDimFit ---
best fit parameter values and profile-likelihood uncertainties: 
   r :   +26.656   -9.474/+8.419 (68%)
Set Range of Parameter r To : (-20,100)
Doing initial fit: 

 --- MultiDimFit ---
best fit parameter values and profile-likelihood uncertainties: 
   r :   +26.346   -8.953/+8.122 (68%)
Set Range of Parameter r To : (-20,100)
Doing initial fit: 

 --- MultiDimFit ---
best fit parameter values and profile-likelihood uncertainties: 
   r :   +16.721   -11.965/+7.494 (68%)
Set Range of Parameter r To : (-20,100)
Doing initial fit: 

 --- MultiDimFit ---
best fit parameter values and profile-likelihood uncertainties: 
   r :   +11.942   -6.670/+7.055 (68%)
Set Range of Parameter r To : (-20,100)
Doing initial fit: 

 --- MultiDimFit ---
best fit parameter values and profile-likelihood uncertainties: 
   r :   +23.733   -7.863/+7.556 (68%)
Set Range of Parameter r To : (-20,100)
Doing initial fit: 

 --- MultiDimFit ---
best fit parameter values and profile-likelihood uncertainties: 
   r :   +13.454   -9.466/+7.598 (68%)
Set Range of Parameter r To : (-20,100)
Doing initial fit: 

 

 ---------------------------

 WARNING: MultiDimFit failed

 ---------------------------

 
Set Range of Parameter r To : (-20,100)
Doing initial fit: 

 --- MultiDimFit ---
best fit parameter values and profile-likelihood uncertainties: 
   r :    +0.359   -10.093/+10.249 (68%)
Set Range of Parameter r To : (-20,100)
Doing initial fit: 

 --- MultiDimFit ---
best fit parameter values and profile-likelihood uncertainties: 
   r :   +19.359   -8.071/+7.922 (68%)
Set Range of Parameter r To : (-20,100)
Doing initial fit: 

 --- MultiDimFit ---
best fit parameter values and profile-likelihood uncertainties: 
   r :   +29.045   -9.261/+8.454 (68%)
Set Range of Parameter r To : (-20,100)
Doing initial fit: 

 --- MultiDimFit ---
best fit parameter values and profile-likelihood uncertainties: 
   r :   +18.225   -10.272/+9.792 (68%)
Set Range of Parameter r To : (-20,100)
Doing initial fit: 

 --- MultiDimFit ---
best fit parameter values and profile-likelihood uncertainties: 
   r :    +7.363   -7.947/+7.707 (68%)
Set Range of Parameter r To : (-20,100)
Doing initial fit: 

 --- MultiDimFit ---
best fit parameter values and profile-likelihood uncertainties: 
   r :   +23.721   -11.134/+7.763 (68%)
Set Range of Parameter r To : (-20,100)
Doing initial fit: 

 --- MultiDimFit ---
best fit parameter values and profile-likelihood uncertainties: 
   r :   +13.165   -8.637/+7.756 (68%)
Set Range of Parameter r To : (-20,100)
Doing initial fit: 

 --- MultiDimFit ---
best fit parameter values and profile-likelihood uncertainties: 
   r :   +19.632   -7.157/+7.553 (68%)
Set Range of Parameter r To : (-20,100)
Doing initial fit: 

 --- MultiDimFit ---
best fit parameter values and profile-likelihood uncertainties: 
   r :   +26.189   -7.505/+7.906 (68%)
Set Range of Parameter r To : (-20,100)
Doing initial fit: 

 --- MultiDimFit ---
best fit parameter values and profile-likelihood uncertainties: 
   r :   +29.246   -9.524/+7.703 (68%)
Set Range of Parameter r To : (-20,100)
Doing initial fit: 

 --- MultiDimFit ---
best fit parameter values and profile-likelihood uncertainties: 
   r :   +14.577   -6.816/+7.212 (68%)
Set Range of Parameter r To : (-20,100)
Doing initial fit: 

 --- MultiDimFit ---
best fit parameter values and profile-likelihood uncertainties: 
   r :   +13.807   -9.684/+9.404 (68%)
Set Range of Parameter r To : (-20,100)
Doing initial fit: 

 --- MultiDimFit ---
best fit parameter values and profile-likelihood uncertainties: 
   r :   +14.581   -8.014/+7.960 (68%)
Set Range of Parameter r To : (-20,100)
Doing initial fit: 

 --- MultiDimFit ---
best fit parameter values and profile-likelihood uncertainties: 
   r :   +16.567   -9.336/+8.944 (68%)
Set Range of Parameter r To : (-20,100)
Doing initial fit: 

 --- MultiDimFit ---
best fit parameter values and profile-likelihood uncertainties: 
   r :   +20.962   -9.747/+9.054 (68%)
Set Range of Parameter r To : (-20,100)
Doing initial fit: 

 --- MultiDimFit ---
best fit parameter values and profile-likelihood uncertainties: 
   r :   +27.161   -7.281/+7.539 (68%)
Set Range of Parameter r To : (-20,100)
Doing initial fit: 

 --- MultiDimFit ---
best fit parameter values and profile-likelihood uncertainties: 
   r :   +21.581   -9.146/+8.147 (68%)
Set Range of Parameter r To : (-20,100)
Doing initial fit: 

 --- MultiDimFit ---
best fit parameter values and profile-likelihood uncertainties: 
   r :   +18.889   -8.516/+7.241 (68%)
Set Range of Parameter r To : (-20,100)
Doing initial fit: 

 --- MultiDimFit ---
best fit parameter values and profile-likelihood uncertainties: 
   r :   +13.680   -8.508/+7.793 (68%)
Set Range of Parameter r To : (-20,100)
Doing initial fit: 

 --- MultiDimFit ---
best fit parameter values and profile-likelihood uncertainties: 
   r :   +27.522   -9.895/+10.841 (68%)
Set Range of Parameter r To : (-20,100)
Doing initial fit: 

 --- MultiDimFit ---
best fit parameter values and profile-likelihood uncertainties: 
   r :   +25.060   -9.358/+7.773 (68%)
Set Range of Parameter r To : (-20,100)
Doing initial fit: 

 --- MultiDimFit ---
best fit parameter values and profile-likelihood uncertainties: 
   r :   +12.624   -14.085/+6.788 (68%)
Set Range of Parameter r To : (-20,100)
Doing initial fit: 

 --- MultiDimFit ---
best fit parameter values and profile-likelihood uncertainties: 
   r :   +11.995   -9.072/+8.265 (68%)
Set Range of Parameter r To : (-20,100)
Doing initial fit: 

 --- MultiDimFit ---
best fit parameter values and profile-likelihood uncertainties: 
   r :   +25.598   -9.281/+8.415 (68%)
Set Range of Parameter r To : (-20,100)
Doing initial fit: 

 --- MultiDimFit ---
best fit parameter values and profile-likelihood uncertainties: 
   r :   +18.513   -9.514/+8.972 (68%)
Set Range of Parameter r To : (-20,100)
Doing initial fit: 

 --- MultiDimFit ---
best fit parameter values and profile-likelihood uncertainties: 
   r :   +14.918   -10.258/+10.202 (68%)
Set Range of Parameter r To : (-20,100)
Doing initial fit: 

 --- MultiDimFit ---
best fit parameter values and profile-likelihood uncertainties: 
   r :   +16.742   -9.227/+7.841 (68%)
Set Range of Parameter r To : (-20,100)
Doing initial fit: 

 --- MultiDimFit ---
best fit parameter values and profile-likelihood uncertainties: 
   r :   +10.901   -8.647/+8.046 (68%)
Set Range of Parameter r To : (-20,100)
Doing initial fit: 

 --- MultiDimFit ---
best fit parameter values and profile-likelihood uncertainties: 
   r :    -0.171   -9.979/+10.204 (68%)
Set Range of Parameter r To : (-20,100)
Doing initial fit: 

 --- MultiDimFit ---
best fit parameter values and profile-likelihood uncertainties: 
   r :   +16.087   -9.661/+8.242 (68%)
Set Range of Parameter r To : (-20,100)
Doing initial fit: 

 --- MultiDimFit ---
best fit parameter values and profile-likelihood uncertainties: 
   r :   +24.264   -10.747/+9.883 (68%)
Set Range of Parameter r To : (-20,100)
Doing initial fit: 

 --- MultiDimFit ---
best fit parameter values and profile-likelihood uncertainties: 
   r :    +2.890   -8.571/+7.838 (68%)
Set Range of Parameter r To : (-20,100)
Doing initial fit: 

 --- MultiDimFit ---
best fit parameter values and profile-likelihood uncertainties: 
   r :   +19.031   -9.244/+8.503 (68%)
Set Range of Parameter r To : (-20,100)
Doing initial fit: 

 --- MultiDimFit ---
best fit parameter values and profile-likelihood uncertainties: 
   r :   +18.886   -8.533/+7.450 (68%)
Set Range of Parameter r To : (-20,100)
Doing initial fit: 

 --- MultiDimFit ---
best fit parameter values and profile-likelihood uncertainties: 
   r :   +28.219   -9.852/+9.891 (68%)
Set Range of Parameter r To : (-20,100)
Doing initial fit: 

 --- MultiDimFit ---
best fit parameter values and profile-likelihood uncertainties: 
   r :   +12.251   -10.222/+10.060 (68%)
Set Range of Parameter r To : (-20,100)
Doing initial fit: 

 --- MultiDimFit ---
best fit parameter values and profile-likelihood uncertainties: 
   r :   +15.805   -8.176/+7.724 (68%)
Set Range of Parameter r To : (-20,100)
Doing initial fit: 

 --- MultiDimFit ---
best fit parameter values and profile-likelihood uncertainties: 
   r :   +24.794   -9.359/+9.258 (68%)
Set Range of Parameter r To : (-20,100)
Doing initial fit: 

 --- MultiDimFit ---
best fit parameter values and profile-likelihood uncertainties: 
   r :    +8.907   -9.165/+7.827 (68%)
Set Range of Parameter r To : (-20,100)
Doing initial fit: 

 --- MultiDimFit ---
best fit parameter values and profile-likelihood uncertainties: 
   r :    -1.820   -9.514/+9.478 (68%)
Set Range of Parameter r To : (-20,100)
Doing initial fit: 

 --- MultiDimFit ---
best fit parameter values and profile-likelihood uncertainties: 
   r :   +20.000   -9.773/+9.139 (68%)
Set Range of Parameter r To : (-20,100)
Doing initial fit: 

 --- MultiDimFit ---
best fit parameter values and profile-likelihood uncertainties: 
   r :    +7.561   -8.737/+7.969 (68%)
Set Range of Parameter r To : (-20,100)
Doing initial fit: 

 --- MultiDimFit ---
best fit parameter values and profile-likelihood uncertainties: 
   r :   +12.369   -8.235/+7.273 (68%)
Set Range of Parameter r To : (-20,100)
Doing initial fit: 

 --- MultiDimFit ---
best fit parameter values and profile-likelihood uncertainties: 
   r :   +14.805   -6.845/+8.094 (68%)
Set Range of Parameter r To : (-20,100)
Doing initial fit: 

 --- MultiDimFit ---
best fit parameter values and profile-likelihood uncertainties: 
   r :   +10.892   -9.017/+8.238 (68%)
Set Range of Parameter r To : (-20,100)
Doing initial fit: 

 --- MultiDimFit ---
best fit parameter values and profile-likelihood uncertainties: 
   r :   +11.654   -9.567/+10.307 (68%)
Set Range of Parameter r To : (-20,100)
Doing initial fit: 

 --- MultiDimFit ---
best fit parameter values and profile-likelihood uncertainties: 
   r :   +12.939   -9.140/+8.713 (68%)
Set Range of Parameter r To : (-20,100)
Doing initial fit: 

 --- MultiDimFit ---
best fit parameter values and profile-likelihood uncertainties: 
   r :   +11.528   -9.453/+7.908 (68%)
Set Range of Parameter r To : (-20,100)
Doing initial fit: 

 --- MultiDimFit ---
best fit parameter values and profile-likelihood uncertainties: 
   r :   +18.931   -9.729/+10.679 (68%)
Set Range of Parameter r To : (-20,100)
Doing initial fit: 

 --- MultiDimFit ---
best fit parameter values and profile-likelihood uncertainties: 
   r :   +14.809   -8.573/+7.998 (68%)
Set Range of Parameter r To : (-20,100)
Doing initial fit: 

 --- MultiDimFit ---
best fit parameter values and profile-likelihood uncertainties: 
   r :   +14.893   -8.861/+7.976 (68%)
Set Range of Parameter r To : (-20,100)
Doing initial fit: 

 --- MultiDimFit ---
best fit parameter values and profile-likelihood uncertainties: 
   r :   +28.536   -8.185/+8.168 (68%)
Set Range of Parameter r To : (-20,100)
Doing initial fit: 

 --- MultiDimFit ---
best fit parameter values and profile-likelihood uncertainties: 
   r :    +3.941   -9.578/+9.231 (68%)
Set Range of Parameter r To : (-20,100)
Doing initial fit: 

 --- MultiDimFit ---
best fit parameter values and profile-likelihood uncertainties: 
   r :    +8.595   -9.823/+7.833 (68%)
Set Range of Parameter r To : (-20,100)
Doing initial fit: 

 --- MultiDimFit ---
best fit parameter values and profile-likelihood uncertainties: 
   r :   +16.048   -9.874/+8.541 (68%)
Set Range of Parameter r To : (-20,100)
Doing initial fit: 

 --- MultiDimFit ---
best fit parameter values and profile-likelihood uncertainties: 
   r :   +23.748   -10.201/+9.680 (68%)
Set Range of Parameter r To : (-20,100)
Doing initial fit: 

 --- MultiDimFit ---
best fit parameter values and profile-likelihood uncertainties: 
   r :   +21.488   -10.315/+10.123 (68%)
Set Range of Parameter r To : (-20,100)
Doing initial fit: 

 

 ---------------------------

 WARNING: MultiDimFit failed

 ---------------------------

 
Set Range of Parameter r To : (-20,100)
Doing initial fit: 

 --- MultiDimFit ---
best fit parameter values and profile-likelihood uncertainties: 
   r :   +17.386   -8.182/+7.866 (68%)
Set Range of Parameter r To : (-20,100)
Doing initial fit: 

 --- MultiDimFit ---
best fit parameter values and profile-likelihood uncertainties: 
   r :   +13.315   -10.160/+9.546 (68%)
Set Range of Parameter r To : (-20,100)
Doing initial fit: 

 --- MultiDimFit ---
best fit parameter values and profile-likelihood uncertainties: 
   r :    +4.317   -8.108/+8.077 (68%)
Set Range of Parameter r To : (-20,100)
Doing initial fit: 

 --- MultiDimFit ---
best fit parameter values and profile-likelihood uncertainties: 
   r :   +26.965   -10.046/+10.728 (68%)
Set Range of Parameter r To : (-20,100)
Doing initial fit: 

 --- MultiDimFit ---
best fit parameter values and profile-likelihood uncertainties: 
   r :   +13.279   -10.609/+9.611 (68%)
Set Range of Parameter r To : (-20,100)
Doing initial fit: 

 --- MultiDimFit ---
best fit parameter values and profile-likelihood uncertainties: 
   r :   +29.159   -9.707/+8.433 (68%)
Set Range of Parameter r To : (-20,100)
Doing initial fit: 

 --- MultiDimFit ---
best fit parameter values and profile-likelihood uncertainties: 
   r :   +14.159   -10.366/+9.410 (68%)
Set Range of Parameter r To : (-20,100)
Doing initial fit: 

 --- MultiDimFit ---
best fit parameter values and profile-likelihood uncertainties: 
   r :   +36.555   -9.251/+8.146 (68%)
Set Range of Parameter r To : (-20,100)
Doing initial fit: 

 --- MultiDimFit ---
best fit parameter values and profile-likelihood uncertainties: 
   r :    +5.468   -7.724/+8.043 (68%)
Set Range of Parameter r To : (-20,100)
Doing initial fit: 

 --- MultiDimFit ---
best fit parameter values and profile-likelihood uncertainties: 
   r :    +8.401   -9.354/+8.512 (68%)
Set Range of Parameter r To : (-20,100)
Doing initial fit: 

 --- MultiDimFit ---
best fit parameter values and profile-likelihood uncertainties: 
   r :   +16.666   -9.401/+10.212 (68%)
Set Range of Parameter r To : (-20,100)
Doing initial fit: 

 --- MultiDimFit ---
best fit parameter values and profile-likelihood uncertainties: 
   r :   +24.350   -9.955/+9.955 (68%)
Set Range of Parameter r To : (-20,100)
Doing initial fit: 

 --- MultiDimFit ---
best fit parameter values and profile-likelihood uncertainties: 
   r :   +11.909   -9.470/+9.967 (68%)
Set Range of Parameter r To : (-20,100)
Doing initial fit: 

 --- MultiDimFit ---
best fit parameter values and profile-likelihood uncertainties: 
   r :   +18.063   -9.223/+8.273 (68%)
Set Range of Parameter r To : (-20,100)
Doing initial fit: 

 --- MultiDimFit ---
best fit parameter values and profile-likelihood uncertainties: 
   r :    +5.756   -9.723/+10.198 (68%)
Set Range of Parameter r To : (-20,100)
Doing initial fit: 

 --- MultiDimFit ---
best fit parameter values and profile-likelihood uncertainties: 
   r :   +13.330   -9.832/+9.524 (68%)
Set Range of Parameter r To : (-20,100)
Doing initial fit: 

 

 ---------------------------

 WARNING: MultiDimFit failed

 ---------------------------

 
Set Range of Parameter r To : (-20,100)
Doing initial fit: 

 --- MultiDimFit ---
best fit parameter values and profile-likelihood uncertainties: 
   r :   +13.957   -8.275/+7.702 (68%)
Set Range of Parameter r To : (-20,100)
Doing initial fit: 

 --- MultiDimFit ---
best fit parameter values and profile-likelihood uncertainties: 
   r :    +3.133   -9.298/+8.059 (68%)
Set Range of Parameter r To : (-20,100)
Doing initial fit: 

 --- MultiDimFit ---
best fit parameter values and profile-likelihood uncertainties: 
   r :   +11.105   -8.801/+7.998 (68%)
Set Range of Parameter r To : (-20,100)
Doing initial fit: 

 --- MultiDimFit ---
best fit parameter values and profile-likelihood uncertainties: 
   r :   +16.168   -9.091/+9.033 (68%)
Set Range of Parameter r To : (-20,100)
Doing initial fit: 

 --- MultiDimFit ---
best fit parameter values and profile-likelihood uncertainties: 
   r :   +15.299   -9.401/+8.411 (68%)
Set Range of Parameter r To : (-20,100)
Doing initial fit: 

 --- MultiDimFit ---
best fit parameter values and profile-likelihood uncertainties: 
   r :   +19.994   -10.085/+9.281 (68%)
Set Range of Parameter r To : (-20,100)
Doing initial fit: 

 --- MultiDimFit ---
best fit parameter values and profile-likelihood uncertainties: 
   r :   +11.332   -7.667/+7.912 (68%)
Set Range of Parameter r To : (-20,100)
Doing initial fit: 

 --- MultiDimFit ---
best fit parameter values and profile-likelihood uncertainties: 
   r :   +10.415   -9.465/+8.056 (68%)
Set Range of Parameter r To : (-20,100)
Doing initial fit: 

 --- MultiDimFit ---
best fit parameter values and profile-likelihood uncertainties: 
   r :   +23.179   -9.437/+9.480 (68%)
Set Range of Parameter r To : (-20,100)
Doing initial fit: 

 --- MultiDimFit ---
best fit parameter values and profile-likelihood uncertainties: 
   r :   +20.778   -8.271/+7.609 (68%)
Set Range of Parameter r To : (-20,100)
Doing initial fit: 

 --- MultiDimFit ---
best fit parameter values and profile-likelihood uncertainties: 
   r :   +25.953   -9.685/+10.589 (68%)
Set Range of Parameter r To : (-20,100)
Doing initial fit: 

 --- MultiDimFit ---
best fit parameter values and profile-likelihood uncertainties: 
   r :   +23.558   -9.311/+8.988 (68%)
Set Range of Parameter r To : (-20,100)
Doing initial fit: 

 --- MultiDimFit ---
best fit parameter values and profile-likelihood uncertainties: 
   r :   +29.642   -11.430/+7.737 (68%)
Set Range of Parameter r To : (-20,100)
Doing initial fit: 

 --- MultiDimFit ---
best fit parameter values and profile-likelihood uncertainties: 
   r :    -3.803   -9.968/+10.138 (68%)
Set Range of Parameter r To : (-20,100)
Doing initial fit: 

 --- MultiDimFit ---
best fit parameter values and profile-likelihood uncertainties: 
   r :   +18.924   -9.391/+8.683 (68%)
Set Range of Parameter r To : (-20,100)
Doing initial fit: 

 --- MultiDimFit ---
best fit parameter values and profile-likelihood uncertainties: 
   r :   +10.168   -9.466/+10.301 (68%)
Set Range of Parameter r To : (-20,100)
Doing initial fit: 

 --- MultiDimFit ---
best fit parameter values and profile-likelihood uncertainties: 
   r :   +27.366   -9.512/+10.506 (68%)
Set Range of Parameter r To : (-20,100)
Doing initial fit: 

 --- MultiDimFit ---
best fit parameter values and profile-likelihood uncertainties: 
   r :   +10.557   -9.768/+9.464 (68%)
Set Range of Parameter r To : (-20,100)
Doing initial fit: 

 --- MultiDimFit ---
best fit parameter values and profile-likelihood uncertainties: 
   r :   +15.263   -9.689/+10.281 (68%)
Set Range of Parameter r To : (-20,100)
Doing initial fit: 

 --- MultiDimFit ---
best fit parameter values and profile-likelihood uncertainties: 
   r :   +31.839   -8.657/+8.075 (68%)
Set Range of Parameter r To : (-20,100)
Doing initial fit: 

 --- MultiDimFit ---
best fit parameter values and profile-likelihood uncertainties: 
   r :    +1.058   -8.652/+7.830 (68%)
Set Range of Parameter r To : (-20,100)
Doing initial fit: 

 --- MultiDimFit ---
best fit parameter values and profile-likelihood uncertainties: 
   r :    +8.581   -9.202/+8.264 (68%)
Set Range of Parameter r To : (-20,100)
Doing initial fit: 

 --- MultiDimFit ---
best fit parameter values and profile-likelihood uncertainties: 
   r :   +18.518   -9.207/+9.164 (68%)
Set Range of Parameter r To : (-20,100)
Doing initial fit: 

 --- MultiDimFit ---
best fit parameter values and profile-likelihood uncertainties: 
   r :   +22.739   -9.679/+8.922 (68%)
Set Range of Parameter r To : (-20,100)
Doing initial fit: 

 --- MultiDimFit ---
best fit parameter values and profile-likelihood uncertainties: 
   r :   +14.608   -10.294/+10.278 (68%)
Set Range of Parameter r To : (-20,100)
Doing initial fit: 

 --- MultiDimFit ---
best fit parameter values and profile-likelihood uncertainties: 
   r :   +17.648   -8.927/+8.039 (68%)
Set Range of Parameter r To : (-20,100)
Doing initial fit: 

 --- MultiDimFit ---
best fit parameter values and profile-likelihood uncertainties: 
   r :   +17.941   -11.657/+7.745 (68%)
Set Range of Parameter r To : (-20,100)
Doing initial fit: 

 --- MultiDimFit ---
best fit parameter values and profile-likelihood uncertainties: 
   r :    +3.542   -9.541/+8.238 (68%)
Set Range of Parameter r To : (-20,100)
Doing initial fit: 

 --- MultiDimFit ---
best fit parameter values and profile-likelihood uncertainties: 
   r :   +30.503   -7.187/+7.731 (68%)
Set Range of Parameter r To : (-20,100)
Doing initial fit: 

 --- MultiDimFit ---
best fit parameter values and profile-likelihood uncertainties: 
   r :   +31.786   -9.919/+9.737 (68%)
Set Range of Parameter r To : (-20,100)
Doing initial fit: 

 --- MultiDimFit ---
best fit parameter values and profile-likelihood uncertainties: 
   r :    +2.084   -10.724/+8.947 (68%)
Set Range of Parameter r To : (-20,100)
Doing initial fit: 

 --- MultiDimFit ---
best fit parameter values and profile-likelihood uncertainties: 
   r :   +12.345   -10.176/+9.909 (68%)
Set Range of Parameter r To : (-20,100)
Doing initial fit: 

 --- MultiDimFit ---
best fit parameter values and profile-likelihood uncertainties: 
   r :    +2.008   -9.386/+9.391 (68%)
Set Range of Parameter r To : (-20,100)
Doing initial fit: 

 --- MultiDimFit ---
best fit parameter values and profile-likelihood uncertainties: 
   r :   +21.531   -8.064/+7.795 (68%)
Set Range of Parameter r To : (-20,100)
Doing initial fit: 

 --- MultiDimFit ---
best fit parameter values and profile-likelihood uncertainties: 
   r :   +16.702   -6.869/+8.443 (68%)
Set Range of Parameter r To : (-20,100)
Doing initial fit: 

 --- MultiDimFit ---
best fit parameter values and profile-likelihood uncertainties: 
   r :    +4.915   -8.575/+7.810 (68%)
Set Range of Parameter r To : (-20,100)
Doing initial fit: 

 --- MultiDimFit ---
best fit parameter values and profile-likelihood uncertainties: 
   r :   +12.548   -9.563/+10.831 (68%)
Set Range of Parameter r To : (-20,100)
Doing initial fit: 

 --- MultiDimFit ---
best fit parameter values and profile-likelihood uncertainties: 
   r :   +20.005   -8.310/+7.937 (68%)
Set Range of Parameter r To : (-20,100)
Doing initial fit: 

 --- MultiDimFit ---
best fit parameter values and profile-likelihood uncertainties: 
   r :   +16.680   -8.958/+7.848 (68%)
Set Range of Parameter r To : (-20,100)
Doing initial fit: 

 --- MultiDimFit ---
best fit parameter values and profile-likelihood uncertainties: 
   r :   +10.601   -9.678/+8.314 (68%)
Set Range of Parameter r To : (-20,100)
Doing initial fit: 

 --- MultiDimFit ---
best fit parameter values and profile-likelihood uncertainties: 
   r :   +25.583   -8.490/+7.918 (68%)
Set Range of Parameter r To : (-20,100)
Doing initial fit: 

 --- MultiDimFit ---
best fit parameter values and profile-likelihood uncertainties: 
   r :    +7.465   -8.230/+7.971 (68%)
Set Range of Parameter r To : (-20,100)
Doing initial fit: 

 --- MultiDimFit ---
best fit parameter values and profile-likelihood uncertainties: 
   r :   +32.601   -9.739/+10.149 (68%)
Set Range of Parameter r To : (-20,100)
Doing initial fit: 

 --- MultiDimFit ---
best fit parameter values and profile-likelihood uncertainties: 
   r :   +20.643   -12.065/+7.660 (68%)
Set Range of Parameter r To : (-20,100)
Doing initial fit: 

 --- MultiDimFit ---
best fit parameter values and profile-likelihood uncertainties: 
   r :   +39.629   -9.838/+8.175 (68%)
Set Range of Parameter r To : (-20,100)
Doing initial fit: 

 --- MultiDimFit ---
best fit parameter values and profile-likelihood uncertainties: 
   r :   +15.473   -7.991/+7.409 (68%)
Set Range of Parameter r To : (-20,100)
Doing initial fit: 

 --- MultiDimFit ---
best fit parameter values and profile-likelihood uncertainties: 
   r :   +19.464   -9.407/+9.059 (68%)
Set Range of Parameter r To : (-20,100)
Doing initial fit: 

 --- MultiDimFit ---
best fit parameter values and profile-likelihood uncertainties: 
   r :   +26.508   -9.161/+8.136 (68%)
Set Range of Parameter r To : (-20,100)
Doing initial fit: 
RooAbsMinimizerFcn: Minimized function has error status.
Returning maximum FCN so far (176.764) to force MIGRAD to back out of this region. Error log follows.
Parameter values: 	CMS_NPS26009_LightJetStat_DY_BJetOS_2016postVFP=-0.449799	CMS_NPS26009_LightJetStat_DY_BJetOS_2016preVFP=-0.116451	CMS_NPS26009_LightJetStat_DY_BJetOS_2017=-1.73186	CMS_NPS26009_LightJetStat_DY_BJetOS_2018=-1.29109	CMS_NPS26009_LightJetStat_DY_BJetOS_2022=-0.516111	CMS_NPS26009_LightJetStat_DY_BJetOS_2022EE=-1.61192	CMS_NPS26009_LightJetStat_DY_BJetOS_2023=-1.32022	CMS_NPS26009_LightJetStat_DY_BJetOS_2023BPix=-1.48856	CMS_NPS26009_MCstat_other_BJetOS_2016postVFP=-1.20457	CMS_NPS26009_MCstat_other_BJetOS_2016preVFP=0.0181752	CMS_NPS26009_MCstat_other_BJetOS_2017=-0.277312	CMS_NPS26009_MCstat_other_BJetOS_2018=-0.269108	CMS_NPS26009_MCstat_other_BJetOS_2022=-0.193032	CMS_NPS26009_MCstat_other_BJetOS_2022EE=-0.35163	CMS_NPS26009_MCstat_other_BJetOS_2023=-0.114677	CMS_NPS26009_MCstat_other_BJetOS_2023BPix=-0.172867	CMS_NPS26009_MCstat_signal_BJetOS_2016postVFP=-0.186487	CMS_NPS26009_MCstat_signal_BJetOS_2016preVFP=-0.49558	CMS_NPS26009_MCstat_signal_BJetOS_2017=-0.834653	CMS_NPS26009_MCstat_signal_BJetOS_2018=-1.80329	CMS_NPS26009_MCstat_signal_BJetOS_2022=-0.051696	CMS_NPS26009_MCstat_signal_BJetOS_2022EE=-1.13295	CMS_NPS26009_MCstat_signal_BJetOS_2023=-1.37817	CMS_NPS26009_MCstat_signal_BJetOS_2023BPix=-1.20156	CMS_NPS26009_MCstat_singleTop_BJetOS_2016postVFP=-0.0984821	CMS_NPS26009_MCstat_singleTop_BJetOS_2016preVFP=-0.0022566	CMS_NPS26009_MCstat_singleTop_BJetOS_2017=-0.43473	CMS_NPS26009_MCstat_singleTop_BJetOS_2018=-0.352689	CMS_NPS26009_MCstat_singleTop_BJetOS_2022=-0.33592	CMS_NPS26009_MCstat_singleTop_BJetOS_2022EE=-0.850417	CMS_NPS26009_MCstat_singleTop_BJetOS_2023=-0.221311	CMS_NPS26009_MCstat_singleTop_BJetOS_2023BPix=-0.0324225	CMS_NPS26009_MCstat_ttbar_BJetOS_2016postVFP=-0.58899	CMS_NPS26009_MCstat_ttbar_BJetOS_2016preVFP=0.0380038	CMS_NPS26009_MCstat_ttbar_BJetOS_2017=-1.54587	CMS_NPS26009_MCstat_ttbar_BJetOS_2018=-0.854879	CMS_NPS26009_MCstat_ttbar_BJetOS_2022=-1.20169	CMS_NPS26009_MCstat_ttbar_BJetOS_2022EE=-1.80502	CMS_NPS26009_MCstat_ttbar_BJetOS_2023=0.468504	CMS_NPS26009_MCstat_ttbar_BJetOS_2023BPix=1.61568	CMS_NPS26009_NFModel_DY_BJetOS_13TeV=-26.8938	CMS_NPS26009_NFModel_DY_BJetOS_13p6TeV=-17.8485	CMS_NPS26009_NFStat_DY_BJetOS_2016postVFP=0.131705	CMS_NPS26009_NFStat_DY_BJetOS_2016preVFP=0.148969	CMS_NPS26009_NFStat_DY_BJetOS_2017=0.131882	CMS_NPS26009_NFStat_DY_BJetOS_2018=0.11202	CMS_NPS26009_NFStat_DY_BJetOS_2022=0.100311	CMS_NPS26009_NFStat_DY_BJetOS_2022EE=0.0486325	CMS_NPS26009_NFStat_DY_BJetOS_2023=0.106788	CMS_NPS26009_NFStat_DY_BJetOS_2023BPix=0.108405	CMS_NPS26009_QCDscale_fac_singleTop=-0.132718	CMS_NPS26009_QCDscale_ren_singleTop=1.61073	CMS_NPS26009_bckgNorm_QCD_BJetOS_2016postVFP=-0.00137054	CMS_NPS26009_bckgNorm_QCD_BJetOS_2016preVFP=-0.265269	CMS_NPS26009_bckgNorm_QCD_BJetOS_2017=-1.51802	CMS_NPS26009_bckgNorm_QCD_BJetOS_2018=-1.10106	CMS_NPS26009_bckgNorm_QCD_BJetOS_2022=-0.215629	CMS_NPS26009_bckgNorm_QCD_BJetOS_2022EE=-0.217189	CMS_NPS26009_bckgNorm_QCD_BJetOS_2023=-0.694413	CMS_NPS26009_bckgNorm_QCD_BJetOS_2023BPix=0.0262083	CMS_NPS26009_bckgShape_QCD_BJetOS_2016postVFP=0.136839	CMS_NPS26009_bckgShape_QCD_BJetOS_2016preVFP=-20.7613	CMS_NPS26009_bckgShape_QCD_BJetOS_2017=96.15	CMS_NPS26009_bckgShape_QCD_BJetOS_2018=142.387	CMS_NPS26009_bckgShape_QCD_BJetOS_2022=0.284077	CMS_NPS26009_bckgShape_QCD_BJetOS_2022EE=-29.1137	CMS_NPS26009_bckgShape_QCD_BJetOS_2023=24.8043	CMS_NPS26009_bckgShape_QCD_BJetOS_2023BPix=8.05458	CMS_NPS26009_btag_fixedWP_comb_bc_correlated_13TeV=-7.69183	CMS_NPS26009_btag_fixedWP_comb_bc_correlated_13p6TeV=-6.85818	CMS_NPS26009_btag_fixedWP_incl_light_correlated_13TeV=-1.20712	CMS_NPS26009_btag_fixedWP_incl_light_correlated_13p6TeV=-0.437021	CMS_NPS26009_eff_m_id_Run2=-0.636092	CMS_NPS26009_eff_m_id_Run3=-0.602703	CMS_NPS26009_eff_m_trigger_2016postVFP=-0.114879	CMS_NPS26009_eff_m_trigger_2016preVFP=-0.168775	CMS_NPS26009_eff_m_trigger_2017=-0.448217	CMS_NPS26009_eff_m_trigger_2018=-0.477652	CMS_NPS26009_eff_m_trigger_2022=-0.132618	CMS_NPS26009_eff_m_trigger_2022EE=-0.317049	CMS_NPS26009_eff_m_trigger_2023=-0.157909	CMS_NPS26009_eff_m_trigger_2023BPix=-0.096483	CMS_NPS26009_lumi_2016=-1.22138	CMS_NPS26009_lumi_2017=-5.75271	CMS_NPS26009_lumi_2018=-7.38481	CMS_NPS26009_lumi_2022=-3.90692	CMS_NPS26009_lumi_2023=-1.25446	CMS_NPS26009_pdf_NNPDF31=-4.547	CMS_NPS26009_topmass_ttbar_BJetOS=-11.4891	CMS_btag_fixedWP_comb_bc_uncorrelated_2016postVFP=-0.632943	CMS_btag_fixedWP_comb_bc_uncorrelated_2016preVFP=-0.507167	CMS_btag_fixedWP_comb_bc_uncorrelated_2017=-4.2034	CMS_btag_fixedWP_comb_bc_uncorrelated_2018=-2.63224	CMS_btag_fixedWP_comb_bc_uncorrelated_2022=-0.988622	CMS_btag_fixedWP_comb_bc_uncorrelated_2022EE=-2.66238	CMS_btag_fixedWP_comb_bc_uncorrelated_2023=-1.60897	CMS_btag_fixedWP_comb_bc_uncorrelated_2023BPix=-0.62293	CMS_btag_fixedWP_incl_light_uncorrelated_2016postVFP=-0.116705	CMS_btag_fixedWP_incl_light_uncorrelated_2016preVFP=-0.0100266	CMS_btag_fixedWP_incl_light_uncorrelated_2017=-0.32706	CMS_btag_fixedWP_incl_light_uncorrelated_2018=-0.275633	CMS_btag_fixedWP_incl_light_uncorrelated_2022=-0.0658285	CMS_btag_fixedWP_incl_light_uncorrelated_2022EE=-0.249407	CMS_btag_fixedWP_incl_light_uncorrelated_2023=0.0160631	CMS_btag_fixedWP_incl_light_uncorrelated_2023BPix=0.0738393	CMS_l1_prefiring_2016postVFP=0.559444	CMS_l1_prefiring_2016preVFP=0.406385	CMS_l1_prefiring_2017=1.78173	CMS_l1_prefiring_2018=0.492404	CMS_pileup_13TeV=0.051652	CMS_pileup_13p6TeV=0.200439	CMS_res_j_2016postVFP=-0.0197356	CMS_res_j_2016preVFP=0.00277273	CMS_res_j_2017=0.116245	CMS_res_j_2018=-0.0135226	CMS_res_j_2022=0.0377426	CMS_res_j_2022EE=0.100818	CMS_res_j_2023=0.0543104	CMS_res_j_2023BPix=-0.0983307	CMS_scale_j_2016postVFP=-0.143727	CMS_scale_j_2016preVFP=-0.110831	CMS_scale_j_2017=-1.0812	CMS_scale_j_2018=-1.29561	CMS_scale_j_2022=-0.343078	CMS_scale_j_2022EE=-1.43649	CMS_scale_j_2023=-0.0917865	CMS_scale_j_2023BPix=0.21344	CMS_scale_m_13TeV=-0.326906	CMS_scale_m_13p6TeV=0.0376257	QCDscale_fac_ttbar=-0.943756	QCDscale_ren_ttbar=41.7537	pdf_alphas=-11.2481	r=-3.72875
RooFit::Detail::RooFixedProdPdf::model_s[ ]
     getLogVal() top-level p.d.f not greater than zero @ !servers=(modelObs_s = 0)


 --- MultiDimFit ---
best fit parameter values and profile-likelihood uncertainties: 
   r :   +13.441   -15.392/+7.407 (68%)
Set Range of Parameter r To : (-20,100)
Doing initial fit: 

 --- MultiDimFit ---
best fit parameter values and profile-likelihood uncertainties: 
   r :    +7.191   -9.293/+8.895 (68%)
Set Range of Parameter r To : (-20,100)
Doing initial fit: 

 --- MultiDimFit ---
best fit parameter values and profile-likelihood uncertainties: 
   r :   +13.416   -8.159/+7.859 (68%)
Set Range of Parameter r To : (-20,100)
Doing initial fit: 

 --- MultiDimFit ---
best fit parameter values and profile-likelihood uncertainties: 
   r :   +17.691   -8.117/+7.518 (68%)
Set Range of Parameter r To : (-20,100)
Doing initial fit: 

 --- MultiDimFit ---
best fit parameter values and profile-likelihood uncertainties: 
   r :   +17.272   -10.640/+11.880 (68%)
Set Range of Parameter r To : (-20,100)
Doing initial fit: 

 --- MultiDimFit ---
best fit parameter values and profile-likelihood uncertainties: 
   r :   +13.188   -9.285/+8.605 (68%)
Set Range of Parameter r To : (-20,100)
Doing initial fit: 

 --- MultiDimFit ---
best fit parameter values and profile-likelihood uncertainties: 
   r :   +16.577   -8.491/+7.893 (68%)
Set Range of Parameter r To : (-20,100)
Doing initial fit: 

 --- MultiDimFit ---
best fit parameter values and profile-likelihood uncertainties: 
   r :   +17.326   -9.455/+9.046 (68%)
Set Range of Parameter r To : (-20,100)
Doing initial fit: 

 --- MultiDimFit ---
best fit parameter values and profile-likelihood uncertainties: 
   r :   +14.817   -9.440/+11.734 (68%)
Set Range of Parameter r To : (-20,100)
Doing initial fit: 

 --- MultiDimFit ---
best fit parameter values and profile-likelihood uncertainties: 
   r :   +28.375   -10.113/+12.393 (68%)
Set Range of Parameter r To : (-20,100)
Doing initial fit: 

 --- MultiDimFit ---
best fit parameter values and profile-likelihood uncertainties: 
   r :   +16.028   -8.854/+8.067 (68%)
Set Range of Parameter r To : (-20,100)
Doing initial fit: 

 --- MultiDimFit ---
best fit parameter values and profile-likelihood uncertainties: 
   r :    +1.821   -7.780/+7.120 (68%)
Set Range of Parameter r To : (-20,100)
Doing initial fit: 

 --- MultiDimFit ---
best fit parameter values and profile-likelihood uncertainties: 
   r :   +11.519   -9.832/+10.181 (68%)
Set Range of Parameter r To : (-20,100)
Doing initial fit: 

 --- MultiDimFit ---
best fit parameter values and profile-likelihood uncertainties: 
   r :   +15.065   -11.434/+7.709 (68%)
Set Range of Parameter r To : (-20,100)
Doing initial fit: 

 --- MultiDimFit ---
best fit parameter values and profile-likelihood uncertainties: 
   r :   +12.678   -9.869/+10.695 (68%)
Set Range of Parameter r To : (-20,100)
Doing initial fit: 

 --- MultiDimFit ---
best fit parameter values and profile-likelihood uncertainties: 
   r :   +14.505   -7.614/+7.308 (68%)
Set Range of Parameter r To : (-20,100)
Doing initial fit: 

 

 ---------------------------

 WARNING: MultiDimFit failed

 ---------------------------

 
Set Range of Parameter r To : (-20,100)
Doing initial fit: 

 --- MultiDimFit ---
best fit parameter values and profile-likelihood uncertainties: 
   r :    +3.223   -9.201/+7.738 (68%)
Set Range of Parameter r To : (-20,100)
Doing initial fit: 

 --- MultiDimFit ---
best fit parameter values and profile-likelihood uncertainties: 
   r :   +10.035   -7.655/+7.801 (68%)
Set Range of Parameter r To : (-20,100)
Doing initial fit: 

 --- MultiDimFit ---
best fit parameter values and profile-likelihood uncertainties: 
   r :   +18.796   -9.947/+9.945 (68%)
Set Range of Parameter r To : (-20,100)
Doing initial fit: 

 --- MultiDimFit ---
best fit parameter values and profile-likelihood uncertainties: 
   r :   +25.271   -8.216/+7.259 (68%)
Set Range of Parameter r To : (-20,100)
Doing initial fit: 

 --- MultiDimFit ---
best fit parameter values and profile-likelihood uncertainties: 
   r :   +27.409   -7.157/+7.421 (68%)
Set Range of Parameter r To : (-20,100)
Doing initial fit: 

 

 ---------------------------

 WARNING: MultiDimFit failed

 ---------------------------

 
Set Range of Parameter r To : (-20,100)
Doing initial fit: 

 --- MultiDimFit ---
best fit parameter values and profile-likelihood uncertainties: 
   r :   +11.342   -12.093/+7.427 (68%)
Set Range of Parameter r To : (-20,100)
Doing initial fit: 

 --- MultiDimFit ---
best fit parameter values and profile-likelihood uncertainties: 
   r :   +23.186   -9.248/+8.402 (68%)
Set Range of Parameter r To : (-20,100)
Doing initial fit: 

 --- MultiDimFit ---
best fit parameter values and profile-likelihood uncertainties: 
   r :   +15.044   -9.013/+8.102 (68%)
Set Range of Parameter r To : (-20,100)
Doing initial fit: 

 --- MultiDimFit ---
best fit parameter values and profile-likelihood uncertainties: 
   r :   +26.553   -9.930/+10.054 (68%)
Set Range of Parameter r To : (-20,100)
Doing initial fit: 

 --- MultiDimFit ---
best fit parameter values and profile-likelihood uncertainties: 
   r :   +10.309   -9.792/+9.669 (68%)
Set Range of Parameter r To : (-20,100)
Doing initial fit: 

 

 ---------------------------

 WARNING: MultiDimFit failed

 ---------------------------

 
Set Range of Parameter r To : (-20,100)
Doing initial fit: 

 --- MultiDimFit ---
best fit parameter values and profile-likelihood uncertainties: 
   r :    -5.220   -9.450/+9.238 (68%)
Set Range of Parameter r To : (-20,100)
Doing initial fit: 

 --- MultiDimFit ---
best fit parameter values and profile-likelihood uncertainties: 
   r :   +19.163   -9.576/+10.018 (68%)
Set Range of Parameter r To : (-20,100)
Doing initial fit: 

 --- MultiDimFit ---
best fit parameter values and profile-likelihood uncertainties: 
   r :   +11.238   -9.535/+9.530 (68%)
Set Range of Parameter r To : (-20,100)
Doing initial fit: 

 --- MultiDimFit ---
best fit parameter values and profile-likelihood uncertainties: 
   r :    +4.257   -10.184/+10.285 (68%)
Set Range of Parameter r To : (-20,100)
Doing initial fit: 

 --- MultiDimFit ---
best fit parameter values and profile-likelihood uncertainties: 
   r :   +19.897   -9.166/+8.098 (68%)
Set Range of Parameter r To : (-20,100)
Doing initial fit: 

 --- MultiDimFit ---
best fit parameter values and profile-likelihood uncertainties: 
   r :   +16.977   -8.275/+7.987 (68%)
Set Range of Parameter r To : (-20,100)
Doing initial fit: 

 --- MultiDimFit ---
best fit parameter values and profile-likelihood uncertainties: 
   r :   +17.778   -7.582/+6.814 (68%)
Set Range of Parameter r To : (-20,100)
Doing initial fit: 

 --- MultiDimFit ---
best fit parameter values and profile-likelihood uncertainties: 
   r :   +28.575   -8.384/+7.983 (68%)
Set Range of Parameter r To : (-20,100)
Doing initial fit: 

 --- MultiDimFit ---
best fit parameter values and profile-likelihood uncertainties: 
   r :   +14.482   -9.549/+9.972 (68%)
Set Range of Parameter r To : (-20,100)
Doing initial fit: 

 --- MultiDimFit ---
best fit parameter values and profile-likelihood uncertainties: 
   r :    -2.902   -6.972/+7.579 (68%)
Set Range of Parameter r To : (-20,100)
Doing initial fit: 

 --- MultiDimFit ---
best fit parameter values and profile-likelihood uncertainties: 
   r :   +29.995   -7.600/+7.998 (68%)
Set Range of Parameter r To : (-20,100)
Doing initial fit: 

 --- MultiDimFit ---
best fit parameter values and profile-likelihood uncertainties: 
   r :   +15.706   -7.723/+7.852 (68%)
Set Range of Parameter r To : (-20,100)
Doing initial fit: 

 --- MultiDimFit ---
best fit parameter values and profile-likelihood uncertainties: 
   r :   +20.082   -7.176/+7.965 (68%)
Set Range of Parameter r To : (-20,100)
Doing initial fit: 

 --- MultiDimFit ---
best fit parameter values and profile-likelihood uncertainties: 
   r :   +14.854   -9.791/+9.305 (68%)
Set Range of Parameter r To : (-20,100)
Doing initial fit: 

 --- MultiDimFit ---
best fit parameter values and profile-likelihood uncertainties: 
   r :    +3.950   -9.155/+8.883 (68%)
Set Range of Parameter r To : (-20,100)
Doing initial fit: 

 --- MultiDimFit ---
best fit parameter values and profile-likelihood uncertainties: 
   r :    +6.146   -8.009/+7.850 (68%)
Set Range of Parameter r To : (-20,100)
Doing initial fit: 

 --- MultiDimFit ---
best fit parameter values and profile-likelihood uncertainties: 
   r :   +18.650   -9.482/+11.562 (68%)
Set Range of Parameter r To : (-20,100)
Doing initial fit: 

 --- MultiDimFit ---
best fit parameter values and profile-likelihood uncertainties: 
   r :   +20.287   -8.170/+7.721 (68%)
Set Range of Parameter r To : (-20,100)
Doing initial fit: 

 --- MultiDimFit ---
best fit parameter values and profile-likelihood uncertainties: 
   r :    +2.477   -9.775/+9.405 (68%)
Set Range of Parameter r To : (-20,100)
Doing initial fit: 

 --- MultiDimFit ---
best fit parameter values and profile-likelihood uncertainties: 
   r :    +7.079   -9.368/+9.306 (68%)
Set Range of Parameter r To : (-20,100)
Doing initial fit: 

 --- MultiDimFit ---
best fit parameter values and profile-likelihood uncertainties: 
   r :   +19.771   -9.447/+9.516 (68%)
Set Range of Parameter r To : (-20,100)
Doing initial fit: 

 --- MultiDimFit ---
best fit parameter values and profile-likelihood uncertainties: 
   r :   +17.823   -9.587/+8.577 (68%)
Set Range of Parameter r To : (-20,100)
Doing initial fit: 

 --- MultiDimFit ---
best fit parameter values and profile-likelihood uncertainties: 
   r :   +22.243   -7.412/+6.834 (68%)
Set Range of Parameter r To : (-20,100)
Doing initial fit: 

 --- MultiDimFit ---
best fit parameter values and profile-likelihood uncertainties: 
   r :   +16.037   -8.452/+7.630 (68%)
Set Range of Parameter r To : (-20,100)
Doing initial fit: 

 --- MultiDimFit ---
best fit parameter values and profile-likelihood uncertainties: 
   r :   +15.170   -7.980/+7.903 (68%)
Set Range of Parameter r To : (-20,100)
Doing initial fit: 

 --- MultiDimFit ---
best fit parameter values and profile-likelihood uncertainties: 
   r :   +22.233   -8.503/+8.044 (68%)
Set Range of Parameter r To : (-20,100)
Doing initial fit: 

 --- MultiDimFit ---
best fit parameter values and profile-likelihood uncertainties: 
   r :    +8.719   -10.584/+9.590 (68%)
Set Range of Parameter r To : (-20,100)
Doing initial fit: 

 --- MultiDimFit ---
best fit parameter values and profile-likelihood uncertainties: 
   r :   +15.426   -8.245/+7.849 (68%)
Set Range of Parameter r To : (-20,100)
Doing initial fit: 

 --- MultiDimFit ---
best fit parameter values and profile-likelihood uncertainties: 
   r :   +11.985   -10.365/+8.307 (68%)
Set Range of Parameter r To : (-20,100)
Doing initial fit: 

 --- MultiDimFit ---
best fit parameter values and profile-likelihood uncertainties: 
   r :   +23.851   -9.505/+7.932 (68%)
Set Range of Parameter r To : (-20,100)
Doing initial fit: 

 --- MultiDimFit ---
best fit parameter values and profile-likelihood uncertainties: 
   r :   +15.941   -8.663/+8.001 (68%)
Set Range of Parameter r To : (-20,100)
Doing initial fit: 

 --- MultiDimFit ---
best fit parameter values and profile-likelihood uncertainties: 
   r :   +17.432   -9.062/+8.025 (68%)
Set Range of Parameter r To : (-20,100)
Doing initial fit: 

 --- MultiDimFit ---
best fit parameter values and profile-likelihood uncertainties: 
   r :    +2.285   -10.679/+7.789 (68%)
Set Range of Parameter r To : (-20,100)
Doing initial fit: 

 --- MultiDimFit ---
best fit parameter values and profile-likelihood uncertainties: 
   r :   +14.320   -7.247/+8.239 (68%)
Set Range of Parameter r To : (-20,100)
Doing initial fit: 

 --- MultiDimFit ---
best fit parameter values and profile-likelihood uncertainties: 
   r :   +14.120   -9.145/+8.184 (68%)
Set Range of Parameter r To : (-20,100)
Doing initial fit: 

 --- MultiDimFit ---
best fit parameter values and profile-likelihood uncertainties: 
   r :   +19.768   -10.458/+8.215 (68%)
Set Range of Parameter r To : (-20,100)
Doing initial fit: 

 --- MultiDimFit ---
best fit parameter values and profile-likelihood uncertainties: 
   r :   +12.210   -8.175/+7.949 (68%)
Set Range of Parameter r To : (-20,100)
Doing initial fit: 

 --- MultiDimFit ---
best fit parameter values and profile-likelihood uncertainties: 
   r :   +28.787   -8.857/+8.126 (68%)
Set Range of Parameter r To : (-20,100)
Doing initial fit: 

 --- MultiDimFit ---
best fit parameter values and profile-likelihood uncertainties: 
   r :   +17.309   -9.716/+9.129 (68%)
Set Range of Parameter r To : (-20,100)
Doing initial fit: 

 --- MultiDimFit ---
best fit parameter values and profile-likelihood uncertainties: 
   r :   +31.173   -10.297/+9.971 (68%)
Set Range of Parameter r To : (-20,100)
Doing initial fit: 

 --- MultiDimFit ---
best fit parameter values and profile-likelihood uncertainties: 
   r :   +27.775   -9.280/+8.719 (68%)
Set Range of Parameter r To : (-20,100)
Doing initial fit: 

 --- MultiDimFit ---
best fit parameter values and profile-likelihood uncertainties: 
   r :   +23.447   -9.515/+10.794 (68%)
Set Range of Parameter r To : (-20,100)
Doing initial fit: 

 --- MultiDimFit ---
best fit parameter values and profile-likelihood uncertainties: 
   r :    +8.227   -10.230/+9.799 (68%)
Set Range of Parameter r To : (-20,100)
Doing initial fit: 

 --- MultiDimFit ---
best fit parameter values and profile-likelihood uncertainties: 
   r :    +3.986   -9.358/+10.052 (68%)
Set Range of Parameter r To : (-20,100)
Doing initial fit: 

 --- MultiDimFit ---
best fit parameter values and profile-likelihood uncertainties: 
   r :   +21.915   -9.775/+10.712 (68%)
Set Range of Parameter r To : (-20,100)
Doing initial fit: 

 --- MultiDimFit ---
best fit parameter values and profile-likelihood uncertainties: 
   r :   +14.229   -9.226/+9.507 (68%)
Set Range of Parameter r To : (-20,100)
Doing initial fit: 

 --- MultiDimFit ---
best fit parameter values and profile-likelihood uncertainties: 
   r :   +29.024   -9.140/+7.177 (68%)
Set Range of Parameter r To : (-20,100)
Doing initial fit: 

 --- MultiDimFit ---
best fit parameter values and profile-likelihood uncertainties: 
   r :   +15.641   -6.689/+7.580 (68%)
Set Range of Parameter r To : (-20,100)
Doing initial fit: 

 --- MultiDimFit ---
best fit parameter values and profile-likelihood uncertainties: 
   r :   +11.833   -10.450/+11.531 (68%)
Set Range of Parameter r To : (-20,100)
Doing initial fit: 

 --- MultiDimFit ---
best fit parameter values and profile-likelihood uncertainties: 
   r :   +12.525   -8.394/+7.945 (68%)
Set Range of Parameter r To : (-20,100)
Doing initial fit: 

 --- MultiDimFit ---
best fit parameter values and profile-likelihood uncertainties: 
   r :   +10.657   -10.068/+9.809 (68%)
Set Range of Parameter r To : (-20,100)
Doing initial fit: 

 --- MultiDimFit ---
best fit parameter values and profile-likelihood uncertainties: 
   r :   +25.183   -10.373/+10.416 (68%)
Set Range of Parameter r To : (-20,100)
Doing initial fit: 

 --- MultiDimFit ---
best fit parameter values and profile-likelihood uncertainties: 
   r :   +15.058   -9.871/+9.310 (68%)
Set Range of Parameter r To : (-20,100)
Doing initial fit: 

 --- MultiDimFit ---
best fit parameter values and profile-likelihood uncertainties: 
   r :   +29.705   -8.730/+8.146 (68%)
Set Range of Parameter r To : (-20,100)
Doing initial fit: 

 --- MultiDimFit ---
best fit parameter values and profile-likelihood uncertainties: 
   r :   +18.420   -7.277/+8.151 (68%)
Set Range of Parameter r To : (-20,100)
Doing initial fit: 

 --- MultiDimFit ---
best fit parameter values and profile-likelihood uncertainties: 
   r :   +23.845   -8.401/+7.996 (68%)
Set Range of Parameter r To : (-20,100)
Doing initial fit: 

 --- MultiDimFit ---
best fit parameter values and profile-likelihood uncertainties: 
   r :    +9.345   -9.225/+8.086 (68%)
Set Range of Parameter r To : (-20,100)
Doing initial fit: 

 --- MultiDimFit ---
best fit parameter values and profile-likelihood uncertainties: 
   r :   +13.733   -10.128/+10.134 (68%)
Set Range of Parameter r To : (-20,100)
Doing initial fit: 

 --- MultiDimFit ---
best fit parameter values and profile-likelihood uncertainties: 
   r :    +7.049   -9.169/+8.302 (68%)
Set Range of Parameter r To : (-20,100)
Doing initial fit: 

 --- MultiDimFit ---
best fit parameter values and profile-likelihood uncertainties: 
   r :   +24.762   -9.755/+10.028 (68%)
Set Range of Parameter r To : (-20,100)
Doing initial fit: 

 --- MultiDimFit ---
best fit parameter values and profile-likelihood uncertainties: 
   r :    +7.264   -11.593/+8.017 (68%)
Set Range of Parameter r To : (-20,100)
Doing initial fit: 

 --- MultiDimFit ---
best fit parameter values and profile-likelihood uncertainties: 
   r :   +13.943   -8.865/+8.033 (68%)
Set Range of Parameter r To : (-20,100)
Doing initial fit: 

 

 ---------------------------

 WARNING: MultiDimFit failed

 ---------------------------

 
Set Range of Parameter r To : (-20,100)
Doing initial fit: 

 --- MultiDimFit ---
best fit parameter values and profile-likelihood uncertainties: 
   r :   +15.989   -7.174/+7.548 (68%)
Set Range of Parameter r To : (-20,100)
Doing initial fit: 

 --- MultiDimFit ---
best fit parameter values and profile-likelihood uncertainties: 
   r :   +16.822   -9.781/+10.475 (68%)
Set Range of Parameter r To : (-20,100)
Doing initial fit: 

 --- MultiDimFit ---
best fit parameter values and profile-likelihood uncertainties: 
   r :    +1.233   -8.777/+8.009 (68%)
Set Range of Parameter r To : (-20,100)
Doing initial fit: 

 --- MultiDimFit ---
best fit parameter values and profile-likelihood uncertainties: 
   r :   +23.543   -10.648/+9.638 (68%)
Set Range of Parameter r To : (-20,100)
Doing initial fit: 

 --- MultiDimFit ---
best fit parameter values and profile-likelihood uncertainties: 
   r :    -1.240   -10.556/+8.934 (68%)
Set Range of Parameter r To : (-20,100)
Doing initial fit: 

 --- MultiDimFit ---
best fit parameter values and profile-likelihood uncertainties: 
   r :   +31.389   -9.736/+9.354 (68%)
Set Range of Parameter r To : (-20,100)
Doing initial fit: 

 --- MultiDimFit ---
best fit parameter values and profile-likelihood uncertainties: 
   r :   +16.282   -8.896/+8.019 (68%)
Set Range of Parameter r To : (-20,100)
Doing initial fit: 

 --- MultiDimFit ---
best fit parameter values and profile-likelihood uncertainties: 
   r :   +16.533   -9.007/+8.175 (68%)
Set Range of Parameter r To : (-20,100)
Doing initial fit: 

 --- MultiDimFit ---
best fit parameter values and profile-likelihood uncertainties: 
   r :    -1.579   -9.666/+10.753 (68%)
Set Range of Parameter r To : (-20,100)
Doing initial fit: 

 --- MultiDimFit ---
best fit parameter values and profile-likelihood uncertainties: 
   r :   +17.708   -7.675/+7.769 (68%)
Set Range of Parameter r To : (-20,100)
Doing initial fit: 

 --- MultiDimFit ---
best fit parameter values and profile-likelihood uncertainties: 
   r :    +6.650   -8.781/+7.709 (68%)
Set Range of Parameter r To : (-20,100)
Doing initial fit: 

 --- MultiDimFit ---
best fit parameter values and profile-likelihood uncertainties: 
   r :   +18.219   -9.693/+10.406 (68%)
Set Range of Parameter r To : (-20,100)
Doing initial fit: 

 --- MultiDimFit ---
best fit parameter values and profile-likelihood uncertainties: 
   r :   +13.916   -9.739/+9.637 (68%)
Set Range of Parameter r To : (-20,100)
Doing initial fit: 

 

 ---------------------------

 WARNING: MultiDimFit failed

 ---------------------------

 
Set Range of Parameter r To : (-20,100)
Doing initial fit: 

 --- MultiDimFit ---
best fit parameter values and profile-likelihood uncertainties: 
   r :   +18.214   -8.557/+7.936 (68%)
Set Range of Parameter r To : (-20,100)
Doing initial fit: 

 --- MultiDimFit ---
best fit parameter values and profile-likelihood uncertainties: 
   r :   +19.842   -9.255/+8.333 (68%)
Set Range of Parameter r To : (-20,100)
Doing initial fit: 

 --- MultiDimFit ---
best fit parameter values and profile-likelihood uncertainties: 
   r :    +9.439   -10.294/+10.167 (68%)
Set Range of Parameter r To : (-20,100)
Doing initial fit: 

 --- MultiDimFit ---
best fit parameter values and profile-likelihood uncertainties: 
   r :   +24.097   -7.959/+7.364 (68%)
Set Range of Parameter r To : (-20,100)
Doing initial fit: 

 --- MultiDimFit ---
best fit parameter values and profile-likelihood uncertainties: 
   r :    +8.681   -9.167/+8.546 (68%)
Set Range of Parameter r To : (-20,100)
Doing initial fit: 

 --- MultiDimFit ---
best fit parameter values and profile-likelihood uncertainties: 
   r :   +28.517   -9.762/+9.435 (68%)
Set Range of Parameter r To : (-20,100)
Doing initial fit: 

 --- MultiDimFit ---
best fit parameter values and profile-likelihood uncertainties: 
   r :   +16.094   -8.925/+7.824 (68%)
Set Range of Parameter r To : (-20,100)
Doing initial fit: 

 --- MultiDimFit ---
best fit parameter values and profile-likelihood uncertainties: 
   r :   +34.610   -9.142/+8.217 (68%)
Set Range of Parameter r To : (-20,100)
Doing initial fit: 

 

 ---------------------------

 WARNING: MultiDimFit failed

 ---------------------------

 
Set Range of Parameter r To : (-20,100)
Doing initial fit: 

 --- MultiDimFit ---
best fit parameter values and profile-likelihood uncertainties: 
   r :   +22.406   -10.673/+7.911 (68%)
Set Range of Parameter r To : (-20,100)
Doing initial fit: 

 --- MultiDimFit ---
best fit parameter values and profile-likelihood uncertainties: 
   r :   +17.609   -9.757/+10.219 (68%)
Set Range of Parameter r To : (-20,100)
Doing initial fit: 

 --- MultiDimFit ---
best fit parameter values and profile-likelihood uncertainties: 
   r :   +33.300   -8.449/+7.949 (68%)
Set Range of Parameter r To : (-20,100)
Doing initial fit: 

 --- MultiDimFit ---
best fit parameter values and profile-likelihood uncertainties: 
   r :   +16.143   -9.489/+8.975 (68%)
Set Range of Parameter r To : (-20,100)
Doing initial fit: 

 --- MultiDimFit ---
best fit parameter values and profile-likelihood uncertainties: 
   r :   +27.550   -9.671/+9.496 (68%)
Set Range of Parameter r To : (-20,100)
Doing initial fit: 

 --- MultiDimFit ---
best fit parameter values and profile-likelihood uncertainties: 
   r :   +19.082   -9.196/+8.021 (68%)
Set Range of Parameter r To : (-20,100)
Doing initial fit: 

 --- MultiDimFit ---
best fit parameter values and profile-likelihood uncertainties: 
   r :    +8.535   -6.943/+7.227 (68%)
Set Range of Parameter r To : (-20,100)
Doing initial fit: 

 --- MultiDimFit ---
best fit parameter values and profile-likelihood uncertainties: 
   r :    +0.332   -9.450/+10.191 (68%)
Set Range of Parameter r To : (-20,100)
Doing initial fit: 

 --- MultiDimFit ---
best fit parameter values and profile-likelihood uncertainties: 
   r :   +31.213   -7.748/+7.210 (68%)
Set Range of Parameter r To : (-20,100)
Doing initial fit: 

 --- MultiDimFit ---
best fit parameter values and profile-likelihood uncertainties: 
   r :   +25.928   -9.192/+7.787 (68%)
Set Range of Parameter r To : (-20,100)
Doing initial fit: 

 --- MultiDimFit ---
best fit parameter values and profile-likelihood uncertainties: 
   r :   +13.485   -9.483/+7.951 (68%)
Set Range of Parameter r To : (-20,100)
Doing initial fit: 

 --- MultiDimFit ---
best fit parameter values and profile-likelihood uncertainties: 
   r :    +3.513   -9.674/+10.090 (68%)
Set Range of Parameter r To : (-20,100)
Doing initial fit: 

 --- MultiDimFit ---
best fit parameter values and profile-likelihood uncertainties: 
   r :   +10.654   -9.363/+9.492 (68%)
Set Range of Parameter r To : (-20,100)
Doing initial fit: 

 --- MultiDimFit ---
best fit parameter values and profile-likelihood uncertainties: 
   r :   +11.789   -6.589/+7.299 (68%)
Set Range of Parameter r To : (-20,100)
Doing initial fit: 

 --- MultiDimFit ---
best fit parameter values and profile-likelihood uncertainties: 
   r :   +15.693   -6.954/+8.223 (68%)
Set Range of Parameter r To : (-20,100)
Doing initial fit: 

 --- MultiDimFit ---
best fit parameter values and profile-likelihood uncertainties: 
   r :    +9.214   -9.054/+8.250 (68%)
Set Range of Parameter r To : (-20,100)
Doing initial fit: 

 --- MultiDimFit ---
best fit parameter values and profile-likelihood uncertainties: 
   r :   +12.806   -9.258/+8.843 (68%)
Set Range of Parameter r To : (-20,100)
Doing initial fit: 

 --- MultiDimFit ---
best fit parameter values and profile-likelihood uncertainties: 
   r :   +10.960   -6.824/+7.425 (68%)
Set Range of Parameter r To : (-20,100)
Doing initial fit: 

 --- MultiDimFit ---
best fit parameter values and profile-likelihood uncertainties: 
   r :   +27.960   -9.774/+9.155 (68%)
Set Range of Parameter r To : (-20,100)
Doing initial fit: 

 --- MultiDimFit ---
best fit parameter values and profile-likelihood uncertainties: 
   r :   +17.904   -8.310/+7.819 (68%)
Set Range of Parameter r To : (-20,100)
Doing initial fit: 

 --- MultiDimFit ---
best fit parameter values and profile-likelihood uncertainties: 
   r :   +19.588   -7.503/+8.023 (68%)
Set Range of Parameter r To : (-20,100)
Doing initial fit: 

 --- MultiDimFit ---
best fit parameter values and profile-likelihood uncertainties: 
   r :   +14.031   -9.052/+7.769 (68%)
Set Range of Parameter r To : (-20,100)
Doing initial fit: 

 --- MultiDimFit ---
best fit parameter values and profile-likelihood uncertainties: 
   r :   +24.282   -8.514/+7.811 (68%)
Set Range of Parameter r To : (-20,100)
Doing initial fit: 

 --- MultiDimFit ---
best fit parameter values and profile-likelihood uncertainties: 
   r :   +18.508   -9.928/+11.759 (68%)
Set Range of Parameter r To : (-20,100)
Doing initial fit: 

 --- MultiDimFit ---
best fit parameter values and profile-likelihood uncertainties: 
   r :   +18.868   -8.369/+7.343 (68%)
Set Range of Parameter r To : (-20,100)
Doing initial fit: 

 --- MultiDimFit ---
best fit parameter values and profile-likelihood uncertainties: 
   r :    -5.919   -9.032/+7.812 (68%)
Set Range of Parameter r To : (-20,100)
Doing initial fit: 

 --- MultiDimFit ---
best fit parameter values and profile-likelihood uncertainties: 
   r :   +19.997   -9.271/+9.162 (68%)
Set Range of Parameter r To : (-20,100)
Doing initial fit: 

 --- MultiDimFit ---
best fit parameter values and profile-likelihood uncertainties: 
   r :   +19.420   -8.189/+7.789 (68%)
Set Range of Parameter r To : (-20,100)
Doing initial fit: 

 --- MultiDimFit ---
best fit parameter values and profile-likelihood uncertainties: 
   r :    +9.909   -8.263/+7.827 (68%)
Set Range of Parameter r To : (-20,100)
Doing initial fit: 

 --- MultiDimFit ---
best fit parameter values and profile-likelihood uncertainties: 
   r :    +8.157   -6.916/+7.765 (68%)
Set Range of Parameter r To : (-20,100)
Doing initial fit: 

 --- MultiDimFit ---
best fit parameter values and profile-likelihood uncertainties: 
   r :   +32.402   -8.618/+7.931 (68%)
Set Range of Parameter r To : (-20,100)
Doing initial fit: 

 --- MultiDimFit ---
best fit parameter values and profile-likelihood uncertainties: 
   r :   +30.506   -8.273/+7.976 (68%)
Set Range of Parameter r To : (-20,100)
Doing initial fit: 

 --- MultiDimFit ---
best fit parameter values and profile-likelihood uncertainties: 
   r :   +34.404   -10.385/+9.849 (68%)
Set Range of Parameter r To : (-20,100)
Doing initial fit: 

 --- MultiDimFit ---
best fit parameter values and profile-likelihood uncertainties: 
   r :   +15.839   -8.434/+7.389 (68%)
Set Range of Parameter r To : (-20,100)
Doing initial fit: 

 --- MultiDimFit ---
best fit parameter values and profile-likelihood uncertainties: 
   r :   +11.111   -9.516/+9.858 (68%)
Set Range of Parameter r To : (-20,100)
Doing initial fit: 

 --- MultiDimFit ---
best fit parameter values and profile-likelihood uncertainties: 
   r :    +7.306   -7.048/+7.267 (68%)
Set Range of Parameter r To : (-20,100)
Doing initial fit: 

 --- MultiDimFit ---
best fit parameter values and profile-likelihood uncertainties: 
   r :    +5.257   -7.405/+7.218 (68%)
Set Range of Parameter r To : (-20,100)
Doing initial fit: 

 --- MultiDimFit ---
best fit parameter values and profile-likelihood uncertainties: 
   r :   +16.032   -7.735/+7.464 (68%)
Set Range of Parameter r To : (-20,100)
Doing initial fit: 

 --- MultiDimFit ---
best fit parameter values and profile-likelihood uncertainties: 
   r :   +10.921   -9.266/+9.613 (68%)
Set Range of Parameter r To : (-20,100)
Doing initial fit: 

 --- MultiDimFit ---
best fit parameter values and profile-likelihood uncertainties: 
   r :   +15.926   -10.141/+9.556 (68%)
Set Range of Parameter r To : (-20,100)
Doing initial fit: 

 --- MultiDimFit ---
best fit parameter values and profile-likelihood uncertainties: 
   r :   +16.500   -8.205/+7.927 (68%)
Set Range of Parameter r To : (-20,100)
Doing initial fit: 

 --- MultiDimFit ---
best fit parameter values and profile-likelihood uncertainties: 
   r :   +30.615   -9.466/+9.535 (68%)
Set Range of Parameter r To : (-20,100)
Doing initial fit: 

 --- MultiDimFit ---
best fit parameter values and profile-likelihood uncertainties: 
   r :   +15.914   -8.361/+8.043 (68%)
Set Range of Parameter r To : (-20,100)
Doing initial fit: 

 --- MultiDimFit ---
best fit parameter values and profile-likelihood uncertainties: 
   r :   +20.427   -10.614/+11.978 (68%)
Set Range of Parameter r To : (-20,100)
Doing initial fit: 

 --- MultiDimFit ---
best fit parameter values and profile-likelihood uncertainties: 
   r :    +0.760   -9.263/+8.198 (68%)
Set Range of Parameter r To : (-20,100)
Doing initial fit: 

 --- MultiDimFit ---
best fit parameter values and profile-likelihood uncertainties: 
   r :   +11.560   -9.760/+8.372 (68%)
Set Range of Parameter r To : (-20,100)
Doing initial fit: 

 

 ---------------------------

 WARNING: MultiDimFit failed

 ---------------------------

 
Set Range of Parameter r To : (-20,100)
Doing initial fit: 

 --- MultiDimFit ---
best fit parameter values and profile-likelihood uncertainties: 
   r :   +19.450   -9.368/+8.343 (68%)
Set Range of Parameter r To : (-20,100)
Doing initial fit: 

 --- MultiDimFit ---
best fit parameter values and profile-likelihood uncertainties: 
   r :   +25.442   -9.956/+8.015 (68%)
Set Range of Parameter r To : (-20,100)
Doing initial fit: 

 --- MultiDimFit ---
best fit parameter values and profile-likelihood uncertainties: 
   r :   +21.868   -9.513/+10.798 (68%)
Set Range of Parameter r To : (-20,100)
Doing initial fit: 

 --- MultiDimFit ---
best fit parameter values and profile-likelihood uncertainties: 
   r :   +17.356   -9.565/+10.428 (68%)
Set Range of Parameter r To : (-20,100)
Doing initial fit: 

 --- MultiDimFit ---
best fit parameter values and profile-likelihood uncertainties: 
   r :   +15.729   -10.375/+7.780 (68%)
Set Range of Parameter r To : (-20,100)
Doing initial fit: 

 --- MultiDimFit ---
best fit parameter values and profile-likelihood uncertainties: 
   r :   +19.503   -10.100/+10.400 (68%)
Set Range of Parameter r To : (-20,100)
Doing initial fit: 

 --- MultiDimFit ---
best fit parameter values and profile-likelihood uncertainties: 
   r :   +18.155   -10.795/+9.447 (68%)
Set Range of Parameter r To : (-20,100)
Doing initial fit: 

 --- MultiDimFit ---
best fit parameter values and profile-likelihood uncertainties: 
   r :   +20.949   -9.300/+9.063 (68%)
Set Range of Parameter r To : (-20,100)
Doing initial fit: 

 --- MultiDimFit ---
best fit parameter values and profile-likelihood uncertainties: 
   r :   +38.449   -9.009/+8.102 (68%)
Set Range of Parameter r To : (-20,100)
Doing initial fit: 

 --- MultiDimFit ---
best fit parameter values and profile-likelihood uncertainties: 
   r :   +14.943   -9.370/+8.772 (68%)
Set Range of Parameter r To : (-20,100)
Doing initial fit: 

 --- MultiDimFit ---
best fit parameter values and profile-likelihood uncertainties: 
   r :   +16.149   -8.186/+7.916 (68%)
Set Range of Parameter r To : (-20,100)
Doing initial fit: 

 --- MultiDimFit ---
best fit parameter values and profile-likelihood uncertainties: 
   r :    +8.489   -7.651/+8.032 (68%)
Set Range of Parameter r To : (-20,100)
Doing initial fit: 

 --- MultiDimFit ---
best fit parameter values and profile-likelihood uncertainties: 
   r :   +22.175   -12.372/+7.636 (68%)
Set Range of Parameter r To : (-20,100)
Doing initial fit: 

 --- MultiDimFit ---
best fit parameter values and profile-likelihood uncertainties: 
   r :   +17.109   -10.205/+10.068 (68%)
Set Range of Parameter r To : (-20,100)
Doing initial fit: 

 --- MultiDimFit ---
best fit parameter values and profile-likelihood uncertainties: 
   r :    +3.443   -9.024/+7.901 (68%)
Set Range of Parameter r To : (-20,100)
Doing initial fit: 

 --- MultiDimFit ---
best fit parameter values and profile-likelihood uncertainties: 
   r :    +2.308   -9.206/+9.473 (68%)
Set Range of Parameter r To : (-20,100)
Doing initial fit: 

 --- MultiDimFit ---
best fit parameter values and profile-likelihood uncertainties: 
   r :   +17.192   -7.738/+7.955 (68%)
Set Range of Parameter r To : (-20,100)
Doing initial fit: 

 --- MultiDimFit ---
best fit parameter values and profile-likelihood uncertainties: 
   r :   +15.301   -8.677/+7.520 (68%)
Set Range of Parameter r To : (-20,100)
Doing initial fit: 

 --- MultiDimFit ---
best fit parameter values and profile-likelihood uncertainties: 
   r :   +35.844   -9.894/+7.938 (68%)
Set Range of Parameter r To : (-20,100)
Doing initial fit: 

 --- MultiDimFit ---
best fit parameter values and profile-likelihood uncertainties: 
   r :   +21.827   -9.760/+10.060 (68%)
Set Range of Parameter r To : (-20,100)
Doing initial fit: 

 --- MultiDimFit ---
best fit parameter values and profile-likelihood uncertainties: 
   r :   +14.742   -8.606/+7.887 (68%)
Set Range of Parameter r To : (-20,100)
Doing initial fit: 

 --- MultiDimFit ---
best fit parameter values and profile-likelihood uncertainties: 
   r :   +13.207   -10.533/+9.947 (68%)
mean   expected limit: r < 3.28134e-316 +/- 0 @ 95%CL (500 toyMC)
median expected limit: r < 3.28134e-316 @ 95%CL (500 toyMC)
   68% expected band : 3.28134e-316 < r < 3.28134e-316
   95% expected band : 3.28134e-316 < r < 3.28134e-316
