 <<< Combine >>> 
 <<< v11.0.0 >>>
>>> Random number generator seed is 123456
>>> Method used is MultiDimFit
Set Default Value of Parameter r To : 1.46875
Doing initial fit: 

 --- MultiDimFit ---
best fit parameter values and profile-likelihood uncertainties: 
   r :    +1.665   -0.695/+0.675 (68%)
Doing initial fit: 

 --- MultiDimFit ---
best fit parameter values and profile-likelihood uncertainties: 
   r :    +2.467   -0.579/+0.599 (68%)
Doing initial fit: 

 --- MultiDimFit ---
best fit parameter values and profile-likelihood uncertainties: 
   r :    +2.026   -0.777/+0.790 (68%)
Doing initial fit: 

 --- MultiDimFit ---
best fit parameter values and profile-likelihood uncertainties: 
   r :    +1.108   -0.619/+0.706 (68%)
Doing initial fit: 

 --- MultiDimFit ---
best fit parameter values and profile-likelihood uncertainties: 
   r :    +2.611   -0.645/+0.705 (68%)
Doing initial fit: 

 --- MultiDimFit ---
best fit parameter values and profile-likelihood uncertainties: 
   r :    +1.547   -0.614/+0.656 (68%)
Doing initial fit: 

 --- MultiDimFit ---
best fit parameter values and profile-likelihood uncertainties: 
   r :    +2.954   -0.810/+0.778 (68%)
Doing initial fit: 

 --- MultiDimFit ---
best fit parameter values and profile-likelihood uncertainties: 
   r :    +1.723   -0.658/+0.597 (68%)
Doing initial fit: 

 --- MultiDimFit ---
best fit parameter values and profile-likelihood uncertainties: 
   r :    +2.925   -1.139/+0.188 (68%)
Doing initial fit: 

 --- MultiDimFit ---
best fit parameter values and profile-likelihood uncertainties: 
   r :    +1.777   -0.596/+0.583 (68%)
Doing initial fit: 

 --- MultiDimFit ---
best fit parameter values and profile-likelihood uncertainties: 
   r :    +2.370   -0.581/+0.681 (68%)
Doing initial fit: 

 --- MultiDimFit ---
best fit parameter values and profile-likelihood uncertainties: 
   r :    +0.614   -0.493/+0.564 (68%)
Doing initial fit: 

 --- MultiDimFit ---
best fit parameter values and profile-likelihood uncertainties: 
   r :    +3.456   -1.528/+0.304 (68%)
Doing initial fit: 

 --- MultiDimFit ---
best fit parameter values and profile-likelihood uncertainties: 
   r :    +0.943   -0.523/+0.493 (68%)
Doing initial fit: 

 --- MultiDimFit ---
best fit parameter values and profile-likelihood uncertainties: 
   r :    +2.582   -1.425/+0.170 (68%)
Doing initial fit: 

 --- MultiDimFit ---
best fit parameter values and profile-likelihood uncertainties: 
   r :    +0.657   -0.648/+0.571 (68%)
Doing initial fit: 
RooAbsMinimizerFcn: Minimized function has error status.
Returning maximum FCN so far (2.22622) to force MIGRAD to back out of this region. Error log follows.
Parameter values: 	CMS_NPS26009_LightJetStat_DY_BJetOS_2016postVFP=13.612	CMS_NPS26009_LightJetStat_DY_BJetOS_2016preVFP=-6.46514	CMS_NPS26009_LightJetStat_DY_BJetOS_2017=-12.3381	CMS_NPS26009_LightJetStat_DY_BJetOS_2018=9.10549	CMS_NPS26009_LightJetStat_DY_BJetOS_2022=0.0337234	CMS_NPS26009_LightJetStat_DY_BJetOS_2022EE=0.0775188	CMS_NPS26009_MCstat_other_BJetOS_2016postVFP=0.275567	CMS_NPS26009_MCstat_other_BJetOS_2016preVFP=-12.0154	CMS_NPS26009_MCstat_other_BJetOS_2017=-0.284942	CMS_NPS26009_MCstat_other_BJetOS_2018=-2.00275	CMS_NPS26009_MCstat_other_BJetOS_2022=-0.0978218	CMS_NPS26009_MCstat_other_BJetOS_2022EE=0.134486	CMS_NPS26009_MCstat_other_BJetOS_2023=-0.0148798	CMS_NPS26009_MCstat_other_BJetOS_2023BPix=0.265325	CMS_NPS26009_MCstat_signal_BJetOS_2016postVFP=0.256513	CMS_NPS26009_MCstat_signal_BJetOS_2016preVFP=0.827349	CMS_NPS26009_MCstat_signal_BJetOS_2017=0.683632	CMS_NPS26009_MCstat_signal_BJetOS_2018=-1.14145	CMS_NPS26009_MCstat_signal_BJetOS_2022=0.116594	CMS_NPS26009_MCstat_signal_BJetOS_2022EE=0.426677	CMS_NPS26009_MCstat_signal_BJetOS_2023=0.310553	CMS_NPS26009_MCstat_signal_BJetOS_2023BPix=0.304427	CMS_NPS26009_MCstat_singleTop_BJetOS_2016postVFP=0.0688544	CMS_NPS26009_MCstat_singleTop_BJetOS_2016preVFP=0.0590192	CMS_NPS26009_MCstat_singleTop_BJetOS_2017=-0.488584	CMS_NPS26009_MCstat_singleTop_BJetOS_2018=-2.32599	CMS_NPS26009_MCstat_singleTop_BJetOS_2022=0.018943	CMS_NPS26009_MCstat_singleTop_BJetOS_2022EE=-0.173518	CMS_NPS26009_MCstat_singleTop_BJetOS_2023=-0.111731	CMS_NPS26009_MCstat_singleTop_BJetOS_2023BPix=0.00628263	CMS_NPS26009_MCstat_ttbar_BJetOS_2016postVFP=0.393149	CMS_NPS26009_MCstat_ttbar_BJetOS_2016preVFP=-0.721035	CMS_NPS26009_MCstat_ttbar_BJetOS_2017=-1.96724	CMS_NPS26009_MCstat_ttbar_BJetOS_2018=-9.0948	CMS_NPS26009_MCstat_ttbar_BJetOS_2022=-0.426379	CMS_NPS26009_MCstat_ttbar_BJetOS_2022EE=1.09745	CMS_NPS26009_MCstat_ttbar_BJetOS_2023=0.0772212	CMS_NPS26009_MCstat_ttbar_BJetOS_2023BPix=-0.191526	CMS_NPS26009_NFStat_DY_BJetOS_2016postVFP=-0.396869	CMS_NPS26009_NFStat_DY_BJetOS_2016preVFP=0.637138	CMS_NPS26009_NFStat_DY_BJetOS_2017=-0.987565	CMS_NPS26009_NFStat_DY_BJetOS_2018=-16.1889	CMS_NPS26009_NFStat_DY_BJetOS_2022=0.0582142	CMS_NPS26009_NFStat_DY_BJetOS_2022EE=-0.00128267	CMS_NPS26009_QCDscale_fac_singleTop=0.771491	CMS_NPS26009_QCDscale_ren_singleTop=1.21765	CMS_NPS26009_bckgNorm_QCD_BJetOS_2016postVFP=-5.21183e-05	CMS_NPS26009_bckgNorm_QCD_BJetOS_2016preVFP=-0.000680727	CMS_NPS26009_bckgNorm_QCD_BJetOS_2017=-0.00511989	CMS_NPS26009_bckgNorm_QCD_BJetOS_2018=-0.0200761	CMS_NPS26009_bckgNorm_QCD_BJetOS_2022=-1.05357e-05	CMS_NPS26009_bckgNorm_QCD_BJetOS_2022EE=-6.90617e-06	CMS_NPS26009_bckgNorm_QCD_BJetOS_2023=-6.7428e-05	CMS_NPS26009_bckgNorm_QCD_BJetOS_2023BPix=-1.06689e-06	CMS_NPS26009_bckgShape_QCD_BJetOS_2016postVFP=0.70583	CMS_NPS26009_bckgShape_QCD_BJetOS_2016preVFP=-0.0174929	CMS_NPS26009_bckgShape_QCD_BJetOS_2017=-1.3008	CMS_NPS26009_bckgShape_QCD_BJetOS_2018=-1.6476	CMS_NPS26009_bckgShape_QCD_BJetOS_2022=-0.00197681	CMS_NPS26009_bckgShape_QCD_BJetOS_2022EE=0.00436458	CMS_NPS26009_bckgShape_QCD_BJetOS_2023=-0.000467986	CMS_NPS26009_bckgShape_QCD_BJetOS_2023BPix=1.83784e-05	CMS_NPS26009_btag_fixedWP_bc_correlated_13TeV=-1.18677	CMS_NPS26009_btag_fixedWP_bc_correlated_13p6TeV=4.57958	CMS_NPS26009_btag_fixedWP_light_correlated_13TeV=-2.27842	CMS_NPS26009_btag_fixedWP_light_correlated_13p6TeV=0.254157	CMS_NPS26009_lumi_2016=0.676448	CMS_NPS26009_lumi_2017=0.117221	CMS_NPS26009_lumi_2018=-6.71849	CMS_NPS26009_lumi_2022=0.346456	CMS_NPS26009_lumi_2023=0.227959	CMS_NPS26009_pdf_NNPDF31=-4.37995	CMS_NPS26009_topmass_ttbar_BJetOS=-6.20638	CMS_btag_fixedWP_bc_uncorrelated_2016postVFP=0.627017	CMS_btag_fixedWP_bc_uncorrelated_2016preVFP=1.17635	CMS_btag_fixedWP_bc_uncorrelated_2017=0.220745	CMS_btag_fixedWP_bc_uncorrelated_2018=-7.22011	CMS_btag_fixedWP_bc_uncorrelated_2022=0.0445866	CMS_btag_fixedWP_bc_uncorrelated_2022EE=0.727231	CMS_btag_fixedWP_bc_uncorrelated_2023=0.657993	CMS_btag_fixedWP_bc_uncorrelated_2023BPix=0.345879	CMS_btag_fixedWP_light_uncorrelated_2016postVFP=0.0817901	CMS_btag_fixedWP_light_uncorrelated_2016preVFP=-0.0359447	CMS_btag_fixedWP_light_uncorrelated_2017=-0.170197	CMS_btag_fixedWP_light_uncorrelated_2018=-1.1876	CMS_btag_fixedWP_light_uncorrelated_2022=-0.0250134	CMS_btag_fixedWP_light_uncorrelated_2022EE=0.0543867	CMS_btag_fixedWP_light_uncorrelated_2023=-0.000421612	CMS_btag_fixedWP_light_uncorrelated_2023BPix=-0.00933281	CMS_eff_m_id_2016postVFP=0.0208257	CMS_eff_m_id_2016preVFP=0.0665257	CMS_eff_m_id_2017=0.0104155	CMS_eff_m_id_2018=-0.278619	CMS_eff_m_id_2022=-0.00274843	CMS_eff_m_id_2022EE=0.0878574	CMS_eff_m_id_2023=0.11414	CMS_eff_m_id_2023BPix=0.0624192	CMS_eff_m_trigger_2016postVFP=0.111243	CMS_eff_m_trigger_2016preVFP=0.281285	CMS_eff_m_trigger_2017=0.0477176	CMS_eff_m_trigger_2018=-0.978947	CMS_eff_m_trigger_2022=-0.0171825	CMS_eff_m_trigger_2022EE=0.182285	CMS_eff_m_trigger_2023=0.158739	CMS_eff_m_trigger_2023BPix=0.079023	CMS_l1_prefiring_2016postVFP=-0.252022	CMS_l1_prefiring_2016preVFP=-0.48015	CMS_l1_prefiring_2017=-0.183429	CMS_l1_prefiring_2018=0.470196	CMS_pileup_2016postVFP=-0.0927308	CMS_pileup_2016preVFP=0.215423	CMS_pileup_2017=-0.564528	CMS_pileup_2018=-3.79265	CMS_pileup_2022=0.0700049	CMS_pileup_2022EE=-0.126175	CMS_pileup_2023=0.100618	CMS_pileup_2023BPix=0.120183	CMS_res_j_2016postVFP=0.0147503	CMS_res_j_2016preVFP=0.00551805	CMS_res_j_2017=-0.0423865	CMS_res_j_2018=-0.378146	CMS_res_j_2022=0.000850033	CMS_res_j_2022EE=-0.010657	CMS_res_j_2023=-0.0160907	CMS_res_j_2023BPix=0.00195527	CMS_scale_j_2016postVFP=0.0147931	CMS_scale_j_2016preVFP=0.0103461	CMS_scale_j_2017=-0.150876	CMS_scale_j_2018=-0.494452	CMS_scale_j_2022=-0.0108076	CMS_scale_j_2022EE=0.00302114	CMS_scale_j_2023=0.0147031	CMS_scale_j_2023BPix=0.0571133	CMS_scale_m_2016postVFP=0.0198889	CMS_scale_m_2016preVFP=0.0204203	CMS_scale_m_2017=0.155021	CMS_scale_m_2018=-0.210159	CMS_scale_m_2022=-0.0243974	CMS_scale_m_2022EE=0.0850943	CMS_scale_m_2023=0.0767298	CMS_scale_m_2023BPix=-0.0386925	QCDscale_fac_ttbar=14.1856	QCDscale_ren_ttbar=32.7671	pdf_alphas=-7.61154	r=2.86684
RooFit::Detail::RooFixedProdPdf::model_s[ ]
     getLogVal() top-level p.d.f not greater than zero @ !servers=(modelObs_s = 0)

RooAbsMinimizerFcn: Minimized function has error status.
Returning maximum FCN so far (808.06) to force MIGRAD to back out of this region. Error log follows.
Parameter values: 	CMS_NPS26009_LightJetStat_DY_BJetOS_2016postVFP=-9.4515	CMS_NPS26009_LightJetStat_DY_BJetOS_2016preVFP=7.51733	CMS_NPS26009_LightJetStat_DY_BJetOS_2017=7.26242	CMS_NPS26009_LightJetStat_DY_BJetOS_2018=4.13218	CMS_NPS26009_LightJetStat_DY_BJetOS_2022=0.234914	CMS_NPS26009_LightJetStat_DY_BJetOS_2022EE=0.244672	CMS_NPS26009_MCstat_other_BJetOS_2016postVFP=0.00254657	CMS_NPS26009_MCstat_other_BJetOS_2016preVFP=0.64141	CMS_NPS26009_MCstat_other_BJetOS_2017=0.105987	CMS_NPS26009_MCstat_other_BJetOS_2018=-0.544293	CMS_NPS26009_MCstat_other_BJetOS_2022=0.100646	CMS_NPS26009_MCstat_other_BJetOS_2022EE=0.21315	CMS_NPS26009_MCstat_other_BJetOS_2023=0.0277747	CMS_NPS26009_MCstat_other_BJetOS_2023BPix=0.587152	CMS_NPS26009_MCstat_signal_BJetOS_2016postVFP=0.0754346	CMS_NPS26009_MCstat_signal_BJetOS_2016preVFP=0.712936	CMS_NPS26009_MCstat_signal_BJetOS_2017=0.812177	CMS_NPS26009_MCstat_signal_BJetOS_2018=0.120637	CMS_NPS26009_MCstat_signal_BJetOS_2022=0.116665	CMS_NPS26009_MCstat_signal_BJetOS_2022EE=0.338473	CMS_NPS26009_MCstat_signal_BJetOS_2023=0.235479	CMS_NPS26009_MCstat_signal_BJetOS_2023BPix=0.252285	CMS_NPS26009_MCstat_singleTop_BJetOS_2016postVFP=-0.00211795	CMS_NPS26009_MCstat_singleTop_BJetOS_2016preVFP=0.434181	CMS_NPS26009_MCstat_singleTop_BJetOS_2017=0.138374	CMS_NPS26009_MCstat_singleTop_BJetOS_2018=-0.738824	CMS_NPS26009_MCstat_singleTop_BJetOS_2022=0.302511	CMS_NPS26009_MCstat_singleTop_BJetOS_2022EE=0.831477	CMS_NPS26009_MCstat_singleTop_BJetOS_2023=0.0171044	CMS_NPS26009_MCstat_singleTop_BJetOS_2023BPix=0.100357	CMS_NPS26009_MCstat_ttbar_BJetOS_2016postVFP=-0.022782	CMS_NPS26009_MCstat_ttbar_BJetOS_2016preVFP=0.505077	CMS_NPS26009_MCstat_ttbar_BJetOS_2017=0.469078	CMS_NPS26009_MCstat_ttbar_BJetOS_2018=-3.57188	CMS_NPS26009_MCstat_ttbar_BJetOS_2022=0.0144083	CMS_NPS26009_MCstat_ttbar_BJetOS_2022EE=1.86057	CMS_NPS26009_MCstat_ttbar_BJetOS_2023=0.877357	CMS_NPS26009_MCstat_ttbar_BJetOS_2023BPix=0.468442	CMS_NPS26009_NFStat_DY_BJetOS_2016postVFP=-0.294694	CMS_NPS26009_NFStat_DY_BJetOS_2016preVFP=1.40647	CMS_NPS26009_NFStat_DY_BJetOS_2017=0.0776456	CMS_NPS26009_NFStat_DY_BJetOS_2018=-5.53075	CMS_NPS26009_NFStat_DY_BJetOS_2022=0.226917	CMS_NPS26009_NFStat_DY_BJetOS_2022EE=0.00583602	CMS_NPS26009_QCDscale_fac_singleTop=0.110877	CMS_NPS26009_QCDscale_ren_singleTop=0.0724295	CMS_NPS26009_bckgNorm_QCD_BJetOS_2016postVFP=0.000744016	CMS_NPS26009_bckgNorm_QCD_BJetOS_2016preVFP=-0.000238409	CMS_NPS26009_bckgNorm_QCD_BJetOS_2017=-0.00406547	CMS_NPS26009_bckgNorm_QCD_BJetOS_2018=-0.00808556	CMS_NPS26009_bckgNorm_QCD_BJetOS_2022=4.64076e-06	CMS_NPS26009_bckgNorm_QCD_BJetOS_2022EE=-8.25101e-06	CMS_NPS26009_bckgNorm_QCD_BJetOS_2023=-7.34721e-05	CMS_NPS26009_bckgNorm_QCD_BJetOS_2023BPix=-4.02308e-07	CMS_NPS26009_bckgShape_QCD_BJetOS_2016postVFP=0.618169	CMS_NPS26009_bckgShape_QCD_BJetOS_2016preVFP=0.00886063	CMS_NPS26009_bckgShape_QCD_BJetOS_2017=-1.26305	CMS_NPS26009_bckgShape_QCD_BJetOS_2018=-0.81896	CMS_NPS26009_bckgShape_QCD_BJetOS_2022=-0.000953818	CMS_NPS26009_bckgShape_QCD_BJetOS_2022EE=0.00146745	CMS_NPS26009_bckgShape_QCD_BJetOS_2023=-0.00256399	CMS_NPS26009_bckgShape_QCD_BJetOS_2023BPix=1.29139e-07	CMS_NPS26009_btag_fixedWP_bc_correlated_13TeV=4.09754	CMS_NPS26009_btag_fixedWP_bc_correlated_13p6TeV=5.07459	CMS_NPS26009_btag_fixedWP_light_correlated_13TeV=-0.603576	CMS_NPS26009_btag_fixedWP_light_correlated_13p6TeV=0.355493	CMS_NPS26009_lumi_2016=0.595825	CMS_NPS26009_lumi_2017=1.29774	CMS_NPS26009_lumi_2018=-1.80053	CMS_NPS26009_lumi_2022=0.457107	CMS_NPS26009_lumi_2023=0.322565	CMS_NPS26009_pdf_NNPDF31=-0.208074	CMS_NPS26009_topmass_ttbar_BJetOS=-1.13283	CMS_btag_fixedWP_bc_uncorrelated_2016postVFP=0.134387	CMS_btag_fixedWP_bc_uncorrelated_2016preVFP=1.37977	CMS_btag_fixedWP_bc_uncorrelated_2017=2.18151	CMS_btag_fixedWP_bc_uncorrelated_2018=-1.94265	CMS_btag_fixedWP_bc_uncorrelated_2022=0.171414	CMS_btag_fixedWP_bc_uncorrelated_2022EE=0.782086	CMS_btag_fixedWP_bc_uncorrelated_2023=0.715822	CMS_btag_fixedWP_bc_uncorrelated_2023BPix=0.443	CMS_btag_fixedWP_light_uncorrelated_2016postVFP=-0.000870722	CMS_btag_fixedWP_light_uncorrelated_2016preVFP=0.0371579	CMS_btag_fixedWP_light_uncorrelated_2017=0.0557813	CMS_btag_fixedWP_light_uncorrelated_2018=-0.452202	CMS_btag_fixedWP_light_uncorrelated_2022=-0.00142984	CMS_btag_fixedWP_light_uncorrelated_2022EE=0.0831121	CMS_btag_fixedWP_light_uncorrelated_2023=0.0109372	CMS_btag_fixedWP_light_uncorrelated_2023BPix=0.0119301	CMS_eff_m_id_2016postVFP=0.00449777	CMS_eff_m_id_2016preVFP=0.0754247	CMS_eff_m_id_2017=0.05598	CMS_eff_m_id_2018=-0.0674652	CMS_eff_m_id_2022=0.0271274	CMS_eff_m_id_2022EE=0.0935338	CMS_eff_m_id_2023=0.116684	CMS_eff_m_id_2023BPix=0.0812664	CMS_eff_m_trigger_2016postVFP=0.0238281	CMS_eff_m_trigger_2016preVFP=0.321896	CMS_eff_m_trigger_2017=0.251235	CMS_eff_m_trigger_2018=-0.24561	CMS_eff_m_trigger_2022=0.0323951	CMS_eff_m_trigger_2022EE=0.212495	CMS_eff_m_trigger_2023=0.180258	CMS_eff_m_trigger_2023BPix=0.104864	CMS_l1_prefiring_2016postVFP=-0.0576967	CMS_l1_prefiring_2016preVFP=-0.532299	CMS_l1_prefiring_2017=-0.647604	CMS_l1_prefiring_2018=0.126078	CMS_pileup_2016postVFP=-0.0244018	CMS_pileup_2016preVFP=-0.0506239	CMS_pileup_2017=-0.277317	CMS_pileup_2018=-1.475	CMS_pileup_2022=-0.0934177	CMS_pileup_2022EE=0.125345	CMS_pileup_2023=0.174854	CMS_pileup_2023BPix=-0.176442	CMS_res_j_2016postVFP=-0.000161101	CMS_res_j_2016preVFP=0.00516056	CMS_res_j_2017=-0.00831842	CMS_res_j_2018=-0.175721	CMS_res_j_2022=0.000409142	CMS_res_j_2022EE=-0.00706305	CMS_res_j_2023=-0.00916005	CMS_res_j_2023BPix=0.00365559	CMS_scale_j_2016postVFP=-3.26043e-05	CMS_scale_j_2016preVFP=0.00701105	CMS_scale_j_2017=0.104599	CMS_scale_j_2018=-0.144354	CMS_scale_j_2022=0.000561987	CMS_scale_j_2022EE=0.0160109	CMS_scale_j_2023=0.0501621	CMS_scale_j_2023BPix=0.158095	CMS_scale_m_2016postVFP=-5.72457e-05	CMS_scale_m_2016preVFP=0.087827	CMS_scale_m_2017=-0.0221155	CMS_scale_m_2018=-0.063479	CMS_scale_m_2022=0.00629262	CMS_scale_m_2022EE=0.11913	CMS_scale_m_2023=0.154681	CMS_scale_m_2023BPix=0.0464829	QCDscale_fac_ttbar=-0.90369	QCDscale_ren_ttbar=13.8462	pdf_alphas=-1.55018	r=2.86684
RooFit::Detail::RooFixedProdPdf::model_s[ ]
     getLogVal() top-level p.d.f not greater than zero @ !servers=(modelObs_s = 0)

RooAbsMinimizerFcn: Minimized function has error status.
Returning maximum FCN so far (808.06) to force MIGRAD to back out of this region. Error log follows.
Parameter values: 	CMS_NPS26009_LightJetStat_DY_BJetOS_2016postVFP=3.13837	CMS_NPS26009_LightJetStat_DY_BJetOS_2016preVFP=7.495	CMS_NPS26009_LightJetStat_DY_BJetOS_2017=9.05918	CMS_NPS26009_LightJetStat_DY_BJetOS_2018=3.27214	CMS_NPS26009_LightJetStat_DY_BJetOS_2022=0.248018	CMS_NPS26009_LightJetStat_DY_BJetOS_2022EE=0.243095	CMS_NPS26009_MCstat_other_BJetOS_2016postVFP=0.197469	CMS_NPS26009_MCstat_other_BJetOS_2016preVFP=2.3553	CMS_NPS26009_MCstat_other_BJetOS_2017=0.154062	CMS_NPS26009_MCstat_other_BJetOS_2018=-0.285501	CMS_NPS26009_MCstat_other_BJetOS_2022=0.12649	CMS_NPS26009_MCstat_other_BJetOS_2022EE=0.207251	CMS_NPS26009_MCstat_other_BJetOS_2023=0.0313844	CMS_NPS26009_MCstat_other_BJetOS_2023BPix=0.60106	CMS_NPS26009_MCstat_signal_BJetOS_2016postVFP=0.142913	CMS_NPS26009_MCstat_signal_BJetOS_2016preVFP=0.64558	CMS_NPS26009_MCstat_signal_BJetOS_2017=0.771408	CMS_NPS26009_MCstat_signal_BJetOS_2018=0.317512	CMS_NPS26009_MCstat_signal_BJetOS_2022=0.110687	CMS_NPS26009_MCstat_signal_BJetOS_2022EE=0.300457	CMS_NPS26009_MCstat_signal_BJetOS_2023=0.208319	CMS_NPS26009_MCstat_signal_BJetOS_2023BPix=0.230405	CMS_NPS26009_MCstat_singleTop_BJetOS_2016postVFP=0.0515906	CMS_NPS26009_MCstat_singleTop_BJetOS_2016preVFP=0.449698	CMS_NPS26009_MCstat_singleTop_BJetOS_2017=0.212826	CMS_NPS26009_MCstat_singleTop_BJetOS_2018=-0.449932	CMS_NPS26009_MCstat_singleTop_BJetOS_2022=0.321126	CMS_NPS26009_MCstat_singleTop_BJetOS_2022EE=0.882354	CMS_NPS26009_MCstat_singleTop_BJetOS_2023=0.0332128	CMS_NPS26009_MCstat_singleTop_BJetOS_2023BPix=0.10875	CMS_NPS26009_MCstat_ttbar_BJetOS_2016postVFP=0.315038	CMS_NPS26009_MCstat_ttbar_BJetOS_2016preVFP=0.614057	CMS_NPS26009_MCstat_ttbar_BJetOS_2017=0.775152	CMS_NPS26009_MCstat_ttbar_BJetOS_2018=-2.52177	CMS_NPS26009_MCstat_ttbar_BJetOS_2022=0.0769272	CMS_NPS26009_MCstat_ttbar_BJetOS_2022EE=1.84093	CMS_NPS26009_MCstat_ttbar_BJetOS_2023=0.936869	CMS_NPS26009_MCstat_ttbar_BJetOS_2023BPix=0.538786	CMS_NPS26009_NFStat_DY_BJetOS_2016postVFP=0.0750253	CMS_NPS26009_NFStat_DY_BJetOS_2016preVFP=1.43317	CMS_NPS26009_NFStat_DY_BJetOS_2017=0.198554	CMS_NPS26009_NFStat_DY_BJetOS_2018=-3.56323	CMS_NPS26009_NFStat_DY_BJetOS_2022=0.23565	CMS_NPS26009_NFStat_DY_BJetOS_2022EE=0.00593578	CMS_NPS26009_QCDscale_fac_singleTop=-0.00240648	CMS_NPS26009_QCDscale_ren_singleTop=-0.110846	CMS_NPS26009_bckgNorm_QCD_BJetOS_2016postVFP=0.000869913	CMS_NPS26009_bckgNorm_QCD_BJetOS_2016preVFP=-0.000158513	CMS_NPS26009_bckgNorm_QCD_BJetOS_2017=-0.00333404	CMS_NPS26009_bckgNorm_QCD_BJetOS_2018=-0.00805112	CMS_NPS26009_bckgNorm_QCD_BJetOS_2022=4.35087e-06	CMS_NPS26009_bckgNorm_QCD_BJetOS_2022EE=-8.57317e-06	CMS_NPS26009_bckgNorm_QCD_BJetOS_2023=-6.78355e-05	CMS_NPS26009_bckgNorm_QCD_BJetOS_2023BPix=-2.81184e-07	CMS_NPS26009_bckgShape_QCD_BJetOS_2016postVFP=0.940975	CMS_NPS26009_bckgShape_QCD_BJetOS_2016preVFP=-0.000644844	CMS_NPS26009_bckgShape_QCD_BJetOS_2017=0.0879112	CMS_NPS26009_bckgShape_QCD_BJetOS_2018=1.54502	CMS_NPS26009_bckgShape_QCD_BJetOS_2022=0.000170041	CMS_NPS26009_bckgShape_QCD_BJetOS_2022EE=-0.000503023	CMS_NPS26009_bckgShape_QCD_BJetOS_2023=-0.000578916	CMS_NPS26009_bckgShape_QCD_BJetOS_2023BPix=-9.26033e-08	CMS_NPS26009_btag_fixedWP_bc_correlated_13TeV=4.8523	CMS_NPS26009_btag_fixedWP_bc_correlated_13p6TeV=4.82139	CMS_NPS26009_btag_fixedWP_light_correlated_13TeV=-0.270196	CMS_NPS26009_btag_fixedWP_light_correlated_13p6TeV=0.347555	CMS_NPS26009_lumi_2016=0.658379	CMS_NPS26009_lumi_2017=1.36808	CMS_NPS26009_lumi_2018=-0.929827	CMS_NPS26009_lumi_2022=0.440175	CMS_NPS26009_lumi_2023=0.31601	CMS_NPS26009_pdf_NNPDF31=0.489027	CMS_NPS26009_topmass_ttbar_BJetOS=-0.222474	CMS_btag_fixedWP_bc_uncorrelated_2016postVFP=0.383882	CMS_btag_fixedWP_bc_uncorrelated_2016preVFP=1.29981	CMS_btag_fixedWP_bc_uncorrelated_2017=2.29793	CMS_btag_fixedWP_bc_uncorrelated_2018=-1.0072	CMS_btag_fixedWP_bc_uncorrelated_2022=0.180792	CMS_btag_fixedWP_bc_uncorrelated_2022EE=0.734253	CMS_btag_fixedWP_bc_uncorrelated_2023=0.680383	CMS_btag_fixedWP_bc_uncorrelated_2023BPix=0.431951	CMS_btag_fixedWP_light_uncorrelated_2016postVFP=0.0628009	CMS_btag_fixedWP_light_uncorrelated_2016preVFP=0.0433029	CMS_btag_fixedWP_light_uncorrelated_2017=0.0831349	CMS_btag_fixedWP_light_uncorrelated_2018=-0.313692	CMS_btag_fixedWP_light_uncorrelated_2022=0.00205274	CMS_btag_fixedWP_light_uncorrelated_2022EE=0.0814239	CMS_btag_fixedWP_light_uncorrelated_2023=0.011876	CMS_btag_fixedWP_light_uncorrelated_2023BPix=0.0143904	CMS_eff_m_id_2016postVFP=0.012729	CMS_eff_m_id_2016preVFP=0.0708575	CMS_eff_m_id_2017=0.0582647	CMS_eff_m_id_2018=-0.0305364	CMS_eff_m_id_2022=0.0299919	CMS_eff_m_id_2022EE=0.0876277	CMS_eff_m_id_2023=0.109889	CMS_eff_m_id_2023BPix=0.0794082	CMS_eff_m_trigger_2016postVFP=0.0681312	CMS_eff_m_trigger_2016preVFP=0.30277	CMS_eff_m_trigger_2017=0.261354	CMS_eff_m_trigger_2018=-0.11684	CMS_eff_m_trigger_2022=0.0379696	CMS_eff_m_trigger_2022EE=0.201739	CMS_eff_m_trigger_2023=0.172371	CMS_eff_m_trigger_2023BPix=0.102688	CMS_l1_prefiring_2016postVFP=-0.151877	CMS_l1_prefiring_2016preVFP=-0.49877	CMS_l1_prefiring_2017=-0.665405	CMS_l1_prefiring_2018=0.0651596	CMS_pileup_2016postVFP=-0.0542291	CMS_pileup_2016preVFP=-0.0800259	CMS_pileup_2017=-0.218958	CMS_pileup_2018=-1.03624	CMS_pileup_2022=-0.114693	CMS_pileup_2022EE=0.142713	CMS_pileup_2023=0.175555	CMS_pileup_2023BPix=-0.210672	CMS_res_j_2016postVFP=0.0113213	CMS_res_j_2016preVFP=0.00473298	CMS_res_j_2017=-0.00294576	CMS_res_j_2018=-0.135264	CMS_res_j_2022=0.000319745	CMS_res_j_2022EE=-0.00607121	CMS_res_j_2023=-0.00764529	CMS_res_j_2023BPix=0.00370194	CMS_scale_j_2016postVFP=0.011274	CMS_scale_j_2016preVFP=0.00607858	CMS_scale_j_2017=0.132947	CMS_scale_j_2018=-0.0816741	CMS_scale_j_2022=0.00217654	CMS_scale_j_2022EE=0.0167659	CMS_scale_j_2023=0.0520112	CMS_scale_j_2023BPix=0.163263	CMS_scale_m_2016postVFP=0.0150633	CMS_scale_m_2016preVFP=0.0887596	CMS_scale_m_2017=-0.0460297	CMS_scale_m_2018=-0.0370676	CMS_scale_m_2022=0.0103527	CMS_scale_m_2022EE=0.114965	CMS_scale_m_2023=0.156728	CMS_scale_m_2023BPix=0.0563949	QCDscale_fac_ttbar=-3.15851	QCDscale_ren_ttbar=9.72363	pdf_alphas=-0.486895	r=2.86684
RooFit::Detail::RooFixedProdPdf::model_s[ ]
     getLogVal() top-level p.d.f not greater than zero @ !servers=(modelObs_s = 0)


 --- MultiDimFit ---
best fit parameter values and profile-likelihood uncertainties: 
   r :    +3.501   -1.367/+0.228 (68%)
Doing initial fit: 

 --- MultiDimFit ---
best fit parameter values and profile-likelihood uncertainties: 
   r :    +0.900   -0.542/+0.684 (68%)
Doing initial fit: 

 --- MultiDimFit ---
best fit parameter values and profile-likelihood uncertainties: 
   r :    +2.208   -0.842/+0.807 (68%)
Doing initial fit: 

 --- MultiDimFit ---
best fit parameter values and profile-likelihood uncertainties: 
   r :    +0.596   -0.623/+0.594 (68%)
Doing initial fit: 

 --- MultiDimFit ---
best fit parameter values and profile-likelihood uncertainties: 
   r :    +1.405   -0.615/+0.726 (68%)
Doing initial fit: 

 --- MultiDimFit ---
best fit parameter values and profile-likelihood uncertainties: 
   r :    +2.357   -0.752/+0.803 (68%)
Doing initial fit: 

 --- MultiDimFit ---
best fit parameter values and profile-likelihood uncertainties: 
   r :    +1.670   -1.388/+0.277 (68%)
Doing initial fit: 

 --- MultiDimFit ---
best fit parameter values and profile-likelihood uncertainties: 
   r :    +2.724   -0.921/+0.731 (68%)
Doing initial fit: 

 --- MultiDimFit ---
best fit parameter values and profile-likelihood uncertainties: 
   r :    +2.132   -0.588/+0.589 (68%)
Doing initial fit: 

 --- MultiDimFit ---
best fit parameter values and profile-likelihood uncertainties: 
   r :    +1.398   -0.525/+0.520 (68%)
Doing initial fit: 

 --- MultiDimFit ---
best fit parameter values and profile-likelihood uncertainties: 
   r :    +0.782   -0.810/+0.767 (68%)
Doing initial fit: 

 --- MultiDimFit ---
best fit parameter values and profile-likelihood uncertainties: 
   r :    +1.772   -0.509/+0.520 (68%)
Doing initial fit: 

 --- MultiDimFit ---
best fit parameter values and profile-likelihood uncertainties: 
   r :    +1.799   -0.712/+0.737 (68%)
Doing initial fit: 

 --- MultiDimFit ---
best fit parameter values and profile-likelihood uncertainties: 
   r :    +1.336   -0.786/+0.705 (68%)
Doing initial fit: 

 --- MultiDimFit ---
best fit parameter values and profile-likelihood uncertainties: 
   r :    +0.705   -0.563/+0.688 (68%)
Doing initial fit: 

 --- MultiDimFit ---
best fit parameter values and profile-likelihood uncertainties: 
   r :    +1.279   -0.547/+0.523 (68%)
Doing initial fit: 
RooAbsMinimizerFcn: Minimized function has error status.
Returning maximum FCN so far (0.101294) to force MIGRAD to back out of this region. Error log follows.
Parameter values: 	CMS_NPS26009_LightJetStat_DY_BJetOS_2016postVFP=-0.122401	CMS_NPS26009_LightJetStat_DY_BJetOS_2016preVFP=0.0153667	CMS_NPS26009_LightJetStat_DY_BJetOS_2017=11.6683	CMS_NPS26009_LightJetStat_DY_BJetOS_2018=3.57872	CMS_NPS26009_LightJetStat_DY_BJetOS_2022=0.0245788	CMS_NPS26009_LightJetStat_DY_BJetOS_2022EE=0.125549	CMS_NPS26009_MCstat_other_BJetOS_2016postVFP=-0.0380118	CMS_NPS26009_MCstat_other_BJetOS_2016preVFP=-0.0191371	CMS_NPS26009_MCstat_other_BJetOS_2017=0.133956	CMS_NPS26009_MCstat_other_BJetOS_2018=-0.146549	CMS_NPS26009_MCstat_other_BJetOS_2022=0.0190173	CMS_NPS26009_MCstat_other_BJetOS_2022EE=0.0499688	CMS_NPS26009_MCstat_other_BJetOS_2023=0.0259457	CMS_NPS26009_MCstat_other_BJetOS_2023BPix=0.0768067	CMS_NPS26009_MCstat_signal_BJetOS_2016postVFP=-0.0231873	CMS_NPS26009_MCstat_signal_BJetOS_2016preVFP=-0.0149445	CMS_NPS26009_MCstat_signal_BJetOS_2017=0.245773	CMS_NPS26009_MCstat_signal_BJetOS_2018=-0.219384	CMS_NPS26009_MCstat_signal_BJetOS_2022=0.00809154	CMS_NPS26009_MCstat_signal_BJetOS_2022EE=0.0490918	CMS_NPS26009_MCstat_signal_BJetOS_2023=0.0264738	CMS_NPS26009_MCstat_signal_BJetOS_2023BPix=0.0111177	CMS_NPS26009_MCstat_singleTop_BJetOS_2016postVFP=-0.00940063	CMS_NPS26009_MCstat_singleTop_BJetOS_2016preVFP=0.00653914	CMS_NPS26009_MCstat_singleTop_BJetOS_2017=0.289576	CMS_NPS26009_MCstat_singleTop_BJetOS_2018=-0.126122	CMS_NPS26009_MCstat_singleTop_BJetOS_2022=0.0740236	CMS_NPS26009_MCstat_singleTop_BJetOS_2022EE=0.238225	CMS_NPS26009_MCstat_singleTop_BJetOS_2023=0.0426671	CMS_NPS26009_MCstat_singleTop_BJetOS_2023BPix=0.0227587	CMS_NPS26009_MCstat_ttbar_BJetOS_2016postVFP=-0.0759203	CMS_NPS26009_MCstat_ttbar_BJetOS_2016preVFP=-0.00806142	CMS_NPS26009_MCstat_ttbar_BJetOS_2017=0.836019	CMS_NPS26009_MCstat_ttbar_BJetOS_2018=-0.480975	CMS_NPS26009_MCstat_ttbar_BJetOS_2022=0.0684636	CMS_NPS26009_MCstat_ttbar_BJetOS_2022EE=0.236182	CMS_NPS26009_MCstat_ttbar_BJetOS_2023=0.237431	CMS_NPS26009_MCstat_ttbar_BJetOS_2023BPix=0.1207	CMS_NPS26009_NFStat_DY_BJetOS_2016postVFP=-0.00201883	CMS_NPS26009_NFStat_DY_BJetOS_2016preVFP=0.00153979	CMS_NPS26009_NFStat_DY_BJetOS_2017=1.08763	CMS_NPS26009_NFStat_DY_BJetOS_2018=-0.685876	CMS_NPS26009_NFStat_DY_BJetOS_2022=0.0240639	CMS_NPS26009_NFStat_DY_BJetOS_2022EE=0.00763657	CMS_NPS26009_QCDscale_fac_singleTop=-0.0415697	CMS_NPS26009_QCDscale_ren_singleTop=-0.0999697	CMS_NPS26009_bckgNorm_QCD_BJetOS_2016postVFP=0.000239724	CMS_NPS26009_bckgNorm_QCD_BJetOS_2016preVFP=1.75726e-05	CMS_NPS26009_bckgNorm_QCD_BJetOS_2017=0.000733805	CMS_NPS26009_bckgNorm_QCD_BJetOS_2018=1.19614e-05	CMS_NPS26009_bckgNorm_QCD_BJetOS_2022=-2.6497e-07	CMS_NPS26009_bckgNorm_QCD_BJetOS_2022EE=1.05549e-06	CMS_NPS26009_bckgNorm_QCD_BJetOS_2023=3.10547e-05	CMS_NPS26009_bckgNorm_QCD_BJetOS_2023BPix=-2.48525e-08	CMS_NPS26009_bckgShape_QCD_BJetOS_2016postVFP=0.0994037	CMS_NPS26009_bckgShape_QCD_BJetOS_2016preVFP=0.0126684	CMS_NPS26009_bckgShape_QCD_BJetOS_2017=1.33528	CMS_NPS26009_bckgShape_QCD_BJetOS_2018=-1.6201	CMS_NPS26009_bckgShape_QCD_BJetOS_2022=0.000255522	CMS_NPS26009_bckgShape_QCD_BJetOS_2022EE=0.001513	CMS_NPS26009_bckgShape_QCD_BJetOS_2023=0.0103111	CMS_NPS26009_bckgShape_QCD_BJetOS_2023BPix=2.675e-05	CMS_NPS26009_btag_fixedWP_bc_correlated_13TeV=0.314568	CMS_NPS26009_btag_fixedWP_bc_correlated_13p6TeV=0.380511	CMS_NPS26009_btag_fixedWP_light_correlated_13TeV=-0.0278515	CMS_NPS26009_btag_fixedWP_light_correlated_13p6TeV=0.0390254	CMS_NPS26009_lumi_2016=-0.0360253	CMS_NPS26009_lumi_2017=0.697165	CMS_NPS26009_lumi_2018=-0.589667	CMS_NPS26009_lumi_2022=0.0774581	CMS_NPS26009_lumi_2023=0.0601241	CMS_NPS26009_pdf_NNPDF31=0.406982	CMS_NPS26009_topmass_ttbar_BJetOS=0.277195	CMS_btag_fixedWP_bc_uncorrelated_2016postVFP=-0.0709723	CMS_btag_fixedWP_bc_uncorrelated_2016preVFP=-0.0306225	CMS_btag_fixedWP_bc_uncorrelated_2017=1.10652	CMS_btag_fixedWP_bc_uncorrelated_2018=-0.617438	CMS_btag_fixedWP_bc_uncorrelated_2022=0.0308995	CMS_btag_fixedWP_bc_uncorrelated_2022EE=0.10577	CMS_btag_fixedWP_bc_uncorrelated_2023=0.0992484	CMS_btag_fixedWP_bc_uncorrelated_2023BPix=0.0458198	CMS_btag_fixedWP_light_uncorrelated_2016postVFP=-0.0136187	CMS_btag_fixedWP_light_uncorrelated_2016preVFP=-0.000586482	CMS_btag_fixedWP_light_uncorrelated_2017=0.0855537	CMS_btag_fixedWP_light_uncorrelated_2018=-0.0660621	CMS_btag_fixedWP_light_uncorrelated_2022=0.00324333	CMS_btag_fixedWP_light_uncorrelated_2022EE=0.0109556	CMS_btag_fixedWP_light_uncorrelated_2023=0.00340895	CMS_btag_fixedWP_light_uncorrelated_2023BPix=0.00382535	CMS_eff_m_id_2016postVFP=-0.00227024	CMS_eff_m_id_2016preVFP=-0.00154097	CMS_eff_m_id_2017=0.0284287	CMS_eff_m_id_2018=-0.0261241	CMS_eff_m_id_2022=0.00638507	CMS_eff_m_id_2022EE=0.0130051	CMS_eff_m_id_2023=0.0151123	CMS_eff_m_id_2023BPix=0.00852829	CMS_eff_m_trigger_2016postVFP=-0.0121773	CMS_eff_m_trigger_2016preVFP=-0.00645555	CMS_eff_m_trigger_2017=0.127296	CMS_eff_m_trigger_2018=-0.0894117	CMS_eff_m_trigger_2022=0.00900252	CMS_eff_m_trigger_2022EE=0.0287158	CMS_eff_m_trigger_2023=0.0266158	CMS_eff_m_trigger_2023BPix=0.0112793	CMS_l1_prefiring_2016postVFP=0.0270408	CMS_l1_prefiring_2016preVFP=0.0108402	CMS_l1_prefiring_2017=-0.306909	CMS_l1_prefiring_2018=0.0407097	CMS_pileup_2016postVFP=0.00959482	CMS_pileup_2016preVFP=-0.00229754	CMS_pileup_2017=0.0687019	CMS_pileup_2018=-0.212328	CMS_pileup_2022=-0.0130654	CMS_pileup_2022EE=0.143254	CMS_pileup_2023=0.0292509	CMS_pileup_2023BPix=-0.064636	CMS_res_j_2016postVFP=-0.00266256	CMS_res_j_2016preVFP=-0.000104455	CMS_res_j_2017=0.00820292	CMS_res_j_2018=-0.0123107	CMS_res_j_2022=-2.98268e-05	CMS_res_j_2022EE=-0.00058799	CMS_res_j_2023=3.52666e-05	CMS_res_j_2023BPix=0.000286469	CMS_scale_j_2016postVFP=-0.00261424	CMS_scale_j_2016preVFP=-0.000152325	CMS_scale_j_2017=0.0955029	CMS_scale_j_2018=-0.0407622	CMS_scale_j_2022=0.00161681	CMS_scale_j_2022EE=0.00221308	CMS_scale_j_2023=0.0164982	CMS_scale_j_2023BPix=0.0138833	CMS_scale_m_2016postVFP=-0.00395833	CMS_scale_m_2016preVFP=-0.00220219	CMS_scale_m_2017=-0.0548085	CMS_scale_m_2018=-0.0136289	CMS_scale_m_2022=0.00503301	CMS_scale_m_2022EE=0.0211288	CMS_scale_m_2023=0.0319526	CMS_scale_m_2023BPix=0.0158764	QCDscale_fac_ttbar=0.708439	QCDscale_ren_ttbar=-0.180572	pdf_alphas=0.373509	r=1.65173
RooFit::Detail::RooFixedProdPdf::model_s[ ]
     getLogVal() top-level p.d.f not greater than zero @ !servers=(modelObs_s = 0)


 --- MultiDimFit ---
best fit parameter values and profile-likelihood uncertainties: 
   r :    +2.227   -1.004/+0.380 (68%)
Doing initial fit: 

 --- MultiDimFit ---
best fit parameter values and profile-likelihood uncertainties: 
   r :    +1.491   -0.687/+0.777 (68%)
Doing initial fit: 
RooAbsMinimizerFcn: Minimized function has error status.
Returning maximum FCN so far (0.0800645) to force MIGRAD to back out of this region. Error log follows.
Parameter values: 	CMS_NPS26009_LightJetStat_DY_BJetOS_2016postVFP=6.40822	CMS_NPS26009_LightJetStat_DY_BJetOS_2016preVFP=-1.8205	CMS_NPS26009_LightJetStat_DY_BJetOS_2017=3.3785	CMS_NPS26009_LightJetStat_DY_BJetOS_2018=-11.8726	CMS_NPS26009_LightJetStat_DY_BJetOS_2022=-1.54871	CMS_NPS26009_LightJetStat_DY_BJetOS_2022EE=0.120456	CMS_NPS26009_MCstat_other_BJetOS_2016postVFP=0.34028	CMS_NPS26009_MCstat_other_BJetOS_2016preVFP=-1.0672	CMS_NPS26009_MCstat_other_BJetOS_2017=0.934285	CMS_NPS26009_MCstat_other_BJetOS_2018=-0.192579	CMS_NPS26009_MCstat_other_BJetOS_2022=-0.0914163	CMS_NPS26009_MCstat_other_BJetOS_2022EE=-0.0909387	CMS_NPS26009_MCstat_other_BJetOS_2023=-0.0144197	CMS_NPS26009_MCstat_other_BJetOS_2023BPix=-0.137706	CMS_NPS26009_MCstat_signal_BJetOS_2016postVFP=-0.0461824	CMS_NPS26009_MCstat_signal_BJetOS_2016preVFP=-0.123012	CMS_NPS26009_MCstat_signal_BJetOS_2017=-0.447491	CMS_NPS26009_MCstat_signal_BJetOS_2018=-0.173983	CMS_NPS26009_MCstat_signal_BJetOS_2022=-0.0231229	CMS_NPS26009_MCstat_signal_BJetOS_2022EE=-0.0631947	CMS_NPS26009_MCstat_signal_BJetOS_2023=-0.028553	CMS_NPS26009_MCstat_signal_BJetOS_2023BPix=-0.021993	CMS_NPS26009_MCstat_singleTop_BJetOS_2016postVFP=-0.0170292	CMS_NPS26009_MCstat_singleTop_BJetOS_2016preVFP=-0.254154	CMS_NPS26009_MCstat_singleTop_BJetOS_2017=-0.396115	CMS_NPS26009_MCstat_singleTop_BJetOS_2018=-0.194925	CMS_NPS26009_MCstat_singleTop_BJetOS_2022=-2.96708	CMS_NPS26009_MCstat_singleTop_BJetOS_2022EE=-1.98615	CMS_NPS26009_MCstat_singleTop_BJetOS_2023=-0.0214555	CMS_NPS26009_MCstat_singleTop_BJetOS_2023BPix=-0.0279263	CMS_NPS26009_MCstat_ttbar_BJetOS_2016postVFP=-0.234942	CMS_NPS26009_MCstat_ttbar_BJetOS_2016preVFP=-0.659776	CMS_NPS26009_MCstat_ttbar_BJetOS_2017=-1.27647	CMS_NPS26009_MCstat_ttbar_BJetOS_2018=-0.587494	CMS_NPS26009_MCstat_ttbar_BJetOS_2022=-0.316723	CMS_NPS26009_MCstat_ttbar_BJetOS_2022EE=-0.40208	CMS_NPS26009_MCstat_ttbar_BJetOS_2023=-0.182424	CMS_NPS26009_MCstat_ttbar_BJetOS_2023BPix=-0.190487	CMS_NPS26009_NFStat_DY_BJetOS_2016postVFP=0.115536	CMS_NPS26009_NFStat_DY_BJetOS_2016preVFP=-0.28827	CMS_NPS26009_NFStat_DY_BJetOS_2017=-2.312	CMS_NPS26009_NFStat_DY_BJetOS_2018=-0.934206	CMS_NPS26009_NFStat_DY_BJetOS_2022=-1.53344	CMS_NPS26009_NFStat_DY_BJetOS_2022EE=0.0237293	CMS_NPS26009_QCDscale_fac_singleTop=0.29889	CMS_NPS26009_QCDscale_ren_singleTop=0.587079	CMS_NPS26009_bckgNorm_QCD_BJetOS_2016postVFP=0.00460485	CMS_NPS26009_bckgNorm_QCD_BJetOS_2016preVFP=-5.84285e-05	CMS_NPS26009_bckgNorm_QCD_BJetOS_2017=0.0103865	CMS_NPS26009_bckgNorm_QCD_BJetOS_2018=-0.000222121	CMS_NPS26009_bckgNorm_QCD_BJetOS_2022=-4.20887e-05	CMS_NPS26009_bckgNorm_QCD_BJetOS_2022EE=7.80547e-07	CMS_NPS26009_bckgNorm_QCD_BJetOS_2023=3.91705e-06	CMS_NPS26009_bckgNorm_QCD_BJetOS_2023BPix=-1.79267e-08	CMS_NPS26009_bckgShape_QCD_BJetOS_2016postVFP=-0.317289	CMS_NPS26009_bckgShape_QCD_BJetOS_2016preVFP=-0.0749958	CMS_NPS26009_bckgShape_QCD_BJetOS_2017=0.329691	CMS_NPS26009_bckgShape_QCD_BJetOS_2018=-1.56601	CMS_NPS26009_bckgShape_QCD_BJetOS_2022=-0.0021831	CMS_NPS26009_bckgShape_QCD_BJetOS_2022EE=-0.00195338	CMS_NPS26009_bckgShape_QCD_BJetOS_2023=-0.00566608	CMS_NPS26009_bckgShape_QCD_BJetOS_2023BPix=-2.23623e-05	CMS_NPS26009_btag_fixedWP_bc_correlated_13TeV=-3.11112	CMS_NPS26009_btag_fixedWP_bc_correlated_13p6TeV=0.113676	CMS_NPS26009_btag_fixedWP_light_correlated_13TeV=-0.452249	CMS_NPS26009_btag_fixedWP_light_correlated_13p6TeV=-0.118695	CMS_NPS26009_lumi_2016=-0.235549	CMS_NPS26009_lumi_2017=-1.2373	CMS_NPS26009_lumi_2018=-0.57896	CMS_NPS26009_lumi_2022=-0.173252	CMS_NPS26009_lumi_2023=-0.0572587	CMS_NPS26009_pdf_NNPDF31=-1.69823	CMS_NPS26009_topmass_ttbar_BJetOS=-1.51665	CMS_btag_fixedWP_bc_uncorrelated_2016postVFP=-0.171227	CMS_btag_fixedWP_bc_uncorrelated_2016preVFP=-0.463394	CMS_btag_fixedWP_bc_uncorrelated_2017=-1.90645	CMS_btag_fixedWP_bc_uncorrelated_2018=-0.60698	CMS_btag_fixedWP_bc_uncorrelated_2022=-0.179778	CMS_btag_fixedWP_bc_uncorrelated_2022EE=-0.206556	CMS_btag_fixedWP_bc_uncorrelated_2023=-0.0902126	CMS_btag_fixedWP_bc_uncorrelated_2023BPix=-0.08023	CMS_btag_fixedWP_light_uncorrelated_2016postVFP=-0.037975	CMS_btag_fixedWP_light_uncorrelated_2016preVFP=-0.0403482	CMS_btag_fixedWP_light_uncorrelated_2017=-0.149455	CMS_btag_fixedWP_light_uncorrelated_2018=-0.0842175	CMS_btag_fixedWP_light_uncorrelated_2022=-0.0162605	CMS_btag_fixedWP_light_uncorrelated_2022EE=-0.0206132	CMS_btag_fixedWP_light_uncorrelated_2023=-0.00273186	CMS_btag_fixedWP_light_uncorrelated_2023BPix=-0.00572425	CMS_eff_m_id_2016postVFP=-0.00498343	CMS_eff_m_id_2016preVFP=-0.0224316	CMS_eff_m_id_2017=-0.0504364	CMS_eff_m_id_2018=-0.0261998	CMS_eff_m_id_2022=-0.0299839	CMS_eff_m_id_2022EE=-0.0245126	CMS_eff_m_id_2023=-0.014073	CMS_eff_m_id_2023BPix=-0.0145994	CMS_eff_m_trigger_2016postVFP=-0.0269753	CMS_eff_m_trigger_2016preVFP=-0.0959115	CMS_eff_m_trigger_2017=-0.230354	CMS_eff_m_trigger_2018=-0.0905697	CMS_eff_m_trigger_2022=-0.047811	CMS_eff_m_trigger_2022EE=-0.0544171	CMS_eff_m_trigger_2023=-0.0231964	CMS_eff_m_trigger_2023BPix=-0.0192329	CMS_l1_prefiring_2016postVFP=0.06107	CMS_l1_prefiring_2016preVFP=0.152385	CMS_l1_prefiring_2017=0.559758	CMS_l1_prefiring_2018=0.0422365	CMS_pileup_2016postVFP=0.0513525	CMS_pileup_2016preVFP=0.133964	CMS_pileup_2017=-1.58847	CMS_pileup_2018=-0.253096	CMS_pileup_2022=0.260222	CMS_pileup_2022EE=-0.63017	CMS_pileup_2023=-0.0261871	CMS_pileup_2023BPix=0.0756461	CMS_res_j_2016postVFP=-0.00331582	CMS_res_j_2016preVFP=-0.00102229	CMS_res_j_2017=-0.014705	CMS_res_j_2018=-0.021617	CMS_res_j_2022=1.24032e-05	CMS_res_j_2022EE=0.000803816	CMS_res_j_2023=5.26134e-06	CMS_res_j_2023BPix=-0.000642058	CMS_scale_j_2016postVFP=-0.00353535	CMS_scale_j_2016preVFP=-0.000288214	CMS_scale_j_2017=-0.143125	CMS_scale_j_2018=-0.044759	CMS_scale_j_2022=-0.00780494	CMS_scale_j_2022EE=-0.0029422	CMS_scale_j_2023=-0.0102344	CMS_scale_j_2023BPix=-0.0530469	CMS_scale_m_2016postVFP=0.00746311	CMS_scale_m_2016preVFP=-0.0625742	CMS_scale_m_2017=1.46332	CMS_scale_m_2018=-0.0177909	CMS_scale_m_2022=-0.0232501	CMS_scale_m_2022EE=-0.0325646	CMS_scale_m_2023=-0.0250126	CMS_scale_m_2023BPix=-0.0233963	QCDscale_fac_ttbar=2.76376	QCDscale_ren_ttbar=4.69054	pdf_alphas=-1.08032	r=97.7446
RooFit::Detail::RooFixedProdPdf::model_s[ ]
     getLogVal() top-level p.d.f not greater than zero @ !servers=(modelObs_s = 0)

RooAbsMinimizerFcn: Minimized function has error status.
Returning maximum FCN so far (447.482) to force MIGRAD to back out of this region. Error log follows.
Parameter values: 	CMS_NPS26009_LightJetStat_DY_BJetOS_2016postVFP=1.11226	CMS_NPS26009_LightJetStat_DY_BJetOS_2016preVFP=-0.706937	CMS_NPS26009_LightJetStat_DY_BJetOS_2017=1.59828	CMS_NPS26009_LightJetStat_DY_BJetOS_2018=-2.77258	CMS_NPS26009_LightJetStat_DY_BJetOS_2022=-0.359528	CMS_NPS26009_LightJetStat_DY_BJetOS_2022EE=-0.0389549	CMS_NPS26009_MCstat_other_BJetOS_2016postVFP=0.0298399	CMS_NPS26009_MCstat_other_BJetOS_2016preVFP=-0.317697	CMS_NPS26009_MCstat_other_BJetOS_2017=0.224482	CMS_NPS26009_MCstat_other_BJetOS_2018=-0.0422876	CMS_NPS26009_MCstat_other_BJetOS_2022=-0.0557426	CMS_NPS26009_MCstat_other_BJetOS_2022EE=-0.0620518	CMS_NPS26009_MCstat_other_BJetOS_2023=-0.00753654	CMS_NPS26009_MCstat_other_BJetOS_2023BPix=-0.0776866	CMS_NPS26009_MCstat_signal_BJetOS_2016postVFP=-0.0166113	CMS_NPS26009_MCstat_signal_BJetOS_2016preVFP=-0.0399836	CMS_NPS26009_MCstat_signal_BJetOS_2017=-0.0491178	CMS_NPS26009_MCstat_signal_BJetOS_2018=-0.0394312	CMS_NPS26009_MCstat_signal_BJetOS_2022=-0.018418	CMS_NPS26009_MCstat_signal_BJetOS_2022EE=-0.0383042	CMS_NPS26009_MCstat_signal_BJetOS_2023=-0.0126424	CMS_NPS26009_MCstat_signal_BJetOS_2023BPix=-0.0108275	CMS_NPS26009_MCstat_singleTop_BJetOS_2016postVFP=-0.0109308	CMS_NPS26009_MCstat_singleTop_BJetOS_2016preVFP=-0.0855497	CMS_NPS26009_MCstat_singleTop_BJetOS_2017=-0.0383789	CMS_NPS26009_MCstat_singleTop_BJetOS_2018=-0.0424052	CMS_NPS26009_MCstat_singleTop_BJetOS_2022=-0.664772	CMS_NPS26009_MCstat_singleTop_BJetOS_2022EE=-0.636498	CMS_NPS26009_MCstat_singleTop_BJetOS_2023=-0.0103729	CMS_NPS26009_MCstat_singleTop_BJetOS_2023BPix=-0.0155471	CMS_NPS26009_MCstat_ttbar_BJetOS_2016postVFP=-0.0911904	CMS_NPS26009_MCstat_ttbar_BJetOS_2016preVFP=-0.220749	CMS_NPS26009_MCstat_ttbar_BJetOS_2017=-0.123538	CMS_NPS26009_MCstat_ttbar_BJetOS_2018=-0.128408	CMS_NPS26009_MCstat_ttbar_BJetOS_2022=-0.260489	CMS_NPS26009_MCstat_ttbar_BJetOS_2022EE=-0.312038	CMS_NPS26009_MCstat_ttbar_BJetOS_2023=-0.0898885	CMS_NPS26009_MCstat_ttbar_BJetOS_2023BPix=-0.102958	CMS_NPS26009_NFStat_DY_BJetOS_2016postVFP=0.020721	CMS_NPS26009_NFStat_DY_BJetOS_2016preVFP=-0.0780097	CMS_NPS26009_NFStat_DY_BJetOS_2017=-0.140427	CMS_NPS26009_NFStat_DY_BJetOS_2018=-0.200302	CMS_NPS26009_NFStat_DY_BJetOS_2022=-0.353801	CMS_NPS26009_NFStat_DY_BJetOS_2022EE=0.00235511	CMS_NPS26009_QCDscale_fac_singleTop=0.0608019	CMS_NPS26009_QCDscale_ren_singleTop=0.124309	CMS_NPS26009_bckgNorm_QCD_BJetOS_2016postVFP=0.000856302	CMS_NPS26009_bckgNorm_QCD_BJetOS_2016preVFP=-3.86369e-06	CMS_NPS26009_bckgNorm_QCD_BJetOS_2017=0.00204743	CMS_NPS26009_bckgNorm_QCD_BJetOS_2018=-4.1293e-05	CMS_NPS26009_bckgNorm_QCD_BJetOS_2022=-3.21105e-06	CMS_NPS26009_bckgNorm_QCD_BJetOS_2022EE=1.27617e-06	CMS_NPS26009_bckgNorm_QCD_BJetOS_2023=1.67317e-06	CMS_NPS26009_bckgNorm_QCD_BJetOS_2023BPix=-9.1758e-10	CMS_NPS26009_bckgShape_QCD_BJetOS_2016postVFP=-0.0780265	CMS_NPS26009_bckgShape_QCD_BJetOS_2016preVFP=-0.0179975	CMS_NPS26009_bckgShape_QCD_BJetOS_2017=-0.919493	CMS_NPS26009_bckgShape_QCD_BJetOS_2018=-0.446005	CMS_NPS26009_bckgShape_QCD_BJetOS_2022=-0.000572142	CMS_NPS26009_bckgShape_QCD_BJetOS_2022EE=-0.000520393	CMS_NPS26009_bckgShape_QCD_BJetOS_2023=-0.00144741	CMS_NPS26009_bckgShape_QCD_BJetOS_2023BPix=-5.27566e-06	CMS_NPS26009_btag_fixedWP_bc_correlated_13TeV=-0.553982	CMS_NPS26009_btag_fixedWP_bc_correlated_13p6TeV=-0.568868	CMS_NPS26009_btag_fixedWP_light_correlated_13TeV=-0.093838	CMS_NPS26009_btag_fixedWP_light_correlated_13p6TeV=-0.0777531	CMS_NPS26009_lumi_2016=-0.0797397	CMS_NPS26009_lumi_2017=-0.133147	CMS_NPS26009_lumi_2018=-0.128618	CMS_NPS26009_lumi_2022=-0.103754	CMS_NPS26009_lumi_2023=-0.027949	CMS_NPS26009_pdf_NNPDF31=-0.489492	CMS_NPS26009_topmass_ttbar_BJetOS=-0.390435	CMS_btag_fixedWP_bc_uncorrelated_2016postVFP=-0.0639748	CMS_btag_fixedWP_bc_uncorrelated_2016preVFP=-0.149587	CMS_btag_fixedWP_bc_uncorrelated_2017=-0.20055	CMS_btag_fixedWP_bc_uncorrelated_2018=-0.135471	CMS_btag_fixedWP_bc_uncorrelated_2022=-0.107857	CMS_btag_fixedWP_bc_uncorrelated_2022EE=-0.117674	CMS_btag_fixedWP_bc_uncorrelated_2023=-0.0414563	CMS_btag_fixedWP_bc_uncorrelated_2023BPix=-0.0406998	CMS_btag_fixedWP_light_uncorrelated_2016postVFP=-0.0158163	CMS_btag_fixedWP_light_uncorrelated_2016preVFP=-0.0129665	CMS_btag_fixedWP_light_uncorrelated_2017=-0.0160141	CMS_btag_fixedWP_light_uncorrelated_2018=-0.0181889	CMS_btag_fixedWP_light_uncorrelated_2022=-0.0122589	CMS_btag_fixedWP_light_uncorrelated_2022EE=-0.0140048	CMS_btag_fixedWP_light_uncorrelated_2023=-0.00128098	CMS_btag_fixedWP_light_uncorrelated_2023BPix=-0.00293496	CMS_eff_m_id_2016postVFP=-0.00198122	CMS_eff_m_id_2016preVFP=-0.00723645	CMS_eff_m_id_2017=-0.00544527	CMS_eff_m_id_2018=-0.00578293	CMS_eff_m_id_2022=-0.0215982	CMS_eff_m_id_2022EE=-0.0140497	CMS_eff_m_id_2023=-0.00642916	CMS_eff_m_id_2023BPix=-0.00740026	CMS_eff_m_trigger_2016postVFP=-0.0106979	CMS_eff_m_trigger_2016preVFP=-0.0309686	CMS_eff_m_trigger_2017=-0.0251555	CMS_eff_m_trigger_2018=-0.019973	CMS_eff_m_trigger_2022=-0.0314273	CMS_eff_m_trigger_2022EE=-0.0329669	CMS_eff_m_trigger_2023=-0.0107284	CMS_eff_m_trigger_2023BPix=-0.00974886	CMS_l1_prefiring_2016postVFP=0.0233204	CMS_l1_prefiring_2016preVFP=0.0492667	CMS_l1_prefiring_2017=0.0613177	CMS_l1_prefiring_2018=0.00929271	CMS_pileup_2016postVFP=0.0131683	CMS_pileup_2016preVFP=0.0429701	CMS_pileup_2017=-0.278026	CMS_pileup_2018=-0.0546582	CMS_pileup_2022=0.0650677	CMS_pileup_2022EE=-0.170116	CMS_pileup_2023=-0.0125664	CMS_pileup_2023BPix=0.039446	CMS_res_j_2016postVFP=-0.00221822	CMS_res_j_2016preVFP=-0.00033151	CMS_res_j_2017=-0.00157372	CMS_res_j_2018=-0.004566	CMS_res_j_2022=1.33331e-05	CMS_res_j_2022EE=0.000461079	CMS_res_j_2023=2.43559e-06	CMS_res_j_2023BPix=-0.000312655	CMS_scale_j_2016postVFP=-0.00223113	CMS_scale_j_2016preVFP=-9.66384e-05	CMS_scale_j_2017=-0.0138543	CMS_scale_j_2018=-0.00985671	CMS_scale_j_2022=-0.00626051	CMS_scale_j_2022EE=-0.00305634	CMS_scale_j_2023=-0.00490179	CMS_scale_j_2023BPix=-0.0274808	CMS_scale_m_2016postVFP=-0.000857691	CMS_scale_m_2016preVFP=-0.0204843	CMS_scale_m_2017=0.256601	CMS_scale_m_2018=-0.0039362	CMS_scale_m_2022=-0.0201999	CMS_scale_m_2022EE=-0.0206338	CMS_scale_m_2023=-0.0118511	CMS_scale_m_2023BPix=-0.0120152	QCDscale_fac_ttbar=0.610794	QCDscale_ren_ttbar=1.08338	pdf_alphas=-0.326127	r=45.0696
RooFit::Detail::RooFixedProdPdf::model_s[ ]
     getLogVal() top-level p.d.f not greater than zero @ !servers=(modelObs_s = 0)

RooAbsMinimizerFcn: Minimized function has error status.
Returning maximum FCN so far (447.482) to force MIGRAD to back out of this region. Error log follows.
Parameter values: 	CMS_NPS26009_LightJetStat_DY_BJetOS_2016postVFP=0.194542	CMS_NPS26009_LightJetStat_DY_BJetOS_2016preVFP=-0.513972	CMS_NPS26009_LightJetStat_DY_BJetOS_2017=1.2898	CMS_NPS26009_LightJetStat_DY_BJetOS_2018=-1.19567	CMS_NPS26009_LightJetStat_DY_BJetOS_2022=-0.15346	CMS_NPS26009_LightJetStat_DY_BJetOS_2022EE=-0.0665786	CMS_NPS26009_MCstat_other_BJetOS_2016postVFP=-0.023955	CMS_NPS26009_MCstat_other_BJetOS_2016preVFP=-0.18782	CMS_NPS26009_MCstat_other_BJetOS_2017=0.101484	CMS_NPS26009_MCstat_other_BJetOS_2018=-0.0162442	CMS_NPS26009_MCstat_other_BJetOS_2022=-0.0495609	CMS_NPS26009_MCstat_other_BJetOS_2022EE=-0.0570461	CMS_NPS26009_MCstat_other_BJetOS_2023=-0.00634379	CMS_NPS26009_MCstat_other_BJetOS_2023BPix=-0.0672861	CMS_NPS26009_MCstat_signal_BJetOS_2016postVFP=-0.011487	CMS_NPS26009_MCstat_signal_BJetOS_2016preVFP=-0.0255959	CMS_NPS26009_MCstat_signal_BJetOS_2017=0.0199146	CMS_NPS26009_MCstat_signal_BJetOS_2018=-0.0161153	CMS_NPS26009_MCstat_signal_BJetOS_2022=-0.0176027	CMS_NPS26009_MCstat_signal_BJetOS_2022EE=-0.033991	CMS_NPS26009_MCstat_signal_BJetOS_2023=-0.00988533	CMS_NPS26009_MCstat_signal_BJetOS_2023BPix=-0.00889264	CMS_NPS26009_MCstat_singleTop_BJetOS_2016postVFP=-0.00987401	CMS_NPS26009_MCstat_singleTop_BJetOS_2016preVFP=-0.056333	CMS_NPS26009_MCstat_singleTop_BJetOS_2017=0.0236117	CMS_NPS26009_MCstat_singleTop_BJetOS_2018=-0.0159757	CMS_NPS26009_MCstat_singleTop_BJetOS_2022=-0.265816	CMS_NPS26009_MCstat_singleTop_BJetOS_2022EE=-0.402624	CMS_NPS26009_MCstat_singleTop_BJetOS_2023=-0.00845245	CMS_NPS26009_MCstat_singleTop_BJetOS_2023BPix=-0.013402	CMS_NPS26009_MCstat_ttbar_BJetOS_2016postVFP=-0.0662803	CMS_NPS26009_MCstat_ttbar_BJetOS_2016preVFP=-0.144671	CMS_NPS26009_MCstat_ttbar_BJetOS_2017=0.0762488	CMS_NPS26009_MCstat_ttbar_BJetOS_2018=-0.0488552	CMS_NPS26009_MCstat_ttbar_BJetOS_2022=-0.250744	CMS_NPS26009_MCstat_ttbar_BJetOS_2022EE=-0.296435	CMS_NPS26009_MCstat_ttbar_BJetOS_2023=-0.0738533	CMS_NPS26009_MCstat_ttbar_BJetOS_2023BPix=-0.0877903	CMS_NPS26009_NFStat_DY_BJetOS_2016postVFP=0.00429084	CMS_NPS26009_NFStat_DY_BJetOS_2016preVFP=-0.0415746	CMS_NPS26009_NFStat_DY_BJetOS_2017=0.235875	CMS_NPS26009_NFStat_DY_BJetOS_2018=-0.0731273	CMS_NPS26009_NFStat_DY_BJetOS_2022=-0.149387	CMS_NPS26009_NFStat_DY_BJetOS_2022EE=-0.00134873	CMS_NPS26009_QCDscale_fac_singleTop=0.0195447	CMS_NPS26009_QCDscale_ren_singleTop=0.0441178	CMS_NPS26009_bckgNorm_QCD_BJetOS_2016postVFP=0.000206732	CMS_NPS26009_bckgNorm_QCD_BJetOS_2016preVFP=5.5916e-06	CMS_NPS26009_bckgNorm_QCD_BJetOS_2017=0.000602396	CMS_NPS26009_bckgNorm_QCD_BJetOS_2018=-9.95807e-06	CMS_NPS26009_bckgNorm_QCD_BJetOS_2022=3.52589e-06	CMS_NPS26009_bckgNorm_QCD_BJetOS_2022EE=1.36205e-06	CMS_NPS26009_bckgNorm_QCD_BJetOS_2023=1.28433e-06	CMS_NPS26009_bckgNorm_QCD_BJetOS_2023BPix=2.02985e-09	CMS_NPS26009_bckgShape_QCD_BJetOS_2016postVFP=-0.0355829	CMS_NPS26009_bckgShape_QCD_BJetOS_2016preVFP=-0.00798067	CMS_NPS26009_bckgShape_QCD_BJetOS_2017=-0.391552	CMS_NPS26009_bckgShape_QCD_BJetOS_2018=-0.185665	CMS_NPS26009_bckgShape_QCD_BJetOS_2022=-0.000292874	CMS_NPS26009_bckgShape_QCD_BJetOS_2022EE=-0.000272034	CMS_NPS26009_bckgShape_QCD_BJetOS_2023=-0.000716211	CMS_NPS26009_bckgShape_QCD_BJetOS_2023BPix=-2.31479e-06	CMS_NPS26009_btag_fixedWP_bc_correlated_13TeV=-0.110867	CMS_NPS26009_btag_fixedWP_bc_correlated_13p6TeV=-0.687143	CMS_NPS26009_btag_fixedWP_light_correlated_13TeV=-0.0317305	CMS_NPS26009_btag_fixedWP_light_correlated_13p6TeV=-0.0706584	CMS_NPS26009_lumi_2016=-0.0527401	CMS_NPS26009_lumi_2017=0.0581863	CMS_NPS26009_lumi_2018=-0.0505805	CMS_NPS26009_lumi_2022=-0.0917115	CMS_NPS26009_lumi_2023=-0.02287	CMS_NPS26009_pdf_NNPDF31=-0.280035	CMS_NPS26009_topmass_ttbar_BJetOS=-0.195279	CMS_btag_fixedWP_bc_uncorrelated_2016postVFP=-0.0453896	CMS_btag_fixedWP_bc_uncorrelated_2016preVFP=-0.0952092	CMS_btag_fixedWP_bc_uncorrelated_2017=0.0950574	CMS_btag_fixedWP_bc_uncorrelated_2018=-0.0537656	CMS_btag_fixedWP_bc_uncorrelated_2022=-0.0953939	CMS_btag_fixedWP_bc_uncorrelated_2022EE=-0.102272	CMS_btag_fixedWP_bc_uncorrelated_2023=-0.0330076	CMS_btag_fixedWP_bc_uncorrelated_2023BPix=-0.0338498	CMS_btag_fixedWP_light_uncorrelated_2016postVFP=-0.0119766	CMS_btag_fixedWP_light_uncorrelated_2016preVFP=-0.0082217	CMS_btag_fixedWP_light_uncorrelated_2017=0.0071093	CMS_btag_fixedWP_light_uncorrelated_2018=-0.00674709	CMS_btag_fixedWP_light_uncorrelated_2022=-0.0115655	CMS_btag_fixedWP_light_uncorrelated_2022EE=-0.0128597	CMS_btag_fixedWP_light_uncorrelated_2023=-0.00102957	CMS_btag_fixedWP_light_uncorrelated_2023BPix=-0.00245161	CMS_eff_m_id_2016postVFP=-0.00146098	CMS_eff_m_id_2016preVFP=-0.00460335	CMS_eff_m_id_2017=0.00235104	CMS_eff_m_id_2018=-0.00224497	CMS_eff_m_id_2022=-0.0201451	CMS_eff_m_id_2022EE=-0.0122366	CMS_eff_m_id_2023=-0.00510459	CMS_eff_m_id_2023BPix=-0.00615276	CMS_eff_m_trigger_2016postVFP=-0.0078773	CMS_eff_m_trigger_2016preVFP=-0.0197149	CMS_eff_m_trigger_2017=0.0104024	CMS_eff_m_trigger_2018=-0.00773961	CMS_eff_m_trigger_2022=-0.0285882	CMS_eff_m_trigger_2022EE=-0.0292498	CMS_eff_m_trigger_2023=-0.00856786	CMS_eff_m_trigger_2023BPix=-0.00810541	CMS_l1_prefiring_2016postVFP=0.016779	CMS_l1_prefiring_2016preVFP=0.0313978	CMS_l1_prefiring_2017=-0.0250548	CMS_l1_prefiring_2018=0.00358402	CMS_pileup_2016postVFP=0.00655155	CMS_pileup_2016preVFP=0.0272022	CMS_pileup_2017=-0.0509453	CMS_pileup_2018=-0.0202718	CMS_pileup_2022=0.0312503	CMS_pileup_2022EE=-0.0903958	CMS_pileup_2023=-0.0102061	CMS_pileup_2023BPix=0.0331731	CMS_res_j_2016postVFP=-0.00202802	CMS_res_j_2016preVFP=-0.000211808	CMS_res_j_2017=0.000701742	CMS_res_j_2018=-0.00161131	CMS_res_j_2022=1.34943e-05	CMS_res_j_2022EE=0.000401688	CMS_res_j_2023=1.94593e-06	CMS_res_j_2023BPix=-0.000255575	CMS_scale_j_2016postVFP=-0.00200513	CMS_scale_j_2016preVFP=-6.3441e-05	CMS_scale_j_2017=0.00854644	CMS_scale_j_2018=-0.00380865	CMS_scale_j_2022=-0.00599288	CMS_scale_j_2022EE=-0.00307612	CMS_scale_j_2023=-0.00397773	CMS_scale_j_2023BPix=-0.0230506	CMS_scale_m_2016postVFP=-0.00229957	CMS_scale_m_2016preVFP=-0.0131908	CMS_scale_m_2017=0.0474942	CMS_scale_m_2018=-0.00153538	CMS_scale_m_2022=-0.0196714	CMS_scale_m_2022EE=-0.0185664	CMS_scale_m_2023=-0.00957041	CMS_scale_m_2023BPix=-0.010043	QCDscale_fac_ttbar=0.237716	QCDscale_ren_ttbar=0.458315	pdf_alphas=-0.195436	r=73.1372
RooFit::Detail::RooFixedProdPdf::model_s[ ]
     getLogVal() top-level p.d.f not greater than zero @ !servers=(modelObs_s = 0)

RooAbsMinimizerFcn: Minimized function has error status.
Returning maximum FCN so far (447.482) to force MIGRAD to back out of this region. Error log follows.
Parameter values: 	CMS_NPS26009_LightJetStat_DY_BJetOS_2016postVFP=-0.392622	CMS_NPS26009_LightJetStat_DY_BJetOS_2016preVFP=-0.39051	CMS_NPS26009_LightJetStat_DY_BJetOS_2017=1.09243	CMS_NPS26009_LightJetStat_DY_BJetOS_2018=-0.186744	CMS_NPS26009_LightJetStat_DY_BJetOS_2022=-0.0216146	CMS_NPS26009_LightJetStat_DY_BJetOS_2022EE=-0.0842525	CMS_NPS26009_MCstat_other_BJetOS_2016postVFP=-0.0583736	CMS_NPS26009_MCstat_other_BJetOS_2016preVFP=-0.104722	CMS_NPS26009_MCstat_other_BJetOS_2017=0.0227875	CMS_NPS26009_MCstat_other_BJetOS_2018=0.000418676	CMS_NPS26009_MCstat_other_BJetOS_2022=-0.0456057	CMS_NPS26009_MCstat_other_BJetOS_2022EE=-0.0538435	CMS_NPS26009_MCstat_other_BJetOS_2023=-0.00558065	CMS_NPS26009_MCstat_other_BJetOS_2023BPix=-0.0606318	CMS_NPS26009_MCstat_signal_BJetOS_2016postVFP=-0.00820845	CMS_NPS26009_MCstat_signal_BJetOS_2016preVFP=-0.0163905	CMS_NPS26009_MCstat_signal_BJetOS_2017=0.0640824	CMS_NPS26009_MCstat_signal_BJetOS_2018=-0.00119743	CMS_NPS26009_MCstat_signal_BJetOS_2022=-0.017081	CMS_NPS26009_MCstat_signal_BJetOS_2022EE=-0.0312314	CMS_NPS26009_MCstat_signal_BJetOS_2023=-0.00812132	CMS_NPS26009_MCstat_signal_BJetOS_2023BPix=-0.00765471	CMS_NPS26009_MCstat_singleTop_BJetOS_2016postVFP=-0.00919787	CMS_NPS26009_MCstat_singleTop_BJetOS_2016preVFP=-0.0376399	CMS_NPS26009_MCstat_singleTop_BJetOS_2017=0.063274	CMS_NPS26009_MCstat_singleTop_BJetOS_2018=0.000934203	CMS_NPS26009_MCstat_singleTop_BJetOS_2022=-0.010558	CMS_NPS26009_MCstat_singleTop_BJetOS_2022EE=-0.252988	CMS_NPS26009_MCstat_singleTop_BJetOS_2023=-0.00722372	CMS_NPS26009_MCstat_singleTop_BJetOS_2023BPix=-0.0120295	CMS_NPS26009_MCstat_ttbar_BJetOS_2016postVFP=-0.0503425	CMS_NPS26009_MCstat_ttbar_BJetOS_2016preVFP=-0.0959961	CMS_NPS26009_MCstat_ttbar_BJetOS_2017=0.204075	CMS_NPS26009_MCstat_ttbar_BJetOS_2018=0.00204379	CMS_NPS26009_MCstat_ttbar_BJetOS_2022=-0.24451	CMS_NPS26009_MCstat_ttbar_BJetOS_2022EE=-0.286452	CMS_NPS26009_MCstat_ttbar_BJetOS_2023=-0.0635938	CMS_NPS26009_MCstat_ttbar_BJetOS_2023BPix=-0.0780859	CMS_NPS26009_NFStat_DY_BJetOS_2016postVFP=-0.00622138	CMS_NPS26009_NFStat_DY_BJetOS_2016preVFP=-0.018263	CMS_NPS26009_NFStat_DY_BJetOS_2017=0.476637	CMS_NPS26009_NFStat_DY_BJetOS_2018=0.00824079	CMS_NPS26009_NFStat_DY_BJetOS_2022=-0.0186006	CMS_NPS26009_NFStat_DY_BJetOS_2022EE=-0.00371849	CMS_NPS26009_QCDscale_fac_singleTop=-0.00685213	CMS_NPS26009_QCDscale_ren_singleTop=-0.00718965	CMS_NPS26009_bckgNorm_QCD_BJetOS_2016postVFP=-0.00020887	CMS_NPS26009_bckgNorm_QCD_BJetOS_2016preVFP=1.16412e-05	CMS_NPS26009_bckgNorm_QCD_BJetOS_2017=-0.000322154	CMS_NPS26009_bckgNorm_QCD_BJetOS_2018=1.00904e-05	CMS_NPS26009_bckgNorm_QCD_BJetOS_2022=7.83626e-06	CMS_NPS26009_bckgNorm_QCD_BJetOS_2022EE=1.417e-06	CMS_NPS26009_bckgNorm_QCD_BJetOS_2023=1.03555e-06	CMS_NPS26009_bckgNorm_QCD_BJetOS_2023BPix=3.91566e-09	CMS_NPS26009_bckgShape_QCD_BJetOS_2016postVFP=-0.00838419	CMS_NPS26009_bckgShape_QCD_BJetOS_2016preVFP=-0.00156587	CMS_NPS26009_bckgShape_QCD_BJetOS_2017=-0.00382725	CMS_NPS26009_bckgShape_QCD_BJetOS_2018=-0.016351	CMS_NPS26009_bckgShape_QCD_BJetOS_2022=-0.000114189	CMS_NPS26009_bckgShape_QCD_BJetOS_2022EE=-0.000113129	CMS_NPS26009_bckgShape_QCD_BJetOS_2023=-0.00024837	CMS_NPS26009_bckgShape_QCD_BJetOS_2023BPix=-4.2039e-07	CMS_NPS26009_btag_fixedWP_bc_correlated_13TeV=0.172643	CMS_NPS26009_btag_fixedWP_bc_correlated_13p6TeV=-0.762817	CMS_NPS26009_btag_fixedWP_light_correlated_13TeV=0.0080067	CMS_NPS26009_btag_fixedWP_light_correlated_13p6TeV=-0.0661192	CMS_NPS26009_lumi_2016=-0.0354655	CMS_NPS26009_lumi_2017=0.180604	CMS_NPS26009_lumi_2018=-0.000650956	CMS_NPS26009_lumi_2022=-0.0840063	CMS_NPS26009_lumi_2023=-0.0196205	CMS_NPS26009_pdf_NNPDF31=-0.146022	CMS_NPS26009_topmass_ttbar_BJetOS=-0.0704161	CMS_btag_fixedWP_bc_uncorrelated_2016postVFP=-0.0334986	CMS_btag_fixedWP_bc_uncorrelated_2016preVFP=-0.0604174	CMS_btag_fixedWP_bc_uncorrelated_2017=0.284191	CMS_btag_fixedWP_bc_uncorrelated_2018=-0.00148929	CMS_btag_fixedWP_bc_uncorrelated_2022=-0.0874199	CMS_btag_fixedWP_bc_uncorrelated_2022EE=-0.0924174	CMS_btag_fixedWP_bc_uncorrelated_2023=-0.0276019	CMS_btag_fixedWP_bc_uncorrelated_2023BPix=-0.0294671	CMS_btag_fixedWP_light_uncorrelated_2016postVFP=-0.00951983	CMS_btag_fixedWP_light_uncorrelated_2016preVFP=-0.00518589	CMS_btag_fixedWP_light_uncorrelated_2017=0.021904	CMS_btag_fixedWP_light_uncorrelated_2018=0.000573522	CMS_btag_fixedWP_light_uncorrelated_2022=-0.0111219	CMS_btag_fixedWP_light_uncorrelated_2022EE=-0.012127	CMS_btag_fixedWP_light_uncorrelated_2023=-0.000868708	CMS_btag_fixedWP_light_uncorrelated_2023BPix=-0.00214237	CMS_eff_m_id_2016postVFP=-0.00112812	CMS_eff_m_id_2016preVFP=-0.00291866	CMS_eff_m_id_2017=0.00733922	CMS_eff_m_id_2018=1.86614e-05	CMS_eff_m_id_2022=-0.0192154	CMS_eff_m_id_2022EE=-0.0110766	CMS_eff_m_id_2023=-0.00425711	CMS_eff_m_id_2023BPix=-0.00535459	CMS_eff_m_trigger_2016postVFP=-0.00607263	CMS_eff_m_trigger_2016preVFP=-0.0125146	CMS_eff_m_trigger_2017=0.0331528	CMS_eff_m_trigger_2018=8.74696e-05	CMS_eff_m_trigger_2022=-0.0267717	CMS_eff_m_trigger_2022EE=-0.0268716	CMS_eff_m_trigger_2023=-0.00718552	CMS_eff_m_trigger_2023BPix=-0.00705391	CMS_l1_prefiring_2016postVFP=0.0125937	CMS_l1_prefiring_2016preVFP=0.0199651	CMS_l1_prefiring_2017=-0.0803171	CMS_l1_prefiring_2018=-6.84651e-05	CMS_pileup_2016postVFP=0.00231806	CMS_pileup_2016preVFP=0.0171137	CMS_pileup_2017=0.0943437	CMS_pileup_2018=0.00172907	CMS_pileup_2022=0.00961352	CMS_pileup_2022EE=-0.0393895	CMS_pileup_2023=-0.00869602	CMS_pileup_2023BPix=0.0291596	CMS_res_j_2016postVFP=-0.00190633	CMS_res_j_2016preVFP=-0.000135222	CMS_res_j_2017=0.00215761	CMS_res_j_2018=0.000279134	CMS_res_j_2022=1.35974e-05	CMS_res_j_2022EE=0.000363689	CMS_res_j_2023=1.63264e-06	CMS_res_j_2023BPix=-0.000219054	CMS_scale_j_2016postVFP=-0.00186053	CMS_scale_j_2016preVFP=-4.2201e-05	CMS_scale_j_2017=0.0228787	CMS_scale_j_2018=6.09712e-05	CMS_scale_j_2022=-0.00582165	CMS_scale_j_2022EE=-0.00308878	CMS_scale_j_2023=-0.00338651	CMS_scale_j_2023BPix=-0.020216	CMS_scale_m_2016postVFP=-0.0032221	CMS_scale_m_2016preVFP=-0.00852424	CMS_scale_m_2017=-0.086295	CMS_scale_m_2018=7.00756e-07	CMS_scale_m_2022=-0.0193332	CMS_scale_m_2022EE=-0.0172436	CMS_scale_m_2023=-0.00811119	CMS_scale_m_2023BPix=-0.00878119	QCDscale_fac_ttbar=-0.000983343	QCDscale_ren_ttbar=0.0583887	pdf_alphas=-0.111818	r=99.9746
RooFit::Detail::RooFixedProdPdf::model_s[ ]
     getLogVal() top-level p.d.f not greater than zero @ !servers=(modelObs_s = 0)

RooAbsMinimizerFcn: Minimized function has error status.
Returning maximum FCN so far (447.482) to force MIGRAD to back out of this region. Error log follows.
Parameter values: 	CMS_NPS26009_LightJetStat_DY_BJetOS_2016postVFP=7.73919	CMS_NPS26009_LightJetStat_DY_BJetOS_2016preVFP=-0.331558	CMS_NPS26009_LightJetStat_DY_BJetOS_2017=3.12322	CMS_NPS26009_LightJetStat_DY_BJetOS_2018=9.12367	CMS_NPS26009_LightJetStat_DY_BJetOS_2022=-1.85253	CMS_NPS26009_LightJetStat_DY_BJetOS_2022EE=0.248495	CMS_NPS26009_MCstat_other_BJetOS_2016postVFP=0.786318	CMS_NPS26009_MCstat_other_BJetOS_2016preVFP=-0.672708	CMS_NPS26009_MCstat_other_BJetOS_2017=1.75525	CMS_NPS26009_MCstat_other_BJetOS_2018=0.0498219	CMS_NPS26009_MCstat_other_BJetOS_2022=-0.0756069	CMS_NPS26009_MCstat_other_BJetOS_2022EE=-0.0481124	CMS_NPS26009_MCstat_other_BJetOS_2023=0.0123709	CMS_NPS26009_MCstat_other_BJetOS_2023BPix=0.0164621	CMS_NPS26009_MCstat_signal_BJetOS_2016postVFP=0.021385	CMS_NPS26009_MCstat_signal_BJetOS_2016preVFP=-0.0460453	CMS_NPS26009_MCstat_signal_BJetOS_2017=-0.372547	CMS_NPS26009_MCstat_signal_BJetOS_2018=0.0795872	CMS_NPS26009_MCstat_signal_BJetOS_2022=0.0139977	CMS_NPS26009_MCstat_signal_BJetOS_2022EE=0.0214708	CMS_NPS26009_MCstat_signal_BJetOS_2023=0.0216197	CMS_NPS26009_MCstat_signal_BJetOS_2023BPix=0.0103448	CMS_NPS26009_MCstat_singleTop_BJetOS_2016postVFP=0.0493605	CMS_NPS26009_MCstat_singleTop_BJetOS_2016preVFP=-0.151354	CMS_NPS26009_MCstat_singleTop_BJetOS_2017=-0.187178	CMS_NPS26009_MCstat_singleTop_BJetOS_2018=0.0333735	CMS_NPS26009_MCstat_singleTop_BJetOS_2022=-3.71401	CMS_NPS26009_MCstat_singleTop_BJetOS_2022EE=-2.10597	CMS_NPS26009_MCstat_singleTop_BJetOS_2023=0.0134921	CMS_NPS26009_MCstat_singleTop_BJetOS_2023BPix=0.00298826	CMS_NPS26009_MCstat_ttbar_BJetOS_2016postVFP=0.122303	CMS_NPS26009_MCstat_ttbar_BJetOS_2016preVFP=-0.395174	CMS_NPS26009_MCstat_ttbar_BJetOS_2017=-0.59734	CMS_NPS26009_MCstat_ttbar_BJetOS_2018=0.126247	CMS_NPS26009_MCstat_ttbar_BJetOS_2022=-0.281065	CMS_NPS26009_MCstat_ttbar_BJetOS_2022EE=-0.141094	CMS_NPS26009_MCstat_ttbar_BJetOS_2023=0.12017	CMS_NPS26009_MCstat_ttbar_BJetOS_2023BPix=0.00630182	CMS_NPS26009_NFStat_DY_BJetOS_2016postVFP=0.153823	CMS_NPS26009_NFStat_DY_BJetOS_2016preVFP=-0.252258	CMS_NPS26009_NFStat_DY_BJetOS_2017=-1.40206	CMS_NPS26009_NFStat_DY_BJetOS_2018=0.0424102	CMS_NPS26009_NFStat_DY_BJetOS_2022=-1.85184	CMS_NPS26009_NFStat_DY_BJetOS_2022EE=0.0356814	CMS_NPS26009_QCDscale_fac_singleTop=0.192336	CMS_NPS26009_QCDscale_ren_singleTop=0.401859	CMS_NPS26009_bckgNorm_QCD_BJetOS_2016postVFP=0.00635209	CMS_NPS26009_bckgNorm_QCD_BJetOS_2016preVFP=-0.000101683	CMS_NPS26009_bckgNorm_QCD_BJetOS_2017=0.0165035	CMS_NPS26009_bckgNorm_QCD_BJetOS_2018=-0.000262716	CMS_NPS26009_bckgNorm_QCD_BJetOS_2022=-6.02632e-05	CMS_NPS26009_bckgNorm_QCD_BJetOS_2022EE=-2.75887e-07	CMS_NPS26009_bckgNorm_QCD_BJetOS_2023=1.84918e-07	CMS_NPS26009_bckgNorm_QCD_BJetOS_2023BPix=-2.62466e-08	CMS_NPS26009_bckgShape_QCD_BJetOS_2016postVFP=0.422327	CMS_NPS26009_bckgShape_QCD_BJetOS_2016preVFP=-0.0117676	CMS_NPS26009_bckgShape_QCD_BJetOS_2017=-1.0278	CMS_NPS26009_bckgShape_QCD_BJetOS_2018=0.511344	CMS_NPS26009_bckgShape_QCD_BJetOS_2022=-0.00184042	CMS_NPS26009_bckgShape_QCD_BJetOS_2022EE=-0.000415492	CMS_NPS26009_bckgShape_QCD_BJetOS_2023=0.0107473	CMS_NPS26009_bckgShape_QCD_BJetOS_2023BPix=2.24672e-05	CMS_NPS26009_btag_fixedWP_bc_correlated_13TeV=-1.12686	CMS_NPS26009_btag_fixedWP_bc_correlated_13p6TeV=1.70402	CMS_NPS26009_btag_fixedWP_light_correlated_13TeV=-0.130811	CMS_NPS26009_btag_fixedWP_light_correlated_13p6TeV=-0.0412367	CMS_NPS26009_lumi_2016=-0.0552747	CMS_NPS26009_lumi_2017=-0.865856	CMS_NPS26009_lumi_2018=0.185786	CMS_NPS26009_lumi_2022=-0.0907355	CMS_NPS26009_lumi_2023=0.0252584	CMS_NPS26009_pdf_NNPDF31=-0.771599	CMS_NPS26009_topmass_ttbar_BJetOS=-0.514469	CMS_btag_fixedWP_bc_uncorrelated_2016postVFP=0.0843326	CMS_btag_fixedWP_bc_uncorrelated_2016preVFP=-0.239794	CMS_btag_fixedWP_bc_uncorrelated_2017=-1.3054	CMS_btag_fixedWP_bc_uncorrelated_2018=0.22166	CMS_btag_fixedWP_bc_uncorrelated_2022=-0.118706	CMS_btag_fixedWP_bc_uncorrelated_2022EE=-0.079958	CMS_btag_fixedWP_bc_uncorrelated_2023=0.0539747	CMS_btag_fixedWP_bc_uncorrelated_2023BPix=0.0111814	CMS_btag_fixedWP_light_uncorrelated_2016postVFP=0.0307144	CMS_btag_fixedWP_light_uncorrelated_2016preVFP=-0.0256812	CMS_btag_fixedWP_light_uncorrelated_2017=-0.08876	CMS_btag_fixedWP_light_uncorrelated_2018=0.00813425	CMS_btag_fixedWP_light_uncorrelated_2022=-0.0139496	CMS_btag_fixedWP_light_uncorrelated_2022EE=-0.00901468	CMS_btag_fixedWP_light_uncorrelated_2023=0.00160552	CMS_btag_fixedWP_light_uncorrelated_2023BPix=-0.000137541	CMS_eff_m_id_2016postVFP=0.00366458	CMS_eff_m_id_2016preVFP=-0.0113137	CMS_eff_m_id_2017=-0.0359002	CMS_eff_m_id_2018=0.00672028	CMS_eff_m_id_2022=-0.0174169	CMS_eff_m_id_2022EE=-0.00824499	CMS_eff_m_id_2023=0.00865801	CMS_eff_m_id_2023BPix=0.00223336	CMS_eff_m_trigger_2016postVFP=0.0195249	CMS_eff_m_trigger_2016preVFP=-0.0484235	CMS_eff_m_trigger_2017=-0.166648	CMS_eff_m_trigger_2018=0.0226561	CMS_eff_m_trigger_2022=-0.0332516	CMS_eff_m_trigger_2022EE=-0.0209323	CMS_eff_m_trigger_2023=0.01394	CMS_eff_m_trigger_2023BPix=0.00273759	CMS_l1_prefiring_2016postVFP=-0.0362246	CMS_l1_prefiring_2016preVFP=0.0758938	CMS_l1_prefiring_2017=0.412054	CMS_l1_prefiring_2018=-0.00984148	CMS_pileup_2016postVFP=0.0319173	CMS_pileup_2016preVFP=0.0912003	CMS_pileup_2017=-1.85174	CMS_pileup_2018=0.0227223	CMS_pileup_2022=0.336622	CMS_pileup_2022EE=-0.750812	CMS_pileup_2023=0.0154044	CMS_pileup_2023BPix=0.00243549	CMS_res_j_2016postVFP=0.0106218	CMS_res_j_2016preVFP=-0.000390979	CMS_res_j_2017=-0.00641724	CMS_res_j_2018=-0.00137212	CMS_res_j_2022=1.12299e-05	CMS_res_j_2022EE=-0.000117734	CMS_res_j_2023=-3.27579e-06	CMS_res_j_2023BPix=0.000279887	CMS_scale_j_2016postVFP=0.0100656	CMS_scale_j_2016preVFP=0.000181448	CMS_scale_j_2017=-0.072896	CMS_scale_j_2018=0.0116985	CMS_scale_j_2022=-0.00601553	CMS_scale_j_2022EE=-0.000898764	CMS_scale_j_2023=0.00599727	CMS_scale_j_2023BPix=-0.000915485	CMS_scale_m_2016postVFP=0.0316851	CMS_scale_m_2016preVFP=-0.0392622	CMS_scale_m_2017=1.7546	CMS_scale_m_2018=0.00578584	CMS_scale_m_2022=-0.0154979	CMS_scale_m_2022EE=-0.0163914	CMS_scale_m_2023=0.0139875	CMS_scale_m_2023BPix=-0.00124783	QCDscale_fac_ttbar=0.781662	QCDscale_ren_ttbar=0.78942	pdf_alphas=-0.176043	r=-1.52803
RooFit::Detail::RooFixedProdPdf::model_s[ ]
     getLogVal() top-level p.d.f not greater than zero @ !servers=(modelObs_s = 0)


 --- MultiDimFit ---
best fit parameter values and profile-likelihood uncertainties: 
   r :    +2.012   -1.586/-0.018 (68%)
Doing initial fit: 

 --- MultiDimFit ---
best fit parameter values and profile-likelihood uncertainties: 
   r :    +2.396   -0.735/+0.823 (68%)
Doing initial fit: 

 --- MultiDimFit ---
best fit parameter values and profile-likelihood uncertainties: 
   r :    +1.407   -0.555/+0.639 (68%)
Doing initial fit: 

 --- MultiDimFit ---
best fit parameter values and profile-likelihood uncertainties: 
   r :    +1.290   -1.317/+0.389 (68%)
Doing initial fit: 

 --- MultiDimFit ---
best fit parameter values and profile-likelihood uncertainties: 
   r :    +2.684   -0.582/+0.595 (68%)
Doing initial fit: 

 --- MultiDimFit ---
best fit parameter values and profile-likelihood uncertainties: 
   r :    +2.039   -0.572/+0.578 (68%)
Doing initial fit: 

 --- MultiDimFit ---
best fit parameter values and profile-likelihood uncertainties: 
   r :    +1.360   -0.697/+0.620 (68%)
Doing initial fit: 

 --- MultiDimFit ---
best fit parameter values and profile-likelihood uncertainties: 
   r :    +1.757   -0.757/+0.825 (68%)
Doing initial fit: 

 --- MultiDimFit ---
best fit parameter values and profile-likelihood uncertainties: 
   r :    +2.698   -1.238/+0.346 (68%)
Doing initial fit: 

 --- MultiDimFit ---
best fit parameter values and profile-likelihood uncertainties: 
   r :    +1.341   -0.935/+0.489 (68%)
Doing initial fit: 

 --- MultiDimFit ---
best fit parameter values and profile-likelihood uncertainties: 
   r :    +1.611   -0.632/+0.657 (68%)
Doing initial fit: 

 --- MultiDimFit ---
best fit parameter values and profile-likelihood uncertainties: 
   r :    +1.933   -0.671/+0.801 (68%)
Doing initial fit: 

 --- MultiDimFit ---
best fit parameter values and profile-likelihood uncertainties: 
   r :    +0.711   -0.658/+0.746 (68%)
Doing initial fit: 

 --- MultiDimFit ---
best fit parameter values and profile-likelihood uncertainties: 
   r :    +1.581   -0.586/+0.542 (68%)
Doing initial fit: 

 --- MultiDimFit ---
best fit parameter values and profile-likelihood uncertainties: 
   r :    +3.436   -1.202/+0.499 (68%)
Doing initial fit: 
RooAbsMinimizerFcn: Minimized function has error status.
Returning maximum FCN so far (0.0958612) to force MIGRAD to back out of this region. Error log follows.
Parameter values: 	CMS_NPS26009_LightJetStat_DY_BJetOS_2016postVFP=-70.9693	CMS_NPS26009_LightJetStat_DY_BJetOS_2016preVFP=-43.3042	CMS_NPS26009_LightJetStat_DY_BJetOS_2017=27.3735	CMS_NPS26009_LightJetStat_DY_BJetOS_2018=11.9749	CMS_NPS26009_LightJetStat_DY_BJetOS_2022=-0.296981	CMS_NPS26009_LightJetStat_DY_BJetOS_2022EE=-0.000287728	CMS_NPS26009_MCstat_other_BJetOS_2016postVFP=-0.832737	CMS_NPS26009_MCstat_other_BJetOS_2016preVFP=-19.2124	CMS_NPS26009_MCstat_other_BJetOS_2017=2.79932	CMS_NPS26009_MCstat_other_BJetOS_2018=-5.49974	CMS_NPS26009_MCstat_other_BJetOS_2022=-0.203936	CMS_NPS26009_MCstat_other_BJetOS_2022EE=0.149449	CMS_NPS26009_MCstat_other_BJetOS_2023=-0.0162594	CMS_NPS26009_MCstat_other_BJetOS_2023BPix=0.218635	CMS_NPS26009_MCstat_signal_BJetOS_2016postVFP=-0.701191	CMS_NPS26009_MCstat_signal_BJetOS_2016preVFP=3.06365	CMS_NPS26009_MCstat_signal_BJetOS_2017=5.30077	CMS_NPS26009_MCstat_signal_BJetOS_2018=-2.24838	CMS_NPS26009_MCstat_signal_BJetOS_2022=0.156047	CMS_NPS26009_MCstat_signal_BJetOS_2022EE=0.506062	CMS_NPS26009_MCstat_signal_BJetOS_2023=0.423117	CMS_NPS26009_MCstat_signal_BJetOS_2023BPix=0.326255	CMS_NPS26009_MCstat_singleTop_BJetOS_2016postVFP=-0.217307	CMS_NPS26009_MCstat_singleTop_BJetOS_2016preVFP=3.30837	CMS_NPS26009_MCstat_singleTop_BJetOS_2017=4.6623	CMS_NPS26009_MCstat_singleTop_BJetOS_2018=-5.86599	CMS_NPS26009_MCstat_singleTop_BJetOS_2022=0.285535	CMS_NPS26009_MCstat_singleTop_BJetOS_2022EE=-0.281464	CMS_NPS26009_MCstat_singleTop_BJetOS_2023=-0.123638	CMS_NPS26009_MCstat_singleTop_BJetOS_2023BPix=0.00406182	CMS_NPS26009_MCstat_ttbar_BJetOS_2016postVFP=-1.20494	CMS_NPS26009_MCstat_ttbar_BJetOS_2016preVFP=6.49696	CMS_NPS26009_MCstat_ttbar_BJetOS_2017=14.161	CMS_NPS26009_MCstat_ttbar_BJetOS_2018=-22.1999	CMS_NPS26009_MCstat_ttbar_BJetOS_2022=-0.391747	CMS_NPS26009_MCstat_ttbar_BJetOS_2022EE=1.89338	CMS_NPS26009_MCstat_ttbar_BJetOS_2023=0.262454	CMS_NPS26009_MCstat_ttbar_BJetOS_2023BPix=0.164376	CMS_NPS26009_NFStat_DY_BJetOS_2016postVFP=0.283598	CMS_NPS26009_NFStat_DY_BJetOS_2016preVFP=11.6337	CMS_NPS26009_NFStat_DY_BJetOS_2017=2.10894	CMS_NPS26009_NFStat_DY_BJetOS_2018=-67.6949	CMS_NPS26009_NFStat_DY_BJetOS_2022=-0.277646	CMS_NPS26009_NFStat_DY_BJetOS_2022EE=-0.00928868	CMS_NPS26009_QCDscale_fac_singleTop=0.829472	CMS_NPS26009_QCDscale_ren_singleTop=0.596659	CMS_NPS26009_bckgNorm_QCD_BJetOS_2016postVFP=0.000400797	CMS_NPS26009_bckgNorm_QCD_BJetOS_2016preVFP=-0.00289736	CMS_NPS26009_bckgNorm_QCD_BJetOS_2017=0.0113029	CMS_NPS26009_bckgNorm_QCD_BJetOS_2018=-0.0574764	CMS_NPS26009_bckgNorm_QCD_BJetOS_2022=-2.31179e-05	CMS_NPS26009_bckgNorm_QCD_BJetOS_2022EE=-1.06909e-05	CMS_NPS26009_bckgNorm_QCD_BJetOS_2023=-0.000116863	CMS_NPS26009_bckgNorm_QCD_BJetOS_2023BPix=1.16141e-06	CMS_NPS26009_bckgShape_QCD_BJetOS_2016postVFP=-0.256626	CMS_NPS26009_bckgShape_QCD_BJetOS_2016preVFP=-0.126448	CMS_NPS26009_bckgShape_QCD_BJetOS_2017=1.22141	CMS_NPS26009_bckgShape_QCD_BJetOS_2018=-0.255918	CMS_NPS26009_bckgShape_QCD_BJetOS_2022=-0.00170828	CMS_NPS26009_bckgShape_QCD_BJetOS_2022EE=0.0054725	CMS_NPS26009_bckgShape_QCD_BJetOS_2023=7.3425e-05	CMS_NPS26009_bckgShape_QCD_BJetOS_2023BPix=2.94613e-05	CMS_NPS26009_btag_fixedWP_bc_correlated_13TeV=17.7239	CMS_NPS26009_btag_fixedWP_bc_correlated_13p6TeV=4.8779	CMS_NPS26009_btag_fixedWP_light_correlated_13TeV=-2.54912	CMS_NPS26009_btag_fixedWP_light_correlated_13p6TeV=0.372622	CMS_NPS26009_lumi_2016=2.21168	CMS_NPS26009_lumi_2017=13.3696	CMS_NPS26009_lumi_2018=-15.5453	CMS_NPS26009_lumi_2022=0.498075	CMS_NPS26009_lumi_2023=0.333434	CMS_NPS26009_pdf_NNPDF31=-0.437045	CMS_NPS26009_topmass_ttbar_BJetOS=-4.32024	CMS_btag_fixedWP_bc_uncorrelated_2016postVFP=-1.75839	CMS_btag_fixedWP_bc_uncorrelated_2016preVFP=7.63872	CMS_btag_fixedWP_bc_uncorrelated_2017=21.1514	CMS_btag_fixedWP_bc_uncorrelated_2018=-16.5078	CMS_btag_fixedWP_bc_uncorrelated_2022=0.108542	CMS_btag_fixedWP_bc_uncorrelated_2022EE=0.979013	CMS_btag_fixedWP_bc_uncorrelated_2023=0.815905	CMS_btag_fixedWP_bc_uncorrelated_2023BPix=0.496853	CMS_btag_fixedWP_light_uncorrelated_2016postVFP=-0.250916	CMS_btag_fixedWP_light_uncorrelated_2016preVFP=0.348337	CMS_btag_fixedWP_light_uncorrelated_2017=1.47458	CMS_btag_fixedWP_light_uncorrelated_2018=-2.86197	CMS_btag_fixedWP_light_uncorrelated_2022=-0.0243485	CMS_btag_fixedWP_light_uncorrelated_2022EE=0.0958604	CMS_btag_fixedWP_light_uncorrelated_2023=0.0128316	CMS_btag_fixedWP_light_uncorrelated_2023BPix=0.00951756	CMS_eff_m_id_2016postVFP=-0.0587565	CMS_eff_m_id_2016preVFP=0.381772	CMS_eff_m_id_2017=0.553294	CMS_eff_m_id_2018=-0.635444	CMS_eff_m_id_2022=0.00877712	CMS_eff_m_id_2022EE=0.11925	CMS_eff_m_id_2023=0.129773	CMS_eff_m_id_2023BPix=0.0902743	CMS_eff_m_trigger_2016postVFP=-0.31396	CMS_eff_m_trigger_2016preVFP=1.62179	CMS_eff_m_trigger_2017=2.47852	CMS_eff_m_trigger_2018=-2.24185	CMS_eff_m_trigger_2022=-0.00363926	CMS_eff_m_trigger_2022EE=0.260958	CMS_eff_m_trigger_2023=0.191406	CMS_eff_m_trigger_2023BPix=0.116312	CMS_l1_prefiring_2016postVFP=0.707208	CMS_l1_prefiring_2016preVFP=-2.63752	CMS_l1_prefiring_2017=-6.03861	CMS_l1_prefiring_2018=1.08832	CMS_pileup_2016postVFP=0.257179	CMS_pileup_2016preVFP=-1.11744	CMS_pileup_2017=0.992709	CMS_pileup_2018=-9.27748	CMS_pileup_2022=0.208547	CMS_pileup_2022EE=-0.246233	CMS_pileup_2023=0.165386	CMS_pileup_2023BPix=-0.0408437	CMS_res_j_2016postVFP=-0.0455729	CMS_res_j_2016preVFP=0.0240892	CMS_res_j_2017=0.119604	CMS_res_j_2018=-0.93158	CMS_res_j_2022=-0.000297095	CMS_res_j_2022EE=-0.00992162	CMS_res_j_2023=-0.00703763	CMS_res_j_2023BPix=0.00422416	CMS_scale_j_2016postVFP=-0.0454319	CMS_scale_j_2016preVFP=0.025454	CMS_scale_j_2017=1.68816	CMS_scale_j_2018=-1.2703	CMS_scale_j_2022=-0.00992194	CMS_scale_j_2022EE=0.0154544	CMS_scale_j_2023=0.0435443	CMS_scale_j_2023BPix=0.203161	CMS_scale_m_2016postVFP=-0.0605408	CMS_scale_m_2016preVFP=0.796411	CMS_scale_m_2017=-1.27505	CMS_scale_m_2018=-0.516074	CMS_scale_m_2022=-0.0182876	CMS_scale_m_2022EE=0.1364	CMS_scale_m_2023=0.140876	CMS_scale_m_2023BPix=0.0373316	QCDscale_fac_ttbar=0.198965	QCDscale_ren_ttbar=56.861	pdf_alphas=-7.66608	r=1.58351
RooFit::Detail::RooFixedProdPdf::model_s[ ]
     getLogVal() top-level p.d.f not greater than zero @ !servers=(modelObs_s = 0)

RooAbsMinimizerFcn: Minimized function has error status.
Returning maximum FCN so far (0.0958612) to force MIGRAD to back out of this region. Error log follows.
Parameter values: 	CMS_NPS26009_LightJetStat_DY_BJetOS_2016postVFP=-34.6296	CMS_NPS26009_LightJetStat_DY_BJetOS_2016preVFP=-20.9963	CMS_NPS26009_LightJetStat_DY_BJetOS_2017=13.3312	CMS_NPS26009_LightJetStat_DY_BJetOS_2018=6.33557	CMS_NPS26009_LightJetStat_DY_BJetOS_2022=-0.129307	CMS_NPS26009_LightJetStat_DY_BJetOS_2022EE=-0.0392014	CMS_NPS26009_MCstat_other_BJetOS_2016postVFP=-0.409804	CMS_NPS26009_MCstat_other_BJetOS_2016preVFP=-9.31739	CMS_NPS26009_MCstat_other_BJetOS_2017=1.36118	CMS_NPS26009_MCstat_other_BJetOS_2018=-2.66044	CMS_NPS26009_MCstat_other_BJetOS_2022=-0.0907569	CMS_NPS26009_MCstat_other_BJetOS_2022EE=0.0445378	CMS_NPS26009_MCstat_other_BJetOS_2023=-0.0173345	CMS_NPS26009_MCstat_other_BJetOS_2023BPix=0.0785185	CMS_NPS26009_MCstat_signal_BJetOS_2016postVFP=-0.342046	CMS_NPS26009_MCstat_signal_BJetOS_2016preVFP=1.49537	CMS_NPS26009_MCstat_signal_BJetOS_2017=2.57743	CMS_NPS26009_MCstat_signal_BJetOS_2018=-1.08063	CMS_NPS26009_MCstat_signal_BJetOS_2022=0.0776251	CMS_NPS26009_MCstat_signal_BJetOS_2022EE=0.232515	CMS_NPS26009_MCstat_signal_BJetOS_2023=0.1943	CMS_NPS26009_MCstat_signal_BJetOS_2023BPix=0.155686	CMS_NPS26009_MCstat_singleTop_BJetOS_2016postVFP=-0.106987	CMS_NPS26009_MCstat_singleTop_BJetOS_2016preVFP=1.62388	CMS_NPS26009_MCstat_singleTop_BJetOS_2017=2.26715	CMS_NPS26009_MCstat_singleTop_BJetOS_2018=-2.83849	CMS_NPS26009_MCstat_singleTop_BJetOS_2022=0.159891	CMS_NPS26009_MCstat_singleTop_BJetOS_2022EE=-0.294738	CMS_NPS26009_MCstat_singleTop_BJetOS_2023=-0.0734907	CMS_NPS26009_MCstat_singleTop_BJetOS_2023BPix=-0.00359681	CMS_NPS26009_MCstat_ttbar_BJetOS_2016postVFP=-0.594268	CMS_NPS26009_MCstat_ttbar_BJetOS_2016preVFP=3.19996	CMS_NPS26009_MCstat_ttbar_BJetOS_2017=6.88582	CMS_NPS26009_MCstat_ttbar_BJetOS_2018=-10.7497	CMS_NPS26009_MCstat_ttbar_BJetOS_2022=-0.161534	CMS_NPS26009_MCstat_ttbar_BJetOS_2022EE=0.770347	CMS_NPS26009_MCstat_ttbar_BJetOS_2023=0.0155154	CMS_NPS26009_MCstat_ttbar_BJetOS_2023BPix=0.0427104	CMS_NPS26009_NFStat_DY_BJetOS_2016postVFP=0.128518	CMS_NPS26009_NFStat_DY_BJetOS_2016preVFP=5.70822	CMS_NPS26009_NFStat_DY_BJetOS_2017=1.02655	CMS_NPS26009_NFStat_DY_BJetOS_2018=-32.7462	CMS_NPS26009_NFStat_DY_BJetOS_2022=-0.120318	CMS_NPS26009_NFStat_DY_BJetOS_2022EE=-0.00580657	CMS_NPS26009_QCDscale_fac_singleTop=0.404298	CMS_NPS26009_QCDscale_ren_singleTop=0.292799	CMS_NPS26009_bckgNorm_QCD_BJetOS_2016postVFP=0.000195575	CMS_NPS26009_bckgNorm_QCD_BJetOS_2016preVFP=-0.00140731	CMS_NPS26009_bckgNorm_QCD_BJetOS_2017=0.00549475	CMS_NPS26009_bckgNorm_QCD_BJetOS_2018=-0.0278966	CMS_NPS26009_bckgNorm_QCD_BJetOS_2022=-1.10787e-05	CMS_NPS26009_bckgNorm_QCD_BJetOS_2022EE=-4.47809e-06	CMS_NPS26009_bckgNorm_QCD_BJetOS_2023=-5.08311e-05	CMS_NPS26009_bckgNorm_QCD_BJetOS_2023BPix=5.65455e-07	CMS_NPS26009_bckgShape_QCD_BJetOS_2016postVFP=-0.936383	CMS_NPS26009_bckgShape_QCD_BJetOS_2016preVFP=0.281809	CMS_NPS26009_bckgShape_QCD_BJetOS_2017=0.862386	CMS_NPS26009_bckgShape_QCD_BJetOS_2018=-1.46446	CMS_NPS26009_bckgShape_QCD_BJetOS_2022=-0.000822819	CMS_NPS26009_bckgShape_QCD_BJetOS_2022EE=0.00262575	CMS_NPS26009_bckgShape_QCD_BJetOS_2023=-0.000302225	CMS_NPS26009_bckgShape_QCD_BJetOS_2023BPix=1.43282e-05	CMS_NPS26009_btag_fixedWP_bc_correlated_13TeV=8.6917	CMS_NPS26009_btag_fixedWP_bc_correlated_13p6TeV=2.1774	CMS_NPS26009_btag_fixedWP_light_correlated_13TeV=-1.22417	CMS_NPS26009_btag_fixedWP_light_correlated_13p6TeV=0.162831	CMS_NPS26009_lumi_2016=1.08306	CMS_NPS26009_lumi_2017=6.50076	CMS_NPS26009_lumi_2018=-7.51482	CMS_NPS26009_lumi_2022=0.218471	CMS_NPS26009_lumi_2023=0.141603	CMS_NPS26009_pdf_NNPDF31=-0.247283	CMS_NPS26009_topmass_ttbar_BJetOS=-2.12532	CMS_btag_fixedWP_bc_uncorrelated_2016postVFP=-0.860092	CMS_btag_fixedWP_bc_uncorrelated_2016preVFP=3.74073	CMS_btag_fixedWP_bc_uncorrelated_2017=10.2839	CMS_btag_fixedWP_bc_uncorrelated_2018=-7.98014	CMS_btag_fixedWP_bc_uncorrelated_2022=0.0633057	CMS_btag_fixedWP_bc_uncorrelated_2022EE=0.429316	CMS_btag_fixedWP_bc_uncorrelated_2023=0.349852	CMS_btag_fixedWP_bc_uncorrelated_2023BPix=0.228448	CMS_btag_fixedWP_light_uncorrelated_2016postVFP=-0.123546	CMS_btag_fixedWP_light_uncorrelated_2016preVFP=0.171739	CMS_btag_fixedWP_light_uncorrelated_2017=0.717043	CMS_btag_fixedWP_light_uncorrelated_2018=-1.3856	CMS_btag_fixedWP_light_uncorrelated_2022=-0.010425	CMS_btag_fixedWP_light_uncorrelated_2022EE=0.0402365	CMS_btag_fixedWP_light_uncorrelated_2023=0.00473167	CMS_btag_fixedWP_light_uncorrelated_2023BPix=0.00360999	CMS_eff_m_id_2016postVFP=-0.0287366	CMS_eff_m_id_2016preVFP=0.186827	CMS_eff_m_id_2017=0.269041	CMS_eff_m_id_2018=-0.307099	CMS_eff_m_id_2022=0.00658017	CMS_eff_m_id_2022EE=0.0524451	CMS_eff_m_id_2023=0.0560127	CMS_eff_m_id_2023BPix=0.0415193	CMS_eff_m_trigger_2016postVFP=-0.153561	CMS_eff_m_trigger_2016preVFP=0.793669	CMS_eff_m_trigger_2017=1.20519	CMS_eff_m_trigger_2018=-1.08357	CMS_eff_m_trigger_2022=0.00159361	CMS_eff_m_trigger_2022EE=0.113152	CMS_eff_m_trigger_2023=0.080845	CMS_eff_m_trigger_2023BPix=0.0534135	CMS_l1_prefiring_2016postVFP=0.345738	CMS_l1_prefiring_2016preVFP=-1.29047	CMS_l1_prefiring_2017=-2.93627	CMS_l1_prefiring_2018=0.526159	CMS_pileup_2016postVFP=0.125592	CMS_pileup_2016preVFP=-0.551883	CMS_pileup_2017=0.482729	CMS_pileup_2018=-4.49264	CMS_pileup_2022=0.0953904	CMS_pileup_2022EE=-0.150984	CMS_pileup_2023=0.0644341	CMS_pileup_2023BPix=-0.00596735	CMS_res_j_2016postVFP=-0.0224332	CMS_res_j_2016preVFP=0.0117615	CMS_res_j_2017=0.0581634	CMS_res_j_2018=-0.451443	CMS_res_j_2022=-0.000146147	CMS_res_j_2022EE=-0.00466261	CMS_res_j_2023=-0.00341755	CMS_res_j_2023BPix=0.00196984	CMS_scale_j_2016postVFP=-0.0223601	CMS_scale_j_2016preVFP=0.0123781	CMS_scale_j_2017=0.820913	CMS_scale_j_2018=-0.614499	CMS_scale_j_2022=-0.00413545	CMS_scale_j_2022EE=0.00585766	CMS_scale_j_2023=0.0155229	CMS_scale_j_2023BPix=0.0892339	CMS_scale_m_2016postVFP=-0.0297959	CMS_scale_m_2016preVFP=0.390637	CMS_scale_m_2017=-0.619983	CMS_scale_m_2018=-0.249662	CMS_scale_m_2022=-0.00687383	CMS_scale_m_2022EE=0.0572804	CMS_scale_m_2023=0.0539383	CMS_scale_m_2023BPix=0.0139345	QCDscale_fac_ttbar=0.111753	QCDscale_ren_ttbar=27.7275	pdf_alphas=-3.76432	r=1.58351
RooFit::Detail::RooFixedProdPdf::model_s[ ]
     getLogVal() top-level p.d.f not greater than zero @ !servers=(modelObs_s = 0)

RooAbsMinimizerFcn: Minimized function has error status.
Returning maximum FCN so far (891.662) to force MIGRAD to back out of this region. Error log follows.
Parameter values: 	CMS_NPS26009_LightJetStat_DY_BJetOS_2016postVFP=15.0503	CMS_NPS26009_LightJetStat_DY_BJetOS_2016preVFP=-42.4603	CMS_NPS26009_LightJetStat_DY_BJetOS_2017=14.1768	CMS_NPS26009_LightJetStat_DY_BJetOS_2018=10.2332	CMS_NPS26009_LightJetStat_DY_BJetOS_2022=-0.263375	CMS_NPS26009_LightJetStat_DY_BJetOS_2022EE=0.0181479	CMS_NPS26009_MCstat_other_BJetOS_2016postVFP=0.686034	CMS_NPS26009_MCstat_other_BJetOS_2016preVFP=-16.6902	CMS_NPS26009_MCstat_other_BJetOS_2017=2.58775	CMS_NPS26009_MCstat_other_BJetOS_2018=-5.0415	CMS_NPS26009_MCstat_other_BJetOS_2022=-0.183353	CMS_NPS26009_MCstat_other_BJetOS_2022EE=0.158011	CMS_NPS26009_MCstat_other_BJetOS_2023=-0.0119477	CMS_NPS26009_MCstat_other_BJetOS_2023BPix=0.262125	CMS_NPS26009_MCstat_signal_BJetOS_2016postVFP=-0.334171	CMS_NPS26009_MCstat_signal_BJetOS_2016preVFP=2.96219	CMS_NPS26009_MCstat_signal_BJetOS_2017=4.94769	CMS_NPS26009_MCstat_signal_BJetOS_2018=-1.94894	CMS_NPS26009_MCstat_signal_BJetOS_2022=0.153054	CMS_NPS26009_MCstat_signal_BJetOS_2022EE=0.492157	CMS_NPS26009_MCstat_signal_BJetOS_2023=0.410713	CMS_NPS26009_MCstat_signal_BJetOS_2023BPix=0.318585	CMS_NPS26009_MCstat_singleTop_BJetOS_2016postVFP=0.192271	CMS_NPS26009_MCstat_singleTop_BJetOS_2016preVFP=3.21491	CMS_NPS26009_MCstat_singleTop_BJetOS_2017=4.27094	CMS_NPS26009_MCstat_singleTop_BJetOS_2018=-5.3965	CMS_NPS26009_MCstat_singleTop_BJetOS_2022=0.311387	CMS_NPS26009_MCstat_singleTop_BJetOS_2022EE=-0.195843	CMS_NPS26009_MCstat_singleTop_BJetOS_2023=-0.115494	CMS_NPS26009_MCstat_singleTop_BJetOS_2023BPix=0.0142423	CMS_NPS26009_MCstat_ttbar_BJetOS_2016postVFP=1.36434	CMS_NPS26009_MCstat_ttbar_BJetOS_2016preVFP=6.32656	CMS_NPS26009_MCstat_ttbar_BJetOS_2017=12.9758	CMS_NPS26009_MCstat_ttbar_BJetOS_2018=-20.6127	CMS_NPS26009_MCstat_ttbar_BJetOS_2022=-0.336105	CMS_NPS26009_MCstat_ttbar_BJetOS_2022EE=1.97767	CMS_NPS26009_MCstat_ttbar_BJetOS_2023=0.353264	CMS_NPS26009_MCstat_ttbar_BJetOS_2023BPix=0.254898	CMS_NPS26009_NFStat_DY_BJetOS_2016postVFP=2.51429	CMS_NPS26009_NFStat_DY_BJetOS_2016preVFP=11.2035	CMS_NPS26009_NFStat_DY_BJetOS_2017=1.33084	CMS_NPS26009_NFStat_DY_BJetOS_2018=-64.0221	CMS_NPS26009_NFStat_DY_BJetOS_2022=-0.245431	CMS_NPS26009_NFStat_DY_BJetOS_2022EE=-0.00835206	CMS_NPS26009_QCDscale_fac_singleTop=0.700039	CMS_NPS26009_QCDscale_ren_singleTop=0.444053	CMS_NPS26009_bckgNorm_QCD_BJetOS_2016postVFP=-0.0003908	CMS_NPS26009_bckgNorm_QCD_BJetOS_2016preVFP=-0.00239112	CMS_NPS26009_bckgNorm_QCD_BJetOS_2017=0.0101664	CMS_NPS26009_bckgNorm_QCD_BJetOS_2018=-0.0640094	CMS_NPS26009_bckgNorm_QCD_BJetOS_2022=-2.33643e-05	CMS_NPS26009_bckgNorm_QCD_BJetOS_2022EE=-1.52452e-05	CMS_NPS26009_bckgNorm_QCD_BJetOS_2023=-0.000115445	CMS_NPS26009_bckgNorm_QCD_BJetOS_2023BPix=1.09662e-06	CMS_NPS26009_bckgShape_QCD_BJetOS_2016postVFP=-0.90727	CMS_NPS26009_bckgShape_QCD_BJetOS_2016preVFP=0.0935553	CMS_NPS26009_bckgShape_QCD_BJetOS_2017=1.06098	CMS_NPS26009_bckgShape_QCD_BJetOS_2018=-1.10518	CMS_NPS26009_bckgShape_QCD_BJetOS_2022=0.000243574	CMS_NPS26009_bckgShape_QCD_BJetOS_2022EE=0.000836314	CMS_NPS26009_bckgShape_QCD_BJetOS_2023=0.00220304	CMS_NPS26009_bckgShape_QCD_BJetOS_2023BPix=1.59842e-05	CMS_NPS26009_btag_fixedWP_bc_correlated_13TeV=18.312	CMS_NPS26009_btag_fixedWP_bc_correlated_13p6TeV=4.915	CMS_NPS26009_btag_fixedWP_light_correlated_13TeV=-2.01172	CMS_NPS26009_btag_fixedWP_light_correlated_13p6TeV=0.389609	CMS_NPS26009_lumi_2016=2.72271	CMS_NPS26009_lumi_2017=12.3921	CMS_NPS26009_lumi_2018=-14.2281	CMS_NPS26009_lumi_2022=0.50806	CMS_NPS26009_lumi_2023=0.341457	CMS_NPS26009_pdf_NNPDF31=0.31484	CMS_NPS26009_topmass_ttbar_BJetOS=-3.21872	CMS_btag_fixedWP_bc_uncorrelated_2016postVFP=-0.139757	CMS_btag_fixedWP_bc_uncorrelated_2016preVFP=7.40146	CMS_btag_fixedWP_bc_uncorrelated_2017=19.6101	CMS_btag_fixedWP_bc_uncorrelated_2018=-15.1054	CMS_btag_fixedWP_bc_uncorrelated_2022=0.119894	CMS_btag_fixedWP_bc_uncorrelated_2022EE=0.981878	CMS_btag_fixedWP_bc_uncorrelated_2023=0.820447	CMS_btag_fixedWP_bc_uncorrelated_2023BPix=0.50758	CMS_btag_fixedWP_light_uncorrelated_2016postVFP=0.22323	CMS_btag_fixedWP_light_uncorrelated_2016preVFP=0.340596	CMS_btag_fixedWP_light_uncorrelated_2017=1.35449	CMS_btag_fixedWP_light_uncorrelated_2018=-2.65384	CMS_btag_fixedWP_light_uncorrelated_2022=-0.0214578	CMS_btag_fixedWP_light_uncorrelated_2022EE=0.0988665	CMS_btag_fixedWP_light_uncorrelated_2023=0.0135832	CMS_btag_fixedWP_light_uncorrelated_2023BPix=0.0117354	CMS_eff_m_id_2016postVFP=-0.00567539	CMS_eff_m_id_2016preVFP=0.370086	CMS_eff_m_id_2017=0.512811	CMS_eff_m_id_2018=-0.579787	CMS_eff_m_id_2022=0.0117762	CMS_eff_m_id_2022EE=0.119297	CMS_eff_m_id_2023=0.129988	CMS_eff_m_id_2023BPix=0.0921008	CMS_eff_m_trigger_2016postVFP=-0.0275386	CMS_eff_m_trigger_2016preVFP=1.57243	CMS_eff_m_trigger_2017=2.29733	CMS_eff_m_trigger_2018=-2.04773	CMS_eff_m_trigger_2022=0.00132788	CMS_eff_m_trigger_2022EE=0.263538	CMS_eff_m_trigger_2023=0.193685	CMS_eff_m_trigger_2023BPix=0.118909	CMS_l1_prefiring_2016postVFP=0.111016	CMS_l1_prefiring_2016preVFP=-2.55661	CMS_l1_prefiring_2017=-5.60129	CMS_l1_prefiring_2018=0.99629	CMS_pileup_2016postVFP=0.0819619	CMS_pileup_2016preVFP=-1.09285	CMS_pileup_2017=0.907745	CMS_pileup_2018=-8.6288	CMS_pileup_2022=0.190054	CMS_pileup_2022EE=-0.218094	CMS_pileup_2023=0.174327	CMS_pileup_2023BPix=-0.0705016	CMS_res_j_2016postVFP=0.0387442	CMS_res_j_2016preVFP=0.0232926	CMS_res_j_2017=0.10808	CMS_res_j_2018=-0.871202	CMS_res_j_2022=-0.000287297	CMS_res_j_2022EE=-0.00962569	CMS_res_j_2023=-0.00678913	CMS_res_j_2023BPix=0.00421743	CMS_scale_j_2016postVFP=0.0375199	CMS_scale_j_2016preVFP=0.0245003	CMS_scale_j_2017=1.54639	CMS_scale_j_2018=-1.16737	CMS_scale_j_2022=-0.00857254	CMS_scale_j_2022EE=0.016818	CMS_scale_j_2023=0.0466284	CMS_scale_j_2023BPix=0.221556	CMS_scale_m_2016postVFP=0.0499689	CMS_scale_m_2016preVFP=0.769144	CMS_scale_m_2017=-1.18722	CMS_scale_m_2018=-0.473477	CMS_scale_m_2022=-0.0147107	CMS_scale_m_2022EE=0.139046	CMS_scale_m_2023=0.148779	CMS_scale_m_2023BPix=0.0467776	QCDscale_fac_ttbar=-0.949528	QCDscale_ren_ttbar=47.336	pdf_alphas=-6.56899	r=1.58351
RooFit::Detail::RooFixedProdPdf::model_s[ ]
     getLogVal() top-level p.d.f not greater than zero @ !servers=(modelObs_s = 0)

RooAbsMinimizerFcn: Minimized function has error status.
Returning maximum FCN so far (891.662) to force MIGRAD to back out of this region. Error log follows.
Parameter values: 	CMS_NPS26009_LightJetStat_DY_BJetOS_2016postVFP=0.604054	CMS_NPS26009_LightJetStat_DY_BJetOS_2016preVFP=13.8465	CMS_NPS26009_LightJetStat_DY_BJetOS_2017=-22.1322	CMS_NPS26009_LightJetStat_DY_BJetOS_2018=4.26839	CMS_NPS26009_LightJetStat_DY_BJetOS_2022=-0.0290471	CMS_NPS26009_LightJetStat_DY_BJetOS_2022EE=0.0121298	CMS_NPS26009_MCstat_other_BJetOS_2016postVFP=0.770296	CMS_NPS26009_MCstat_other_BJetOS_2016preVFP=2.09595	CMS_NPS26009_MCstat_other_BJetOS_2017=1.15952	CMS_NPS26009_MCstat_other_BJetOS_2018=-1.74389	CMS_NPS26009_MCstat_other_BJetOS_2022=-0.0340352	CMS_NPS26009_MCstat_other_BJetOS_2022EE=0.103914	CMS_NPS26009_MCstat_other_BJetOS_2023=-0.00214458	CMS_NPS26009_MCstat_other_BJetOS_2023BPix=0.334769	CMS_NPS26009_MCstat_signal_BJetOS_2016postVFP=-0.103205	CMS_NPS26009_MCstat_signal_BJetOS_2016preVFP=1.92142	CMS_NPS26009_MCstat_signal_BJetOS_2017=2.41847	CMS_NPS26009_MCstat_signal_BJetOS_2018=-0.193297	CMS_NPS26009_MCstat_signal_BJetOS_2022=0.104837	CMS_NPS26009_MCstat_signal_BJetOS_2022EE=0.278821	CMS_NPS26009_MCstat_signal_BJetOS_2023=0.237121	CMS_NPS26009_MCstat_signal_BJetOS_2023BPix=0.197986	CMS_NPS26009_MCstat_singleTop_BJetOS_2016postVFP=0.212898	CMS_NPS26009_MCstat_singleTop_BJetOS_2016preVFP=2.34865	CMS_NPS26009_MCstat_singleTop_BJetOS_2017=1.87724	CMS_NPS26009_MCstat_singleTop_BJetOS_2018=-1.99252	CMS_NPS26009_MCstat_singleTop_BJetOS_2022=0.378426	CMS_NPS26009_MCstat_singleTop_BJetOS_2022EE=-0.109276	CMS_NPS26009_MCstat_singleTop_BJetOS_2023=-0.0681837	CMS_NPS26009_MCstat_singleTop_BJetOS_2023BPix=0.0447966	CMS_NPS26009_MCstat_ttbar_BJetOS_2016postVFP=1.41408	CMS_NPS26009_MCstat_ttbar_BJetOS_2016preVFP=4.93277	CMS_NPS26009_MCstat_ttbar_BJetOS_2017=5.77991	CMS_NPS26009_MCstat_ttbar_BJetOS_2018=-8.63729	CMS_NPS26009_MCstat_ttbar_BJetOS_2022=0.0300948	CMS_NPS26009_MCstat_ttbar_BJetOS_2022EE=1.4455	CMS_NPS26009_MCstat_ttbar_BJetOS_2023=0.468772	CMS_NPS26009_MCstat_ttbar_BJetOS_2023BPix=0.497433	CMS_NPS26009_NFStat_DY_BJetOS_2016postVFP=2.44854	CMS_NPS26009_NFStat_DY_BJetOS_2016preVFP=6.6983	CMS_NPS26009_NFStat_DY_BJetOS_2017=-1.3532	CMS_NPS26009_NFStat_DY_BJetOS_2018=-33.4479	CMS_NPS26009_NFStat_DY_BJetOS_2022=-0.0225805	CMS_NPS26009_NFStat_DY_BJetOS_2022EE=-0.00514508	CMS_NPS26009_QCDscale_fac_singleTop=0.161432	CMS_NPS26009_QCDscale_ren_singleTop=-0.11775	CMS_NPS26009_bckgNorm_QCD_BJetOS_2016postVFP=0.000573154	CMS_NPS26009_bckgNorm_QCD_BJetOS_2016preVFP=-0.00112759	CMS_NPS26009_bckgNorm_QCD_BJetOS_2017=0.00683847	CMS_NPS26009_bckgNorm_QCD_BJetOS_2018=-0.0316283	CMS_NPS26009_bckgNorm_QCD_BJetOS_2022=-9.88257e-06	CMS_NPS26009_bckgNorm_QCD_BJetOS_2022EE=-1.07521e-05	CMS_NPS26009_bckgNorm_QCD_BJetOS_2023=-8.36372e-05	CMS_NPS26009_bckgNorm_QCD_BJetOS_2023BPix=5.73571e-07	CMS_NPS26009_bckgShape_QCD_BJetOS_2016postVFP=0.902999	CMS_NPS26009_bckgShape_QCD_BJetOS_2016preVFP=0.0702459	CMS_NPS26009_bckgShape_QCD_BJetOS_2017=0.0412382	CMS_NPS26009_bckgShape_QCD_BJetOS_2018=-1.05481	CMS_NPS26009_bckgShape_QCD_BJetOS_2022=-0.000242718	CMS_NPS26009_bckgShape_QCD_BJetOS_2022EE=-0.000114675	CMS_NPS26009_bckgShape_QCD_BJetOS_2023=-0.00209047	CMS_NPS26009_bckgShape_QCD_BJetOS_2023BPix=-4.91335e-06	CMS_NPS26009_btag_fixedWP_bc_correlated_13TeV=13.7145	CMS_NPS26009_btag_fixedWP_bc_correlated_13p6TeV=3.32114	CMS_NPS26009_btag_fixedWP_light_correlated_13TeV=-0.33289	CMS_NPS26009_btag_fixedWP_light_correlated_13p6TeV=0.328123	CMS_NPS26009_lumi_2016=2.04908	CMS_NPS26009_lumi_2017=5.86107	CMS_NPS26009_lumi_2018=-5.09561	CMS_NPS26009_lumi_2022=0.360234	CMS_NPS26009_lumi_2023=0.253643	CMS_NPS26009_pdf_NNPDF31=1.51961	CMS_NPS26009_topmass_ttbar_BJetOS=-0.162949	CMS_btag_fixedWP_bc_uncorrelated_2016postVFP=0.31557	CMS_btag_fixedWP_bc_uncorrelated_2016preVFP=5.06086	CMS_btag_fixedWP_bc_uncorrelated_2017=9.39907	CMS_btag_fixedWP_bc_uncorrelated_2018=-5.35362	CMS_btag_fixedWP_bc_uncorrelated_2022=0.15494	CMS_btag_fixedWP_bc_uncorrelated_2022EE=0.639224	CMS_btag_fixedWP_bc_uncorrelated_2023=0.569781	CMS_btag_fixedWP_bc_uncorrelated_2023BPix=0.397278	CMS_btag_fixedWP_light_uncorrelated_2016postVFP=0.245115	CMS_btag_fixedWP_light_uncorrelated_2016preVFP=0.27967	CMS_btag_fixedWP_light_uncorrelated_2017=0.60497	CMS_btag_fixedWP_light_uncorrelated_2018=-1.10711	CMS_btag_fixedWP_light_uncorrelated_2022=-0.00156162	CMS_btag_fixedWP_light_uncorrelated_2022EE=0.0709753	CMS_btag_fixedWP_light_uncorrelated_2023=0.0111475	CMS_btag_fixedWP_light_uncorrelated_2023BPix=0.0160011	CMS_eff_m_id_2016postVFP=0.009724	CMS_eff_m_id_2016preVFP=0.254925	CMS_eff_m_id_2017=0.241071	CMS_eff_m_id_2018=-0.198832	CMS_eff_m_id_2022=0.0252008	CMS_eff_m_id_2022EE=0.0767717	CMS_eff_m_id_2023=0.0887306	CMS_eff_m_id_2023BPix=0.0715662	CMS_eff_m_trigger_2016postVFP=0.054251	CMS_eff_m_trigger_2016preVFP=1.08679	CMS_eff_m_trigger_2017=1.0805	CMS_eff_m_trigger_2018=-0.71264	CMS_eff_m_trigger_2022=0.0274708	CMS_eff_m_trigger_2022EE=0.175763	CMS_eff_m_trigger_2023=0.137642	CMS_eff_m_trigger_2023BPix=0.093229	CMS_l1_prefiring_2016postVFP=-0.0817799	CMS_l1_prefiring_2016preVFP=-1.75864	CMS_l1_prefiring_2017=-2.64844	CMS_l1_prefiring_2018=0.356719	CMS_pileup_2016postVFP=0.00525459	CMS_pileup_2016preVFP=-0.892973	CMS_pileup_2017=0.355357	CMS_pileup_2018=-3.75277	CMS_pileup_2022=0.0485173	CMS_pileup_2022EE=-0.106239	CMS_pileup_2023=0.146647	CMS_pileup_2023BPix=-0.149856	CMS_res_j_2016postVFP=0.0429489	CMS_res_j_2016preVFP=0.0151403	CMS_res_j_2017=0.0435628	CMS_res_j_2018=-0.396883	CMS_res_j_2022=-0.000172748	CMS_res_j_2022EE=-0.00560071	CMS_res_j_2023=-0.00405615	CMS_res_j_2023BPix=0.00295583	CMS_scale_j_2016postVFP=0.0419099	CMS_scale_j_2016preVFP=0.0141828	CMS_scale_j_2017=0.685976	CMS_scale_j_2018=-0.427324	CMS_scale_j_2022=0.000409339	CMS_scale_j_2022EE=0.0138394	CMS_scale_j_2023=0.0382578	CMS_scale_j_2023BPix=0.228456	CMS_scale_m_2016postVFP=0.0556806	CMS_scale_m_2016preVFP=0.521753	CMS_scale_m_2017=-0.538736	CMS_scale_m_2018=-0.165213	CMS_scale_m_2022=0.00734676	CMS_scale_m_2022EE=0.0881756	CMS_scale_m_2023=0.123366	CMS_scale_m_2023BPix=0.0659302	QCDscale_fac_ttbar=-1.14337	QCDscale_ren_ttbar=-3.0735	pdf_alphas=-2.25585	r=1.58351
RooFit::Detail::RooFixedProdPdf::model_s[ ]
     getLogVal() top-level p.d.f not greater than zero @ !servers=(modelObs_s = 0)

RooAbsMinimizerFcn: Minimized function has error status.
Returning maximum FCN so far (891.662) to force MIGRAD to back out of this region. Error log follows.
Parameter values: 	CMS_NPS26009_LightJetStat_DY_BJetOS_2016postVFP=0.247668	CMS_NPS26009_LightJetStat_DY_BJetOS_2016preVFP=7.16874	CMS_NPS26009_LightJetStat_DY_BJetOS_2017=8.93922	CMS_NPS26009_LightJetStat_DY_BJetOS_2018=3.01213	CMS_NPS26009_LightJetStat_DY_BJetOS_2022=-0.00509481	CMS_NPS26009_LightJetStat_DY_BJetOS_2022EE=-0.0472924	CMS_NPS26009_MCstat_other_BJetOS_2016postVFP=0.624325	CMS_NPS26009_MCstat_other_BJetOS_2016preVFP=3.90745	CMS_NPS26009_MCstat_other_BJetOS_2017=0.878467	CMS_NPS26009_MCstat_other_BJetOS_2018=-0.409854	CMS_NPS26009_MCstat_other_BJetOS_2022=-0.0106012	CMS_NPS26009_MCstat_other_BJetOS_2022EE=0.0316362	CMS_NPS26009_MCstat_other_BJetOS_2023=-0.00794527	CMS_NPS26009_MCstat_other_BJetOS_2023BPix=0.21785	CMS_NPS26009_MCstat_signal_BJetOS_2016postVFP=-0.0146142	CMS_NPS26009_MCstat_signal_BJetOS_2016preVFP=1.07412	CMS_NPS26009_MCstat_signal_BJetOS_2017=1.65421	CMS_NPS26009_MCstat_signal_BJetOS_2018=0.344251	CMS_NPS26009_MCstat_signal_BJetOS_2022=0.0627135	CMS_NPS26009_MCstat_signal_BJetOS_2022EE=0.138793	CMS_NPS26009_MCstat_signal_BJetOS_2023=0.124494	CMS_NPS26009_MCstat_signal_BJetOS_2023BPix=0.112807	CMS_NPS26009_MCstat_singleTop_BJetOS_2016postVFP=0.171883	CMS_NPS26009_MCstat_singleTop_BJetOS_2016preVFP=1.23531	CMS_NPS26009_MCstat_singleTop_BJetOS_2017=1.46528	CMS_NPS26009_MCstat_singleTop_BJetOS_2018=-0.580015	CMS_NPS26009_MCstat_singleTop_BJetOS_2022=0.240537	CMS_NPS26009_MCstat_singleTop_BJetOS_2022EE=-0.301606	CMS_NPS26009_MCstat_singleTop_BJetOS_2023=-0.0572341	CMS_NPS26009_MCstat_singleTop_BJetOS_2023BPix=0.0299953	CMS_NPS26009_MCstat_ttbar_BJetOS_2016postVFP=1.11949	CMS_NPS26009_MCstat_ttbar_BJetOS_2016preVFP=2.60751	CMS_NPS26009_MCstat_ttbar_BJetOS_2017=4.51431	CMS_NPS26009_MCstat_ttbar_BJetOS_2018=-3.29735	CMS_NPS26009_MCstat_ttbar_BJetOS_2022=0.0498872	CMS_NPS26009_MCstat_ttbar_BJetOS_2022EE=0.729222	CMS_NPS26009_MCstat_ttbar_BJetOS_2023=0.262214	CMS_NPS26009_MCstat_ttbar_BJetOS_2023BPix=0.35074	CMS_NPS26009_NFStat_DY_BJetOS_2016postVFP=1.83084	CMS_NPS26009_NFStat_DY_BJetOS_2016preVFP=3.43737	CMS_NPS26009_NFStat_DY_BJetOS_2017=0.905435	CMS_NPS26009_NFStat_DY_BJetOS_2018=-16.7733	CMS_NPS26009_NFStat_DY_BJetOS_2022=-0.00219186	CMS_NPS26009_NFStat_DY_BJetOS_2022EE=-0.00513175	CMS_NPS26009_QCDscale_fac_singleTop=-0.168092	CMS_NPS26009_QCDscale_ren_singleTop=-0.452269	CMS_NPS26009_bckgNorm_QCD_BJetOS_2016postVFP=0.000715853	CMS_NPS26009_bckgNorm_QCD_BJetOS_2016preVFP=-0.000596461	CMS_NPS26009_bckgNorm_QCD_BJetOS_2017=0.00606155	CMS_NPS26009_bckgNorm_QCD_BJetOS_2018=-0.0167704	CMS_NPS26009_bckgNorm_QCD_BJetOS_2022=-5.28896e-06	CMS_NPS26009_bckgNorm_QCD_BJetOS_2022EE=-4.92205e-06	CMS_NPS26009_bckgNorm_QCD_BJetOS_2023=-4.16005e-05	CMS_NPS26009_bckgNorm_QCD_BJetOS_2023BPix=3.2325e-07	CMS_NPS26009_bckgShape_QCD_BJetOS_2016postVFP=-0.94674	CMS_NPS26009_bckgShape_QCD_BJetOS_2016preVFP=-0.155486	CMS_NPS26009_bckgShape_QCD_BJetOS_2017=-1.11764	CMS_NPS26009_bckgShape_QCD_BJetOS_2018=1.14996	CMS_NPS26009_bckgShape_QCD_BJetOS_2022=-8.20263e-05	CMS_NPS26009_bckgShape_QCD_BJetOS_2022EE=0.000511843	CMS_NPS26009_bckgShape_QCD_BJetOS_2023=0.0022738	CMS_NPS26009_bckgShape_QCD_BJetOS_2023BPix=1.03868e-05	CMS_NPS26009_btag_fixedWP_bc_correlated_13TeV=11.2264	CMS_NPS26009_btag_fixedWP_bc_correlated_13p6TeV=1.6517	CMS_NPS26009_btag_fixedWP_light_correlated_13TeV=0.342982	CMS_NPS26009_btag_fixedWP_light_correlated_13p6TeV=0.200584	CMS_NPS26009_lumi_2016=1.2078	CMS_NPS26009_lumi_2017=4.24256	CMS_NPS26009_lumi_2018=-1.38722	CMS_NPS26009_lumi_2022=0.185156	CMS_NPS26009_lumi_2023=0.141941	CMS_NPS26009_pdf_NNPDF31=2.11895	CMS_NPS26009_topmass_ttbar_BJetOS=1.35917	CMS_btag_fixedWP_bc_uncorrelated_2016postVFP=0.376804	CMS_btag_fixedWP_bc_uncorrelated_2016preVFP=2.76091	CMS_btag_fixedWP_bc_uncorrelated_2017=6.8791	CMS_btag_fixedWP_bc_uncorrelated_2018=-1.40238	CMS_btag_fixedWP_bc_uncorrelated_2022=0.101445	CMS_btag_fixedWP_bc_uncorrelated_2022EE=0.333916	CMS_btag_fixedWP_bc_uncorrelated_2023=0.327115	CMS_btag_fixedWP_bc_uncorrelated_2023BPix=0.2435	CMS_btag_fixedWP_light_uncorrelated_2016postVFP=0.197811	CMS_btag_fixedWP_light_uncorrelated_2016preVFP=0.152231	CMS_btag_fixedWP_light_uncorrelated_2017=0.462132	CMS_btag_fixedWP_light_uncorrelated_2018=-0.423814	CMS_btag_fixedWP_light_uncorrelated_2022=0.000656302	CMS_btag_fixedWP_light_uncorrelated_2022EE=0.0375376	CMS_btag_fixedWP_light_uncorrelated_2023=0.00637342	CMS_btag_fixedWP_light_uncorrelated_2023BPix=0.0107375	CMS_eff_m_id_2016postVFP=0.0120026	CMS_eff_m_id_2016preVFP=0.141013	CMS_eff_m_id_2017=0.172722	CMS_eff_m_id_2018=-0.0471095	CMS_eff_m_id_2022=0.0170946	CMS_eff_m_id_2022EE=0.03986	CMS_eff_m_id_2023=0.0506547	CMS_eff_m_id_2023BPix=0.0436474	CMS_eff_m_trigger_2016postVFP=0.0657844	CMS_eff_m_trigger_2016preVFP=0.601935	CMS_eff_m_trigger_2017=0.774117	CMS_eff_m_trigger_2018=-0.17739	CMS_eff_m_trigger_2022=0.0195703	CMS_eff_m_trigger_2022EE=0.0918684	CMS_eff_m_trigger_2023=0.0791286	CMS_eff_m_trigger_2023BPix=0.0569928	CMS_l1_prefiring_2016postVFP=-0.119055	CMS_l1_prefiring_2016preVFP=-0.973997	CMS_l1_prefiring_2017=-1.89065	CMS_l1_prefiring_2018=0.096825	CMS_pileup_2016postVFP=-0.0179147	CMS_pileup_2016preVFP=-0.472549	CMS_pileup_2017=0.313989	CMS_pileup_2018=-1.55393	CMS_pileup_2022=0.0165168	CMS_pileup_2022EE=-0.0996569	CMS_pileup_2023=0.0914493	CMS_pileup_2023BPix=-0.0998957	CMS_res_j_2016postVFP=0.0347687	CMS_res_j_2016preVFP=0.00842033	CMS_res_j_2017=0.0377377	CMS_res_j_2018=-0.174309	CMS_res_j_2022=-9.75454e-05	CMS_res_j_2022EE=-0.00303316	CMS_res_j_2023=-0.00243115	CMS_res_j_2023BPix=0.00174501	CMS_scale_j_2016postVFP=0.0340106	CMS_scale_j_2016preVFP=0.00801229	CMS_scale_j_2017=0.528936	CMS_scale_j_2018=-0.119476	CMS_scale_j_2022=0.00101586	CMS_scale_j_2022EE=0.00707497	CMS_scale_j_2023=0.0202551	CMS_scale_j_2023BPix=0.15804	CMS_scale_m_2016postVFP=0.0451391	CMS_scale_m_2016preVFP=0.262786	CMS_scale_m_2017=-0.399137	CMS_scale_m_2018=-0.0388555	CMS_scale_m_2022=0.00650064	CMS_scale_m_2022EE=0.0374224	CMS_scale_m_2023=0.073238	CMS_scale_m_2023BPix=0.0445003	QCDscale_fac_ttbar=-2.38997	QCDscale_ren_ttbar=-15.592	pdf_alphas=-0.0880158	r=1.58351
RooFit::Detail::RooFixedProdPdf::model_s[ ]
     getLogVal() top-level p.d.f not greater than zero @ !servers=(modelObs_s = 0)


 --- MultiDimFit ---
best fit parameter values and profile-likelihood uncertainties: 
   r :    +2.169   -1.301/+0.365 (68%)
Doing initial fit: 

 --- MultiDimFit ---
best fit parameter values and profile-likelihood uncertainties: 
   r :    +1.858   -0.601/+0.758 (68%)
Doing initial fit: 

 --- MultiDimFit ---
best fit parameter values and profile-likelihood uncertainties: 
   r :    +1.191   -0.725/+0.666 (68%)
Doing initial fit: 

 --- MultiDimFit ---
best fit parameter values and profile-likelihood uncertainties: 
   r :    +1.527   -0.704/+0.694 (68%)
Doing initial fit: 

 --- MultiDimFit ---
best fit parameter values and profile-likelihood uncertainties: 
   r :    +1.433   -0.775/+0.776 (68%)
Doing initial fit: 

 --- MultiDimFit ---
best fit parameter values and profile-likelihood uncertainties: 
   r :    +1.536   -0.531/+0.601 (68%)
Doing initial fit: 

 --- MultiDimFit ---
best fit parameter values and profile-likelihood uncertainties: 
   r :    +1.252   -1.022/+0.600 (68%)
Doing initial fit: 

 --- MultiDimFit ---
best fit parameter values and profile-likelihood uncertainties: 
   r :    +0.756   -0.709/+0.794 (68%)
Doing initial fit: 

 --- MultiDimFit ---
best fit parameter values and profile-likelihood uncertainties: 
   r :    +1.417   -0.631/+0.650 (68%)
Doing initial fit: 

 --- MultiDimFit ---
best fit parameter values and profile-likelihood uncertainties: 
   r :    +0.708   -1.240/+0.350 (68%)
Doing initial fit: 

 --- MultiDimFit ---
best fit parameter values and profile-likelihood uncertainties: 
   r :    +1.416   -0.628/+0.691 (68%)
Doing initial fit: 

 

 ---------------------------

 WARNING: MultiDimFit failed

 ---------------------------

 
Doing initial fit: 

 --- MultiDimFit ---
best fit parameter values and profile-likelihood uncertainties: 
   r :    +1.050   -0.722/+0.753 (68%)
Doing initial fit: 

 --- MultiDimFit ---
best fit parameter values and profile-likelihood uncertainties: 
   r :    +1.371   -0.582/+0.560 (68%)
Doing initial fit: 

 --- MultiDimFit ---
best fit parameter values and profile-likelihood uncertainties: 
   r :    -0.515   -0.725/+0.706 (68%)
Doing initial fit: 

 --- MultiDimFit ---
best fit parameter values and profile-likelihood uncertainties: 
   r :    +1.533   -0.554/+0.561 (68%)
Doing initial fit: 

 --- MultiDimFit ---
best fit parameter values and profile-likelihood uncertainties: 
   r :    +0.397   -0.469/+0.483 (68%)
Doing initial fit: 

 --- MultiDimFit ---
best fit parameter values and profile-likelihood uncertainties: 
   r :    +1.429   -0.573/+0.717 (68%)
Doing initial fit: 

 --- MultiDimFit ---
best fit parameter values and profile-likelihood uncertainties: 
   r :    +1.970   -0.563/+0.620 (68%)
Doing initial fit: 

 --- MultiDimFit ---
best fit parameter values and profile-likelihood uncertainties: 
   r :    +0.278   -0.503/+0.562 (68%)
Doing initial fit: 

 --- MultiDimFit ---
best fit parameter values and profile-likelihood uncertainties: 
   r :    +1.834   -0.684/+0.654 (68%)
Doing initial fit: 

 --- MultiDimFit ---
best fit parameter values and profile-likelihood uncertainties: 
   r :    +0.695   -0.700/+0.649 (68%)
Doing initial fit: 

 --- MultiDimFit ---
best fit parameter values and profile-likelihood uncertainties: 
   r :    +2.851   -0.773/+0.661 (68%)
Doing initial fit: 
RooAbsMinimizerFcn: Minimized function has error status.
Returning maximum FCN so far (0.173074) to force MIGRAD to back out of this region. Error log follows.
Parameter values: 	CMS_NPS26009_LightJetStat_DY_BJetOS_2016postVFP=17.7897	CMS_NPS26009_LightJetStat_DY_BJetOS_2016preVFP=79.2202	CMS_NPS26009_LightJetStat_DY_BJetOS_2017=-65.9636	CMS_NPS26009_LightJetStat_DY_BJetOS_2018=25.4113	CMS_NPS26009_LightJetStat_DY_BJetOS_2022=0.055525	CMS_NPS26009_LightJetStat_DY_BJetOS_2022EE=-3.82845	CMS_NPS26009_MCstat_other_BJetOS_2016postVFP=6.21396	CMS_NPS26009_MCstat_other_BJetOS_2016preVFP=24.4063	CMS_NPS26009_MCstat_other_BJetOS_2017=2.48208	CMS_NPS26009_MCstat_other_BJetOS_2018=-1.28212	CMS_NPS26009_MCstat_other_BJetOS_2022=0.162007	CMS_NPS26009_MCstat_other_BJetOS_2022EE=-3.46569	CMS_NPS26009_MCstat_other_BJetOS_2023=-0.553943	CMS_NPS26009_MCstat_other_BJetOS_2023BPix=9.65555	CMS_NPS26009_MCstat_signal_BJetOS_2016postVFP=-2.36501	CMS_NPS26009_MCstat_signal_BJetOS_2016preVFP=-3.9625	CMS_NPS26009_MCstat_signal_BJetOS_2017=-1.08477	CMS_NPS26009_MCstat_signal_BJetOS_2018=-21.7589	CMS_NPS26009_MCstat_signal_BJetOS_2022=-0.539812	CMS_NPS26009_MCstat_signal_BJetOS_2022EE=-2.98861	CMS_NPS26009_MCstat_signal_BJetOS_2023=-3.73546	CMS_NPS26009_MCstat_signal_BJetOS_2023BPix=-6.08668	CMS_NPS26009_MCstat_singleTop_BJetOS_2016postVFP=1.31614	CMS_NPS26009_MCstat_singleTop_BJetOS_2016preVFP=4.90571	CMS_NPS26009_MCstat_singleTop_BJetOS_2017=5.55854	CMS_NPS26009_MCstat_singleTop_BJetOS_2018=0.983971	CMS_NPS26009_MCstat_singleTop_BJetOS_2022=0.943992	CMS_NPS26009_MCstat_singleTop_BJetOS_2022EE=-12.4563	CMS_NPS26009_MCstat_singleTop_BJetOS_2023=-0.333398	CMS_NPS26009_MCstat_singleTop_BJetOS_2023BPix=-4.07502	CMS_NPS26009_MCstat_ttbar_BJetOS_2016postVFP=11.3776	CMS_NPS26009_MCstat_ttbar_BJetOS_2016preVFP=21.5701	CMS_NPS26009_MCstat_ttbar_BJetOS_2017=20.2119	CMS_NPS26009_MCstat_ttbar_BJetOS_2018=16.433	CMS_NPS26009_MCstat_ttbar_BJetOS_2022=1.86546	CMS_NPS26009_MCstat_ttbar_BJetOS_2022EE=-26.6116	CMS_NPS26009_MCstat_ttbar_BJetOS_2023=-7.08804	CMS_NPS26009_MCstat_ttbar_BJetOS_2023BPix=17.7315	CMS_NPS26009_NFStat_DY_BJetOS_2016postVFP=0.201724	CMS_NPS26009_NFStat_DY_BJetOS_2016preVFP=5.74168	CMS_NPS26009_NFStat_DY_BJetOS_2017=40.223	CMS_NPS26009_NFStat_DY_BJetOS_2018=18.4147	CMS_NPS26009_NFStat_DY_BJetOS_2022=0.0529135	CMS_NPS26009_NFStat_DY_BJetOS_2022EE=-0.144637	CMS_NPS26009_QCDscale_fac_singleTop=-0.919708	CMS_NPS26009_QCDscale_ren_singleTop=-1.05413	CMS_NPS26009_bckgNorm_QCD_BJetOS_2016postVFP=0.00292174	CMS_NPS26009_bckgNorm_QCD_BJetOS_2016preVFP=0.00354382	CMS_NPS26009_bckgNorm_QCD_BJetOS_2017=0.00645602	CMS_NPS26009_bckgNorm_QCD_BJetOS_2018=0.0826598	CMS_NPS26009_bckgNorm_QCD_BJetOS_2022=7.00615e-06	CMS_NPS26009_bckgNorm_QCD_BJetOS_2022EE=0.000111627	CMS_NPS26009_bckgNorm_QCD_BJetOS_2023=0.00116207	CMS_NPS26009_bckgNorm_QCD_BJetOS_2023BPix=-2.06525e-05	CMS_NPS26009_bckgShape_QCD_BJetOS_2016postVFP=0.848462	CMS_NPS26009_bckgShape_QCD_BJetOS_2016preVFP=0.0757796	CMS_NPS26009_bckgShape_QCD_BJetOS_2017=-0.247826	CMS_NPS26009_bckgShape_QCD_BJetOS_2018=1.49533	CMS_NPS26009_bckgShape_QCD_BJetOS_2022=-0.001046	CMS_NPS26009_bckgShape_QCD_BJetOS_2022EE=-0.0662726	CMS_NPS26009_bckgShape_QCD_BJetOS_2023=-0.157059	CMS_NPS26009_bckgShape_QCD_BJetOS_2023BPix=-0.0051517	CMS_NPS26009_btag_fixedWP_bc_correlated_13TeV=-31.8546	CMS_NPS26009_btag_fixedWP_bc_correlated_13p6TeV=-40.0847	CMS_NPS26009_btag_fixedWP_light_correlated_13TeV=8.24092	CMS_NPS26009_btag_fixedWP_light_correlated_13p6TeV=-0.793221	CMS_NPS26009_lumi_2016=-0.166592	CMS_NPS26009_lumi_2017=7.03475	CMS_NPS26009_lumi_2018=-23.585	CMS_NPS26009_lumi_2022=-5.30921	CMS_NPS26009_lumi_2023=-3.96296	CMS_NPS26009_pdf_NNPDF31=16.7817	CMS_NPS26009_topmass_ttbar_BJetOS=22.8422	CMS_btag_fixedWP_bc_uncorrelated_2016postVFP=-0.693932	CMS_btag_fixedWP_bc_uncorrelated_2016preVFP=-0.266439	CMS_btag_fixedWP_bc_uncorrelated_2017=10.0268	CMS_btag_fixedWP_bc_uncorrelated_2018=-24.6539	CMS_btag_fixedWP_bc_uncorrelated_2022=-0.400158	CMS_btag_fixedWP_bc_uncorrelated_2022EE=-9.94618	CMS_btag_fixedWP_bc_uncorrelated_2023=-8.37966	CMS_btag_fixedWP_bc_uncorrelated_2023BPix=0.0306434	CMS_btag_fixedWP_light_uncorrelated_2016postVFP=1.77152	CMS_btag_fixedWP_light_uncorrelated_2016preVFP=1.04687	CMS_btag_fixedWP_light_uncorrelated_2017=1.91487	CMS_btag_fixedWP_light_uncorrelated_2018=1.64531	CMS_btag_fixedWP_light_uncorrelated_2022=0.0882591	CMS_btag_fixedWP_light_uncorrelated_2022EE=-1.30807	CMS_btag_fixedWP_light_uncorrelated_2023=-0.14398	CMS_btag_fixedWP_light_uncorrelated_2023BPix=0.912593	CMS_eff_m_id_2016postVFP=-0.0233616	CMS_eff_m_id_2016preVFP=-0.0802445	CMS_eff_m_id_2017=0.256978	CMS_eff_m_id_2018=-1.24711	CMS_eff_m_id_2022=-0.0260213	CMS_eff_m_id_2022EE=-1.18675	CMS_eff_m_id_2023=-1.38425	CMS_eff_m_id_2023BPix=0.0766314	CMS_eff_m_trigger_2016postVFP=-0.103869	CMS_eff_m_trigger_2016preVFP=-0.314327	CMS_eff_m_trigger_2017=1.14332	CMS_eff_m_trigger_2018=-4.01854	CMS_eff_m_trigger_2022=-0.00524876	CMS_eff_m_trigger_2022EE=-2.90478	CMS_eff_m_trigger_2023=-2.00331	CMS_eff_m_trigger_2023BPix=0.28314	CMS_l1_prefiring_2016postVFP=0.63883	CMS_l1_prefiring_2016preVFP=0.752868	CMS_l1_prefiring_2017=-2.40713	CMS_l1_prefiring_2018=1.57687	CMS_pileup_2016postVFP=0.739355	CMS_pileup_2016preVFP=-4.33672	CMS_pileup_2017=3.27649	CMS_pileup_2018=5.05064	CMS_pileup_2022=-0.156815	CMS_pileup_2022EE=-3.46445	CMS_pileup_2023=-1.65112	CMS_pileup_2023BPix=-3.93594	CMS_res_j_2016postVFP=0.322659	CMS_res_j_2016preVFP=-0.0266428	CMS_res_j_2017=0.34891	CMS_res_j_2018=1.88008	CMS_res_j_2022=0.00237718	CMS_res_j_2022EE=0.0626406	CMS_res_j_2023=0.0589778	CMS_res_j_2023BPix=-0.207367	CMS_scale_j_2016postVFP=0.313769	CMS_scale_j_2016preVFP=-0.0736141	CMS_scale_j_2017=2.11278	CMS_scale_j_2018=-0.814398	CMS_scale_j_2022=0.0411472	CMS_scale_j_2022EE=-0.317389	CMS_scale_j_2023=-0.436445	CMS_scale_j_2023BPix=1.57189	CMS_scale_m_2016postVFP=0.469496	CMS_scale_m_2016preVFP=1.42948	CMS_scale_m_2017=-0.695979	CMS_scale_m_2018=0.0909819	CMS_scale_m_2022=0.100108	CMS_scale_m_2022EE=-1.89573	CMS_scale_m_2023=-1.40343	CMS_scale_m_2023BPix=4.58192	QCDscale_fac_ttbar=54.6769	QCDscale_ren_ttbar=67.7785	pdf_alphas=28.964	r=1.59801
RooFit::Detail::RooFixedProdPdf::model_s[ ]
     getLogVal() top-level p.d.f not greater than zero @ !servers=(modelObs_s = 0)

RooAbsMinimizerFcn: Minimized function has error status.
Returning maximum FCN so far (0.173074) to force MIGRAD to back out of this region. Error log follows.
Parameter values: 	CMS_NPS26009_LightJetStat_DY_BJetOS_2016postVFP=8.4985	CMS_NPS26009_LightJetStat_DY_BJetOS_2016preVFP=38.3443	CMS_NPS26009_LightJetStat_DY_BJetOS_2017=-31.9553	CMS_NPS26009_LightJetStat_DY_BJetOS_2018=12.7686	CMS_NPS26009_LightJetStat_DY_BJetOS_2022=0.0326717	CMS_NPS26009_LightJetStat_DY_BJetOS_2022EE=-1.89039	CMS_NPS26009_MCstat_other_BJetOS_2016postVFP=2.94852	CMS_NPS26009_MCstat_other_BJetOS_2016preVFP=11.8167	CMS_NPS26009_MCstat_other_BJetOS_2017=1.20426	CMS_NPS26009_MCstat_other_BJetOS_2018=-0.601633	CMS_NPS26009_MCstat_other_BJetOS_2022=0.0821173	CMS_NPS26009_MCstat_other_BJetOS_2022EE=-1.70186	CMS_NPS26009_MCstat_other_BJetOS_2023=-0.272222	CMS_NPS26009_MCstat_other_BJetOS_2023BPix=4.8523	CMS_NPS26009_MCstat_signal_BJetOS_2016postVFP=-1.15986	CMS_NPS26009_MCstat_signal_BJetOS_2016preVFP=-1.92489	CMS_NPS26009_MCstat_signal_BJetOS_2017=-0.52546	CMS_NPS26009_MCstat_signal_BJetOS_2018=-10.534	CMS_NPS26009_MCstat_signal_BJetOS_2022=-0.260988	CMS_NPS26009_MCstat_signal_BJetOS_2022EE=-1.46025	CMS_NPS26009_MCstat_signal_BJetOS_2023=-1.81611	CMS_NPS26009_MCstat_signal_BJetOS_2023BPix=-2.92601	CMS_NPS26009_MCstat_singleTop_BJetOS_2016postVFP=0.622831	CMS_NPS26009_MCstat_singleTop_BJetOS_2016preVFP=2.37087	CMS_NPS26009_MCstat_singleTop_BJetOS_2017=2.69686	CMS_NPS26009_MCstat_singleTop_BJetOS_2018=0.497496	CMS_NPS26009_MCstat_singleTop_BJetOS_2022=0.468763	CMS_NPS26009_MCstat_singleTop_BJetOS_2022EE=-6.18123	CMS_NPS26009_MCstat_singleTop_BJetOS_2023=-0.166788	CMS_NPS26009_MCstat_singleTop_BJetOS_2023BPix=-1.93674	CMS_NPS26009_MCstat_ttbar_BJetOS_2016postVFP=5.41465	CMS_NPS26009_MCstat_ttbar_BJetOS_2016preVFP=10.4371	CMS_NPS26009_MCstat_ttbar_BJetOS_2017=9.8048	CMS_NPS26009_MCstat_ttbar_BJetOS_2018=8.0355	CMS_NPS26009_MCstat_ttbar_BJetOS_2022=0.918284	CMS_NPS26009_MCstat_ttbar_BJetOS_2022EE=-13.0283	CMS_NPS26009_MCstat_ttbar_BJetOS_2023=-3.48116	CMS_NPS26009_MCstat_ttbar_BJetOS_2023BPix=8.95429	CMS_NPS26009_NFStat_DY_BJetOS_2016postVFP=0.0969763	CMS_NPS26009_NFStat_DY_BJetOS_2016preVFP=2.78059	CMS_NPS26009_NFStat_DY_BJetOS_2017=19.5002	CMS_NPS26009_NFStat_DY_BJetOS_2018=9.10481	CMS_NPS26009_NFStat_DY_BJetOS_2022=0.0312652	CMS_NPS26009_NFStat_DY_BJetOS_2022EE=-0.0713923	CMS_NPS26009_QCDscale_fac_singleTop=-0.444885	CMS_NPS26009_QCDscale_ren_singleTop=-0.518427	CMS_NPS26009_bckgNorm_QCD_BJetOS_2016postVFP=0.00161318	CMS_NPS26009_bckgNorm_QCD_BJetOS_2016preVFP=0.00172017	CMS_NPS26009_bckgNorm_QCD_BJetOS_2017=0.00313025	CMS_NPS26009_bckgNorm_QCD_BJetOS_2018=0.0401343	CMS_NPS26009_bckgNorm_QCD_BJetOS_2022=3.42674e-06	CMS_NPS26009_bckgNorm_QCD_BJetOS_2022EE=5.43996e-05	CMS_NPS26009_bckgNorm_QCD_BJetOS_2023=0.000564169	CMS_NPS26009_bckgNorm_QCD_BJetOS_2023BPix=-9.56912e-06	CMS_NPS26009_bckgShape_QCD_BJetOS_2016postVFP=0.335775	CMS_NPS26009_bckgShape_QCD_BJetOS_2016preVFP=-0.0134343	CMS_NPS26009_bckgShape_QCD_BJetOS_2017=1.29303	CMS_NPS26009_bckgShape_QCD_BJetOS_2018=1.45371	CMS_NPS26009_bckgShape_QCD_BJetOS_2022=-0.000504155	CMS_NPS26009_bckgShape_QCD_BJetOS_2022EE=-0.0429373	CMS_NPS26009_bckgShape_QCD_BJetOS_2023=-0.133914	CMS_NPS26009_bckgShape_QCD_BJetOS_2023BPix=-0.00262751	CMS_NPS26009_btag_fixedWP_bc_correlated_13TeV=-15.4431	CMS_NPS26009_btag_fixedWP_bc_correlated_13p6TeV=-19.4305	CMS_NPS26009_btag_fixedWP_light_correlated_13TeV=3.99741	CMS_NPS26009_btag_fixedWP_light_correlated_13p6TeV=-0.375013	CMS_NPS26009_lumi_2016=-0.107591	CMS_NPS26009_lumi_2017=3.41404	CMS_NPS26009_lumi_2018=-11.374	CMS_NPS26009_lumi_2022=-2.59604	CMS_NPS26009_lumi_2023=-1.88481	CMS_NPS26009_pdf_NNPDF31=8.14354	CMS_NPS26009_topmass_ttbar_BJetOS=11.0964	CMS_btag_fixedWP_bc_uncorrelated_2016postVFP=-0.396389	CMS_btag_fixedWP_bc_uncorrelated_2016preVFP=-0.142289	CMS_btag_fixedWP_bc_uncorrelated_2017=4.86645	CMS_btag_fixedWP_bc_uncorrelated_2018=-11.8887	CMS_btag_fixedWP_bc_uncorrelated_2022=-0.189207	CMS_btag_fixedWP_bc_uncorrelated_2022EE=-4.86148	CMS_btag_fixedWP_bc_uncorrelated_2023=-4.08144	CMS_btag_fixedWP_bc_uncorrelated_2023BPix=0.129233	CMS_btag_fixedWP_light_uncorrelated_2016postVFP=0.841291	CMS_btag_fixedWP_light_uncorrelated_2016preVFP=0.506465	CMS_btag_fixedWP_light_uncorrelated_2017=0.929027	CMS_btag_fixedWP_light_uncorrelated_2018=0.806934	CMS_btag_fixedWP_light_uncorrelated_2022=0.0434572	CMS_btag_fixedWP_light_uncorrelated_2022EE=-0.639625	CMS_btag_fixedWP_light_uncorrelated_2023=-0.0704046	CMS_btag_fixedWP_light_uncorrelated_2023BPix=0.452191	CMS_eff_m_id_2016postVFP=-0.0132602	CMS_eff_m_id_2016preVFP=-0.0395474	CMS_eff_m_id_2017=0.124725	CMS_eff_m_id_2018=-0.602077	CMS_eff_m_id_2022=-0.0115505	CMS_eff_m_id_2022EE=-0.580038	CMS_eff_m_id_2023=-0.673995	CMS_eff_m_id_2023BPix=0.0575955	CMS_eff_m_trigger_2016postVFP=-0.0607968	CMS_eff_m_trigger_2016preVFP=-0.155147	CMS_eff_m_trigger_2017=0.554915	CMS_eff_m_trigger_2018=-1.9394	CMS_eff_m_trigger_2022=-0.00100204	CMS_eff_m_trigger_2022EE=-1.41994	CMS_eff_m_trigger_2023=-0.97619	CMS_eff_m_trigger_2023BPix=0.164512	CMS_l1_prefiring_2016postVFP=0.331574	CMS_l1_prefiring_2016preVFP=0.369412	CMS_l1_prefiring_2017=-1.16842	CMS_l1_prefiring_2018=0.760315	CMS_pileup_2016postVFP=0.365651	CMS_pileup_2016preVFP=-2.09906	CMS_pileup_2017=1.58936	CMS_pileup_2018=2.47639	CMS_pileup_2022=-0.078498	CMS_pileup_2022EE=-1.70975	CMS_pileup_2023=-0.806595	CMS_pileup_2023BPix=-2.07695	CMS_res_j_2016postVFP=0.153107	CMS_res_j_2016preVFP=-0.0129471	CMS_res_j_2017=0.169258	CMS_res_j_2018=0.91416	CMS_res_j_2022=0.00115219	CMS_res_j_2022EE=0.0305063	CMS_res_j_2023=0.0286029	CMS_res_j_2023BPix=-0.100019	CMS_scale_j_2016postVFP=0.148863	CMS_scale_j_2016preVFP=-0.0357028	CMS_scale_j_2017=1.02508	CMS_scale_j_2018=-0.390252	CMS_scale_j_2022=0.0202765	CMS_scale_j_2022EE=-0.155331	CMS_scale_j_2023=-0.214008	CMS_scale_j_2023BPix=0.801558	CMS_scale_m_2016postVFP=0.22269	CMS_scale_m_2016preVFP=0.691226	CMS_scale_m_2017=-0.337694	CMS_scale_m_2018=0.0460999	CMS_scale_m_2022=0.0495038	CMS_scale_m_2022EE=-0.927457	CMS_scale_m_2023=-0.686193	CMS_scale_m_2023BPix=2.26292	QCDscale_fac_ttbar=26.4845	QCDscale_ren_ttbar=32.7382	pdf_alphas=14.0502	r=1.59801
RooFit::Detail::RooFixedProdPdf::model_s[ ]
     getLogVal() top-level p.d.f not greater than zero @ !servers=(modelObs_s = 0)

RooAbsMinimizerFcn: Minimized function has error status.
Returning maximum FCN so far (0.173074) to force MIGRAD to back out of this region. Error log follows.
Parameter values: 	CMS_NPS26009_LightJetStat_DY_BJetOS_2016postVFP=3.85917	CMS_NPS26009_LightJetStat_DY_BJetOS_2016preVFP=17.934	CMS_NPS26009_LightJetStat_DY_BJetOS_2017=-14.9741	CMS_NPS26009_LightJetStat_DY_BJetOS_2018=6.45583	CMS_NPS26009_LightJetStat_DY_BJetOS_2022=0.0212606	CMS_NPS26009_LightJetStat_DY_BJetOS_2022EE=-0.922673	CMS_NPS26009_MCstat_other_BJetOS_2016postVFP=1.31801	CMS_NPS26009_MCstat_other_BJetOS_2016preVFP=5.53048	CMS_NPS26009_MCstat_other_BJetOS_2017=0.566224	CMS_NPS26009_MCstat_other_BJetOS_2018=-0.261852	CMS_NPS26009_MCstat_other_BJetOS_2022=0.0422265	CMS_NPS26009_MCstat_other_BJetOS_2022EE=-0.82114	CMS_NPS26009_MCstat_other_BJetOS_2023=-0.131552	CMS_NPS26009_MCstat_other_BJetOS_2023BPix=2.45394	CMS_NPS26009_MCstat_signal_BJetOS_2016postVFP=-0.558108	CMS_NPS26009_MCstat_signal_BJetOS_2016preVFP=-0.907468	CMS_NPS26009_MCstat_signal_BJetOS_2017=-0.246184	CMS_NPS26009_MCstat_signal_BJetOS_2018=-4.92918	CMS_NPS26009_MCstat_signal_BJetOS_2022=-0.121764	CMS_NPS26009_MCstat_signal_BJetOS_2022EE=-0.697097	CMS_NPS26009_MCstat_signal_BJetOS_2023=-0.857735	CMS_NPS26009_MCstat_signal_BJetOS_2023BPix=-1.34781	CMS_NPS26009_MCstat_singleTop_BJetOS_2016postVFP=0.276646	CMS_NPS26009_MCstat_singleTop_BJetOS_2016preVFP=1.10517	CMS_NPS26009_MCstat_singleTop_BJetOS_2017=1.26796	CMS_NPS26009_MCstat_singleTop_BJetOS_2018=0.254588	CMS_NPS26009_MCstat_singleTop_BJetOS_2022=0.231471	CMS_NPS26009_MCstat_singleTop_BJetOS_2022EE=-3.04793	CMS_NPS26009_MCstat_singleTop_BJetOS_2023=-0.0835959	CMS_NPS26009_MCstat_singleTop_BJetOS_2023BPix=-0.869048	CMS_NPS26009_MCstat_ttbar_BJetOS_2016postVFP=2.43721	CMS_NPS26009_MCstat_ttbar_BJetOS_2016preVFP=4.87809	CMS_NPS26009_MCstat_ttbar_BJetOS_2017=4.60831	CMS_NPS26009_MCstat_ttbar_BJetOS_2018=3.84242	CMS_NPS26009_MCstat_ttbar_BJetOS_2022=0.445335	CMS_NPS26009_MCstat_ttbar_BJetOS_2022EE=-6.24583	CMS_NPS26009_MCstat_ttbar_BJetOS_2023=-1.68017	CMS_NPS26009_MCstat_ttbar_BJetOS_2023BPix=4.57162	CMS_NPS26009_NFStat_DY_BJetOS_2016postVFP=0.0446735	CMS_NPS26009_NFStat_DY_BJetOS_2016preVFP=1.30206	CMS_NPS26009_NFStat_DY_BJetOS_2017=9.1528	CMS_NPS26009_NFStat_DY_BJetOS_2018=4.45618	CMS_NPS26009_NFStat_DY_BJetOS_2022=0.0204557	CMS_NPS26009_NFStat_DY_BJetOS_2022EE=-0.0348196	CMS_NPS26009_QCDscale_fac_singleTop=-0.207795	CMS_NPS26009_QCDscale_ren_singleTop=-0.25094	CMS_NPS26009_bckgNorm_QCD_BJetOS_2016postVFP=0.000959786	CMS_NPS26009_bckgNorm_QCD_BJetOS_2016preVFP=0.000809581	CMS_NPS26009_bckgNorm_QCD_BJetOS_2017=0.00146961	CMS_NPS26009_bckgNorm_QCD_BJetOS_2018=0.0189004	CMS_NPS26009_bckgNorm_QCD_BJetOS_2022=1.63946e-06	CMS_NPS26009_bckgNorm_QCD_BJetOS_2022EE=2.58247e-05	CMS_NPS26009_bckgNorm_QCD_BJetOS_2023=0.000265622	CMS_NPS26009_bckgNorm_QCD_BJetOS_2023BPix=-4.03492e-06	CMS_NPS26009_bckgShape_QCD_BJetOS_2016postVFP=0.00529898	CMS_NPS26009_bckgShape_QCD_BJetOS_2016preVFP=0.286378	CMS_NPS26009_bckgShape_QCD_BJetOS_2017=0.373284	CMS_NPS26009_bckgShape_QCD_BJetOS_2018=0.804508	CMS_NPS26009_bckgShape_QCD_BJetOS_2022=-0.000233572	CMS_NPS26009_bckgShape_QCD_BJetOS_2022EE=-0.0217201	CMS_NPS26009_bckgShape_QCD_BJetOS_2023=-0.0713999	CMS_NPS26009_bckgShape_QCD_BJetOS_2023BPix=-0.00125466	CMS_NPS26009_btag_fixedWP_bc_correlated_13TeV=-7.24845	CMS_NPS26009_btag_fixedWP_bc_correlated_13p6TeV=-9.11746	CMS_NPS26009_btag_fixedWP_light_correlated_13TeV=1.87853	CMS_NPS26009_btag_fixedWP_light_correlated_13p6TeV=-0.166192	CMS_NPS26009_lumi_2016=-0.07813	CMS_NPS26009_lumi_2017=1.60614	CMS_NPS26009_lumi_2018=-5.27679	CMS_NPS26009_lumi_2022=-1.24128	CMS_NPS26009_lumi_2023=-0.84714	CMS_NPS26009_pdf_NNPDF31=3.83032	CMS_NPS26009_topmass_ttbar_BJetOS=5.23154	CMS_btag_fixedWP_bc_uncorrelated_2016postVFP=-0.247819	CMS_btag_fixedWP_bc_uncorrelated_2016preVFP=-0.0802973	CMS_btag_fixedWP_bc_uncorrelated_2017=2.28977	CMS_btag_fixedWP_bc_uncorrelated_2018=-5.51469	CMS_btag_fixedWP_bc_uncorrelated_2022=-0.0838747	CMS_btag_fixedWP_bc_uncorrelated_2022EE=-2.32257	CMS_btag_fixedWP_bc_uncorrelated_2023=-1.93524	CMS_btag_fixedWP_bc_uncorrelated_2023BPix=0.178461	CMS_btag_fixedWP_light_uncorrelated_2016postVFP=0.376804	CMS_btag_fixedWP_light_uncorrelated_2016preVFP=0.236627	CMS_btag_fixedWP_light_uncorrelated_2017=0.436773	CMS_btag_fixedWP_light_uncorrelated_2018=0.388313	CMS_btag_fixedWP_light_uncorrelated_2022=0.0210865	CMS_btag_fixedWP_light_uncorrelated_2022EE=-0.305854	CMS_btag_fixedWP_light_uncorrelated_2023=-0.033667	CMS_btag_fixedWP_light_uncorrelated_2023BPix=0.222301	CMS_eff_m_id_2016postVFP=-0.00821631	CMS_eff_m_id_2016preVFP=-0.0192265	CMS_eff_m_id_2017=0.0586879	CMS_eff_m_id_2018=-0.279997	CMS_eff_m_id_2022=-0.00432488	CMS_eff_m_id_2022EE=-0.277093	CMS_eff_m_id_2023=-0.319347	CMS_eff_m_id_2023BPix=0.0480904	CMS_eff_m_trigger_2016postVFP=-0.0392898	CMS_eff_m_trigger_2016preVFP=-0.0756651	CMS_eff_m_trigger_2017=0.261111	CMS_eff_m_trigger_2018=-0.901236	CMS_eff_m_trigger_2022=0.00111845	CMS_eff_m_trigger_2022EE=-0.678525	CMS_eff_m_trigger_2023=-0.463326	CMS_eff_m_trigger_2023BPix=0.105279	CMS_l1_prefiring_2016postVFP=0.178153	CMS_l1_prefiring_2016preVFP=0.177944	CMS_l1_prefiring_2017=-0.549908	CMS_l1_prefiring_2018=0.352588	CMS_pileup_2016postVFP=0.179052	CMS_pileup_2016preVFP=-0.981745	CMS_pileup_2017=0.746942	CMS_pileup_2018=1.191	CMS_pileup_2022=-0.0393927	CMS_pileup_2022EE=-0.833591	CMS_pileup_2023=-0.384904	CMS_pileup_2023BPix=-1.14872	CMS_res_j_2016postVFP=0.0684458	CMS_res_j_2016preVFP=-0.00610856	CMS_res_j_2017=0.0795537	CMS_res_j_2018=0.431854	CMS_res_j_2022=0.000540526	CMS_res_j_2022EE=0.0144608	CMS_res_j_2023=0.013436	CMS_res_j_2023BPix=-0.046417	CMS_scale_j_2016postVFP=0.0665219	CMS_scale_j_2016preVFP=-0.0167727	CMS_scale_j_2017=0.481968	CMS_scale_j_2018=-0.178466	CMS_scale_j_2022=0.00985524	CMS_scale_j_2022EE=-0.0744109	CMS_scale_j_2023=-0.10294	CMS_scale_j_2023BPix=0.416914	CMS_scale_m_2016postVFP=0.099454	CMS_scale_m_2016preVFP=0.322597	CMS_scale_m_2017=-0.158793	CMS_scale_m_2018=0.0236894	CMS_scale_m_2022=0.0242358	CMS_scale_m_2022EE=-0.443976	CMS_scale_m_2023=-0.328061	CMS_scale_m_2023BPix=1.10499	QCDscale_fac_ttbar=12.4075	QCDscale_ren_ttbar=15.2418	pdf_alphas=6.60344	r=1.59801
RooFit::Detail::RooFixedProdPdf::model_s[ ]
     getLogVal() top-level p.d.f not greater than zero @ !servers=(modelObs_s = 0)

RooAbsMinimizerFcn: Minimized function has error status.
Returning maximum FCN so far (636.934) to force MIGRAD to back out of this region. Error log follows.
Parameter values: 	CMS_NPS26009_LightJetStat_DY_BJetOS_2016postVFP=-4.59806	CMS_NPS26009_LightJetStat_DY_BJetOS_2016preVFP=50.7836	CMS_NPS26009_LightJetStat_DY_BJetOS_2017=-54.2724	CMS_NPS26009_LightJetStat_DY_BJetOS_2018=20.6946	CMS_NPS26009_LightJetStat_DY_BJetOS_2022=0.243756	CMS_NPS26009_LightJetStat_DY_BJetOS_2022EE=-2.47453	CMS_NPS26009_MCstat_other_BJetOS_2016postVFP=5.36859	CMS_NPS26009_MCstat_other_BJetOS_2016preVFP=16.9034	CMS_NPS26009_MCstat_other_BJetOS_2017=2.22816	CMS_NPS26009_MCstat_other_BJetOS_2018=-1.05944	CMS_NPS26009_MCstat_other_BJetOS_2022=0.251811	CMS_NPS26009_MCstat_other_BJetOS_2022EE=-2.60173	CMS_NPS26009_MCstat_other_BJetOS_2023=-0.401475	CMS_NPS26009_MCstat_other_BJetOS_2023BPix=9.3108	CMS_NPS26009_MCstat_signal_BJetOS_2016postVFP=-1.98253	CMS_NPS26009_MCstat_signal_BJetOS_2016preVFP=-3.52691	CMS_NPS26009_MCstat_signal_BJetOS_2017=-0.75402	CMS_NPS26009_MCstat_signal_BJetOS_2018=-18.4291	CMS_NPS26009_MCstat_signal_BJetOS_2022=-0.430257	CMS_NPS26009_MCstat_signal_BJetOS_2022EE=-2.33995	CMS_NPS26009_MCstat_signal_BJetOS_2023=-3.07502	CMS_NPS26009_MCstat_signal_BJetOS_2023BPix=-5.04251	CMS_NPS26009_MCstat_singleTop_BJetOS_2016postVFP=1.13656	CMS_NPS26009_MCstat_singleTop_BJetOS_2016preVFP=3.6623	CMS_NPS26009_MCstat_singleTop_BJetOS_2017=4.92646	CMS_NPS26009_MCstat_singleTop_BJetOS_2018=0.846852	CMS_NPS26009_MCstat_singleTop_BJetOS_2022=1.12788	CMS_NPS26009_MCstat_singleTop_BJetOS_2022EE=-7.51988	CMS_NPS26009_MCstat_singleTop_BJetOS_2023=-0.204308	CMS_NPS26009_MCstat_singleTop_BJetOS_2023BPix=-3.02874	CMS_NPS26009_MCstat_ttbar_BJetOS_2016postVFP=10.1022	CMS_NPS26009_MCstat_ttbar_BJetOS_2016preVFP=17.1303	CMS_NPS26009_MCstat_ttbar_BJetOS_2017=17.9192	CMS_NPS26009_MCstat_ttbar_BJetOS_2018=14.0785	CMS_NPS26009_MCstat_ttbar_BJetOS_2022=1.99522	CMS_NPS26009_MCstat_ttbar_BJetOS_2022EE=-20.3168	CMS_NPS26009_MCstat_ttbar_BJetOS_2023=-5.09623	CMS_NPS26009_MCstat_ttbar_BJetOS_2023BPix=15.123	CMS_NPS26009_NFStat_DY_BJetOS_2016postVFP=0.0360288	CMS_NPS26009_NFStat_DY_BJetOS_2016preVFP=3.5857	CMS_NPS26009_NFStat_DY_BJetOS_2017=36.3186	CMS_NPS26009_NFStat_DY_BJetOS_2018=16.8013	CMS_NPS26009_NFStat_DY_BJetOS_2022=0.236724	CMS_NPS26009_NFStat_DY_BJetOS_2022EE=-0.0861265	CMS_NPS26009_QCDscale_fac_singleTop=-0.910851	CMS_NPS26009_QCDscale_ren_singleTop=-1.14553	CMS_NPS26009_bckgNorm_QCD_BJetOS_2016postVFP=-0.0371011	CMS_NPS26009_bckgNorm_QCD_BJetOS_2016preVFP=0.00158486	CMS_NPS26009_bckgNorm_QCD_BJetOS_2017=0.00917895	CMS_NPS26009_bckgNorm_QCD_BJetOS_2018=0.0727394	CMS_NPS26009_bckgNorm_QCD_BJetOS_2022=5.60292e-06	CMS_NPS26009_bckgNorm_QCD_BJetOS_2022EE=0.000260868	CMS_NPS26009_bckgNorm_QCD_BJetOS_2023=0.00132919	CMS_NPS26009_bckgNorm_QCD_BJetOS_2023BPix=-0.000113797	CMS_NPS26009_bckgShape_QCD_BJetOS_2016postVFP=-0.949036	CMS_NPS26009_bckgShape_QCD_BJetOS_2016preVFP=-0.220803	CMS_NPS26009_bckgShape_QCD_BJetOS_2017=1.15385	CMS_NPS26009_bckgShape_QCD_BJetOS_2018=1.67222	CMS_NPS26009_bckgShape_QCD_BJetOS_2022=0.00466001	CMS_NPS26009_bckgShape_QCD_BJetOS_2022EE=0.0142573	CMS_NPS26009_bckgShape_QCD_BJetOS_2023=-0.120508	CMS_NPS26009_bckgShape_QCD_BJetOS_2023BPix=0.00846208	CMS_NPS26009_btag_fixedWP_bc_correlated_13TeV=-27.0827	CMS_NPS26009_btag_fixedWP_bc_correlated_13p6TeV=-30.5341	CMS_NPS26009_btag_fixedWP_light_correlated_13TeV=6.93439	CMS_NPS26009_btag_fixedWP_light_correlated_13p6TeV=-0.334748	CMS_NPS26009_lumi_2016=-0.369047	CMS_NPS26009_lumi_2017=6.4724	CMS_NPS26009_lumi_2018=-19.9192	CMS_NPS26009_lumi_2022=-3.9584	CMS_NPS26009_lumi_2023=-3.1307	CMS_NPS26009_pdf_NNPDF31=15.6339	CMS_NPS26009_topmass_ttbar_BJetOS=20.7448	CMS_btag_fixedWP_bc_uncorrelated_2016postVFP=-0.423997	CMS_btag_fixedWP_bc_uncorrelated_2016preVFP=-1.01099	CMS_btag_fixedWP_bc_uncorrelated_2017=9.33081	CMS_btag_fixedWP_bc_uncorrelated_2018=-20.7914	CMS_btag_fixedWP_bc_uncorrelated_2022=-0.184075	CMS_btag_fixedWP_bc_uncorrelated_2022EE=-7.70367	CMS_btag_fixedWP_bc_uncorrelated_2023=-6.77805	CMS_btag_fixedWP_bc_uncorrelated_2023BPix=0.190376	CMS_btag_fixedWP_light_uncorrelated_2016postVFP=1.56333	CMS_btag_fixedWP_light_uncorrelated_2016preVFP=0.813542	CMS_btag_fixedWP_light_uncorrelated_2017=1.68843	CMS_btag_fixedWP_light_uncorrelated_2018=1.38545	CMS_btag_fixedWP_light_uncorrelated_2022=0.0949737	CMS_btag_fixedWP_light_uncorrelated_2022EE=-0.999967	CMS_btag_fixedWP_light_uncorrelated_2023=-0.11013	CMS_btag_fixedWP_light_uncorrelated_2023BPix=0.736026	CMS_eff_m_id_2016postVFP=-0.0146288	CMS_eff_m_id_2016preVFP=-0.103935	CMS_eff_m_id_2017=0.238245	CMS_eff_m_id_2018=-1.05246	CMS_eff_m_id_2022=0.0116979	CMS_eff_m_id_2022EE=-0.918242	CMS_eff_m_id_2023=-1.12239	CMS_eff_m_id_2023BPix=0.0936796	CMS_eff_m_trigger_2016postVFP=-0.0599369	CMS_eff_m_trigger_2016preVFP=-0.420127	CMS_eff_m_trigger_2017=1.06057	CMS_eff_m_trigger_2018=-3.39154	CMS_eff_m_trigger_2022=0.0442625	CMS_eff_m_trigger_2022EE=-2.23893	CMS_eff_m_trigger_2023=-1.60673	CMS_eff_m_trigger_2023BPix=0.269073	CMS_l1_prefiring_2016postVFP=0.481683	CMS_l1_prefiring_2016preVFP=0.880345	CMS_l1_prefiring_2017=-2.26049	CMS_l1_prefiring_2018=1.33071	CMS_pileup_2016postVFP=0.576323	CMS_pileup_2016preVFP=-3.41388	CMS_pileup_2017=2.83703	CMS_pileup_2018=4.30255	CMS_pileup_2022=-0.213115	CMS_pileup_2022EE=-2.13624	CMS_pileup_2023=-1.28105	CMS_pileup_2023BPix=-3.61447	CMS_res_j_2016postVFP=0.289437	CMS_res_j_2016preVFP=-0.0240125	CMS_res_j_2017=0.302678	CMS_res_j_2018=1.5836	CMS_res_j_2022=0.00198171	CMS_res_j_2022EE=0.0509604	CMS_res_j_2023=0.0501463	CMS_res_j_2023BPix=-0.165001	CMS_scale_j_2016postVFP=0.281395	CMS_scale_j_2016preVFP=-0.0622852	CMS_scale_j_2017=1.86795	CMS_scale_j_2018=-0.682447	CMS_scale_j_2022=0.0447315	CMS_scale_j_2022EE=-0.236695	CMS_scale_j_2023=-0.317427	CMS_scale_j_2023BPix=0.926654	CMS_scale_m_2016postVFP=0.431956	CMS_scale_m_2016preVFP=1.10718	CMS_scale_m_2017=-0.644249	CMS_scale_m_2018=0.072053	CMS_scale_m_2022=0.113999	CMS_scale_m_2022EE=-1.39662	CMS_scale_m_2023=-1.07398	CMS_scale_m_2023BPix=3.70839	QCDscale_fac_ttbar=46.6009	QCDscale_ren_ttbar=52.8716	pdf_alphas=27.1979	r=1.59801
RooFit::Detail::RooFixedProdPdf::model_s[ ]
     getLogVal() top-level p.d.f not greater than zero @ !servers=(modelObs_s = 0)

RooAbsMinimizerFcn: Minimized function has error status.
Returning maximum FCN so far (636.934) to force MIGRAD to back out of this region. Error log follows.
Parameter values: 	CMS_NPS26009_LightJetStat_DY_BJetOS_2016postVFP=-32.3298	CMS_NPS26009_LightJetStat_DY_BJetOS_2016preVFP=-27.8496	CMS_NPS26009_LightJetStat_DY_BJetOS_2017=-2.19556	CMS_NPS26009_LightJetStat_DY_BJetOS_2018=7.65658	CMS_NPS26009_LightJetStat_DY_BJetOS_2022=0.6815	CMS_NPS26009_LightJetStat_DY_BJetOS_2022EE=0.846085	CMS_NPS26009_MCstat_other_BJetOS_2016postVFP=3.36598	CMS_NPS26009_MCstat_other_BJetOS_2016preVFP=-2.99201	CMS_NPS26009_MCstat_other_BJetOS_2017=1.80811	CMS_NPS26009_MCstat_other_BJetOS_2018=-0.455309	CMS_NPS26009_MCstat_other_BJetOS_2022=0.451366	CMS_NPS26009_MCstat_other_BJetOS_2022EE=-0.397125	CMS_NPS26009_MCstat_other_BJetOS_2023=-0.0171339	CMS_NPS26009_MCstat_other_BJetOS_2023BPix=8.26454	CMS_NPS26009_MCstat_signal_BJetOS_2016postVFP=-0.911278	CMS_NPS26009_MCstat_signal_BJetOS_2016preVFP=-2.35767	CMS_NPS26009_MCstat_signal_BJetOS_2017=0.441229	CMS_NPS26009_MCstat_signal_BJetOS_2018=-9.4973	CMS_NPS26009_MCstat_signal_BJetOS_2022=-0.14704	CMS_NPS26009_MCstat_signal_BJetOS_2022EE=-0.667137	CMS_NPS26009_MCstat_signal_BJetOS_2023=-1.33686	CMS_NPS26009_MCstat_signal_BJetOS_2023BPix=-2.28624	CMS_NPS26009_MCstat_singleTop_BJetOS_2016postVFP=0.713105	CMS_NPS26009_MCstat_singleTop_BJetOS_2016preVFP=0.348747	CMS_NPS26009_MCstat_singleTop_BJetOS_2017=3.67343	CMS_NPS26009_MCstat_singleTop_BJetOS_2018=0.496537	CMS_NPS26009_MCstat_singleTop_BJetOS_2022=1.49033	CMS_NPS26009_MCstat_singleTop_BJetOS_2022EE=4.52193	CMS_NPS26009_MCstat_singleTop_BJetOS_2023=0.112226	CMS_NPS26009_MCstat_singleTop_BJetOS_2023BPix=-0.351951	CMS_NPS26009_MCstat_ttbar_BJetOS_2016postVFP=6.95635	CMS_NPS26009_MCstat_ttbar_BJetOS_2016preVFP=5.28094	CMS_NPS26009_MCstat_ttbar_BJetOS_2017=13.0973	CMS_NPS26009_MCstat_ttbar_BJetOS_2018=7.83192	CMS_NPS26009_MCstat_ttbar_BJetOS_2022=2.1839	CMS_NPS26009_MCstat_ttbar_BJetOS_2022EE=-4.18528	CMS_NPS26009_MCstat_ttbar_BJetOS_2023=-0.093748	CMS_NPS26009_MCstat_ttbar_BJetOS_2023BPix=8.10651	CMS_NPS26009_NFStat_DY_BJetOS_2016postVFP=-0.186385	CMS_NPS26009_NFStat_DY_BJetOS_2016preVFP=-2.57276	CMS_NPS26009_NFStat_DY_BJetOS_2017=27.2398	CMS_NPS26009_NFStat_DY_BJetOS_2018=12.307	CMS_NPS26009_NFStat_DY_BJetOS_2022=0.664147	CMS_NPS26009_NFStat_DY_BJetOS_2022EE=0.0541802	CMS_NPS26009_QCDscale_fac_singleTop=-0.9599	CMS_NPS26009_QCDscale_ren_singleTop=-1.49366	CMS_NPS26009_bckgNorm_QCD_BJetOS_2016postVFP=-0.00647405	CMS_NPS26009_bckgNorm_QCD_BJetOS_2016preVFP=0.00175924	CMS_NPS26009_bckgNorm_QCD_BJetOS_2017=0.00307233	CMS_NPS26009_bckgNorm_QCD_BJetOS_2018=0.0375793	CMS_NPS26009_bckgNorm_QCD_BJetOS_2022=1.02442e-05	CMS_NPS26009_bckgNorm_QCD_BJetOS_2022EE=3.89815e-05	CMS_NPS26009_bckgNorm_QCD_BJetOS_2023=0.000469718	CMS_NPS26009_bckgNorm_QCD_BJetOS_2023BPix=-1.18237e-05	CMS_NPS26009_bckgShape_QCD_BJetOS_2016postVFP=0.807043	CMS_NPS26009_bckgShape_QCD_BJetOS_2016preVFP=-0.0274306	CMS_NPS26009_bckgShape_QCD_BJetOS_2017=0.33792	CMS_NPS26009_bckgShape_QCD_BJetOS_2018=-0.154272	CMS_NPS26009_bckgShape_QCD_BJetOS_2022=5.26156e-05	CMS_NPS26009_bckgShape_QCD_BJetOS_2022EE=-0.00166047	CMS_NPS26009_bckgShape_QCD_BJetOS_2023=-0.0058626	CMS_NPS26009_bckgShape_QCD_BJetOS_2023BPix=-0.0001061	CMS_NPS26009_btag_fixedWP_bc_correlated_13TeV=-12.4226	CMS_NPS26009_btag_fixedWP_bc_correlated_13p6TeV=-5.879	CMS_NPS26009_btag_fixedWP_light_correlated_13TeV=3.65642	CMS_NPS26009_btag_fixedWP_light_correlated_13p6TeV=0.763578	CMS_NPS26009_lumi_2016=-0.835384	CMS_NPS26009_lumi_2017=5.96769	CMS_NPS26009_lumi_2018=-10.0471	CMS_NPS26009_lumi_2022=-0.536981	CMS_NPS26009_lumi_2023=-0.980781	CMS_NPS26009_pdf_NNPDF31=12.8062	CMS_NPS26009_topmass_ttbar_BJetOS=15.4523	CMS_btag_fixedWP_bc_uncorrelated_2016postVFP=0.48716	CMS_btag_fixedWP_bc_uncorrelated_2016preVFP=-2.99368	CMS_btag_fixedWP_bc_uncorrelated_2017=9.07007	CMS_btag_fixedWP_bc_uncorrelated_2018=-10.3878	CMS_btag_fixedWP_bc_uncorrelated_2022=0.336698	CMS_btag_fixedWP_bc_uncorrelated_2022EE=-1.95337	CMS_btag_fixedWP_bc_uncorrelated_2023=-2.603	CMS_btag_fixedWP_bc_uncorrelated_2023BPix=0.564269	CMS_btag_fixedWP_light_uncorrelated_2016postVFP=1.05587	CMS_btag_fixedWP_light_uncorrelated_2016preVFP=0.191613	CMS_btag_fixedWP_light_uncorrelated_2017=1.21829	CMS_btag_fixedWP_light_uncorrelated_2018=0.702691	CMS_btag_fixedWP_light_uncorrelated_2022=0.105337	CMS_btag_fixedWP_light_uncorrelated_2022EE=-0.2135	CMS_btag_fixedWP_light_uncorrelated_2023=-0.0237846	CMS_btag_fixedWP_light_uncorrelated_2023BPix=0.273199	CMS_eff_m_id_2016postVFP=0.0148578	CMS_eff_m_id_2016preVFP=-0.16646	CMS_eff_m_id_2017=0.228657	CMS_eff_m_id_2018=-0.52922	CMS_eff_m_id_2022=0.100033	CMS_eff_m_id_2022EE=-0.230005	CMS_eff_m_id_2023=-0.438864	CMS_eff_m_id_2023BPix=0.129293	CMS_eff_m_trigger_2016postVFP=0.0905704	CMS_eff_m_trigger_2016preVFP=-0.699347	CMS_eff_m_trigger_2017=1.0206	CMS_eff_m_trigger_2018=-1.70529	CMS_eff_m_trigger_2022=0.15864	CMS_eff_m_trigger_2022EE=-0.53456	CMS_eff_m_trigger_2023=-0.577005	CMS_eff_m_trigger_2023BPix=0.220674	CMS_l1_prefiring_2016postVFP=-0.00778371	CMS_l1_prefiring_2016preVFP=1.21528	CMS_l1_prefiring_2017=-2.30228	CMS_l1_prefiring_2018=0.667905	CMS_pileup_2016postVFP=0.127064	CMS_pileup_2016preVFP=-0.950018	CMS_pileup_2017=1.79855	CMS_pileup_2018=2.32569	CMS_pileup_2022=-0.336385	CMS_pileup_2022EE=1.05772	CMS_pileup_2023=-0.332027	CMS_pileup_2023BPix=-2.68001	CMS_res_j_2016postVFP=0.208832	CMS_res_j_2016preVFP=-0.0169515	CMS_res_j_2017=0.194247	CMS_res_j_2018=0.795242	CMS_res_j_2022=0.000933154	CMS_res_j_2022EE=0.0203782	CMS_res_j_2023=0.026408	CMS_res_j_2023BPix=-0.0546178	CMS_scale_j_2016postVFP=0.202924	CMS_scale_j_2016preVFP=-0.0320076	CMS_scale_j_2017=1.37161	CMS_scale_j_2018=-0.326351	CMS_scale_j_2022=0.0505741	CMS_scale_j_2022EE=-0.0323266	CMS_scale_j_2023=-0.0183453	CMS_scale_j_2023BPix=-0.580124	CMS_scale_m_2016postVFP=0.341709	CMS_scale_m_2016preVFP=0.249491	CMS_scale_m_2017=-0.621328	CMS_scale_m_2018=0.0249892	CMS_scale_m_2022=0.139955	CMS_scale_m_2022EE=-0.141026	CMS_scale_m_2023=-0.233684	CMS_scale_m_2023BPix=1.4173	QCDscale_fac_ttbar=25.2163	QCDscale_ren_ttbar=11.0595	pdf_alphas=22.47	r=1.59801
RooFit::Detail::RooFixedProdPdf::model_s[ ]
     getLogVal() top-level p.d.f not greater than zero @ !servers=(modelObs_s = 0)

RooAbsMinimizerFcn: Minimized function has error status.
Returning maximum FCN so far (636.934) to force MIGRAD to back out of this region. Error log follows.
Parameter values: 	CMS_NPS26009_LightJetStat_DY_BJetOS_2016postVFP=17.5414	CMS_NPS26009_LightJetStat_DY_BJetOS_2016preVFP=-10.6468	CMS_NPS26009_LightJetStat_DY_BJetOS_2017=10.7683	CMS_NPS26009_LightJetStat_DY_BJetOS_2018=3.55365	CMS_NPS26009_LightJetStat_DY_BJetOS_2022=0.478423	CMS_NPS26009_LightJetStat_DY_BJetOS_2022EE=1.15719	CMS_NPS26009_MCstat_other_BJetOS_2016postVFP=1.78267	CMS_NPS26009_MCstat_other_BJetOS_2016preVFP=-2.3567	CMS_NPS26009_MCstat_other_BJetOS_2017=0.993052	CMS_NPS26009_MCstat_other_BJetOS_2018=-0.293502	CMS_NPS26009_MCstat_other_BJetOS_2022=0.290746	CMS_NPS26009_MCstat_other_BJetOS_2022EE=0.29177	CMS_NPS26009_MCstat_other_BJetOS_2023=0.0830345	CMS_NPS26009_MCstat_other_BJetOS_2023BPix=5.91454	CMS_NPS26009_MCstat_signal_BJetOS_2016postVFP=-0.264933	CMS_NPS26009_MCstat_signal_BJetOS_2016preVFP=-0.83747	CMS_NPS26009_MCstat_signal_BJetOS_2017=0.49027	CMS_NPS26009_MCstat_signal_BJetOS_2018=-3.80175	CMS_NPS26009_MCstat_signal_BJetOS_2022=-0.0303292	CMS_NPS26009_MCstat_signal_BJetOS_2022EE=0.000949142	CMS_NPS26009_MCstat_signal_BJetOS_2023=-0.390045	CMS_NPS26009_MCstat_signal_BJetOS_2023BPix=-0.722722	CMS_NPS26009_MCstat_singleTop_BJetOS_2016postVFP=0.368012	CMS_NPS26009_MCstat_singleTop_BJetOS_2016preVFP=0.251682	CMS_NPS26009_MCstat_singleTop_BJetOS_2017=1.83141	CMS_NPS26009_MCstat_singleTop_BJetOS_2018=0.0571366	CMS_NPS26009_MCstat_singleTop_BJetOS_2022=0.854168	CMS_NPS26009_MCstat_singleTop_BJetOS_2022EE=4.84689	CMS_NPS26009_MCstat_singleTop_BJetOS_2023=0.125552	CMS_NPS26009_MCstat_singleTop_BJetOS_2023BPix=0.509877	CMS_NPS26009_MCstat_ttbar_BJetOS_2016postVFP=3.78157	CMS_NPS26009_MCstat_ttbar_BJetOS_2016preVFP=2.66693	CMS_NPS26009_MCstat_ttbar_BJetOS_2017=6.59897	CMS_NPS26009_MCstat_ttbar_BJetOS_2018=2.90473	CMS_NPS26009_MCstat_ttbar_BJetOS_2022=1.21862	CMS_NPS26009_MCstat_ttbar_BJetOS_2022EE=1.39389	CMS_NPS26009_MCstat_ttbar_BJetOS_2023=1.16226	CMS_NPS26009_MCstat_ttbar_BJetOS_2023BPix=3.35399	CMS_NPS26009_NFStat_DY_BJetOS_2016postVFP=0.132907	CMS_NPS26009_NFStat_DY_BJetOS_2016preVFP=-0.964701	CMS_NPS26009_NFStat_DY_BJetOS_2017=15.2236	CMS_NPS26009_NFStat_DY_BJetOS_2018=6.46371	CMS_NPS26009_NFStat_DY_BJetOS_2022=0.465728	CMS_NPS26009_NFStat_DY_BJetOS_2022EE=0.0564748	CMS_NPS26009_QCDscale_fac_singleTop=-0.476631	CMS_NPS26009_QCDscale_ren_singleTop=-0.9183	CMS_NPS26009_bckgNorm_QCD_BJetOS_2016postVFP=-0.00428045	CMS_NPS26009_bckgNorm_QCD_BJetOS_2016preVFP=0.000986125	CMS_NPS26009_bckgNorm_QCD_BJetOS_2017=0.00201346	CMS_NPS26009_bckgNorm_QCD_BJetOS_2018=0.013804	CMS_NPS26009_bckgNorm_QCD_BJetOS_2022=6.79018e-06	CMS_NPS26009_bckgNorm_QCD_BJetOS_2022EE=-1.8365e-05	CMS_NPS26009_bckgNorm_QCD_BJetOS_2023=0.000102259	CMS_NPS26009_bckgNorm_QCD_BJetOS_2023BPix=9.94008e-06	CMS_NPS26009_bckgShape_QCD_BJetOS_2016postVFP=0.362472	CMS_NPS26009_bckgShape_QCD_BJetOS_2016preVFP=-0.259885	CMS_NPS26009_bckgShape_QCD_BJetOS_2017=1.33882	CMS_NPS26009_bckgShape_QCD_BJetOS_2018=0.711647	CMS_NPS26009_bckgShape_QCD_BJetOS_2022=-0.00171119	CMS_NPS26009_bckgShape_QCD_BJetOS_2022EE=-0.0286628	CMS_NPS26009_bckgShape_QCD_BJetOS_2023=-0.0916953	CMS_NPS26009_bckgShape_QCD_BJetOS_2023BPix=-0.00161897	CMS_NPS26009_btag_fixedWP_bc_correlated_13TeV=-2.94019	CMS_NPS26009_btag_fixedWP_bc_correlated_13p6TeV=2.39848	CMS_NPS26009_btag_fixedWP_light_correlated_13TeV=1.60221	CMS_NPS26009_btag_fixedWP_light_correlated_13p6TeV=0.678449	CMS_NPS26009_lumi_2016=-0.06304	CMS_NPS26009_lumi_2017=3.28889	CMS_NPS26009_lumi_2018=-4.24597	CMS_NPS26009_lumi_2022=0.481462	CMS_NPS26009_lumi_2023=-0.055096	CMS_NPS26009_pdf_NNPDF31=7.54715	CMS_NPS26009_topmass_ttbar_BJetOS=8.77683	CMS_btag_fixedWP_bc_uncorrelated_2016postVFP=0.647422	CMS_btag_fixedWP_bc_uncorrelated_2016preVFP=-0.935824	CMS_btag_fixedWP_bc_uncorrelated_2017=5.10675	CMS_btag_fixedWP_bc_uncorrelated_2018=-4.3228	CMS_btag_fixedWP_bc_uncorrelated_2022=0.278359	CMS_btag_fixedWP_bc_uncorrelated_2022EE=0.189371	CMS_btag_fixedWP_bc_uncorrelated_2023=-0.589467	CMS_btag_fixedWP_bc_uncorrelated_2023BPix=0.474161	CMS_btag_fixedWP_light_uncorrelated_2016postVFP=0.556401	CMS_btag_fixedWP_light_uncorrelated_2016preVFP=0.0937113	CMS_btag_fixedWP_light_uncorrelated_2017=0.595433	CMS_btag_fixedWP_light_uncorrelated_2018=0.188442	CMS_btag_fixedWP_light_uncorrelated_2022=0.0594994	CMS_btag_fixedWP_light_uncorrelated_2022EE=0.0621225	CMS_btag_fixedWP_light_uncorrelated_2023=0.00641263	CMS_btag_fixedWP_light_uncorrelated_2023BPix=0.0434316	CMS_eff_m_id_2016postVFP=0.0202182	CMS_eff_m_id_2016preVFP=-0.0521416	CMS_eff_m_id_2017=0.127507	CMS_eff_m_id_2018=-0.217307	CMS_eff_m_id_2022=0.0705332	CMS_eff_m_id_2022EE=0.0254735	CMS_eff_m_id_2023=-0.10327	CMS_eff_m_id_2023BPix=0.0908337	CMS_eff_m_trigger_2016postVFP=0.113338	CMS_eff_m_trigger_2016preVFP=-0.218043	CMS_eff_m_trigger_2017=0.569808	CMS_eff_m_trigger_2018=-0.705635	CMS_eff_m_trigger_2022=0.107699	CMS_eff_m_trigger_2022EE=0.0866668	CMS_eff_m_trigger_2023=-0.103862	CMS_eff_m_trigger_2023BPix=0.124961	CMS_l1_prefiring_2016postVFP=-0.170869	CMS_l1_prefiring_2016preVFP=0.386259	CMS_l1_prefiring_2017=-1.31201	CMS_l1_prefiring_2018=0.281454	CMS_pileup_2016postVFP=-0.0621115	CMS_pileup_2016preVFP=-0.423197	CMS_pileup_2017=0.841837	CMS_pileup_2018=0.7365	CMS_pileup_2022=-0.217527	CMS_pileup_2022EE=1.14125	CMS_pileup_2023=0.0295368	CMS_pileup_2023BPix=-1.55992	CMS_res_j_2016postVFP=0.118055	CMS_res_j_2016preVFP=-0.00599064	CMS_res_j_2017=0.0883868	CMS_res_j_2018=0.272572	CMS_res_j_2022=0.000318466	CMS_res_j_2022EE=0.00508076	CMS_res_j_2023=0.0104426	CMS_res_j_2023BPix=-0.00357555	CMS_scale_j_2016postVFP=0.114521	CMS_scale_j_2016preVFP=-0.0120617	CMS_scale_j_2017=0.670446	CMS_scale_j_2018=-0.145648	CMS_scale_j_2022=0.0285652	CMS_scale_j_2022EE=0.0314292	CMS_scale_j_2023=0.0611847	CMS_scale_j_2023BPix=-0.288296	CMS_scale_m_2016postVFP=0.213507	CMS_scale_m_2016preVFP=0.147216	CMS_scale_m_2017=-0.395776	CMS_scale_m_2018=-0.0121959	CMS_scale_m_2022=0.0800901	CMS_scale_m_2022EE=0.219523	CMS_scale_m_2023=0.0608036	CMS_scale_m_2023BPix=0.256894	QCDscale_fac_ttbar=13.6682	QCDscale_ren_ttbar=-4.34689	pdf_alphas=14.655	r=1.59801
RooFit::Detail::RooFixedProdPdf::model_s[ ]
     getLogVal() top-level p.d.f not greater than zero @ !servers=(modelObs_s = 0)

RooAbsMinimizerFcn: Minimized function has error status.
Returning maximum FCN so far (636.934) to force MIGRAD to back out of this region. Error log follows.
Parameter values: 	CMS_NPS26009_LightJetStat_DY_BJetOS_2016postVFP=10.7925	CMS_NPS26009_LightJetStat_DY_BJetOS_2016preVFP=-5.01394	CMS_NPS26009_LightJetStat_DY_BJetOS_2017=4.04233	CMS_NPS26009_LightJetStat_DY_BJetOS_2018=2.34427	CMS_NPS26009_LightJetStat_DY_BJetOS_2022=0.271304	CMS_NPS26009_LightJetStat_DY_BJetOS_2022EE=0.849111	CMS_NPS26009_MCstat_other_BJetOS_2016postVFP=0.852887	CMS_NPS26009_MCstat_other_BJetOS_2016preVFP=-1.80143	CMS_NPS26009_MCstat_other_BJetOS_2017=0.434888	CMS_NPS26009_MCstat_other_BJetOS_2018=-0.25026	CMS_NPS26009_MCstat_other_BJetOS_2022=0.154311	CMS_NPS26009_MCstat_other_BJetOS_2022EE=0.368584	CMS_NPS26009_MCstat_other_BJetOS_2023=0.0824478	CMS_NPS26009_MCstat_other_BJetOS_2023BPix=4.37806	CMS_NPS26009_MCstat_signal_BJetOS_2016postVFP=-0.054862	CMS_NPS26009_MCstat_signal_BJetOS_2016preVFP=-0.251686	CMS_NPS26009_MCstat_signal_BJetOS_2017=0.257836	CMS_NPS26009_MCstat_signal_BJetOS_2018=-1.47494	CMS_NPS26009_MCstat_signal_BJetOS_2022=0.00143392	CMS_NPS26009_MCstat_signal_BJetOS_2022EE=0.158403	CMS_NPS26009_MCstat_signal_BJetOS_2023=-0.0567103	CMS_NPS26009_MCstat_signal_BJetOS_2023BPix=-0.146064	CMS_NPS26009_MCstat_singleTop_BJetOS_2016postVFP=0.162598	CMS_NPS26009_MCstat_singleTop_BJetOS_2016preVFP=0.127386	CMS_NPS26009_MCstat_singleTop_BJetOS_2017=0.729606	CMS_NPS26009_MCstat_singleTop_BJetOS_2018=-0.138951	CMS_NPS26009_MCstat_singleTop_BJetOS_2022=0.401116	CMS_NPS26009_MCstat_singleTop_BJetOS_2022EE=3.29303	CMS_NPS26009_MCstat_singleTop_BJetOS_2023=0.080613	CMS_NPS26009_MCstat_singleTop_BJetOS_2023BPix=0.607909	CMS_NPS26009_MCstat_ttbar_BJetOS_2016postVFP=1.87467	CMS_NPS26009_MCstat_ttbar_BJetOS_2016preVFP=1.25775	CMS_NPS26009_MCstat_ttbar_BJetOS_2017=2.80528	CMS_NPS26009_MCstat_ttbar_BJetOS_2018=0.744777	CMS_NPS26009_MCstat_ttbar_BJetOS_2022=0.57612	CMS_NPS26009_MCstat_ttbar_BJetOS_2022EE=2.31039	CMS_NPS26009_MCstat_ttbar_BJetOS_2023=1.12563	CMS_NPS26009_MCstat_ttbar_BJetOS_2023BPix=1.39431	CMS_NPS26009_NFStat_DY_BJetOS_2016postVFP=0.077372	CMS_NPS26009_NFStat_DY_BJetOS_2016preVFP=-0.44037	CMS_NPS26009_NFStat_DY_BJetOS_2017=8.24788	CMS_NPS26009_NFStat_DY_BJetOS_2018=3.23532	CMS_NPS26009_NFStat_DY_BJetOS_2022=0.263667	CMS_NPS26009_NFStat_DY_BJetOS_2022EE=0.037622	CMS_NPS26009_QCDscale_fac_singleTop=-0.135392	CMS_NPS26009_QCDscale_ren_singleTop=-0.374198	CMS_NPS26009_bckgNorm_QCD_BJetOS_2016postVFP=-0.0080123	CMS_NPS26009_bckgNorm_QCD_BJetOS_2016preVFP=-0.000717987	CMS_NPS26009_bckgNorm_QCD_BJetOS_2017=-0.000113283	CMS_NPS26009_bckgNorm_QCD_BJetOS_2018=0.00496791	CMS_NPS26009_bckgNorm_QCD_BJetOS_2022=6.07947e-07	CMS_NPS26009_bckgNorm_QCD_BJetOS_2022EE=6.60652e-05	CMS_NPS26009_bckgNorm_QCD_BJetOS_2023=0.000176927	CMS_NPS26009_bckgNorm_QCD_BJetOS_2023BPix=-4.10782e-05	CMS_NPS26009_bckgShape_QCD_BJetOS_2016postVFP=0.596622	CMS_NPS26009_bckgShape_QCD_BJetOS_2016preVFP=-0.0604606	CMS_NPS26009_bckgShape_QCD_BJetOS_2017=-1.21559	CMS_NPS26009_bckgShape_QCD_BJetOS_2018=-0.965957	CMS_NPS26009_bckgShape_QCD_BJetOS_2022=0.00506737	CMS_NPS26009_bckgShape_QCD_BJetOS_2022EE=0.0648198	CMS_NPS26009_bckgShape_QCD_BJetOS_2023=0.111955	CMS_NPS26009_bckgShape_QCD_BJetOS_2023BPix=0.00617811	CMS_NPS26009_btag_fixedWP_bc_correlated_13TeV=-0.84961	CMS_NPS26009_btag_fixedWP_bc_correlated_13p6TeV=3.59989	CMS_NPS26009_btag_fixedWP_light_correlated_13TeV=0.523361	CMS_NPS26009_btag_fixedWP_light_correlated_13p6TeV=0.451084	CMS_NPS26009_lumi_2016=0.0885996	CMS_NPS26009_lumi_2017=1.3887	CMS_NPS26009_lumi_2018=-1.93332	CMS_NPS26009_lumi_2022=0.579515	CMS_NPS26009_lumi_2023=0.194683	CMS_NPS26009_pdf_NNPDF31=3.89077	CMS_NPS26009_topmass_ttbar_BJetOS=4.57399	CMS_btag_fixedWP_bc_uncorrelated_2016postVFP=0.420152	CMS_btag_fixedWP_bc_uncorrelated_2016preVFP=-0.233526	CMS_btag_fixedWP_bc_uncorrelated_2017=2.1924	CMS_btag_fixedWP_bc_uncorrelated_2018=-1.9281	CMS_btag_fixedWP_bc_uncorrelated_2022=0.161526	CMS_btag_fixedWP_bc_uncorrelated_2022EE=0.635311	CMS_btag_fixedWP_bc_uncorrelated_2023=0.0372574	CMS_btag_fixedWP_bc_uncorrelated_2023BPix=0.35769	CMS_btag_fixedWP_light_uncorrelated_2016postVFP=0.256267	CMS_btag_fixedWP_light_uncorrelated_2016preVFP=0.0393774	CMS_btag_fixedWP_light_uncorrelated_2017=0.23347	CMS_btag_fixedWP_light_uncorrelated_2018=-0.0221074	CMS_btag_fixedWP_light_uncorrelated_2022=0.028597	CMS_btag_fixedWP_light_uncorrelated_2022EE=0.110773	CMS_btag_fixedWP_light_uncorrelated_2023=0.0115839	CMS_btag_fixedWP_light_uncorrelated_2023BPix=-0.0256981	CMS_eff_m_id_2016postVFP=0.0130143	CMS_eff_m_id_2016preVFP=-0.0125878	CMS_eff_m_id_2017=0.0537199	CMS_eff_m_id_2018=-0.0930686	CMS_eff_m_id_2022=0.0382327	CMS_eff_m_id_2022EE=0.0781429	CMS_eff_m_id_2023=0.00324076	CMS_eff_m_id_2023BPix=0.0618526	CMS_eff_m_trigger_2016postVFP=0.0718058	CMS_eff_m_trigger_2016preVFP=-0.0521171	CMS_eff_m_trigger_2017=0.240285	CMS_eff_m_trigger_2018=-0.307725	CMS_eff_m_trigger_2022=0.0575595	CMS_eff_m_trigger_2022EE=0.208967	CMS_eff_m_trigger_2023=0.0346099	CMS_eff_m_trigger_2023BPix=0.0737997	CMS_l1_prefiring_2016postVFP=-0.131169	CMS_l1_prefiring_2016preVFP=0.0960903	CMS_l1_prefiring_2017=-0.559132	CMS_l1_prefiring_2018=0.12812	CMS_pileup_2016postVFP=-0.0883808	CMS_pileup_2016preVFP=-0.163107	CMS_pileup_2017=0.333035	CMS_pileup_2018=0.0561416	CMS_pileup_2022=-0.118125	CMS_pileup_2022EE=0.746444	CMS_pileup_2023=0.105925	CMS_pileup_2023BPix=-0.961073	CMS_res_j_2016postVFP=0.0605374	CMS_res_j_2016preVFP=-0.00179292	CMS_res_j_2017=0.0331461	CMS_res_j_2018=0.0622952	CMS_res_j_2022=8.58396e-05	CMS_res_j_2022EE=9.75783e-05	CMS_res_j_2023=0.00380696	CMS_res_j_2023BPix=0.0107836	CMS_scale_j_2016postVFP=0.0584833	CMS_scale_j_2016preVFP=-0.00392066	CMS_scale_j_2017=0.260506	CMS_scale_j_2018=-0.0779567	CMS_scale_j_2022=0.0136503	CMS_scale_j_2022EE=0.0386012	CMS_scale_j_2023=0.0624178	CMS_scale_j_2023BPix=-0.0912317	CMS_scale_m_2016postVFP=0.125792	CMS_scale_m_2016preVFP=0.0769373	CMS_scale_m_2017=-0.194488	CMS_scale_m_2018=-0.0252562	CMS_scale_m_2022=0.0382532	CMS_scale_m_2022EE=0.24673	CMS_scale_m_2023=0.111639	CMS_scale_m_2023BPix=-0.104159	QCDscale_fac_ttbar=9.52323	QCDscale_ren_ttbar=-5.35805	pdf_alphas=9.38907	r=1.59801
RooFit::Detail::RooFixedProdPdf::model_s[ ]
     getLogVal() top-level p.d.f not greater than zero @ !servers=(modelObs_s = 0)


 --- MultiDimFit ---
best fit parameter values and profile-likelihood uncertainties: 
   r :    +2.230   -1.134/+0.435 (68%)
Doing initial fit: 

 --- MultiDimFit ---
best fit parameter values and profile-likelihood uncertainties: 
   r :    +1.169   -0.577/+0.546 (68%)
Doing initial fit: 

 --- MultiDimFit ---
best fit parameter values and profile-likelihood uncertainties: 
   r :    +0.190   -0.532/+0.610 (68%)
Doing initial fit: 

 --- MultiDimFit ---
best fit parameter values and profile-likelihood uncertainties: 
   r :    +2.107   -1.116/+0.279 (68%)
Doing initial fit: 

 --- MultiDimFit ---
best fit parameter values and profile-likelihood uncertainties: 
   r :    +1.652   -0.626/+0.635 (68%)
Doing initial fit: 

 --- MultiDimFit ---
best fit parameter values and profile-likelihood uncertainties: 
   r :    +1.113   -0.564/+0.590 (68%)
Doing initial fit: 

 --- MultiDimFit ---
best fit parameter values and profile-likelihood uncertainties: 
   r :    +1.235   -0.816/+0.702 (68%)
Doing initial fit: 

 --- MultiDimFit ---
best fit parameter values and profile-likelihood uncertainties: 
   r :    +1.563   -0.616/+0.653 (68%)
Doing initial fit: 

 --- MultiDimFit ---
best fit parameter values and profile-likelihood uncertainties: 
   r :    +0.064   -0.570/+0.739 (68%)
Doing initial fit: 

 --- MultiDimFit ---
best fit parameter values and profile-likelihood uncertainties: 
   r :    +3.174   -0.839/+0.904 (68%)
Doing initial fit: 

 --- MultiDimFit ---
best fit parameter values and profile-likelihood uncertainties: 
   r :    +2.106   -0.589/+0.676 (68%)
Doing initial fit: 

 --- MultiDimFit ---
best fit parameter values and profile-likelihood uncertainties: 
   r :    +1.447   -0.765/+0.850 (68%)
Doing initial fit: 

 --- MultiDimFit ---
best fit parameter values and profile-likelihood uncertainties: 
   r :    +1.174   -1.383/+0.076 (68%)
Doing initial fit: 

 --- MultiDimFit ---
best fit parameter values and profile-likelihood uncertainties: 
   r :    +1.592   -0.624/+0.585 (68%)
Doing initial fit: 

 --- MultiDimFit ---
best fit parameter values and profile-likelihood uncertainties: 
   r :    +1.559   -0.534/+0.569 (68%)
Doing initial fit: 

 --- MultiDimFit ---
best fit parameter values and profile-likelihood uncertainties: 
   r :    +2.079   -0.720/+0.663 (68%)
Doing initial fit: 

 --- MultiDimFit ---
best fit parameter values and profile-likelihood uncertainties: 
   r :    +1.479   -0.618/+0.616 (68%)
Doing initial fit: 

 --- MultiDimFit ---
best fit parameter values and profile-likelihood uncertainties: 
   r :    +2.517   -0.627/+0.624 (68%)
Doing initial fit: 

 --- MultiDimFit ---
best fit parameter values and profile-likelihood uncertainties: 
   r :    +1.896   -0.717/+0.746 (68%)
Doing initial fit: 

 --- MultiDimFit ---
best fit parameter values and profile-likelihood uncertainties: 
   r :    +2.775   -0.624/+0.708 (68%)
Doing initial fit: 

 --- MultiDimFit ---
best fit parameter values and profile-likelihood uncertainties: 
   r :    +1.692   -0.602/+0.706 (68%)
Doing initial fit: 

 --- MultiDimFit ---
best fit parameter values and profile-likelihood uncertainties: 
   r :    +0.949   -0.768/+0.844 (68%)
Doing initial fit: 
RooAbsMinimizerFcn: Minimized function has error status.
Returning maximum FCN so far (0.0810248) to force MIGRAD to back out of this region. Error log follows.
Parameter values: 	CMS_NPS26009_LightJetStat_DY_BJetOS_2016postVFP=75.0325	CMS_NPS26009_LightJetStat_DY_BJetOS_2016preVFP=-9.14048	CMS_NPS26009_LightJetStat_DY_BJetOS_2017=17.2843	CMS_NPS26009_LightJetStat_DY_BJetOS_2018=10.5703	CMS_NPS26009_LightJetStat_DY_BJetOS_2022=0.201102	CMS_NPS26009_LightJetStat_DY_BJetOS_2022EE=2.93508	CMS_NPS26009_MCstat_other_BJetOS_2016postVFP=-1.44979	CMS_NPS26009_MCstat_other_BJetOS_2016preVFP=1.61304	CMS_NPS26009_MCstat_other_BJetOS_2017=0.684493	CMS_NPS26009_MCstat_other_BJetOS_2018=-1.07569	CMS_NPS26009_MCstat_other_BJetOS_2022=0.148796	CMS_NPS26009_MCstat_other_BJetOS_2022EE=1.69766	CMS_NPS26009_MCstat_other_BJetOS_2023=0.650384	CMS_NPS26009_MCstat_other_BJetOS_2023BPix=4.22354	CMS_NPS26009_MCstat_signal_BJetOS_2016postVFP=-0.756272	CMS_NPS26009_MCstat_signal_BJetOS_2016preVFP=-0.857475	CMS_NPS26009_MCstat_signal_BJetOS_2017=-1.49497	CMS_NPS26009_MCstat_signal_BJetOS_2018=-2.6371	CMS_NPS26009_MCstat_signal_BJetOS_2022=-0.0441002	CMS_NPS26009_MCstat_signal_BJetOS_2022EE=-0.0324944	CMS_NPS26009_MCstat_signal_BJetOS_2023=-0.406679	CMS_NPS26009_MCstat_signal_BJetOS_2023BPix=-0.277581	CMS_NPS26009_MCstat_singleTop_BJetOS_2016postVFP=-0.126361	CMS_NPS26009_MCstat_singleTop_BJetOS_2016preVFP=1.27151	CMS_NPS26009_MCstat_singleTop_BJetOS_2017=1.98405	CMS_NPS26009_MCstat_singleTop_BJetOS_2018=-0.418439	CMS_NPS26009_MCstat_singleTop_BJetOS_2022=0.652162	CMS_NPS26009_MCstat_singleTop_BJetOS_2022EE=7.64948	CMS_NPS26009_MCstat_singleTop_BJetOS_2023=1.0316	CMS_NPS26009_MCstat_singleTop_BJetOS_2023BPix=0.965787	CMS_NPS26009_MCstat_ttbar_BJetOS_2016postVFP=-0.0819262	CMS_NPS26009_MCstat_ttbar_BJetOS_2016preVFP=4.37333	CMS_NPS26009_MCstat_ttbar_BJetOS_2017=6.77868	CMS_NPS26009_MCstat_ttbar_BJetOS_2018=-1.27248	CMS_NPS26009_MCstat_ttbar_BJetOS_2022=0.742909	CMS_NPS26009_MCstat_ttbar_BJetOS_2022EE=8.65819	CMS_NPS26009_MCstat_ttbar_BJetOS_2023=6.57873	CMS_NPS26009_MCstat_ttbar_BJetOS_2023BPix=5.83425	CMS_NPS26009_NFStat_DY_BJetOS_2016postVFP=-1.54515	CMS_NPS26009_NFStat_DY_BJetOS_2016preVFP=3.30328	CMS_NPS26009_NFStat_DY_BJetOS_2017=0.793723	CMS_NPS26009_NFStat_DY_BJetOS_2018=3.82644	CMS_NPS26009_NFStat_DY_BJetOS_2022=0.197168	CMS_NPS26009_NFStat_DY_BJetOS_2022EE=0.201941	CMS_NPS26009_QCDscale_fac_singleTop=-0.748056	CMS_NPS26009_QCDscale_ren_singleTop=-2.04314	CMS_NPS26009_bckgNorm_QCD_BJetOS_2016postVFP=0.0127283	CMS_NPS26009_bckgNorm_QCD_BJetOS_2016preVFP=0.00125167	CMS_NPS26009_bckgNorm_QCD_BJetOS_2017=0.00668687	CMS_NPS26009_bckgNorm_QCD_BJetOS_2018=0.0158147	CMS_NPS26009_bckgNorm_QCD_BJetOS_2022=-8.34679e-07	CMS_NPS26009_bckgNorm_QCD_BJetOS_2022EE=1.42967e-05	CMS_NPS26009_bckgNorm_QCD_BJetOS_2023=0.000723522	CMS_NPS26009_bckgNorm_QCD_BJetOS_2023BPix=7.09604e-06	CMS_NPS26009_bckgShape_QCD_BJetOS_2016postVFP=-0.943673	CMS_NPS26009_bckgShape_QCD_BJetOS_2016preVFP=0.279905	CMS_NPS26009_bckgShape_QCD_BJetOS_2017=1.05368	CMS_NPS26009_bckgShape_QCD_BJetOS_2018=1.70231	CMS_NPS26009_bckgShape_QCD_BJetOS_2022=0.00313016	CMS_NPS26009_bckgShape_QCD_BJetOS_2022EE=0.0431424	CMS_NPS26009_bckgShape_QCD_BJetOS_2023=0.150308	CMS_NPS26009_bckgShape_QCD_BJetOS_2023BPix=0.00119523	CMS_NPS26009_btag_fixedWP_bc_correlated_13TeV=-7.73773	CMS_NPS26009_btag_fixedWP_bc_correlated_13p6TeV=11.4982	CMS_NPS26009_btag_fixedWP_light_correlated_13TeV=0.782108	CMS_NPS26009_btag_fixedWP_light_correlated_13p6TeV=1.88277	CMS_NPS26009_lumi_2016=-0.40826	CMS_NPS26009_lumi_2017=0.59808	CMS_NPS26009_lumi_2018=-4.60312	CMS_NPS26009_lumi_2022=1.52334	CMS_NPS26009_lumi_2023=1.00508	CMS_NPS26009_pdf_NNPDF31=8.68108	CMS_NPS26009_topmass_ttbar_BJetOS=8.10649	CMS_btag_fixedWP_bc_uncorrelated_2016postVFP=-1.31574	CMS_btag_fixedWP_bc_uncorrelated_2016preVFP=0.374201	CMS_btag_fixedWP_bc_uncorrelated_2017=0.411681	CMS_btag_fixedWP_bc_uncorrelated_2018=-4.84787	CMS_btag_fixedWP_bc_uncorrelated_2022=0.113699	CMS_btag_fixedWP_bc_uncorrelated_2022EE=2.27153	CMS_btag_fixedWP_bc_uncorrelated_2023=1.93842	CMS_btag_fixedWP_bc_uncorrelated_2023BPix=1.32224	CMS_btag_fixedWP_light_uncorrelated_2016postVFP=0.0203112	CMS_btag_fixedWP_light_uncorrelated_2016preVFP=0.2464	CMS_btag_fixedWP_light_uncorrelated_2017=0.578053	CMS_btag_fixedWP_light_uncorrelated_2018=-0.218448	CMS_btag_fixedWP_light_uncorrelated_2022=0.0341508	CMS_btag_fixedWP_light_uncorrelated_2022EE=0.403831	CMS_btag_fixedWP_light_uncorrelated_2023=0.0857158	CMS_btag_fixedWP_light_uncorrelated_2023BPix=0.166672	CMS_eff_m_id_2016postVFP=-0.0438668	CMS_eff_m_id_2016preVFP=-0.00999193	CMS_eff_m_id_2017=0.00939001	CMS_eff_m_id_2018=-0.218187	CMS_eff_m_id_2022=0.0333019	CMS_eff_m_id_2022EE=0.253389	CMS_eff_m_id_2023=0.240197	CMS_eff_m_id_2023BPix=0.23795	CMS_eff_m_trigger_2016postVFP=-0.23197	CMS_eff_m_trigger_2016preVFP=-0.0387012	CMS_eff_m_trigger_2017=0.0386598	CMS_eff_m_trigger_2018=-0.729372	CMS_eff_m_trigger_2022=0.052047	CMS_eff_m_trigger_2022EE=0.735009	CMS_eff_m_trigger_2023=0.564299	CMS_eff_m_trigger_2023BPix=0.326098	CMS_l1_prefiring_2016postVFP=0.564108	CMS_l1_prefiring_2016preVFP=0.114449	CMS_l1_prefiring_2017=0.0855916	CMS_l1_prefiring_2018=0.314192	CMS_pileup_2016postVFP=0.234473	CMS_pileup_2016preVFP=-1.0823	CMS_pileup_2017=1.52478	CMS_pileup_2018=-0.362299	CMS_pileup_2022=-0.101924	CMS_pileup_2022EE=4.59998	CMS_pileup_2023=0.90248	CMS_pileup_2023BPix=-3.26308	CMS_res_j_2016postVFP=-0.00571063	CMS_res_j_2016preVFP=-0.00661971	CMS_res_j_2017=0.132738	CMS_res_j_2018=0.0597334	CMS_res_j_2022=0.000206042	CMS_res_j_2022EE=-0.0012122	CMS_res_j_2023=-0.00285848	CMS_res_j_2023BPix=-0.0167788	CMS_scale_j_2016postVFP=-0.00628162	CMS_scale_j_2016preVFP=-0.0163742	CMS_scale_j_2017=0.607357	CMS_scale_j_2018=-0.296292	CMS_scale_j_2022=0.0164277	CMS_scale_j_2022EE=0.128238	CMS_scale_j_2023=0.539819	CMS_scale_j_2023BPix=0.467272	CMS_scale_m_2016postVFP=-0.0382825	CMS_scale_m_2016preVFP=0.217818	CMS_scale_m_2017=-0.15385	CMS_scale_m_2018=-0.0878408	CMS_scale_m_2022=0.0471441	CMS_scale_m_2022EE=0.707697	CMS_scale_m_2023=0.97317	CMS_scale_m_2023BPix=0.762894	QCDscale_fac_ttbar=15.7831	QCDscale_ren_ttbar=12.7509	pdf_alphas=10.6958	r=-0.112906
RooFit::Detail::RooFixedProdPdf::model_s[ ]
     getLogVal() top-level p.d.f not greater than zero @ !servers=(modelObs_s = 0)

RooAbsMinimizerFcn: Minimized function has error status.
Returning maximum FCN so far (0.0810248) to force MIGRAD to back out of this region. Error log follows.
Parameter values: 	CMS_NPS26009_LightJetStat_DY_BJetOS_2016postVFP=35.9616	CMS_NPS26009_LightJetStat_DY_BJetOS_2016preVFP=-4.25628	CMS_NPS26009_LightJetStat_DY_BJetOS_2017=7.92519	CMS_NPS26009_LightJetStat_DY_BJetOS_2018=5.43661	CMS_NPS26009_LightJetStat_DY_BJetOS_2022=0.0969909	CMS_NPS26009_LightJetStat_DY_BJetOS_2022EE=1.40024	CMS_NPS26009_MCstat_other_BJetOS_2016postVFP=-0.671282	CMS_NPS26009_MCstat_other_BJetOS_2016preVFP=0.818669	CMS_NPS26009_MCstat_other_BJetOS_2017=0.313162	CMS_NPS26009_MCstat_other_BJetOS_2018=-0.488751	CMS_NPS26009_MCstat_other_BJetOS_2022=0.071543	CMS_NPS26009_MCstat_other_BJetOS_2022EE=0.809214	CMS_NPS26009_MCstat_other_BJetOS_2023=0.315609	CMS_NPS26009_MCstat_other_BJetOS_2023BPix=2.1046	CMS_NPS26009_MCstat_signal_BJetOS_2016postVFP=-0.357267	CMS_NPS26009_MCstat_signal_BJetOS_2016preVFP=-0.405208	CMS_NPS26009_MCstat_signal_BJetOS_2017=-0.704069	CMS_NPS26009_MCstat_signal_BJetOS_2018=-1.2461	CMS_NPS26009_MCstat_signal_BJetOS_2022=-0.0208412	CMS_NPS26009_MCstat_signal_BJetOS_2022EE=-0.0156264	CMS_NPS26009_MCstat_signal_BJetOS_2023=-0.192742	CMS_NPS26009_MCstat_signal_BJetOS_2023BPix=-0.132198	CMS_NPS26009_MCstat_singleTop_BJetOS_2016postVFP=-0.05572	CMS_NPS26009_MCstat_singleTop_BJetOS_2016preVFP=0.615322	CMS_NPS26009_MCstat_singleTop_BJetOS_2017=0.900736	CMS_NPS26009_MCstat_singleTop_BJetOS_2018=-0.178317	CMS_NPS26009_MCstat_singleTop_BJetOS_2022=0.31204	CMS_NPS26009_MCstat_singleTop_BJetOS_2022EE=3.65691	CMS_NPS26009_MCstat_singleTop_BJetOS_2023=0.499405	CMS_NPS26009_MCstat_singleTop_BJetOS_2023BPix=0.483875	CMS_NPS26009_MCstat_ttbar_BJetOS_2016postVFP=-0.0112021	CMS_NPS26009_MCstat_ttbar_BJetOS_2016preVFP=2.10948	CMS_NPS26009_MCstat_ttbar_BJetOS_2017=3.08076	CMS_NPS26009_MCstat_ttbar_BJetOS_2018=-0.533887	CMS_NPS26009_MCstat_ttbar_BJetOS_2022=0.356016	CMS_NPS26009_MCstat_ttbar_BJetOS_2022EE=4.13275	CMS_NPS26009_MCstat_ttbar_BJetOS_2023=3.20889	CMS_NPS26009_MCstat_ttbar_BJetOS_2023BPix=2.96425	CMS_NPS26009_NFStat_DY_BJetOS_2016postVFP=-0.703192	CMS_NPS26009_NFStat_DY_BJetOS_2016preVFP=1.60848	CMS_NPS26009_NFStat_DY_BJetOS_2017=0.364567	CMS_NPS26009_NFStat_DY_BJetOS_2018=1.96736	CMS_NPS26009_NFStat_DY_BJetOS_2022=0.0950871	CMS_NPS26009_NFStat_DY_BJetOS_2022EE=0.0960218	CMS_NPS26009_QCDscale_fac_singleTop=-0.354992	CMS_NPS26009_QCDscale_ren_singleTop=-0.976292	CMS_NPS26009_bckgNorm_QCD_BJetOS_2016postVFP=0.00602308	CMS_NPS26009_bckgNorm_QCD_BJetOS_2016preVFP=0.000591871	CMS_NPS26009_bckgNorm_QCD_BJetOS_2017=0.00332535	CMS_NPS26009_bckgNorm_QCD_BJetOS_2018=0.0075174	CMS_NPS26009_bckgNorm_QCD_BJetOS_2022=-3.92738e-07	CMS_NPS26009_bckgNorm_QCD_BJetOS_2022EE=6.72712e-06	CMS_NPS26009_bckgNorm_QCD_BJetOS_2023=0.000344066	CMS_NPS26009_bckgNorm_QCD_BJetOS_2023BPix=3.47679e-06	CMS_NPS26009_bckgShape_QCD_BJetOS_2016postVFP=-0.607295	CMS_NPS26009_bckgShape_QCD_BJetOS_2016preVFP=0.217108	CMS_NPS26009_bckgShape_QCD_BJetOS_2017=-1.07278	CMS_NPS26009_bckgShape_QCD_BJetOS_2018=-1.29127	CMS_NPS26009_bckgShape_QCD_BJetOS_2022=0.00149934	CMS_NPS26009_bckgShape_QCD_BJetOS_2022EE=0.0220114	CMS_NPS26009_bckgShape_QCD_BJetOS_2023=0.137272	CMS_NPS26009_bckgShape_QCD_BJetOS_2023BPix=0.000575538	CMS_NPS26009_btag_fixedWP_bc_correlated_13TeV=-3.65283	CMS_NPS26009_btag_fixedWP_bc_correlated_13p6TeV=5.55484	CMS_NPS26009_btag_fixedWP_light_correlated_13TeV=0.380469	CMS_NPS26009_btag_fixedWP_light_correlated_13p6TeV=0.910678	CMS_NPS26009_lumi_2016=-0.183508	CMS_NPS26009_lumi_2017=0.238349	CMS_NPS26009_lumi_2018=-2.13886	CMS_NPS26009_lumi_2022=0.726791	CMS_NPS26009_lumi_2023=0.505904	CMS_NPS26009_pdf_NNPDF31=4.17166	CMS_NPS26009_topmass_ttbar_BJetOS=3.89793	CMS_btag_fixedWP_bc_uncorrelated_2016postVFP=-0.611571	CMS_btag_fixedWP_bc_uncorrelated_2016preVFP=0.192841	CMS_btag_fixedWP_bc_uncorrelated_2017=0.126913	CMS_btag_fixedWP_bc_uncorrelated_2018=-2.25153	CMS_btag_fixedWP_bc_uncorrelated_2022=0.055002	CMS_btag_fixedWP_bc_uncorrelated_2022EE=1.08317	CMS_btag_fixedWP_bc_uncorrelated_2023=0.946548	CMS_btag_fixedWP_bc_uncorrelated_2023BPix=0.683178	CMS_btag_fixedWP_light_uncorrelated_2016postVFP=0.0145092	CMS_btag_fixedWP_light_uncorrelated_2016preVFP=0.118721	CMS_btag_fixedWP_light_uncorrelated_2017=0.262444	CMS_btag_fixedWP_light_uncorrelated_2018=-0.0949092	CMS_btag_fixedWP_light_uncorrelated_2022=0.0163717	CMS_btag_fixedWP_light_uncorrelated_2022EE=0.192645	CMS_btag_fixedWP_light_uncorrelated_2023=0.0417421	CMS_btag_fixedWP_light_uncorrelated_2023BPix=0.0852543	CMS_eff_m_id_2016postVFP=-0.0204019	CMS_eff_m_id_2016preVFP=-0.00408534	CMS_eff_m_id_2017=0.0027924	CMS_eff_m_id_2018=-0.101705	CMS_eff_m_id_2022=0.0160438	CMS_eff_m_id_2022EE=0.120824	CMS_eff_m_id_2023=0.117664	CMS_eff_m_id_2023BPix=0.122804	CMS_eff_m_trigger_2016postVFP=-0.107829	CMS_eff_m_trigger_2016preVFP=-0.0155566	CMS_eff_m_trigger_2017=0.0109452	CMS_eff_m_trigger_2018=-0.339619	CMS_eff_m_trigger_2022=0.025053	CMS_eff_m_trigger_2022EE=0.350539	CMS_eff_m_trigger_2023=0.275254	CMS_eff_m_trigger_2023BPix=0.16817	CMS_l1_prefiring_2016postVFP=0.263233	CMS_l1_prefiring_2016preVFP=0.0499786	CMS_l1_prefiring_2017=0.0563607	CMS_l1_prefiring_2018=0.145914	CMS_pileup_2016postVFP=0.110173	CMS_pileup_2016preVFP=-0.520441	CMS_pileup_2017=0.702158	CMS_pileup_2018=-0.147252	CMS_pileup_2022=-0.0490192	CMS_pileup_2022EE=2.18899	CMS_pileup_2023=0.440072	CMS_pileup_2023BPix=-1.65117	CMS_res_j_2016postVFP=-0.00184818	CMS_res_j_2016preVFP=-0.00312679	CMS_res_j_2017=0.0609046	CMS_res_j_2018=0.0313433	CMS_res_j_2022=9.69335e-05	CMS_res_j_2022EE=-0.000574295	CMS_res_j_2023=-0.0013512	CMS_res_j_2023BPix=-0.00795071	CMS_scale_j_2016postVFP=-0.00213484	CMS_scale_j_2016preVFP=-0.00779969	CMS_scale_j_2017=0.273446	CMS_scale_j_2018=-0.136331	CMS_scale_j_2022=0.00787501	CMS_scale_j_2022EE=0.0611827	CMS_scale_j_2023=0.261258	CMS_scale_j_2023BPix=0.252627	CMS_scale_m_2016postVFP=-0.017028	CMS_scale_m_2016preVFP=0.106181	CMS_scale_m_2017=-0.0730143	CMS_scale_m_2018=-0.0396671	CMS_scale_m_2022=0.0226077	CMS_scale_m_2022EE=0.337313	CMS_scale_m_2023=0.47321	CMS_scale_m_2023BPix=0.388869	QCDscale_fac_ttbar=7.29355	QCDscale_ren_ttbar=5.72187	pdf_alphas=5.11385	r=-0.112906
RooFit::Detail::RooFixedProdPdf::model_s[ ]
     getLogVal() top-level p.d.f not greater than zero @ !servers=(modelObs_s = 0)

RooAbsMinimizerFcn: Minimized function has error status.
Returning maximum FCN so far (0.0810248) to force MIGRAD to back out of this region. Error log follows.
Parameter values: 	CMS_NPS26009_LightJetStat_DY_BJetOS_2016postVFP=16.498	CMS_NPS26009_LightJetStat_DY_BJetOS_2016preVFP=-1.82315	CMS_NPS26009_LightJetStat_DY_BJetOS_2017=3.26286	CMS_NPS26009_LightJetStat_DY_BJetOS_2018=2.87921	CMS_NPS26009_LightJetStat_DY_BJetOS_2022=0.0451265	CMS_NPS26009_LightJetStat_DY_BJetOS_2022EE=0.635648	CMS_NPS26009_MCstat_other_BJetOS_2016postVFP=-0.283457	CMS_NPS26009_MCstat_other_BJetOS_2016preVFP=0.422944	CMS_NPS26009_MCstat_other_BJetOS_2017=0.128179	CMS_NPS26009_MCstat_other_BJetOS_2018=-0.196362	CMS_NPS26009_MCstat_other_BJetOS_2022=0.0330585	CMS_NPS26009_MCstat_other_BJetOS_2022EE=0.366623	CMS_NPS26009_MCstat_other_BJetOS_2023=0.148837	CMS_NPS26009_MCstat_other_BJetOS_2023BPix=1.04902	CMS_NPS26009_MCstat_signal_BJetOS_2016postVFP=-0.158498	CMS_NPS26009_MCstat_signal_BJetOS_2016preVFP=-0.179905	CMS_NPS26009_MCstat_signal_BJetOS_2017=-0.310071	CMS_NPS26009_MCstat_signal_BJetOS_2018=-0.553155	CMS_NPS26009_MCstat_signal_BJetOS_2022=-0.0092545	CMS_NPS26009_MCstat_signal_BJetOS_2022EE=-0.00722343	CMS_NPS26009_MCstat_signal_BJetOS_2023=-0.0861662	CMS_NPS26009_MCstat_signal_BJetOS_2023BPix=-0.0597734	CMS_NPS26009_MCstat_singleTop_BJetOS_2016postVFP=-0.0205294	CMS_NPS26009_MCstat_singleTop_BJetOS_2016preVFP=0.288434	CMS_NPS26009_MCstat_singleTop_BJetOS_2017=0.361072	CMS_NPS26009_MCstat_singleTop_BJetOS_2018=-0.0586969	CMS_NPS26009_MCstat_singleTop_BJetOS_2022=0.142605	CMS_NPS26009_MCstat_singleTop_BJetOS_2022EE=1.66796	CMS_NPS26009_MCstat_singleTop_BJetOS_2023=0.234287	CMS_NPS26009_MCstat_singleTop_BJetOS_2023BPix=0.243805	CMS_NPS26009_MCstat_ttbar_BJetOS_2016postVFP=0.0240299	CMS_NPS26009_MCstat_ttbar_BJetOS_2016preVFP=0.981708	CMS_NPS26009_MCstat_ttbar_BJetOS_2017=1.23861	CMS_NPS26009_MCstat_ttbar_BJetOS_2018=-0.16595	CMS_NPS26009_MCstat_ttbar_BJetOS_2022=0.163281	CMS_NPS26009_MCstat_ttbar_BJetOS_2022EE=1.87835	CMS_NPS26009_MCstat_ttbar_BJetOS_2023=1.53016	CMS_NPS26009_MCstat_ttbar_BJetOS_2023BPix=1.53452	CMS_NPS26009_NFStat_DY_BJetOS_2016postVFP=-0.28376	CMS_NPS26009_NFStat_DY_BJetOS_2016preVFP=0.764199	CMS_NPS26009_NFStat_DY_BJetOS_2017=0.150778	CMS_NPS26009_NFStat_DY_BJetOS_2018=1.04124	CMS_NPS26009_NFStat_DY_BJetOS_2022=0.0442343	CMS_NPS26009_NFStat_DY_BJetOS_2022EE=0.0432569	CMS_NPS26009_QCDscale_fac_singleTop=-0.159183	CMS_NPS26009_QCDscale_ren_singleTop=-0.444828	CMS_NPS26009_bckgNorm_QCD_BJetOS_2016postVFP=0.00268282	CMS_NPS26009_bckgNorm_QCD_BJetOS_2016preVFP=0.000263185	CMS_NPS26009_bckgNorm_QCD_BJetOS_2017=0.00165077	CMS_NPS26009_bckgNorm_QCD_BJetOS_2018=0.00338399	CMS_NPS26009_bckgNorm_QCD_BJetOS_2022=-1.7258e-07	CMS_NPS26009_bckgNorm_QCD_BJetOS_2022EE=2.95622e-06	CMS_NPS26009_bckgNorm_QCD_BJetOS_2023=0.000155035	CMS_NPS26009_bckgNorm_QCD_BJetOS_2023BPix=1.67381e-06	CMS_NPS26009_bckgShape_QCD_BJetOS_2016postVFP=-0.292762	CMS_NPS26009_bckgShape_QCD_BJetOS_2016preVFP=0.109864	CMS_NPS26009_bckgShape_QCD_BJetOS_2017=1.29681	CMS_NPS26009_bckgShape_QCD_BJetOS_2018=-1.468	CMS_NPS26009_bckgShape_QCD_BJetOS_2022=0.000686196	CMS_NPS26009_bckgShape_QCD_BJetOS_2022EE=0.0102072	CMS_NPS26009_bckgShape_QCD_BJetOS_2023=0.0714883	CMS_NPS26009_bckgShape_QCD_BJetOS_2023BPix=0.000265616	CMS_NPS26009_btag_fixedWP_bc_correlated_13TeV=-1.61789	CMS_NPS26009_btag_fixedWP_bc_correlated_13p6TeV=2.59412	CMS_NPS26009_btag_fixedWP_light_correlated_13TeV=0.180388	CMS_NPS26009_btag_fixedWP_light_correlated_13p6TeV=0.42642	CMS_NPS26009_lumi_2016=-0.0715445	CMS_NPS26009_lumi_2017=0.0591454	CMS_NPS26009_lumi_2018=-0.911262	CMS_NPS26009_lumi_2022=0.329979	CMS_NPS26009_lumi_2023=0.257234	CMS_NPS26009_pdf_NNPDF31=1.92524	CMS_NPS26009_topmass_ttbar_BJetOS=1.80138	CMS_btag_fixedWP_bc_uncorrelated_2016postVFP=-0.260781	CMS_btag_fixedWP_bc_uncorrelated_2016preVFP=0.102495	CMS_btag_fixedWP_bc_uncorrelated_2017=-0.0149471	CMS_btag_fixedWP_bc_uncorrelated_2018=-0.958129	CMS_btag_fixedWP_bc_uncorrelated_2022=0.0257614	CMS_btag_fixedWP_bc_uncorrelated_2022EE=0.49117	CMS_btag_fixedWP_bc_uncorrelated_2023=0.452436	CMS_btag_fixedWP_bc_uncorrelated_2023BPix=0.364822	CMS_btag_fixedWP_light_uncorrelated_2016postVFP=0.0116188	CMS_btag_fixedWP_light_uncorrelated_2016preVFP=0.0551169	CMS_btag_fixedWP_light_uncorrelated_2017=0.105219	CMS_btag_fixedWP_light_uncorrelated_2018=-0.0333667	CMS_btag_fixedWP_light_uncorrelated_2022=0.00751487	CMS_btag_fixedWP_light_uncorrelated_2022EE=0.0874403	CMS_btag_fixedWP_light_uncorrelated_2023=0.0198362	CMS_btag_fixedWP_light_uncorrelated_2023BPix=0.044695	CMS_eff_m_id_2016postVFP=-0.00871264	CMS_eff_m_id_2016preVFP=-0.0011429	CMS_eff_m_id_2017=-0.000494278	CMS_eff_m_id_2018=-0.0436776	CMS_eff_m_id_2022=0.00744647	CMS_eff_m_id_2022EE=0.0547853	CMS_eff_m_id_2023=0.0566223	CMS_eff_m_id_2023BPix=0.0654431	CMS_eff_m_trigger_2016postVFP=-0.0459863	CMS_eff_m_trigger_2016preVFP=-0.00402694	CMS_eff_m_trigger_2017=-0.00286123	CMS_eff_m_trigger_2018=-0.145459	CMS_eff_m_trigger_2022=0.0116056	CMS_eff_m_trigger_2022EE=0.159011	CMS_eff_m_trigger_2023=0.131263	CMS_eff_m_trigger_2023BPix=0.0894956	CMS_l1_prefiring_2016postVFP=0.113348	CMS_l1_prefiring_2016preVFP=0.0178617	CMS_l1_prefiring_2017=0.041799	CMS_l1_prefiring_2018=0.0620847	CMS_pileup_2016postVFP=0.0482517	CMS_pileup_2016preVFP=-0.240543	CMS_pileup_2017=0.29236	CMS_pileup_2018=-0.0401236	CMS_pileup_2022=-0.022664	CMS_pileup_2022EE=0.98792	CMS_pileup_2023=0.209717	CMS_pileup_2023BPix=-0.848182	CMS_res_j_2016postVFP=7.59418e-05	CMS_res_j_2016preVFP=-0.00138675	CMS_res_j_2017=0.0251197	CMS_res_j_2018=0.0172005	CMS_res_j_2022=4.25798e-05	CMS_res_j_2022EE=-0.000256514	CMS_res_j_2023=-0.000600336	CMS_res_j_2023BPix=-0.00355291	CMS_scale_j_2016postVFP=-6.90766e-05	CMS_scale_j_2016preVFP=-0.00352821	CMS_scale_j_2017=0.107105	CMS_scale_j_2018=-0.0566443	CMS_scale_j_2022=0.00361439	CMS_scale_j_2022EE=0.0277784	CMS_scale_j_2023=0.12249	CMS_scale_j_2023BPix=0.1457	CMS_scale_m_2016postVFP=-0.00643979	CMS_scale_m_2016preVFP=0.0505681	CMS_scale_m_2017=-0.0327451	CMS_scale_m_2018=-0.0156688	CMS_scale_m_2022=0.0103846	CMS_scale_m_2022EE=0.152802	CMS_scale_m_2023=0.224149	CMS_scale_m_2023BPix=0.202544	QCDscale_fac_ttbar=3.06436	QCDscale_ren_ttbar=2.22028	pdf_alphas=2.33313	r=-0.112906
RooFit::Detail::RooFixedProdPdf::model_s[ ]
     getLogVal() top-level p.d.f not greater than zero @ !servers=(modelObs_s = 0)

RooAbsMinimizerFcn: Minimized function has error status.
Returning maximum FCN so far (347.921) to force MIGRAD to back out of this region. Error log follows.
Parameter values: 	CMS_NPS26009_LightJetStat_DY_BJetOS_2016postVFP=-1.52556	CMS_NPS26009_LightJetStat_DY_BJetOS_2016preVFP=-7.7267	CMS_NPS26009_LightJetStat_DY_BJetOS_2017=14.2881	CMS_NPS26009_LightJetStat_DY_BJetOS_2018=8.44923	CMS_NPS26009_LightJetStat_DY_BJetOS_2022=0.16282	CMS_NPS26009_LightJetStat_DY_BJetOS_2022EE=2.84958	CMS_NPS26009_MCstat_other_BJetOS_2016postVFP=-1.92697	CMS_NPS26009_MCstat_other_BJetOS_2016preVFP=1.54471	CMS_NPS26009_MCstat_other_BJetOS_2017=0.616696	CMS_NPS26009_MCstat_other_BJetOS_2018=-0.994912	CMS_NPS26009_MCstat_other_BJetOS_2022=0.12444	CMS_NPS26009_MCstat_other_BJetOS_2022EE=1.64369	CMS_NPS26009_MCstat_other_BJetOS_2023=0.636884	CMS_NPS26009_MCstat_other_BJetOS_2023BPix=4.03602	CMS_NPS26009_MCstat_signal_BJetOS_2016postVFP=-0.735975	CMS_NPS26009_MCstat_signal_BJetOS_2016preVFP=-0.846353	CMS_NPS26009_MCstat_signal_BJetOS_2017=-1.47255	CMS_NPS26009_MCstat_signal_BJetOS_2018=-2.60583	CMS_NPS26009_MCstat_signal_BJetOS_2022=-0.0430515	CMS_NPS26009_MCstat_signal_BJetOS_2022EE=-0.0308679	CMS_NPS26009_MCstat_signal_BJetOS_2023=-0.400515	CMS_NPS26009_MCstat_signal_BJetOS_2023BPix=-0.27337	CMS_NPS26009_MCstat_singleTop_BJetOS_2016postVFP=-0.276777	CMS_NPS26009_MCstat_singleTop_BJetOS_2016preVFP=1.27892	CMS_NPS26009_MCstat_singleTop_BJetOS_2017=1.92511	CMS_NPS26009_MCstat_singleTop_BJetOS_2018=-0.342237	CMS_NPS26009_MCstat_singleTop_BJetOS_2022=0.572895	CMS_NPS26009_MCstat_singleTop_BJetOS_2022EE=7.27502	CMS_NPS26009_MCstat_singleTop_BJetOS_2023=1.0216	CMS_NPS26009_MCstat_singleTop_BJetOS_2023BPix=0.943914	CMS_NPS26009_MCstat_ttbar_BJetOS_2016postVFP=-1.14946	CMS_NPS26009_MCstat_ttbar_BJetOS_2016preVFP=4.37522	CMS_NPS26009_MCstat_ttbar_BJetOS_2017=6.66207	CMS_NPS26009_MCstat_ttbar_BJetOS_2018=-1.03522	CMS_NPS26009_MCstat_ttbar_BJetOS_2022=0.640893	CMS_NPS26009_MCstat_ttbar_BJetOS_2022EE=8.3774	CMS_NPS26009_MCstat_ttbar_BJetOS_2023=6.41183	CMS_NPS26009_MCstat_ttbar_BJetOS_2023BPix=5.76455	CMS_NPS26009_NFStat_DY_BJetOS_2016postVFP=-2.38256	CMS_NPS26009_NFStat_DY_BJetOS_2016preVFP=3.30091	CMS_NPS26009_NFStat_DY_BJetOS_2017=0.643566	CMS_NPS26009_NFStat_DY_BJetOS_2018=4.26961	CMS_NPS26009_NFStat_DY_BJetOS_2022=0.159728	CMS_NPS26009_NFStat_DY_BJetOS_2022EE=0.199621	CMS_NPS26009_QCDscale_fac_singleTop=-0.719781	CMS_NPS26009_QCDscale_ren_singleTop=-1.99631	CMS_NPS26009_bckgNorm_QCD_BJetOS_2016postVFP=0.0116836	CMS_NPS26009_bckgNorm_QCD_BJetOS_2016preVFP=0.00146333	CMS_NPS26009_bckgNorm_QCD_BJetOS_2017=-0.000136808	CMS_NPS26009_bckgNorm_QCD_BJetOS_2018=0.0142968	CMS_NPS26009_bckgNorm_QCD_BJetOS_2022=-4.04725e-07	CMS_NPS26009_bckgNorm_QCD_BJetOS_2022EE=2.72104e-05	CMS_NPS26009_bckgNorm_QCD_BJetOS_2023=0.00110246	CMS_NPS26009_bckgNorm_QCD_BJetOS_2023BPix=1.18748e-05	CMS_NPS26009_bckgShape_QCD_BJetOS_2016postVFP=-0.949347	CMS_NPS26009_bckgShape_QCD_BJetOS_2016preVFP=-0.0256965	CMS_NPS26009_bckgShape_QCD_BJetOS_2017=-0.889276	CMS_NPS26009_bckgShape_QCD_BJetOS_2018=0.231846	CMS_NPS26009_bckgShape_QCD_BJetOS_2022=-0.000512947	CMS_NPS26009_bckgShape_QCD_BJetOS_2022EE=-0.00373116	CMS_NPS26009_bckgShape_QCD_BJetOS_2023=-0.0240972	CMS_NPS26009_bckgShape_QCD_BJetOS_2023BPix=-8.28566e-05	CMS_NPS26009_btag_fixedWP_bc_correlated_13TeV=-7.78153	CMS_NPS26009_btag_fixedWP_bc_correlated_13p6TeV=11.2098	CMS_NPS26009_btag_fixedWP_light_correlated_13TeV=0.68933	CMS_NPS26009_btag_fixedWP_light_correlated_13p6TeV=1.829	CMS_NPS26009_lumi_2016=-0.534995	CMS_NPS26009_lumi_2017=0.568801	CMS_NPS26009_lumi_2018=-4.42228	CMS_NPS26009_lumi_2022=1.46826	CMS_NPS26009_lumi_2023=0.983215	CMS_NPS26009_pdf_NNPDF31=8.35839	CMS_NPS26009_topmass_ttbar_BJetOS=7.85158	CMS_btag_fixedWP_bc_uncorrelated_2016postVFP=-1.66871	CMS_btag_fixedWP_bc_uncorrelated_2016preVFP=0.397731	CMS_btag_fixedWP_bc_uncorrelated_2017=0.374354	CMS_btag_fixedWP_bc_uncorrelated_2018=-4.65054	CMS_btag_fixedWP_bc_uncorrelated_2022=0.0893291	CMS_btag_fixedWP_bc_uncorrelated_2022EE=2.2031	CMS_btag_fixedWP_bc_uncorrelated_2023=1.89948	CMS_btag_fixedWP_bc_uncorrelated_2023BPix=1.29268	CMS_btag_fixedWP_light_uncorrelated_2016postVFP=-0.171913	CMS_btag_fixedWP_light_uncorrelated_2016preVFP=0.246955	CMS_btag_fixedWP_light_uncorrelated_2017=0.564349	CMS_btag_fixedWP_light_uncorrelated_2018=-0.187476	CMS_btag_fixedWP_light_uncorrelated_2022=0.0293631	CMS_btag_fixedWP_light_uncorrelated_2022EE=0.390835	CMS_btag_fixedWP_light_uncorrelated_2023=0.0840123	CMS_btag_fixedWP_light_uncorrelated_2023BPix=0.162932	CMS_eff_m_id_2016postVFP=-0.0552176	CMS_eff_m_id_2016preVFP=-0.00879577	CMS_eff_m_id_2017=0.00850203	CMS_eff_m_id_2018=-0.21067	CMS_eff_m_id_2022=0.027283	CMS_eff_m_id_2022EE=0.245725	CMS_eff_m_id_2023=0.235276	CMS_eff_m_id_2023BPix=0.233217	CMS_eff_m_trigger_2016postVFP=-0.294243	CMS_eff_m_trigger_2016preVFP=-0.0335998	CMS_eff_m_trigger_2017=0.0346972	CMS_eff_m_trigger_2018=-0.703005	CMS_eff_m_trigger_2022=0.0430166	CMS_eff_m_trigger_2022EE=0.712172	CMS_eff_m_trigger_2023=0.552979	CMS_eff_m_trigger_2023BPix=0.319396	CMS_l1_prefiring_2016postVFP=0.675934	CMS_l1_prefiring_2016preVFP=0.106021	CMS_l1_prefiring_2017=0.0912941	CMS_l1_prefiring_2018=0.301516	CMS_pileup_2016postVFP=0.251423	CMS_pileup_2016preVFP=-1.08305	CMS_pileup_2017=1.48177	CMS_pileup_2018=-0.269516	CMS_pileup_2022=-0.0851813	CMS_pileup_2022EE=4.53004	CMS_pileup_2023=0.875865	CMS_pileup_2023BPix=-3.25176	CMS_res_j_2016postVFP=-0.0386935	CMS_res_j_2016preVFP=-0.00652885	CMS_res_j_2017=0.129686	CMS_res_j_2018=0.0693201	CMS_res_j_2022=0.000208847	CMS_res_j_2022EE=-0.00119373	CMS_res_j_2023=-0.00281887	CMS_res_j_2023BPix=-0.0165717	CMS_scale_j_2016postVFP=-0.0385889	CMS_scale_j_2016preVFP=-0.0162616	CMS_scale_j_2017=0.599541	CMS_scale_j_2018=-0.279383	CMS_scale_j_2022=0.0141284	CMS_scale_j_2022EE=0.124122	CMS_scale_j_2023=0.53545	CMS_scale_j_2023BPix=0.426973	CMS_scale_m_2016postVFP=-0.0782943	CMS_scale_m_2016preVFP=0.218032	CMS_scale_m_2017=-0.10917	CMS_scale_m_2018=-0.0804769	CMS_scale_m_2022=0.040397	CMS_scale_m_2022EE=0.689429	CMS_scale_m_2023=0.952462	CMS_scale_m_2023BPix=0.74656	QCDscale_fac_ttbar=16.0956	QCDscale_ren_ttbar=13.6334	pdf_alphas=10.7501	r=-0.112906
RooFit::Detail::RooFixedProdPdf::model_s[ ]
     getLogVal() top-level p.d.f not greater than zero @ !servers=(modelObs_s = 0)


 --- MultiDimFit ---
best fit parameter values and profile-likelihood uncertainties: 
   r :    +0.469   -0.878/+0.566 (68%)
Doing initial fit: 

 --- MultiDimFit ---
best fit parameter values and profile-likelihood uncertainties: 
   r :    +1.371   -0.640/+0.580 (68%)
Doing initial fit: 

 --- MultiDimFit ---
best fit parameter values and profile-likelihood uncertainties: 
   r :    +1.240   -0.623/+0.603 (68%)
Doing initial fit: 

 --- MultiDimFit ---
best fit parameter values and profile-likelihood uncertainties: 
   r :    +0.707   -0.499/+0.490 (68%)
Doing initial fit: 

 --- MultiDimFit ---
best fit parameter values and profile-likelihood uncertainties: 
   r :    +1.661   -0.640/+0.594 (68%)
Doing initial fit: 

 --- MultiDimFit ---
best fit parameter values and profile-likelihood uncertainties: 
   r :    +0.868   -1.033/+0.232 (68%)
Doing initial fit: 

 --- MultiDimFit ---
best fit parameter values and profile-likelihood uncertainties: 
   r :    +0.421   -0.686/+0.637 (68%)
Doing initial fit: 

 --- MultiDimFit ---
best fit parameter values and profile-likelihood uncertainties: 
   r :    +1.516   -0.601/+0.682 (68%)
Doing initial fit: 

 --- MultiDimFit ---
best fit parameter values and profile-likelihood uncertainties: 
   r :    +1.618   -0.620/+0.721 (68%)
Doing initial fit: 

 --- MultiDimFit ---
best fit parameter values and profile-likelihood uncertainties: 
   r :    +0.635   -0.564/+0.638 (68%)
Doing initial fit: 

 --- MultiDimFit ---
best fit parameter values and profile-likelihood uncertainties: 
   r :    +2.512   -1.313/+0.481 (68%)
Doing initial fit: 

 --- MultiDimFit ---
best fit parameter values and profile-likelihood uncertainties: 
   r :    +1.046   -0.704/+0.865 (68%)
Doing initial fit: 

 --- MultiDimFit ---
best fit parameter values and profile-likelihood uncertainties: 
   r :    +2.758   -1.548/+0.043 (68%)
Doing initial fit: 

 --- MultiDimFit ---
best fit parameter values and profile-likelihood uncertainties: 
   r :    +2.420   -0.594/+0.606 (68%)
Doing initial fit: 

 --- MultiDimFit ---
best fit parameter values and profile-likelihood uncertainties: 
   r :    +1.015   -0.866/+0.438 (68%)
Doing initial fit: 

 --- MultiDimFit ---
best fit parameter values and profile-likelihood uncertainties: 
   r :    +1.523   -0.711/+0.704 (68%)
Doing initial fit: 

 --- MultiDimFit ---
best fit parameter values and profile-likelihood uncertainties: 
   r :    +1.712   -0.877/+0.659 (68%)
Doing initial fit: 

 --- MultiDimFit ---
best fit parameter values and profile-likelihood uncertainties: 
   r :    +1.979   -0.733/+0.643 (68%)
Doing initial fit: 

 --- MultiDimFit ---
best fit parameter values and profile-likelihood uncertainties: 
   r :    +1.378   -0.544/+0.587 (68%)
Doing initial fit: 

 --- MultiDimFit ---
best fit parameter values and profile-likelihood uncertainties: 
   r :    +0.551   -0.640/+0.594 (68%)
Doing initial fit: 

 --- MultiDimFit ---
best fit parameter values and profile-likelihood uncertainties: 
   r :    +2.253   -0.643/+0.693 (68%)
Doing initial fit: 

 --- MultiDimFit ---
best fit parameter values and profile-likelihood uncertainties: 
   r :    +1.588   -0.635/+0.592 (68%)
Doing initial fit: 

 --- MultiDimFit ---
best fit parameter values and profile-likelihood uncertainties: 
   r :    +1.493   -0.567/+0.561 (68%)
Doing initial fit: 

 --- MultiDimFit ---
best fit parameter values and profile-likelihood uncertainties: 
   r :    +2.030   -0.855/+0.712 (68%)
Doing initial fit: 

 --- MultiDimFit ---
best fit parameter values and profile-likelihood uncertainties: 
   r :    +0.564   -0.542/+0.545 (68%)
Doing initial fit: 

 --- MultiDimFit ---
best fit parameter values and profile-likelihood uncertainties: 
   r :    -0.292   -0.727/+0.659 (68%)
Doing initial fit: 

 --- MultiDimFit ---
best fit parameter values and profile-likelihood uncertainties: 
   r :    +2.381   -1.318/+0.211 (68%)
Doing initial fit: 

 --- MultiDimFit ---
best fit parameter values and profile-likelihood uncertainties: 
   r :    +1.214   -0.636/+0.643 (68%)
Doing initial fit: 

 --- MultiDimFit ---
best fit parameter values and profile-likelihood uncertainties: 
   r :    +1.374   -0.584/+0.622 (68%)
Doing initial fit: 

 --- MultiDimFit ---
best fit parameter values and profile-likelihood uncertainties: 
   r :    +0.772   -0.651/+0.568 (68%)
Doing initial fit: 

 --- MultiDimFit ---
best fit parameter values and profile-likelihood uncertainties: 
   r :    +2.534   -1.187/+0.369 (68%)
Doing initial fit: 

 --- MultiDimFit ---
best fit parameter values and profile-likelihood uncertainties: 
   r :    +0.903   -0.639/+0.760 (68%)
Doing initial fit: 

 --- MultiDimFit ---
best fit parameter values and profile-likelihood uncertainties: 
   r :    +1.399   -1.144/+0.398 (68%)
Doing initial fit: 

 --- MultiDimFit ---
best fit parameter values and profile-likelihood uncertainties: 
   r :    +1.058   -0.628/+0.582 (68%)
Doing initial fit: 

 --- MultiDimFit ---
best fit parameter values and profile-likelihood uncertainties: 
   r :    +2.311   -0.714/+0.768 (68%)
Doing initial fit: 

 --- MultiDimFit ---
best fit parameter values and profile-likelihood uncertainties: 
   r :    +1.719   -0.703/+0.808 (68%)
Doing initial fit: 

 --- MultiDimFit ---
best fit parameter values and profile-likelihood uncertainties: 
   r :    +1.632   -1.243/+0.336 (68%)
Doing initial fit: 

 --- MultiDimFit ---
best fit parameter values and profile-likelihood uncertainties: 
   r :    +2.492   -0.614/+0.638 (68%)
Doing initial fit: 

 --- MultiDimFit ---
best fit parameter values and profile-likelihood uncertainties: 
   r :    +1.191   -1.003/+0.556 (68%)
Doing initial fit: 

 --- MultiDimFit ---
best fit parameter values and profile-likelihood uncertainties: 
   r :    +0.791   -0.655/+0.548 (68%)
Doing initial fit: 

 --- MultiDimFit ---
best fit parameter values and profile-likelihood uncertainties: 
   r :    +1.538   -0.669/+0.592 (68%)
Doing initial fit: 

 --- MultiDimFit ---
best fit parameter values and profile-likelihood uncertainties: 
   r :    +1.225   -0.582/+0.673 (68%)
Doing initial fit: 

 --- MultiDimFit ---
best fit parameter values and profile-likelihood uncertainties: 
   r :    +1.142   -0.685/+0.583 (68%)
Doing initial fit: 

 --- MultiDimFit ---
best fit parameter values and profile-likelihood uncertainties: 
   r :    +1.862   -0.644/+0.600 (68%)
Doing initial fit: 

 --- MultiDimFit ---
best fit parameter values and profile-likelihood uncertainties: 
   r :    +2.162   -0.585/+0.653 (68%)
Doing initial fit: 

 --- MultiDimFit ---
best fit parameter values and profile-likelihood uncertainties: 
   r :    +1.425   -0.751/+0.752 (68%)
Doing initial fit: 

 --- MultiDimFit ---
best fit parameter values and profile-likelihood uncertainties: 
   r :    +1.778   -0.652/+0.565 (68%)
Doing initial fit: 

 --- MultiDimFit ---
best fit parameter values and profile-likelihood uncertainties: 
   r :    +0.456   -0.841/+0.781 (68%)
Doing initial fit: 

 --- MultiDimFit ---
best fit parameter values and profile-likelihood uncertainties: 
   r :    +0.691   -0.701/+0.692 (68%)
Doing initial fit: 

 --- MultiDimFit ---
best fit parameter values and profile-likelihood uncertainties: 
   r :    +1.980   -0.735/+0.714 (68%)
Doing initial fit: 

 --- MultiDimFit ---
best fit parameter values and profile-likelihood uncertainties: 
   r :    +1.165   -0.732/+0.818 (68%)
Doing initial fit: 

 --- MultiDimFit ---
best fit parameter values and profile-likelihood uncertainties: 
   r :    +2.992   -0.609/+0.662 (68%)
Doing initial fit: 

 --- MultiDimFit ---
best fit parameter values and profile-likelihood uncertainties: 
   r :    +0.539   -0.754/+0.744 (68%)
Doing initial fit: 

 --- MultiDimFit ---
best fit parameter values and profile-likelihood uncertainties: 
   r :    +1.807   -0.634/+0.702 (68%)
Doing initial fit: 

 --- MultiDimFit ---
best fit parameter values and profile-likelihood uncertainties: 
   r :    +2.430   -0.626/+0.683 (68%)
Doing initial fit: 

 --- MultiDimFit ---
best fit parameter values and profile-likelihood uncertainties: 
   r :    +1.742   -0.526/+0.555 (68%)
Doing initial fit: 

 --- MultiDimFit ---
best fit parameter values and profile-likelihood uncertainties: 
   r :    +1.409   -0.607/+0.574 (68%)
Doing initial fit: 

 --- MultiDimFit ---
best fit parameter values and profile-likelihood uncertainties: 
   r :    +0.559   -0.815/+0.569 (68%)
Doing initial fit: 

 --- MultiDimFit ---
best fit parameter values and profile-likelihood uncertainties: 
   r :    +1.962   -0.665/+0.670 (68%)
Doing initial fit: 

 --- MultiDimFit ---
best fit parameter values and profile-likelihood uncertainties: 
   r :    +1.550   -0.572/+0.658 (68%)
Doing initial fit: 

 --- MultiDimFit ---
best fit parameter values and profile-likelihood uncertainties: 
   r :    +2.479   -0.687/+0.596 (68%)
Doing initial fit: 

 --- MultiDimFit ---
best fit parameter values and profile-likelihood uncertainties: 
   r :    +1.492   -0.717/+0.762 (68%)
Doing initial fit: 

 --- MultiDimFit ---
best fit parameter values and profile-likelihood uncertainties: 
   r :    +0.882   -0.591/+0.591 (68%)
Doing initial fit: 

 --- MultiDimFit ---
best fit parameter values and profile-likelihood uncertainties: 
   r :    +0.395   -0.784/+0.695 (68%)
Doing initial fit: 
RooAbsMinimizerFcn: Minimized function has error status.
Returning maximum FCN so far (0.101435) to force MIGRAD to back out of this region. Error log follows.
Parameter values: 	CMS_NPS26009_LightJetStat_DY_BJetOS_2016postVFP=-589.665	CMS_NPS26009_LightJetStat_DY_BJetOS_2016preVFP=-10.8523	CMS_NPS26009_LightJetStat_DY_BJetOS_2017=37.8161	CMS_NPS26009_LightJetStat_DY_BJetOS_2018=-524.586	CMS_NPS26009_LightJetStat_DY_BJetOS_2022=0.536237	CMS_NPS26009_LightJetStat_DY_BJetOS_2022EE=13.2449	CMS_NPS26009_MCstat_other_BJetOS_2016postVFP=-6.1268	CMS_NPS26009_MCstat_other_BJetOS_2016preVFP=59.3193	CMS_NPS26009_MCstat_other_BJetOS_2017=-6.87106	CMS_NPS26009_MCstat_other_BJetOS_2018=-9.5262	CMS_NPS26009_MCstat_other_BJetOS_2022=0.456363	CMS_NPS26009_MCstat_other_BJetOS_2022EE=6.97209	CMS_NPS26009_MCstat_other_BJetOS_2023=3.3273	CMS_NPS26009_MCstat_other_BJetOS_2023BPix=9.1345	CMS_NPS26009_MCstat_signal_BJetOS_2016postVFP=-0.5086	CMS_NPS26009_MCstat_signal_BJetOS_2016preVFP=4.47158	CMS_NPS26009_MCstat_signal_BJetOS_2017=-16.8658	CMS_NPS26009_MCstat_signal_BJetOS_2018=-15.3595	CMS_NPS26009_MCstat_signal_BJetOS_2022=0.400074	CMS_NPS26009_MCstat_signal_BJetOS_2022EE=3.69016	CMS_NPS26009_MCstat_signal_BJetOS_2023=2.13579	CMS_NPS26009_MCstat_signal_BJetOS_2023BPix=0.68472	CMS_NPS26009_MCstat_singleTop_BJetOS_2016postVFP=-1.68531	CMS_NPS26009_MCstat_singleTop_BJetOS_2016preVFP=11.7479	CMS_NPS26009_MCstat_singleTop_BJetOS_2017=-3.51239	CMS_NPS26009_MCstat_singleTop_BJetOS_2018=-6.35915	CMS_NPS26009_MCstat_singleTop_BJetOS_2022=0.996102	CMS_NPS26009_MCstat_singleTop_BJetOS_2022EE=57.9533	CMS_NPS26009_MCstat_singleTop_BJetOS_2023=5.25957	CMS_NPS26009_MCstat_singleTop_BJetOS_2023BPix=1.74399	CMS_NPS26009_MCstat_ttbar_BJetOS_2016postVFP=-12.503	CMS_NPS26009_MCstat_ttbar_BJetOS_2016preVFP=28.4112	CMS_NPS26009_MCstat_ttbar_BJetOS_2017=-27.6472	CMS_NPS26009_MCstat_ttbar_BJetOS_2018=-26.9476	CMS_NPS26009_MCstat_ttbar_BJetOS_2022=3.31433	CMS_NPS26009_MCstat_ttbar_BJetOS_2022EE=51.8072	CMS_NPS26009_MCstat_ttbar_BJetOS_2023=25.8634	CMS_NPS26009_MCstat_ttbar_BJetOS_2023BPix=28.5866	CMS_NPS26009_NFStat_DY_BJetOS_2016postVFP=-15.8192	CMS_NPS26009_NFStat_DY_BJetOS_2016preVFP=53.8612	CMS_NPS26009_NFStat_DY_BJetOS_2017=-7.02261	CMS_NPS26009_NFStat_DY_BJetOS_2018=-14.8973	CMS_NPS26009_NFStat_DY_BJetOS_2022=0.515159	CMS_NPS26009_NFStat_DY_BJetOS_2022EE=0.498093	CMS_NPS26009_QCDscale_fac_singleTop=0.65439	CMS_NPS26009_QCDscale_ren_singleTop=-2.17841	CMS_NPS26009_bckgNorm_QCD_BJetOS_2016postVFP=0.000792308	CMS_NPS26009_bckgNorm_QCD_BJetOS_2016preVFP=-0.000788583	CMS_NPS26009_bckgNorm_QCD_BJetOS_2017=0.0287847	CMS_NPS26009_bckgNorm_QCD_BJetOS_2018=0.139521	CMS_NPS26009_bckgNorm_QCD_BJetOS_2022=-1.04318e-05	CMS_NPS26009_bckgNorm_QCD_BJetOS_2022EE=-2.41181e-05	CMS_NPS26009_bckgNorm_QCD_BJetOS_2023=0.00365772	CMS_NPS26009_bckgNorm_QCD_BJetOS_2023BPix=2.31614e-06	CMS_NPS26009_bckgShape_QCD_BJetOS_2016postVFP=-0.781855	CMS_NPS26009_bckgShape_QCD_BJetOS_2016preVFP=0.128505	CMS_NPS26009_bckgShape_QCD_BJetOS_2017=-1.23956	CMS_NPS26009_bckgShape_QCD_BJetOS_2018=1.50736	CMS_NPS26009_bckgShape_QCD_BJetOS_2022=0.0141802	CMS_NPS26009_bckgShape_QCD_BJetOS_2022EE=0.00759551	CMS_NPS26009_bckgShape_QCD_BJetOS_2023=-0.163307	CMS_NPS26009_bckgShape_QCD_BJetOS_2023BPix=0.0020542	CMS_NPS26009_btag_fixedWP_bc_correlated_13TeV=-42.8892	CMS_NPS26009_btag_fixedWP_bc_correlated_13p6TeV=42.7859	CMS_NPS26009_btag_fixedWP_light_correlated_13TeV=-6.93092	CMS_NPS26009_btag_fixedWP_light_correlated_13p6TeV=5.4666	CMS_NPS26009_lumi_2016=4.67231	CMS_NPS26009_lumi_2017=-34.3364	CMS_NPS26009_lumi_2018=-34.4171	CMS_NPS26009_lumi_2022=9.57507	CMS_NPS26009_lumi_2023=6.25274	CMS_NPS26009_pdf_NNPDF31=10.4189	CMS_NPS26009_topmass_ttbar_BJetOS=2.14179	CMS_btag_fixedWP_bc_uncorrelated_2016postVFP=-5.44086	CMS_btag_fixedWP_bc_uncorrelated_2016preVFP=17.2846	CMS_btag_fixedWP_bc_uncorrelated_2017=-53.6048	CMS_btag_fixedWP_bc_uncorrelated_2018=-41.0434	CMS_btag_fixedWP_bc_uncorrelated_2022=1.46008	CMS_btag_fixedWP_bc_uncorrelated_2022EE=13.9628	CMS_btag_fixedWP_bc_uncorrelated_2023=10.0233	CMS_btag_fixedWP_bc_uncorrelated_2023BPix=5.53306	CMS_btag_fixedWP_light_uncorrelated_2016postVFP=-2.22174	CMS_btag_fixedWP_light_uncorrelated_2016preVFP=1.60201	CMS_btag_fixedWP_light_uncorrelated_2017=-2.61714	CMS_btag_fixedWP_light_uncorrelated_2018=-3.27592	CMS_btag_fixedWP_light_uncorrelated_2022=0.173088	CMS_btag_fixedWP_light_uncorrelated_2022EE=2.09022	CMS_btag_fixedWP_light_uncorrelated_2023=0.359496	CMS_btag_fixedWP_light_uncorrelated_2023BPix=0.645528	CMS_eff_m_id_2016postVFP=-0.175512	CMS_eff_m_id_2016preVFP=0.844571	CMS_eff_m_id_2017=-1.41894	CMS_eff_m_id_2018=-1.55263	CMS_eff_m_id_2022=0.317729	CMS_eff_m_id_2022EE=1.64398	CMS_eff_m_id_2023=1.48762	CMS_eff_m_id_2023BPix=0.908895	CMS_eff_m_trigger_2016postVFP=-0.954724	CMS_eff_m_trigger_2016preVFP=3.63144	CMS_eff_m_trigger_2017=-6.46551	CMS_eff_m_trigger_2018=-5.27548	CMS_eff_m_trigger_2022=0.433942	CMS_eff_m_trigger_2022EE=4.21747	CMS_eff_m_trigger_2023=2.65258	CMS_eff_m_trigger_2023BPix=1.23043	CMS_l1_prefiring_2016postVFP=1.86918	CMS_l1_prefiring_2016preVFP=-5.77057	CMS_l1_prefiring_2017=16.4114	CMS_l1_prefiring_2018=2.3907	CMS_pileup_2016postVFP=0.48693	CMS_pileup_2016preVFP=-5.47668	CMS_pileup_2017=2.80222	CMS_pileup_2018=-10.3451	CMS_pileup_2022=-0.1105	CMS_pileup_2022EE=11.5242	CMS_pileup_2023=3.19113	CMS_pileup_2023BPix=-6.18758	CMS_res_j_2016postVFP=-0.398796	CMS_res_j_2016preVFP=0.0380751	CMS_res_j_2017=-0.0738842	CMS_res_j_2018=-0.40944	CMS_res_j_2022=0.0112388	CMS_res_j_2022EE=-0.0254778	CMS_res_j_2023=0.0198949	CMS_res_j_2023BPix=0.052808	CMS_scale_j_2016postVFP=-0.391021	CMS_scale_j_2016preVFP=0.00620062	CMS_scale_j_2017=-3.32422	CMS_scale_j_2018=-3.24985	CMS_scale_j_2022=0.097005	CMS_scale_j_2022EE=0.602369	CMS_scale_j_2023=1.55397	CMS_scale_j_2023BPix=7.02628	CMS_scale_m_2016postVFP=-0.520605	CMS_scale_m_2016preVFP=2.48831	CMS_scale_m_2017=2.76917	CMS_scale_m_2018=-1.46231	CMS_scale_m_2022=0.289868	CMS_scale_m_2022EE=3.2795	CMS_scale_m_2023=3.28435	CMS_scale_m_2023BPix=2.63697	QCDscale_fac_ttbar=151.44	QCDscale_ren_ttbar=269.966	pdf_alphas=11.3199	r=2.16399
RooFit::Detail::RooFixedProdPdf::model_s[ ]
     getLogVal() top-level p.d.f not greater than zero @ !servers=(modelObs_s = 0)

RooAbsMinimizerFcn: Minimized function has error status.
Returning maximum FCN so far (0.101435) to force MIGRAD to back out of this region. Error log follows.
Parameter values: 	CMS_NPS26009_LightJetStat_DY_BJetOS_2016postVFP=-293.844	CMS_NPS26009_LightJetStat_DY_BJetOS_2016preVFP=-5.35878	CMS_NPS26009_LightJetStat_DY_BJetOS_2017=19.3576	CMS_NPS26009_LightJetStat_DY_BJetOS_2018=-261.543	CMS_NPS26009_LightJetStat_DY_BJetOS_2022=0.245643	CMS_NPS26009_LightJetStat_DY_BJetOS_2022EE=6.56686	CMS_NPS26009_MCstat_other_BJetOS_2016postVFP=-3.05508	CMS_NPS26009_MCstat_other_BJetOS_2016preVFP=29.5161	CMS_NPS26009_MCstat_other_BJetOS_2017=-3.39908	CMS_NPS26009_MCstat_other_BJetOS_2018=-4.74828	CMS_NPS26009_MCstat_other_BJetOS_2022=0.211031	CMS_NPS26009_MCstat_other_BJetOS_2022EE=3.45384	CMS_NPS26009_MCstat_other_BJetOS_2023=1.66253	CMS_NPS26009_MCstat_other_BJetOS_2023BPix=4.4606	CMS_NPS26009_MCstat_signal_BJetOS_2016postVFP=-0.255345	CMS_NPS26009_MCstat_signal_BJetOS_2016preVFP=2.22583	CMS_NPS26009_MCstat_signal_BJetOS_2017=-8.36648	CMS_NPS26009_MCstat_signal_BJetOS_2018=-7.65144	CMS_NPS26009_MCstat_signal_BJetOS_2022=0.192627	CMS_NPS26009_MCstat_signal_BJetOS_2022EE=1.82616	CMS_NPS26009_MCstat_signal_BJetOS_2023=1.07487	CMS_NPS26009_MCstat_signal_BJetOS_2023BPix=0.329447	CMS_NPS26009_MCstat_singleTop_BJetOS_2016postVFP=-0.840329	CMS_NPS26009_MCstat_singleTop_BJetOS_2016preVFP=5.84677	CMS_NPS26009_MCstat_singleTop_BJetOS_2017=-1.72456	CMS_NPS26009_MCstat_singleTop_BJetOS_2018=-3.17255	CMS_NPS26009_MCstat_singleTop_BJetOS_2022=0.454105	CMS_NPS26009_MCstat_singleTop_BJetOS_2022EE=28.7415	CMS_NPS26009_MCstat_singleTop_BJetOS_2023=2.62635	CMS_NPS26009_MCstat_singleTop_BJetOS_2023BPix=0.851417	CMS_NPS26009_MCstat_ttbar_BJetOS_2016postVFP=-6.23289	CMS_NPS26009_MCstat_ttbar_BJetOS_2016preVFP=14.1411	CMS_NPS26009_MCstat_ttbar_BJetOS_2017=-13.675	CMS_NPS26009_MCstat_ttbar_BJetOS_2018=-13.4352	CMS_NPS26009_MCstat_ttbar_BJetOS_2022=1.56361	CMS_NPS26009_MCstat_ttbar_BJetOS_2022EE=25.6866	CMS_NPS26009_MCstat_ttbar_BJetOS_2023=12.9526	CMS_NPS26009_MCstat_ttbar_BJetOS_2023BPix=14.1054	CMS_NPS26009_NFStat_DY_BJetOS_2016postVFP=-7.8787	CMS_NPS26009_NFStat_DY_BJetOS_2016preVFP=26.8008	CMS_NPS26009_NFStat_DY_BJetOS_2017=-3.31546	CMS_NPS26009_NFStat_DY_BJetOS_2018=-7.43245	CMS_NPS26009_NFStat_DY_BJetOS_2022=0.235485	CMS_NPS26009_NFStat_DY_BJetOS_2022EE=0.247028	CMS_NPS26009_QCDscale_fac_singleTop=0.325689	CMS_NPS26009_QCDscale_ren_singleTop=-1.08367	CMS_NPS26009_bckgNorm_QCD_BJetOS_2016postVFP=0.000394872	CMS_NPS26009_bckgNorm_QCD_BJetOS_2016preVFP=-0.000392472	CMS_NPS26009_bckgNorm_QCD_BJetOS_2017=0.0143987	CMS_NPS26009_bckgNorm_QCD_BJetOS_2018=0.0694037	CMS_NPS26009_bckgNorm_QCD_BJetOS_2022=-3.98086e-06	CMS_NPS26009_bckgNorm_QCD_BJetOS_2022EE=-1.17201e-05	CMS_NPS26009_bckgNorm_QCD_BJetOS_2023=0.00182177	CMS_NPS26009_bckgNorm_QCD_BJetOS_2023BPix=1.18278e-06	CMS_NPS26009_bckgShape_QCD_BJetOS_2016postVFP=0.414114	CMS_NPS26009_bckgShape_QCD_BJetOS_2016preVFP=0.277418	CMS_NPS26009_bckgShape_QCD_BJetOS_2017=0.670167	CMS_NPS26009_bckgShape_QCD_BJetOS_2018=-1.52069	CMS_NPS26009_bckgShape_QCD_BJetOS_2022=0.00711073	CMS_NPS26009_bckgShape_QCD_BJetOS_2022EE=0.0668135	CMS_NPS26009_bckgShape_QCD_BJetOS_2023=-0.107557	CMS_NPS26009_bckgShape_QCD_BJetOS_2023BPix=0.00102954	CMS_NPS26009_btag_fixedWP_bc_correlated_13TeV=-21.2578	CMS_NPS26009_btag_fixedWP_bc_correlated_13p6TeV=21.0763	CMS_NPS26009_btag_fixedWP_light_correlated_13TeV=-3.44608	CMS_NPS26009_btag_fixedWP_light_correlated_13p6TeV=2.69896	CMS_NPS26009_lumi_2016=2.32289	CMS_NPS26009_lumi_2017=-17.0145	CMS_NPS26009_lumi_2018=-17.1533	CMS_NPS26009_lumi_2022=4.73582	CMS_NPS26009_lumi_2023=3.11274	CMS_NPS26009_pdf_NNPDF31=5.16679	CMS_NPS26009_topmass_ttbar_BJetOS=1.05531	CMS_btag_fixedWP_bc_uncorrelated_2016postVFP=-2.71574	CMS_btag_fixedWP_bc_uncorrelated_2016preVFP=8.60351	CMS_btag_fixedWP_bc_uncorrelated_2017=-26.5606	CMS_btag_fixedWP_bc_uncorrelated_2018=-20.4517	CMS_btag_fixedWP_bc_uncorrelated_2022=0.694458	CMS_btag_fixedWP_bc_uncorrelated_2022EE=6.91791	CMS_btag_fixedWP_bc_uncorrelated_2023=5.02406	CMS_btag_fixedWP_bc_uncorrelated_2023BPix=2.70864	CMS_btag_fixedWP_light_uncorrelated_2016postVFP=-1.10767	CMS_btag_fixedWP_light_uncorrelated_2016preVFP=0.797378	CMS_btag_fixedWP_light_uncorrelated_2017=-1.29396	CMS_btag_fixedWP_light_uncorrelated_2018=-1.63362	CMS_btag_fixedWP_light_uncorrelated_2022=0.0821842	CMS_btag_fixedWP_light_uncorrelated_2022EE=1.03619	CMS_btag_fixedWP_light_uncorrelated_2023=0.180033	CMS_btag_fixedWP_light_uncorrelated_2023BPix=0.31794	CMS_eff_m_id_2016postVFP=-0.0876105	CMS_eff_m_id_2016preVFP=0.42039	CMS_eff_m_id_2017=-0.703165	CMS_eff_m_id_2018=-0.773776	CMS_eff_m_id_2022=0.151177	CMS_eff_m_id_2022EE=0.814462	CMS_eff_m_id_2023=0.745939	CMS_eff_m_id_2023BPix=0.444223	CMS_eff_m_trigger_2016postVFP=-0.476554	CMS_eff_m_trigger_2016preVFP=1.80756	CMS_eff_m_trigger_2017=-3.20422	CMS_eff_m_trigger_2018=-2.62917	CMS_eff_m_trigger_2022=0.206222	CMS_eff_m_trigger_2022EE=2.08995	CMS_eff_m_trigger_2023=1.32949	CMS_eff_m_trigger_2023BPix=0.601661	CMS_l1_prefiring_2016postVFP=0.933264	CMS_l1_prefiring_2016preVFP=-2.87232	CMS_l1_prefiring_2017=8.13466	CMS_l1_prefiring_2018=1.1915	CMS_pileup_2016postVFP=0.243308	CMS_pileup_2016preVFP=-2.72582	CMS_pileup_2017=1.40583	CMS_pileup_2018=-5.15828	CMS_pileup_2022=-0.0475394	CMS_pileup_2022EE=5.71617	CMS_pileup_2023=1.5987	CMS_pileup_2023BPix=-3.04023	CMS_res_j_2016postVFP=-0.198823	CMS_res_j_2016preVFP=0.0189523	CMS_res_j_2017=-0.0359696	CMS_res_j_2018=-0.204567	CMS_res_j_2022=0.00559475	CMS_res_j_2022EE=-0.0125642	CMS_res_j_2023=0.0098952	CMS_res_j_2023BPix=0.0259232	CMS_scale_j_2016postVFP=-0.194949	CMS_scale_j_2016preVFP=0.00308825	CMS_scale_j_2017=-1.64486	CMS_scale_j_2018=-1.619	CMS_scale_j_2022=0.0462366	CMS_scale_j_2022EE=0.298752	CMS_scale_j_2023=0.77809	CMS_scale_j_2023BPix=3.45187	CMS_scale_m_2016postVFP=-0.259555	CMS_scale_m_2016preVFP=1.23851	CMS_scale_m_2017=1.36716	CMS_scale_m_2018=-0.728352	CMS_scale_m_2022=0.137709	CMS_scale_m_2022EE=1.62616	CMS_scale_m_2023=1.64488	CMS_scale_m_2023BPix=1.29878	QCDscale_fac_ttbar=75.305	QCDscale_ren_ttbar=134.279	pdf_alphas=5.62045	r=2.16399
RooFit::Detail::RooFixedProdPdf::model_s[ ]
     getLogVal() top-level p.d.f not greater than zero @ !servers=(modelObs_s = 0)

RooAbsMinimizerFcn: Minimized function has error status.
Returning maximum FCN so far (0.101435) to force MIGRAD to back out of this region. Error log follows.
Parameter values: 	CMS_NPS26009_LightJetStat_DY_BJetOS_2016postVFP=-145.936	CMS_NPS26009_LightJetStat_DY_BJetOS_2016preVFP=-2.61209	CMS_NPS26009_LightJetStat_DY_BJetOS_2017=10.1285	CMS_NPS26009_LightJetStat_DY_BJetOS_2018=-130.025	CMS_NPS26009_LightJetStat_DY_BJetOS_2022=0.100348	CMS_NPS26009_LightJetStat_DY_BJetOS_2022EE=3.22794	CMS_NPS26009_MCstat_other_BJetOS_2016postVFP=-1.51926	CMS_NPS26009_MCstat_other_BJetOS_2016preVFP=14.6149	CMS_NPS26009_MCstat_other_BJetOS_2017=-1.66312	CMS_NPS26009_MCstat_other_BJetOS_2018=-2.35937	CMS_NPS26009_MCstat_other_BJetOS_2022=0.088368	CMS_NPS26009_MCstat_other_BJetOS_2022EE=1.69476	CMS_NPS26009_MCstat_other_BJetOS_2023=0.830157	CMS_NPS26009_MCstat_other_BJetOS_2023BPix=2.1237	CMS_NPS26009_MCstat_signal_BJetOS_2016postVFP=-0.12872	CMS_NPS26009_MCstat_signal_BJetOS_2016preVFP=1.10297	CMS_NPS26009_MCstat_signal_BJetOS_2017=-4.1169	CMS_NPS26009_MCstat_signal_BJetOS_2018=-3.79748	CMS_NPS26009_MCstat_signal_BJetOS_2022=0.0889058	CMS_NPS26009_MCstat_signal_BJetOS_2022EE=0.894179	CMS_NPS26009_MCstat_signal_BJetOS_2023=0.544426	CMS_NPS26009_MCstat_signal_BJetOS_2023BPix=0.151814	CMS_NPS26009_MCstat_singleTop_BJetOS_2016postVFP=-0.417848	CMS_NPS26009_MCstat_singleTop_BJetOS_2016preVFP=2.89627	CMS_NPS26009_MCstat_singleTop_BJetOS_2017=-0.830658	CMS_NPS26009_MCstat_singleTop_BJetOS_2018=-1.57929	CMS_NPS26009_MCstat_singleTop_BJetOS_2022=0.183112	CMS_NPS26009_MCstat_singleTop_BJetOS_2022EE=14.1359	CMS_NPS26009_MCstat_singleTop_BJetOS_2023=1.30977	CMS_NPS26009_MCstat_singleTop_BJetOS_2023BPix=0.405143	CMS_NPS26009_MCstat_ttbar_BJetOS_2016postVFP=-3.09788	CMS_NPS26009_MCstat_ttbar_BJetOS_2016preVFP=7.00617	CMS_NPS26009_MCstat_ttbar_BJetOS_2017=-6.68898	CMS_NPS26009_MCstat_ttbar_BJetOS_2018=-6.67917	CMS_NPS26009_MCstat_ttbar_BJetOS_2022=0.688269	CMS_NPS26009_MCstat_ttbar_BJetOS_2022EE=12.6266	CMS_NPS26009_MCstat_ttbar_BJetOS_2023=6.49728	CMS_NPS26009_MCstat_ttbar_BJetOS_2023BPix=6.86501	CMS_NPS26009_NFStat_DY_BJetOS_2016postVFP=-3.90854	CMS_NPS26009_NFStat_DY_BJetOS_2016preVFP=13.2709	CMS_NPS26009_NFStat_DY_BJetOS_2017=-1.46192	CMS_NPS26009_NFStat_DY_BJetOS_2018=-3.7001	CMS_NPS26009_NFStat_DY_BJetOS_2022=0.0956511	CMS_NPS26009_NFStat_DY_BJetOS_2022EE=0.121499	CMS_NPS26009_QCDscale_fac_singleTop=0.161342	CMS_NPS26009_QCDscale_ren_singleTop=-0.53632	CMS_NPS26009_bckgNorm_QCD_BJetOS_2016postVFP=0.000196158	CMS_NPS26009_bckgNorm_QCD_BJetOS_2016preVFP=-0.000194421	CMS_NPS26009_bckgNorm_QCD_BJetOS_2017=0.0072058	CMS_NPS26009_bckgNorm_QCD_BJetOS_2018=0.0343456	CMS_NPS26009_bckgNorm_QCD_BJetOS_2022=-7.55483e-07	CMS_NPS26009_bckgNorm_QCD_BJetOS_2022EE=-5.52119e-06	CMS_NPS26009_bckgNorm_QCD_BJetOS_2023=0.000903822	CMS_NPS26009_bckgNorm_QCD_BJetOS_2023BPix=6.1611e-07	CMS_NPS26009_bckgShape_QCD_BJetOS_2016postVFP=0.932102	CMS_NPS26009_bckgShape_QCD_BJetOS_2016preVFP=-0.169191	CMS_NPS26009_bckgShape_QCD_BJetOS_2017=-1.3199	CMS_NPS26009_bckgShape_QCD_BJetOS_2018=1.39305	CMS_NPS26009_bckgShape_QCD_BJetOS_2022=0.00350753	CMS_NPS26009_bckgShape_QCD_BJetOS_2022EE=0.0455645	CMS_NPS26009_bckgShape_QCD_BJetOS_2023=0.0599864	CMS_NPS26009_bckgShape_QCD_BJetOS_2023BPix=0.000511195	CMS_NPS26009_btag_fixedWP_bc_correlated_13TeV=-10.4423	CMS_NPS26009_btag_fixedWP_bc_correlated_13p6TeV=10.2217	CMS_NPS26009_btag_fixedWP_light_correlated_13TeV=-1.70369	CMS_NPS26009_btag_fixedWP_light_correlated_13p6TeV=1.31517	CMS_NPS26009_lumi_2016=1.14821	CMS_NPS26009_lumi_2017=-8.35382	CMS_NPS26009_lumi_2018=-8.52155	CMS_NPS26009_lumi_2022=2.31625	CMS_NPS26009_lumi_2023=1.54277	CMS_NPS26009_pdf_NNPDF31=2.5408	CMS_NPS26009_topmass_ttbar_BJetOS=0.512078	CMS_btag_fixedWP_bc_uncorrelated_2016postVFP=-1.35321	CMS_btag_fixedWP_bc_uncorrelated_2016preVFP=4.26305	CMS_btag_fixedWP_bc_uncorrelated_2017=-13.0388	CMS_btag_fixedWP_bc_uncorrelated_2018=-10.1561	CMS_btag_fixedWP_bc_uncorrelated_2022=0.311655	CMS_btag_fixedWP_bc_uncorrelated_2022EE=3.39557	CMS_btag_fixedWP_bc_uncorrelated_2023=2.52449	CMS_btag_fixedWP_bc_uncorrelated_2023BPix=1.29646	CMS_btag_fixedWP_light_uncorrelated_2016postVFP=-0.550638	CMS_btag_fixedWP_light_uncorrelated_2016preVFP=0.395069	CMS_btag_fixedWP_light_uncorrelated_2017=-0.632375	CMS_btag_fixedWP_light_uncorrelated_2018=-0.812487	CMS_btag_fixedWP_light_uncorrelated_2022=0.0367333	CMS_btag_fixedWP_light_uncorrelated_2022EE=0.509185	CMS_btag_fixedWP_light_uncorrelated_2023=0.090303	CMS_btag_fixedWP_light_uncorrelated_2023BPix=0.154149	CMS_eff_m_id_2016postVFP=-0.0436605	CMS_eff_m_id_2016preVFP=0.208303	CMS_eff_m_id_2017=-0.345284	CMS_eff_m_id_2018=-0.384358	CMS_eff_m_id_2022=0.067902	CMS_eff_m_id_2022EE=0.399711	CMS_eff_m_id_2023=0.375109	CMS_eff_m_id_2023BPix=0.211892	CMS_eff_m_trigger_2016postVFP=-0.237474	CMS_eff_m_trigger_2016preVFP=0.895643	CMS_eff_m_trigger_2017=-1.57361	CMS_eff_m_trigger_2018=-1.30605	CMS_eff_m_trigger_2022=0.0923651	CMS_eff_m_trigger_2022EE=1.02621	CMS_eff_m_trigger_2023=0.667957	CMS_eff_m_trigger_2023BPix=0.287284	CMS_l1_prefiring_2016postVFP=0.465314	CMS_l1_prefiring_2016preVFP=-1.42323	CMS_l1_prefiring_2017=3.99639	CMS_l1_prefiring_2018=0.591914	CMS_pileup_2016postVFP=0.1215	CMS_pileup_2016preVFP=-1.35041	CMS_pileup_2017=0.707651	CMS_pileup_2018=-2.56491	CMS_pileup_2022=-0.0160597	CMS_pileup_2022EE=2.81221	CMS_pileup_2023=0.802498	CMS_pileup_2023BPix=-1.46658	CMS_res_j_2016postVFP=-0.0988386	CMS_res_j_2016preVFP=0.00939108	CMS_res_j_2017=-0.0170128	CMS_res_j_2018=-0.102132	CMS_res_j_2022=0.00277276	CMS_res_j_2022EE=-0.00610756	CMS_res_j_2023=0.00489544	CMS_res_j_2023BPix=0.0124811	CMS_scale_j_2016postVFP=-0.0969148	CMS_scale_j_2016preVFP=0.0015321	CMS_scale_j_2017=-0.805202	CMS_scale_j_2018=-0.80359	CMS_scale_j_2022=0.020853	CMS_scale_j_2022EE=0.146946	CMS_scale_j_2023=0.390159	CMS_scale_j_2023BPix=1.66469	CMS_scale_m_2016postVFP=-0.129033	CMS_scale_m_2016preVFP=0.613628	CMS_scale_m_2017=0.666164	CMS_scale_m_2018=-0.36138	CMS_scale_m_2022=0.0616303	CMS_scale_m_2022EE=0.799514	CMS_scale_m_2023=0.825171	CMS_scale_m_2023BPix=0.629701	QCDscale_fac_ttbar=37.2383	QCDscale_ren_ttbar=66.4368	pdf_alphas=2.7708	r=2.16399
RooFit::Detail::RooFixedProdPdf::model_s[ ]
     getLogVal() top-level p.d.f not greater than zero @ !servers=(modelObs_s = 0)

RooAbsMinimizerFcn: Minimized function has error status.
Returning maximum FCN so far (973.349) to force MIGRAD to back out of this region. Error log follows.
Parameter values: 	CMS_NPS26009_LightJetStat_DY_BJetOS_2016postVFP=116.19	CMS_NPS26009_LightJetStat_DY_BJetOS_2016preVFP=-9.19638	CMS_NPS26009_LightJetStat_DY_BJetOS_2017=28.3343	CMS_NPS26009_LightJetStat_DY_BJetOS_2018=-311.222	CMS_NPS26009_LightJetStat_DY_BJetOS_2022=0.51861	CMS_NPS26009_LightJetStat_DY_BJetOS_2022EE=12.9968	CMS_NPS26009_MCstat_other_BJetOS_2016postVFP=3.89129	CMS_NPS26009_MCstat_other_BJetOS_2016preVFP=59.6119	CMS_NPS26009_MCstat_other_BJetOS_2017=-6.02525	CMS_NPS26009_MCstat_other_BJetOS_2018=-7.09481	CMS_NPS26009_MCstat_other_BJetOS_2022=0.439732	CMS_NPS26009_MCstat_other_BJetOS_2022EE=6.9638	CMS_NPS26009_MCstat_other_BJetOS_2023=3.33682	CMS_NPS26009_MCstat_other_BJetOS_2023BPix=9.14491	CMS_NPS26009_MCstat_signal_BJetOS_2016postVFP=2.62406	CMS_NPS26009_MCstat_signal_BJetOS_2016preVFP=4.46813	CMS_NPS26009_MCstat_signal_BJetOS_2017=-16.1104	CMS_NPS26009_MCstat_signal_BJetOS_2018=-12.4899	CMS_NPS26009_MCstat_signal_BJetOS_2022=0.390652	CMS_NPS26009_MCstat_signal_BJetOS_2022EE=3.68425	CMS_NPS26009_MCstat_signal_BJetOS_2023=2.19124	CMS_NPS26009_MCstat_signal_BJetOS_2023BPix=0.688901	CMS_NPS26009_MCstat_singleTop_BJetOS_2016postVFP=1.01891	CMS_NPS26009_MCstat_singleTop_BJetOS_2016preVFP=11.7078	CMS_NPS26009_MCstat_singleTop_BJetOS_2017=-2.90343	CMS_NPS26009_MCstat_singleTop_BJetOS_2018=-4.04507	CMS_NPS26009_MCstat_singleTop_BJetOS_2022=0.893235	CMS_NPS26009_MCstat_singleTop_BJetOS_2022EE=56.8368	CMS_NPS26009_MCstat_singleTop_BJetOS_2023=5.27545	CMS_NPS26009_MCstat_singleTop_BJetOS_2023BPix=1.74211	CMS_NPS26009_MCstat_ttbar_BJetOS_2016postVFP=5.70432	CMS_NPS26009_MCstat_ttbar_BJetOS_2016preVFP=28.3251	CMS_NPS26009_MCstat_ttbar_BJetOS_2017=-25.7597	CMS_NPS26009_MCstat_ttbar_BJetOS_2018=-19.1854	CMS_NPS26009_MCstat_ttbar_BJetOS_2022=3.35823	CMS_NPS26009_MCstat_ttbar_BJetOS_2022EE=51.9354	CMS_NPS26009_MCstat_ttbar_BJetOS_2023=25.8063	CMS_NPS26009_MCstat_ttbar_BJetOS_2023BPix=28.8647	CMS_NPS26009_NFStat_DY_BJetOS_2016postVFP=-4.44784	CMS_NPS26009_NFStat_DY_BJetOS_2016preVFP=53.5742	CMS_NPS26009_NFStat_DY_BJetOS_2017=-5.08539	CMS_NPS26009_NFStat_DY_BJetOS_2018=-6.84352	CMS_NPS26009_NFStat_DY_BJetOS_2022=0.497901	CMS_NPS26009_NFStat_DY_BJetOS_2022EE=0.483798	CMS_NPS26009_QCDscale_fac_singleTop=-0.570641	CMS_NPS26009_QCDscale_ren_singleTop=-3.9933	CMS_NPS26009_bckgNorm_QCD_BJetOS_2016postVFP=-0.00141417	CMS_NPS26009_bckgNorm_QCD_BJetOS_2016preVFP=-0.000573093	CMS_NPS26009_bckgNorm_QCD_BJetOS_2017=0.0225525	CMS_NPS26009_bckgNorm_QCD_BJetOS_2018=0.140173	CMS_NPS26009_bckgNorm_QCD_BJetOS_2022=-3.03523e-05	CMS_NPS26009_bckgNorm_QCD_BJetOS_2022EE=-8.18576e-05	CMS_NPS26009_bckgNorm_QCD_BJetOS_2023=0.00469535	CMS_NPS26009_bckgNorm_QCD_BJetOS_2023BPix=-1.94321e-07	CMS_NPS26009_bckgShape_QCD_BJetOS_2016postVFP=-0.931896	CMS_NPS26009_bckgShape_QCD_BJetOS_2016preVFP=0.040622	CMS_NPS26009_bckgShape_QCD_BJetOS_2017=0.0305379	CMS_NPS26009_bckgShape_QCD_BJetOS_2018=1.644	CMS_NPS26009_bckgShape_QCD_BJetOS_2022=0.00610353	CMS_NPS26009_bckgShape_QCD_BJetOS_2022EE=0.0640694	CMS_NPS26009_bckgShape_QCD_BJetOS_2023=-0.166583	CMS_NPS26009_bckgShape_QCD_BJetOS_2023BPix=0.000878749	CMS_NPS26009_btag_fixedWP_bc_correlated_13TeV=-22.2974	CMS_NPS26009_btag_fixedWP_bc_correlated_13p6TeV=43.1238	CMS_NPS26009_btag_fixedWP_light_correlated_13TeV=-2.48161	CMS_NPS26009_btag_fixedWP_light_correlated_13p6TeV=5.54327	CMS_NPS26009_lumi_2016=9.2406	CMS_NPS26009_lumi_2017=-32.4757	CMS_NPS26009_lumi_2018=-25.9897	CMS_NPS26009_lumi_2022=9.56167	CMS_NPS26009_lumi_2023=6.29412	CMS_NPS26009_pdf_NNPDF31=18.7931	CMS_NPS26009_topmass_ttbar_BJetOS=12.4428	CMS_btag_fixedWP_bc_uncorrelated_2016postVFP=7.01976	CMS_btag_fixedWP_bc_uncorrelated_2016preVFP=17.2696	CMS_btag_fixedWP_bc_uncorrelated_2017=-50.6475	CMS_btag_fixedWP_bc_uncorrelated_2018=-31.9835	CMS_btag_fixedWP_bc_uncorrelated_2022=1.45349	CMS_btag_fixedWP_bc_uncorrelated_2022EE=13.9744	CMS_btag_fixedWP_bc_uncorrelated_2023=10.039	CMS_btag_fixedWP_bc_uncorrelated_2023BPix=5.62767	CMS_btag_fixedWP_light_uncorrelated_2016postVFP=1.15104	CMS_btag_fixedWP_light_uncorrelated_2016preVFP=1.59778	CMS_btag_fixedWP_light_uncorrelated_2017=-2.42022	CMS_btag_fixedWP_light_uncorrelated_2018=-2.24789	CMS_btag_fixedWP_light_uncorrelated_2022=0.174442	CMS_btag_fixedWP_light_uncorrelated_2022EE=2.09526	CMS_btag_fixedWP_light_uncorrelated_2023=0.358681	CMS_btag_fixedWP_light_uncorrelated_2023BPix=0.65539	CMS_eff_m_id_2016postVFP=0.233738	CMS_eff_m_id_2016preVFP=0.843311	CMS_eff_m_id_2017=-1.34267	CMS_eff_m_id_2018=-1.1835	CMS_eff_m_id_2022=0.317299	CMS_eff_m_id_2022EE=1.64502	CMS_eff_m_id_2023=1.49262	CMS_eff_m_id_2023BPix=0.925287	CMS_eff_m_trigger_2016postVFP=1.25059	CMS_eff_m_trigger_2016preVFP=3.62571	CMS_eff_m_trigger_2017=-6.12167	CMS_eff_m_trigger_2018=-4.00699	CMS_eff_m_trigger_2022=0.433423	CMS_eff_m_trigger_2022EE=4.22324	CMS_eff_m_trigger_2023=2.65465	CMS_eff_m_trigger_2023BPix=1.25287	CMS_l1_prefiring_2016postVFP=-2.78585	CMS_l1_prefiring_2016preVFP=-5.76129	CMS_l1_prefiring_2017=15.5677	CMS_l1_prefiring_2018=1.80759	CMS_pileup_2016postVFP=-0.976275	CMS_pileup_2016preVFP=-5.46418	CMS_pileup_2017=3.16425	CMS_pileup_2018=-7.23623	CMS_pileup_2022=-0.0892319	CMS_pileup_2022EE=11.2039	CMS_pileup_2023=3.16898	CMS_pileup_2023BPix=-6.22195	CMS_res_j_2016postVFP=0.207232	CMS_res_j_2016preVFP=0.0380403	CMS_res_j_2017=-0.0589089	CMS_res_j_2018=-0.185417	CMS_res_j_2022=0.0111445	CMS_res_j_2022EE=-0.0255986	CMS_res_j_2023=0.0195906	CMS_res_j_2023BPix=0.052966	CMS_scale_j_2016postVFP=0.205981	CMS_scale_j_2016preVFP=0.00629424	CMS_scale_j_2017=-3.104	CMS_scale_j_2018=-2.62496	CMS_scale_j_2022=0.0977178	CMS_scale_j_2022EE=0.60387	CMS_scale_j_2023=1.5548	CMS_scale_j_2023BPix=7.3458	CMS_scale_m_2016postVFP=0.275029	CMS_scale_m_2016preVFP=2.47908	CMS_scale_m_2017=2.26153	CMS_scale_m_2018=-1.21578	CMS_scale_m_2022=0.293099	CMS_scale_m_2022EE=3.26774	CMS_scale_m_2023=3.26952	CMS_scale_m_2023BPix=2.6795	QCDscale_fac_ttbar=130.65	QCDscale_ren_ttbar=233.271	pdf_alphas=19.9801	r=2.16399
RooFit::Detail::RooFixedProdPdf::model_s[ ]
     getLogVal() top-level p.d.f not greater than zero @ !servers=(modelObs_s = 0)

RooAbsMinimizerFcn: Minimized function has error status.
Returning maximum FCN so far (973.349) to force MIGRAD to back out of this region. Error log follows.
Parameter values: 	CMS_NPS26009_LightJetStat_DY_BJetOS_2016postVFP=17.5057	CMS_NPS26009_LightJetStat_DY_BJetOS_2016preVFP=-1.30486	CMS_NPS26009_LightJetStat_DY_BJetOS_2017=5.14499	CMS_NPS26009_LightJetStat_DY_BJetOS_2018=-47.2016	CMS_NPS26009_LightJetStat_DY_BJetOS_2022=0.041756	CMS_NPS26009_LightJetStat_DY_BJetOS_2022EE=1.90517	CMS_NPS26009_MCstat_other_BJetOS_2016postVFP=0.583561	CMS_NPS26009_MCstat_other_BJetOS_2016preVFP=8.9226	CMS_NPS26009_MCstat_other_BJetOS_2017=-0.867228	CMS_NPS26009_MCstat_other_BJetOS_2018=-1.07287	CMS_NPS26009_MCstat_other_BJetOS_2022=0.038638	CMS_NPS26009_MCstat_other_BJetOS_2022EE=1.01633	CMS_NPS26009_MCstat_other_BJetOS_2023=0.511163	CMS_NPS26009_MCstat_other_BJetOS_2023BPix=1.22565	CMS_NPS26009_MCstat_signal_BJetOS_2016postVFP=0.3927	CMS_NPS26009_MCstat_signal_BJetOS_2016preVFP=0.670199	CMS_NPS26009_MCstat_signal_BJetOS_2017=-2.36699	CMS_NPS26009_MCstat_signal_BJetOS_2018=-1.88088	CMS_NPS26009_MCstat_signal_BJetOS_2022=0.0475553	CMS_NPS26009_MCstat_signal_BJetOS_2022EE=0.534512	CMS_NPS26009_MCstat_signal_BJetOS_2023=0.348591	CMS_NPS26009_MCstat_signal_BJetOS_2023BPix=0.084063	CMS_NPS26009_MCstat_singleTop_BJetOS_2016postVFP=0.152818	CMS_NPS26009_MCstat_singleTop_BJetOS_2016preVFP=1.7544	CMS_NPS26009_MCstat_singleTop_BJetOS_2017=-0.394657	CMS_NPS26009_MCstat_singleTop_BJetOS_2018=-0.616782	CMS_NPS26009_MCstat_singleTop_BJetOS_2022=0.0632692	CMS_NPS26009_MCstat_singleTop_BJetOS_2022EE=8.34482	CMS_NPS26009_MCstat_singleTop_BJetOS_2023=0.805329	CMS_NPS26009_MCstat_singleTop_BJetOS_2023BPix=0.233061	CMS_NPS26009_MCstat_ttbar_BJetOS_2016postVFP=0.856201	CMS_NPS26009_MCstat_ttbar_BJetOS_2016preVFP=4.24652	CMS_NPS26009_MCstat_ttbar_BJetOS_2017=-3.71485	CMS_NPS26009_MCstat_ttbar_BJetOS_2018=-2.90716	CMS_NPS26009_MCstat_ttbar_BJetOS_2022=0.357919	CMS_NPS26009_MCstat_ttbar_BJetOS_2022EE=7.61832	CMS_NPS26009_MCstat_ttbar_BJetOS_2023=4.00363	CMS_NPS26009_MCstat_ttbar_BJetOS_2023BPix=4.11969	CMS_NPS26009_NFStat_DY_BJetOS_2016postVFP=-0.664405	CMS_NPS26009_NFStat_DY_BJetOS_2016preVFP=8.0191	CMS_NPS26009_NFStat_DY_BJetOS_2017=-0.456086	CMS_NPS26009_NFStat_DY_BJetOS_2018=-1.04808	CMS_NPS26009_NFStat_DY_BJetOS_2022=0.0392165	CMS_NPS26009_NFStat_DY_BJetOS_2022EE=0.0710175	CMS_NPS26009_QCDscale_fac_singleTop=-0.0867651	CMS_NPS26009_QCDscale_ren_singleTop=-0.599452	CMS_NPS26009_bckgNorm_QCD_BJetOS_2016postVFP=-0.000213266	CMS_NPS26009_bckgNorm_QCD_BJetOS_2016preVFP=-8.56642e-05	CMS_NPS26009_bckgNorm_QCD_BJetOS_2017=0.0034965	CMS_NPS26009_bckgNorm_QCD_BJetOS_2018=0.020948	CMS_NPS26009_bckgNorm_QCD_BJetOS_2022=-2.51956e-06	CMS_NPS26009_bckgNorm_QCD_BJetOS_2022EE=-1.18469e-05	CMS_NPS26009_bckgNorm_QCD_BJetOS_2023=0.000707011	CMS_NPS26009_bckgNorm_QCD_BJetOS_2023BPix=1.91726e-08	CMS_NPS26009_bckgShape_QCD_BJetOS_2016postVFP=-0.353967	CMS_NPS26009_bckgShape_QCD_BJetOS_2016preVFP=0.236628	CMS_NPS26009_bckgShape_QCD_BJetOS_2017=-1.28283	CMS_NPS26009_bckgShape_QCD_BJetOS_2018=-1.06752	CMS_NPS26009_bckgShape_QCD_BJetOS_2022=0.000867323	CMS_NPS26009_bckgShape_QCD_BJetOS_2022EE=0.0127698	CMS_NPS26009_bckgShape_QCD_BJetOS_2023=0.11003	CMS_NPS26009_bckgShape_QCD_BJetOS_2023BPix=0.000131259	CMS_NPS26009_btag_fixedWP_bc_correlated_13TeV=-3.17174	CMS_NPS26009_btag_fixedWP_bc_correlated_13p6TeV=6.09413	CMS_NPS26009_btag_fixedWP_light_correlated_13TeV=-0.361607	CMS_NPS26009_btag_fixedWP_light_correlated_13p6TeV=0.79404	CMS_NPS26009_lumi_2016=1.38529	CMS_NPS26009_lumi_2017=-4.73902	CMS_NPS26009_lumi_2018=-3.92711	CMS_NPS26009_lumi_2022=1.38279	CMS_NPS26009_lumi_2023=0.944634	CMS_NPS26009_pdf_NNPDF31=2.79343	CMS_NPS26009_topmass_ttbar_BJetOS=1.85723	CMS_btag_fixedWP_bc_uncorrelated_2016postVFP=1.05144	CMS_btag_fixedWP_bc_uncorrelated_2016preVFP=2.58988	CMS_btag_fixedWP_bc_uncorrelated_2017=-7.38725	CMS_btag_fixedWP_bc_uncorrelated_2018=-4.82568	CMS_btag_fixedWP_bc_uncorrelated_2022=0.163297	CMS_btag_fixedWP_bc_uncorrelated_2022EE=2.04136	CMS_btag_fixedWP_bc_uncorrelated_2023=1.56462	CMS_btag_fixedWP_bc_uncorrelated_2023BPix=0.767096	CMS_btag_fixedWP_light_uncorrelated_2016postVFP=0.172701	CMS_btag_fixedWP_light_uncorrelated_2016preVFP=0.239557	CMS_btag_fixedWP_light_uncorrelated_2017=-0.347979	CMS_btag_fixedWP_light_uncorrelated_2018=-0.341267	CMS_btag_fixedWP_light_uncorrelated_2022=0.0194407	CMS_btag_fixedWP_light_uncorrelated_2022EE=0.307067	CMS_btag_fixedWP_light_uncorrelated_2023=0.0556375	CMS_btag_fixedWP_light_uncorrelated_2023BPix=0.0925838	CMS_eff_m_id_2016postVFP=0.0350086	CMS_eff_m_id_2016preVFP=0.126468	CMS_eff_m_id_2017=-0.196005	CMS_eff_m_id_2018=-0.17875	CMS_eff_m_id_2022=0.0357797	CMS_eff_m_id_2022EE=0.240204	CMS_eff_m_id_2023=0.233108	CMS_eff_m_id_2023BPix=0.124927	CMS_eff_m_trigger_2016postVFP=0.187313	CMS_eff_m_trigger_2016preVFP=0.543723	CMS_eff_m_trigger_2017=-0.894005	CMS_eff_m_trigger_2018=-0.605298	CMS_eff_m_trigger_2022=0.0484562	CMS_eff_m_trigger_2022EE=0.617584	CMS_eff_m_trigger_2023=0.413605	CMS_eff_m_trigger_2023BPix=0.169647	CMS_l1_prefiring_2016postVFP=-0.417206	CMS_l1_prefiring_2016preVFP=-0.863985	CMS_l1_prefiring_2017=2.27603	CMS_l1_prefiring_2018=0.273114	CMS_pileup_2016postVFP=-0.146168	CMS_pileup_2016preVFP=-0.819053	CMS_pileup_2017=0.493505	CMS_pileup_2018=-1.09747	CMS_pileup_2022=-0.000732098	CMS_pileup_2022EE=1.64598	CMS_pileup_2023=0.49265	CMS_pileup_2023BPix=-0.865977	CMS_res_j_2016postVFP=0.0310927	CMS_res_j_2016preVFP=0.00570515	CMS_res_j_2017=-0.00745554	CMS_res_j_2018=-0.0288967	CMS_res_j_2022=0.00167217	CMS_res_j_2022EE=-0.00364021	CMS_res_j_2023=0.00292481	CMS_res_j_2023BPix=0.0073303	CMS_scale_j_2016postVFP=0.0309037	CMS_scale_j_2016preVFP=0.00094717	CMS_scale_j_2017=-0.448736	CMS_scale_j_2018=-0.395403	CMS_scale_j_2022=0.0111888	CMS_scale_j_2022EE=0.0887333	CMS_scale_j_2023=0.240947	CMS_scale_j_2023BPix=1.02491	CMS_scale_m_2016postVFP=0.0412632	CMS_scale_m_2016preVFP=0.37168	CMS_scale_m_2017=0.319714	CMS_scale_m_2018=-0.18291	CMS_scale_m_2022=0.0328307	CMS_scale_m_2022EE=0.479511	CMS_scale_m_2023=0.507375	CMS_scale_m_2023BPix=0.378547	QCDscale_fac_ttbar=19.4472	QCDscale_ren_ttbar=34.7834	pdf_alphas=2.9805	r=2.16399
RooFit::Detail::RooFixedProdPdf::model_s[ ]
     getLogVal() top-level p.d.f not greater than zero @ !servers=(modelObs_s = 0)

RooAbsMinimizerFcn: Minimized function has error status.
Returning maximum FCN so far (973.349) to force MIGRAD to back out of this region. Error log follows.
Parameter values: 	CMS_NPS26009_LightJetStat_DY_BJetOS_2016postVFP=1.54779	CMS_NPS26009_LightJetStat_DY_BJetOS_2016preVFP=-2.63539	CMS_NPS26009_LightJetStat_DY_BJetOS_2017=18.8992	CMS_NPS26009_LightJetStat_DY_BJetOS_2018=35.9471	CMS_NPS26009_LightJetStat_DY_BJetOS_2022=0.403571	CMS_NPS26009_LightJetStat_DY_BJetOS_2022EE=10.9545	CMS_NPS26009_MCstat_other_BJetOS_2016postVFP=1.9735	CMS_NPS26009_MCstat_other_BJetOS_2016preVFP=54.9947	CMS_NPS26009_MCstat_other_BJetOS_2017=-3.99831	CMS_NPS26009_MCstat_other_BJetOS_2018=-1.17535	CMS_NPS26009_MCstat_other_BJetOS_2022=0.338777	CMS_NPS26009_MCstat_other_BJetOS_2022EE=6.25741	CMS_NPS26009_MCstat_other_BJetOS_2023=3.04414	CMS_NPS26009_MCstat_other_BJetOS_2023BPix=8.2713	CMS_NPS26009_MCstat_signal_BJetOS_2016postVFP=1.82892	CMS_NPS26009_MCstat_signal_BJetOS_2016preVFP=4.0225	CMS_NPS26009_MCstat_signal_BJetOS_2017=-12.9595	CMS_NPS26009_MCstat_signal_BJetOS_2018=-5.05658	CMS_NPS26009_MCstat_signal_BJetOS_2022=0.321747	CMS_NPS26009_MCstat_signal_BJetOS_2022EE=3.31137	CMS_NPS26009_MCstat_signal_BJetOS_2023=2.1694	CMS_NPS26009_MCstat_signal_BJetOS_2023BPix=0.635554	CMS_NPS26009_MCstat_singleTop_BJetOS_2016postVFP=0.502651	CMS_NPS26009_MCstat_singleTop_BJetOS_2016preVFP=10.4274	CMS_NPS26009_MCstat_singleTop_BJetOS_2017=-1.50407	CMS_NPS26009_MCstat_singleTop_BJetOS_2018=1.2763	CMS_NPS26009_MCstat_singleTop_BJetOS_2022=0.45418	CMS_NPS26009_MCstat_singleTop_BJetOS_2022EE=47.8389	CMS_NPS26009_MCstat_singleTop_BJetOS_2023=4.80494	CMS_NPS26009_MCstat_singleTop_BJetOS_2023BPix=1.56804	CMS_NPS26009_MCstat_ttbar_BJetOS_2016postVFP=2.51964	CMS_NPS26009_MCstat_ttbar_BJetOS_2016preVFP=25.2528	CMS_NPS26009_MCstat_ttbar_BJetOS_2017=-20.0342	CMS_NPS26009_MCstat_ttbar_BJetOS_2018=-0.830593	CMS_NPS26009_MCstat_ttbar_BJetOS_2022=3.16721	CMS_NPS26009_MCstat_ttbar_BJetOS_2022EE=47.2389	CMS_NPS26009_MCstat_ttbar_BJetOS_2023=23.1221	CMS_NPS26009_MCstat_ttbar_BJetOS_2023BPix=26.8955	CMS_NPS26009_NFStat_DY_BJetOS_2016postVFP=-5.15576	CMS_NPS26009_NFStat_DY_BJetOS_2016preVFP=47.3329	CMS_NPS26009_NFStat_DY_BJetOS_2017=1.11208	CMS_NPS26009_NFStat_DY_BJetOS_2018=5.36859	CMS_NPS26009_NFStat_DY_BJetOS_2022=0.386335	CMS_NPS26009_NFStat_DY_BJetOS_2022EE=0.39172	CMS_NPS26009_QCDscale_fac_singleTop=-1.9867	CMS_NPS26009_QCDscale_ren_singleTop=-5.81327	CMS_NPS26009_bckgNorm_QCD_BJetOS_2016postVFP=-0.00552972	CMS_NPS26009_bckgNorm_QCD_BJetOS_2016preVFP=1.00674e-05	CMS_NPS26009_bckgNorm_QCD_BJetOS_2017=0.00482491	CMS_NPS26009_bckgNorm_QCD_BJetOS_2018=0.119381	CMS_NPS26009_bckgNorm_QCD_BJetOS_2022=-6.98735e-05	CMS_NPS26009_bckgNorm_QCD_BJetOS_2022EE=-0.000193319	CMS_NPS26009_bckgNorm_QCD_BJetOS_2023=0.00646076	CMS_NPS26009_bckgNorm_QCD_BJetOS_2023BPix=-5.51142e-06	CMS_NPS26009_bckgShape_QCD_BJetOS_2016postVFP=0.384518	CMS_NPS26009_bckgShape_QCD_BJetOS_2016preVFP=-0.0542774	CMS_NPS26009_bckgShape_QCD_BJetOS_2017=-1.33323	CMS_NPS26009_bckgShape_QCD_BJetOS_2018=-0.751161	CMS_NPS26009_bckgShape_QCD_BJetOS_2022=-0.0120177	CMS_NPS26009_bckgShape_QCD_BJetOS_2022EE=-0.038551	CMS_NPS26009_bckgShape_QCD_BJetOS_2023=-0.0329823	CMS_NPS26009_bckgShape_QCD_BJetOS_2023BPix=-0.00170077	CMS_NPS26009_btag_fixedWP_bc_correlated_13TeV=1.10461	CMS_NPS26009_btag_fixedWP_bc_correlated_13p6TeV=40.0959	CMS_NPS26009_btag_fixedWP_light_correlated_13TeV=1.68369	CMS_NPS26009_btag_fixedWP_light_correlated_13p6TeV=5.24878	CMS_NPS26009_lumi_2016=7.58155	CMS_NPS26009_lumi_2017=-25.7652	CMS_NPS26009_lumi_2018=-5.42682	CMS_NPS26009_lumi_2022=8.58755	CMS_NPS26009_lumi_2023=5.81745	CMS_NPS26009_pdf_NNPDF31=24.4472	CMS_NPS26009_topmass_ttbar_BJetOS=20.8375	CMS_btag_fixedWP_bc_uncorrelated_2016postVFP=4.36823	CMS_btag_fixedWP_bc_uncorrelated_2016preVFP=15.5348	CMS_btag_fixedWP_bc_uncorrelated_2017=-40.0851	CMS_btag_fixedWP_bc_uncorrelated_2018=-9.40642	CMS_btag_fixedWP_bc_uncorrelated_2022=1.28863	CMS_btag_fixedWP_bc_uncorrelated_2022EE=12.6511	CMS_btag_fixedWP_bc_uncorrelated_2023=9.12922	CMS_btag_fixedWP_bc_uncorrelated_2023BPix=5.37364	CMS_btag_fixedWP_light_uncorrelated_2016postVFP=0.54447	CMS_btag_fixedWP_light_uncorrelated_2016preVFP=1.42701	CMS_btag_fixedWP_light_uncorrelated_2017=-1.84891	CMS_btag_fixedWP_light_uncorrelated_2018=0.150023	CMS_btag_fixedWP_light_uncorrelated_2022=0.161501	CMS_btag_fixedWP_light_uncorrelated_2022EE=1.90606	CMS_btag_fixedWP_light_uncorrelated_2023=0.321426	CMS_btag_fixedWP_light_uncorrelated_2023BPix=0.621568	CMS_eff_m_id_2016postVFP=0.146117	CMS_eff_m_id_2016preVFP=0.75682	CMS_eff_m_id_2017=-1.06534	CMS_eff_m_id_2018=-0.277335	CMS_eff_m_id_2022=0.284552	CMS_eff_m_id_2022EE=1.48831	CMS_eff_m_id_2023=1.3666	CMS_eff_m_id_2023BPix=0.886432	CMS_eff_m_trigger_2016postVFP=0.779775	CMS_eff_m_trigger_2016preVFP=3.25274	CMS_eff_m_trigger_2017=-4.86359	CMS_eff_m_trigger_2018=-0.900161	CMS_eff_m_trigger_2022=0.38881	CMS_eff_m_trigger_2022EE=3.82968	CMS_eff_m_trigger_2023=2.40698	CMS_eff_m_trigger_2023BPix=1.20093	CMS_l1_prefiring_2016postVFP=-1.77113	CMS_l1_prefiring_2016preVFP=-5.16813	CMS_l1_prefiring_2017=12.4104	CMS_l1_prefiring_2018=0.383632	CMS_pileup_2016postVFP=-0.645878	CMS_pileup_2016preVFP=-4.88734	CMS_pileup_2017=3.04973	CMS_pileup_2018=0.0598034	CMS_pileup_2022=-0.008683	CMS_pileup_2022EE=9.11264	CMS_pileup_2023=2.79336	CMS_pileup_2023BPix=-5.72527	CMS_res_j_2016postVFP=0.098534	CMS_res_j_2016preVFP=0.0342262	CMS_res_j_2017=-0.0350997	CMS_res_j_2018=0.300416	CMS_res_j_2022=0.00970781	CMS_res_j_2022EE=-0.0236075	CMS_res_j_2023=0.0166565	CMS_res_j_2023BPix=0.048141	CMS_scale_j_2016postVFP=0.0986494	CMS_scale_j_2016preVFP=0.00603712	CMS_scale_j_2017=-2.3941	CMS_scale_j_2018=-1.01976	CMS_scale_j_2022=0.0903046	CMS_scale_j_2022EE=0.549452	CMS_scale_j_2023=1.40543	CMS_scale_j_2023BPix=7.52761	CMS_scale_m_2016postVFP=0.132054	CMS_scale_m_2016preVFP=2.20462	CMS_scale_m_2017=1.23245	CMS_scale_m_2018=-0.559642	CMS_scale_m_2022=0.274418	CMS_scale_m_2022EE=2.91368	CMS_scale_m_2023=2.90503	CMS_scale_m_2023BPix=2.5487	QCDscale_fac_ttbar=97.1902	QCDscale_ren_ttbar=176.897	pdf_alphas=26.3927	r=2.16399
RooFit::Detail::RooFixedProdPdf::model_s[ ]
     getLogVal() top-level p.d.f not greater than zero @ !servers=(modelObs_s = 0)

RooAbsMinimizerFcn: Minimized function has error status.
Returning maximum FCN so far (973.349) to force MIGRAD to back out of this region. Error log follows.
Parameter values: 	CMS_NPS26009_LightJetStat_DY_BJetOS_2016postVFP=-3.31501	CMS_NPS26009_LightJetStat_DY_BJetOS_2016preVFP=-0.327166	CMS_NPS26009_LightJetStat_DY_BJetOS_2017=16.2203	CMS_NPS26009_LightJetStat_DY_BJetOS_2018=55.6783	CMS_NPS26009_LightJetStat_DY_BJetOS_2022=0.307936	CMS_NPS26009_LightJetStat_DY_BJetOS_2022EE=9.33235	CMS_NPS26009_MCstat_other_BJetOS_2016postVFP=1.64906	CMS_NPS26009_MCstat_other_BJetOS_2016preVFP=49.6769	CMS_NPS26009_MCstat_other_BJetOS_2017=-2.98774	CMS_NPS26009_MCstat_other_BJetOS_2018=-0.590194	CMS_NPS26009_MCstat_other_BJetOS_2022=0.256241	CMS_NPS26009_MCstat_other_BJetOS_2022EE=5.56921	CMS_NPS26009_MCstat_other_BJetOS_2023=2.74796	CMS_NPS26009_MCstat_other_BJetOS_2023BPix=7.40673	CMS_NPS26009_MCstat_signal_BJetOS_2016postVFP=1.57049	CMS_NPS26009_MCstat_signal_BJetOS_2016preVFP=3.56194	CMS_NPS26009_MCstat_signal_BJetOS_2017=-10.8957	CMS_NPS26009_MCstat_signal_BJetOS_2018=-3.90741	CMS_NPS26009_MCstat_signal_BJetOS_2022=0.264117	CMS_NPS26009_MCstat_signal_BJetOS_2022EE=2.94191	CMS_NPS26009_MCstat_signal_BJetOS_2023=2.0572	CMS_NPS26009_MCstat_signal_BJetOS_2023BPix=0.573	CMS_NPS26009_MCstat_singleTop_BJetOS_2016postVFP=0.417244	CMS_NPS26009_MCstat_singleTop_BJetOS_2016preVFP=9.18812	CMS_NPS26009_MCstat_singleTop_BJetOS_2017=-0.874707	CMS_NPS26009_MCstat_singleTop_BJetOS_2018=1.5312	CMS_NPS26009_MCstat_singleTop_BJetOS_2022=0.143292	CMS_NPS26009_MCstat_singleTop_BJetOS_2022EE=41.0097	CMS_NPS26009_MCstat_singleTop_BJetOS_2023=4.3447	CMS_NPS26009_MCstat_singleTop_BJetOS_2023BPix=1.39412	CMS_NPS26009_MCstat_ttbar_BJetOS_2016postVFP=2.11212	CMS_NPS26009_MCstat_ttbar_BJetOS_2016preVFP=22.2286	CMS_NPS26009_MCstat_ttbar_BJetOS_2017=-16.7379	CMS_NPS26009_MCstat_ttbar_BJetOS_2018=0.665571	CMS_NPS26009_MCstat_ttbar_BJetOS_2022=2.82972	CMS_NPS26009_MCstat_ttbar_BJetOS_2022EE=42.4606	CMS_NPS26009_MCstat_ttbar_BJetOS_2023=20.5995	CMS_NPS26009_MCstat_ttbar_BJetOS_2023BPix=24.5823	CMS_NPS26009_NFStat_DY_BJetOS_2016postVFP=-4.50971	CMS_NPS26009_NFStat_DY_BJetOS_2016preVFP=41.5971	CMS_NPS26009_NFStat_DY_BJetOS_2017=3.81842	CMS_NPS26009_NFStat_DY_BJetOS_2018=5.57765	CMS_NPS26009_NFStat_DY_BJetOS_2022=0.293574	CMS_NPS26009_NFStat_DY_BJetOS_2022EE=0.321339	CMS_NPS26009_QCDscale_fac_singleTop=-1.88665	CMS_NPS26009_QCDscale_ren_singleTop=-5.35503	CMS_NPS26009_bckgNorm_QCD_BJetOS_2016postVFP=0.000155959	CMS_NPS26009_bckgNorm_QCD_BJetOS_2016preVFP=-0.000654042	CMS_NPS26009_bckgNorm_QCD_BJetOS_2017=0.0353258	CMS_NPS26009_bckgNorm_QCD_BJetOS_2018=0.103106	CMS_NPS26009_bckgNorm_QCD_BJetOS_2022=-1.01345e-05	CMS_NPS26009_bckgNorm_QCD_BJetOS_2022EE=-3.36282e-05	CMS_NPS26009_bckgNorm_QCD_BJetOS_2023=0.00289809	CMS_NPS26009_bckgNorm_QCD_BJetOS_2023BPix=1.06221e-06	CMS_NPS26009_bckgShape_QCD_BJetOS_2016postVFP=-0.948831	CMS_NPS26009_bckgShape_QCD_BJetOS_2016preVFP=-0.282596	CMS_NPS26009_bckgShape_QCD_BJetOS_2017=0.683252	CMS_NPS26009_bckgShape_QCD_BJetOS_2018=1.61515	CMS_NPS26009_bckgShape_QCD_BJetOS_2022=0.0102788	CMS_NPS26009_bckgShape_QCD_BJetOS_2022EE=0.0530324	CMS_NPS26009_bckgShape_QCD_BJetOS_2023=0.153182	CMS_NPS26009_bckgShape_QCD_BJetOS_2023BPix=0.00151746	CMS_NPS26009_btag_fixedWP_bc_correlated_13TeV=4.18082	CMS_NPS26009_btag_fixedWP_bc_correlated_13p6TeV=36.1241	CMS_NPS26009_btag_fixedWP_light_correlated_13TeV=1.919	CMS_NPS26009_btag_fixedWP_light_correlated_13p6TeV=4.81619	CMS_NPS26009_lumi_2016=6.65452	CMS_NPS26009_lumi_2017=-21.5957	CMS_NPS26009_lumi_2018=-3.23651	CMS_NPS26009_lumi_2022=7.62619	CMS_NPS26009_lumi_2023=5.2864	CMS_NPS26009_pdf_NNPDF31=22.9165	CMS_NPS26009_topmass_ttbar_BJetOS=19.8408	CMS_btag_fixedWP_bc_uncorrelated_2016postVFP=3.7312	CMS_btag_fixedWP_bc_uncorrelated_2016preVFP=13.7688	CMS_btag_fixedWP_bc_uncorrelated_2017=-33.5281	CMS_btag_fixedWP_bc_uncorrelated_2018=-6.60372	CMS_btag_fixedWP_bc_uncorrelated_2022=1.10904	CMS_btag_fixedWP_bc_uncorrelated_2022EE=11.3079	CMS_btag_fixedWP_bc_uncorrelated_2023=8.20149	CMS_btag_fixedWP_bc_uncorrelated_2023BPix=4.97345	CMS_btag_fixedWP_light_uncorrelated_2016postVFP=0.457363	CMS_btag_fixedWP_light_uncorrelated_2016preVFP=1.25788	CMS_btag_fixedWP_light_uncorrelated_2017=-1.52957	CMS_btag_fixedWP_light_uncorrelated_2018=0.315309	CMS_btag_fixedWP_light_uncorrelated_2022=0.14302	CMS_btag_fixedWP_light_uncorrelated_2022EE=1.71036	CMS_btag_fixedWP_light_uncorrelated_2023=0.285925	CMS_btag_fixedWP_light_uncorrelated_2023BPix=0.573734	CMS_eff_m_id_2016postVFP=0.124807	CMS_eff_m_id_2016preVFP=0.669189	CMS_eff_m_id_2017=-0.892592	CMS_eff_m_id_2018=-0.176366	CMS_eff_m_id_2022=0.246906	CMS_eff_m_id_2022EE=1.32951	CMS_eff_m_id_2023=1.2329	CMS_eff_m_id_2023BPix=0.821586	CMS_eff_m_trigger_2016postVFP=0.665967	CMS_eff_m_trigger_2016preVFP=2.87533	CMS_eff_m_trigger_2017=-4.07749	CMS_eff_m_trigger_2018=-0.559839	CMS_eff_m_trigger_2022=0.337202	CMS_eff_m_trigger_2022EE=3.42748	CMS_eff_m_trigger_2023=2.15765	CMS_eff_m_trigger_2023BPix=1.1136	CMS_l1_prefiring_2016postVFP=-1.51449	CMS_l1_prefiring_2016preVFP=-4.56777	CMS_l1_prefiring_2017=10.419	CMS_l1_prefiring_2018=0.230974	CMS_pileup_2016postVFP=-0.554709	CMS_pileup_2016preVFP=-4.32059	CMS_pileup_2017=2.64983	CMS_pileup_2018=0.608595	CMS_pileup_2022=0.0408616	CMS_pileup_2022EE=7.52072	CMS_pileup_2023=2.45122	CMS_pileup_2023BPix=-5.17387	CMS_res_j_2016postVFP=0.0829538	CMS_res_j_2016preVFP=0.030314	CMS_res_j_2017=-0.0277004	CMS_res_j_2018=0.302794	CMS_res_j_2022=0.00851155	CMS_res_j_2022EE=-0.0212348	CMS_res_j_2023=0.0143142	CMS_res_j_2023BPix=0.0432831	CMS_scale_j_2016postVFP=0.0830968	CMS_scale_j_2016preVFP=0.00554989	CMS_scale_j_2017=-1.97905	CMS_scale_j_2018=-0.779371	CMS_scale_j_2022=0.0801383	CMS_scale_j_2022EE=0.493387	CMS_scale_j_2023=1.25965	CMS_scale_j_2023BPix=7.3045	CMS_scale_m_2016postVFP=0.111343	CMS_scale_m_2016preVFP=1.93635	CMS_scale_m_2017=0.791856	CMS_scale_m_2018=-0.444892	CMS_scale_m_2022=0.245548	CMS_scale_m_2022EE=2.5789	CMS_scale_m_2023=2.56837	CMS_scale_m_2023BPix=2.35652	QCDscale_fac_ttbar=80.393	QCDscale_ren_ttbar=151.926	pdf_alphas=25.1662	r=2.16399
RooFit::Detail::RooFixedProdPdf::model_s[ ]
     getLogVal() top-level p.d.f not greater than zero @ !servers=(modelObs_s = 0)

RooAbsMinimizerFcn: Minimized function has error status.
Returning maximum FCN so far (973.349) to force MIGRAD to back out of this region. Error log follows.
Parameter values: 	CMS_NPS26009_LightJetStat_DY_BJetOS_2016postVFP=-0.567463	CMS_NPS26009_LightJetStat_DY_BJetOS_2016preVFP=8.04443	CMS_NPS26009_LightJetStat_DY_BJetOS_2017=2.7251	CMS_NPS26009_LightJetStat_DY_BJetOS_2018=-2.47141	CMS_NPS26009_LightJetStat_DY_BJetOS_2022=-0.27176	CMS_NPS26009_LightJetStat_DY_BJetOS_2022EE=-0.80376	CMS_NPS26009_MCstat_other_BJetOS_2016postVFP=0.131249	CMS_NPS26009_MCstat_other_BJetOS_2016preVFP=9.7701	CMS_NPS26009_MCstat_other_BJetOS_2017=2.7976	CMS_NPS26009_MCstat_other_BJetOS_2018=-0.0710995	CMS_NPS26009_MCstat_other_BJetOS_2022=-0.244907	CMS_NPS26009_MCstat_other_BJetOS_2022EE=0.945274	CMS_NPS26009_MCstat_other_BJetOS_2023=0.731739	CMS_NPS26009_MCstat_other_BJetOS_2023BPix=1.6443	CMS_NPS26009_MCstat_signal_BJetOS_2016postVFP=0.130641	CMS_NPS26009_MCstat_signal_BJetOS_2016preVFP=0.532081	CMS_NPS26009_MCstat_signal_BJetOS_2017=1.54502	CMS_NPS26009_MCstat_signal_BJetOS_2018=-0.383651	CMS_NPS26009_MCstat_signal_BJetOS_2022=-0.0932779	CMS_NPS26009_MCstat_signal_BJetOS_2022EE=0.426784	CMS_NPS26009_MCstat_signal_BJetOS_2023=1.05493	CMS_NPS26009_MCstat_signal_BJetOS_2023BPix=0.128574	CMS_NPS26009_MCstat_singleTop_BJetOS_2016postVFP=0.0265971	CMS_NPS26009_MCstat_singleTop_BJetOS_2016preVFP=1.16402	CMS_NPS26009_MCstat_singleTop_BJetOS_2017=2.67237	CMS_NPS26009_MCstat_singleTop_BJetOS_2018=0.124009	CMS_NPS26009_MCstat_singleTop_BJetOS_2022=-1.63038	CMS_NPS26009_MCstat_singleTop_BJetOS_2022EE=-0.0961095	CMS_NPS26009_MCstat_singleTop_BJetOS_2023=1.24034	CMS_NPS26009_MCstat_singleTop_BJetOS_2023BPix=0.231586	CMS_NPS26009_MCstat_ttbar_BJetOS_2016postVFP=0.311882	CMS_NPS26009_MCstat_ttbar_BJetOS_2016preVFP=2.58857	CMS_NPS26009_MCstat_ttbar_BJetOS_2017=3.07462	CMS_NPS26009_MCstat_ttbar_BJetOS_2018=0.16751	CMS_NPS26009_MCstat_ttbar_BJetOS_2022=0.455295	CMS_NPS26009_MCstat_ttbar_BJetOS_2022EE=10.1207	CMS_NPS26009_MCstat_ttbar_BJetOS_2023=3.83515	CMS_NPS26009_MCstat_ttbar_BJetOS_2023BPix=8.49277	CMS_NPS26009_NFStat_DY_BJetOS_2016postVFP=0.18888	CMS_NPS26009_NFStat_DY_BJetOS_2016preVFP=4.96926	CMS_NPS26009_NFStat_DY_BJetOS_2017=19.2123	CMS_NPS26009_NFStat_DY_BJetOS_2018=0.18829	CMS_NPS26009_NFStat_DY_BJetOS_2022=-0.268632	CMS_NPS26009_NFStat_DY_BJetOS_2022EE=-0.115758	CMS_NPS26009_QCDscale_fac_singleTop=-0.308467	CMS_NPS26009_QCDscale_ren_singleTop=-0.968818	CMS_NPS26009_bckgNorm_QCD_BJetOS_2016postVFP=0.00272125	CMS_NPS26009_bckgNorm_QCD_BJetOS_2016preVFP=5.02536e-05	CMS_NPS26009_bckgNorm_QCD_BJetOS_2017=0.0191652	CMS_NPS26009_bckgNorm_QCD_BJetOS_2018=0.00862233	CMS_NPS26009_bckgNorm_QCD_BJetOS_2022=3.19361e-06	CMS_NPS26009_bckgNorm_QCD_BJetOS_2022EE=-1.68801e-05	CMS_NPS26009_bckgNorm_QCD_BJetOS_2023=0.00106297	CMS_NPS26009_bckgNorm_QCD_BJetOS_2023BPix=-1.03244e-06	CMS_NPS26009_bckgShape_QCD_BJetOS_2016postVFP=0.209076	CMS_NPS26009_bckgShape_QCD_BJetOS_2016preVFP=0.0543291	CMS_NPS26009_bckgShape_QCD_BJetOS_2017=-0.293283	CMS_NPS26009_bckgShape_QCD_BJetOS_2018=1.31593	CMS_NPS26009_bckgShape_QCD_BJetOS_2022=-3.05877e-06	CMS_NPS26009_bckgShape_QCD_BJetOS_2022EE=-0.0013712	CMS_NPS26009_bckgShape_QCD_BJetOS_2023=-0.00617962	CMS_NPS26009_bckgShape_QCD_BJetOS_2023BPix=-3.53975e-06	CMS_NPS26009_btag_fixedWP_bc_correlated_13TeV=10.9619	CMS_NPS26009_btag_fixedWP_bc_correlated_13p6TeV=6.98117	CMS_NPS26009_btag_fixedWP_light_correlated_13TeV=0.939154	CMS_NPS26009_btag_fixedWP_light_correlated_13p6TeV=1.59423	CMS_NPS26009_lumi_2016=0.879042	CMS_NPS26009_lumi_2017=3.48348	CMS_NPS26009_lumi_2018=-0.285474	CMS_NPS26009_lumi_2022=1.16039	CMS_NPS26009_lumi_2023=1.56254	CMS_NPS26009_pdf_NNPDF31=7.60709	CMS_NPS26009_topmass_ttbar_BJetOS=6.80328	CMS_btag_fixedWP_bc_uncorrelated_2016postVFP=0.354936	CMS_btag_fixedWP_bc_uncorrelated_2016preVFP=2.18755	CMS_btag_fixedWP_bc_uncorrelated_2017=5.98329	CMS_btag_fixedWP_bc_uncorrelated_2018=-0.61982	CMS_btag_fixedWP_bc_uncorrelated_2022=-0.0704994	CMS_btag_fixedWP_bc_uncorrelated_2022EE=2.15208	CMS_btag_fixedWP_bc_uncorrelated_2023=1.80871	CMS_btag_fixedWP_bc_uncorrelated_2023BPix=1.98348	CMS_btag_fixedWP_light_uncorrelated_2016postVFP=0.0580803	CMS_btag_fixedWP_light_uncorrelated_2016preVFP=0.157221	CMS_btag_fixedWP_light_uncorrelated_2017=0.37745	CMS_btag_fixedWP_light_uncorrelated_2018=0.0407244	CMS_btag_fixedWP_light_uncorrelated_2022=0.0162576	CMS_btag_fixedWP_light_uncorrelated_2022EE=0.37367	CMS_btag_fixedWP_light_uncorrelated_2023=0.0478747	CMS_btag_fixedWP_light_uncorrelated_2023BPix=0.225385	CMS_eff_m_id_2016postVFP=0.0116856	CMS_eff_m_id_2016preVFP=0.0954783	CMS_eff_m_id_2017=0.146275	CMS_eff_m_id_2018=-0.0158231	CMS_eff_m_id_2022=-0.00285227	CMS_eff_m_id_2022EE=0.247044	CMS_eff_m_id_2023=0.297803	CMS_eff_m_id_2023BPix=0.331316	CMS_eff_m_trigger_2016postVFP=0.06255	CMS_eff_m_trigger_2016preVFP=0.405333	CMS_eff_m_trigger_2017=0.651533	CMS_eff_m_trigger_2018=-0.0496395	CMS_eff_m_trigger_2022=-0.00533989	CMS_eff_m_trigger_2022EE=0.683381	CMS_eff_m_trigger_2023=0.447836	CMS_eff_m_trigger_2023BPix=0.452752	CMS_l1_prefiring_2016postVFP=-0.140639	CMS_l1_prefiring_2016preVFP=-0.638619	CMS_l1_prefiring_2017=-1.57079	CMS_l1_prefiring_2018=0.0198622	CMS_pileup_2016postVFP=-0.054451	CMS_pileup_2016preVFP=-0.635671	CMS_pileup_2017=0.130575	CMS_pileup_2018=0.0913703	CMS_pileup_2022=0.312173	CMS_pileup_2022EE=-2.31842	CMS_pileup_2023=0.193373	CMS_pileup_2023BPix=-1.35181	CMS_res_j_2016postVFP=0.011064	CMS_res_j_2016preVFP=0.00461835	CMS_res_j_2017=0.0153433	CMS_res_j_2018=0.033778	CMS_res_j_2022=0.00108168	CMS_res_j_2022EE=-0.00387402	CMS_res_j_2023=-5.10829e-05	CMS_res_j_2023BPix=0.0108421	CMS_scale_j_2016postVFP=0.0110185	CMS_scale_j_2016preVFP=0.00197897	CMS_scale_j_2017=0.499858	CMS_scale_j_2018=-0.0695166	CMS_scale_j_2022=0.0107394	CMS_scale_j_2022EE=0.111815	CMS_scale_j_2023=0.279238	CMS_scale_j_2023BPix=5.09556	CMS_scale_m_2016postVFP=0.0150457	CMS_scale_m_2016preVFP=0.197922	CMS_scale_m_2017=-1.6427	CMS_scale_m_2018=-0.042289	CMS_scale_m_2022=0.0451397	CMS_scale_m_2022EE=0.34904	CMS_scale_m_2023=0.33815	CMS_scale_m_2023BPix=0.945733	QCDscale_fac_ttbar=-13.7534	QCDscale_ren_ttbar=1.61027	pdf_alphas=11.5385	r=2.16399
RooFit::Detail::RooFixedProdPdf::model_s[ ]
     getLogVal() top-level p.d.f not greater than zero @ !servers=(modelObs_s = 0)


 --- MultiDimFit ---
best fit parameter values and profile-likelihood uncertainties: 
   r :    +2.772   -1.185/+0.383 (68%)
Doing initial fit: 

 --- MultiDimFit ---
best fit parameter values and profile-likelihood uncertainties: 
   r :    +0.867   -0.556/+0.663 (68%)
Doing initial fit: 

 --- MultiDimFit ---
best fit parameter values and profile-likelihood uncertainties: 
   r :    +0.819   -0.691/+0.660 (68%)
Doing initial fit: 

 --- MultiDimFit ---
best fit parameter values and profile-likelihood uncertainties: 
   r :    +0.489   -0.521/+0.550 (68%)
Doing initial fit: 

 --- MultiDimFit ---
best fit parameter values and profile-likelihood uncertainties: 
   r :    +1.388   -0.532/+0.573 (68%)
Doing initial fit: 

 --- MultiDimFit ---
best fit parameter values and profile-likelihood uncertainties: 
   r :    +2.793   -0.877/+0.763 (68%)
Doing initial fit: 

 --- MultiDimFit ---
best fit parameter values and profile-likelihood uncertainties: 
   r :    +2.390   -0.762/+0.747 (68%)
Doing initial fit: 

 --- MultiDimFit ---
best fit parameter values and profile-likelihood uncertainties: 
   r :    +1.556   -0.595/+0.586 (68%)
Doing initial fit: 

 --- MultiDimFit ---
best fit parameter values and profile-likelihood uncertainties: 
   r :    +1.129   -0.600/+0.636 (68%)
Doing initial fit: 

 --- MultiDimFit ---
best fit parameter values and profile-likelihood uncertainties: 
   r :    +2.652   -0.621/+0.662 (68%)
Doing initial fit: 

 --- MultiDimFit ---
best fit parameter values and profile-likelihood uncertainties: 
   r :    +2.478   -1.024/+0.293 (68%)
Doing initial fit: 

 --- MultiDimFit ---
best fit parameter values and profile-likelihood uncertainties: 
   r :    +1.780   -0.694/+0.711 (68%)
Doing initial fit: 

 --- MultiDimFit ---
best fit parameter values and profile-likelihood uncertainties: 
   r :    +2.184   -0.636/+0.732 (68%)
Doing initial fit: 

 --- MultiDimFit ---
best fit parameter values and profile-likelihood uncertainties: 
   r :    +1.286   -0.929/+0.651 (68%)
Doing initial fit: 

 --- MultiDimFit ---
best fit parameter values and profile-likelihood uncertainties: 
   r :    +1.230   -0.652/+0.680 (68%)
Doing initial fit: 

 --- MultiDimFit ---
best fit parameter values and profile-likelihood uncertainties: 
   r :    +1.812   -0.550/+0.543 (68%)
Doing initial fit: 

 --- MultiDimFit ---
best fit parameter values and profile-likelihood uncertainties: 
   r :    +1.708   -0.588/+0.579 (68%)
Doing initial fit: 

 

 ---------------------------

 WARNING: MultiDimFit failed

 ---------------------------

 
Doing initial fit: 

 --- MultiDimFit ---
best fit parameter values and profile-likelihood uncertainties: 
   r :    +0.214   -0.648/+0.694 (68%)
Doing initial fit: 

 --- MultiDimFit ---
best fit parameter values and profile-likelihood uncertainties: 
   r :    +2.387   -0.671/+0.702 (68%)
Doing initial fit: 

 --- MultiDimFit ---
best fit parameter values and profile-likelihood uncertainties: 
   r :    +2.189   -1.401/+0.158 (68%)
Doing initial fit: 

 --- MultiDimFit ---
best fit parameter values and profile-likelihood uncertainties: 
   r :    +2.196   -0.667/+0.628 (68%)
Doing initial fit: 

 --- MultiDimFit ---
best fit parameter values and profile-likelihood uncertainties: 
   r :    +2.013   -0.740/+0.766 (68%)
Doing initial fit: 

 --- MultiDimFit ---
best fit parameter values and profile-likelihood uncertainties: 
   r :    -0.178   -0.574/+0.577 (68%)
Doing initial fit: 

 --- MultiDimFit ---
best fit parameter values and profile-likelihood uncertainties: 
   r :    +1.517   -0.584/+0.661 (68%)
Doing initial fit: 

 --- MultiDimFit ---
best fit parameter values and profile-likelihood uncertainties: 
   r :    +1.278   -0.584/+0.568 (68%)
Doing initial fit: 

 --- MultiDimFit ---
best fit parameter values and profile-likelihood uncertainties: 
   r :    +0.810   -0.662/+0.693 (68%)
Doing initial fit: 

 --- MultiDimFit ---
best fit parameter values and profile-likelihood uncertainties: 
   r :    +2.119   -0.681/+0.713 (68%)
Doing initial fit: 
RooAbsMinimizerFcn: Minimized function has error status.
Returning maximum FCN so far (0.671823) to force MIGRAD to back out of this region. Error log follows.
Parameter values: 	CMS_NPS26009_LightJetStat_DY_BJetOS_2016postVFP=22.6468	CMS_NPS26009_LightJetStat_DY_BJetOS_2016preVFP=7.19465	CMS_NPS26009_LightJetStat_DY_BJetOS_2017=-13.6246	CMS_NPS26009_LightJetStat_DY_BJetOS_2018=8.85993	CMS_NPS26009_LightJetStat_DY_BJetOS_2022=0.725872	CMS_NPS26009_LightJetStat_DY_BJetOS_2022EE=1.10691	CMS_NPS26009_MCstat_other_BJetOS_2016postVFP=0.415458	CMS_NPS26009_MCstat_other_BJetOS_2016preVFP=0.55294	CMS_NPS26009_MCstat_other_BJetOS_2017=0.362647	CMS_NPS26009_MCstat_other_BJetOS_2018=-1.1287	CMS_NPS26009_MCstat_other_BJetOS_2022=0.25868	CMS_NPS26009_MCstat_other_BJetOS_2022EE=1.57811	CMS_NPS26009_MCstat_other_BJetOS_2023=0.136636	CMS_NPS26009_MCstat_other_BJetOS_2023BPix=1.33192	CMS_NPS26009_MCstat_signal_BJetOS_2016postVFP=-0.0331367	CMS_NPS26009_MCstat_signal_BJetOS_2016preVFP=0.205009	CMS_NPS26009_MCstat_signal_BJetOS_2017=-0.0276742	CMS_NPS26009_MCstat_signal_BJetOS_2018=-3.26211	CMS_NPS26009_MCstat_signal_BJetOS_2022=-0.0464136	CMS_NPS26009_MCstat_signal_BJetOS_2022EE=0.581606	CMS_NPS26009_MCstat_signal_BJetOS_2023=0.0522857	CMS_NPS26009_MCstat_signal_BJetOS_2023BPix=0.0397702	CMS_NPS26009_MCstat_singleTop_BJetOS_2016postVFP=0.116675	CMS_NPS26009_MCstat_singleTop_BJetOS_2016preVFP=2.04098	CMS_NPS26009_MCstat_singleTop_BJetOS_2017=0.270677	CMS_NPS26009_MCstat_singleTop_BJetOS_2018=-0.723897	CMS_NPS26009_MCstat_singleTop_BJetOS_2022=0.245124	CMS_NPS26009_MCstat_singleTop_BJetOS_2022EE=5.52039	CMS_NPS26009_MCstat_singleTop_BJetOS_2023=0.308606	CMS_NPS26009_MCstat_singleTop_BJetOS_2023BPix=0.264068	CMS_NPS26009_MCstat_ttbar_BJetOS_2016postVFP=0.840263	CMS_NPS26009_MCstat_ttbar_BJetOS_2016preVFP=4.77624	CMS_NPS26009_MCstat_ttbar_BJetOS_2017=0.0901883	CMS_NPS26009_MCstat_ttbar_BJetOS_2018=-5.06261	CMS_NPS26009_MCstat_ttbar_BJetOS_2022=1.06311	CMS_NPS26009_MCstat_ttbar_BJetOS_2022EE=6.7263	CMS_NPS26009_MCstat_ttbar_BJetOS_2023=4.59103	CMS_NPS26009_MCstat_ttbar_BJetOS_2023BPix=4.21466	CMS_NPS26009_NFStat_DY_BJetOS_2016postVFP=1.20948	CMS_NPS26009_NFStat_DY_BJetOS_2016preVFP=0.838588	CMS_NPS26009_NFStat_DY_BJetOS_2017=-1.60978	CMS_NPS26009_NFStat_DY_BJetOS_2018=-17.6898	CMS_NPS26009_NFStat_DY_BJetOS_2022=0.146135	CMS_NPS26009_NFStat_DY_BJetOS_2022EE=0.263467	CMS_NPS26009_QCDscale_fac_singleTop=-0.890024	CMS_NPS26009_QCDscale_ren_singleTop=-1.86686	CMS_NPS26009_bckgNorm_QCD_BJetOS_2016postVFP=4.87494e-05	CMS_NPS26009_bckgNorm_QCD_BJetOS_2016preVFP=-8.41623e-05	CMS_NPS26009_bckgNorm_QCD_BJetOS_2017=0.0189393	CMS_NPS26009_bckgNorm_QCD_BJetOS_2018=0.0004429	CMS_NPS26009_bckgNorm_QCD_BJetOS_2022=4.37888e-05	CMS_NPS26009_bckgNorm_QCD_BJetOS_2022EE=5.79704e-05	CMS_NPS26009_bckgNorm_QCD_BJetOS_2023=-0.000118102	CMS_NPS26009_bckgNorm_QCD_BJetOS_2023BPix=-1.44424e-06	CMS_NPS26009_bckgShape_QCD_BJetOS_2016postVFP=0.90875	CMS_NPS26009_bckgShape_QCD_BJetOS_2016preVFP=0.20795	CMS_NPS26009_bckgShape_QCD_BJetOS_2017=1.32516	CMS_NPS26009_bckgShape_QCD_BJetOS_2018=-1.70156	CMS_NPS26009_bckgShape_QCD_BJetOS_2022=0.00748218	CMS_NPS26009_bckgShape_QCD_BJetOS_2022EE=0.0419958	CMS_NPS26009_bckgShape_QCD_BJetOS_2023=0.0807422	CMS_NPS26009_bckgShape_QCD_BJetOS_2023BPix=0.00032087	CMS_NPS26009_btag_fixedWP_bc_correlated_13TeV=-9.75292	CMS_NPS26009_btag_fixedWP_bc_correlated_13p6TeV=12.6217	CMS_NPS26009_btag_fixedWP_light_correlated_13TeV=-0.49023	CMS_NPS26009_btag_fixedWP_light_correlated_13p6TeV=0.794664	CMS_NPS26009_lumi_2016=0.832422	CMS_NPS26009_lumi_2017=0.301438	CMS_NPS26009_lumi_2018=-7.49209	CMS_NPS26009_lumi_2022=1.59859	CMS_NPS26009_lumi_2023=0.770191	CMS_NPS26009_pdf_NNPDF31=4.30869	CMS_NPS26009_topmass_ttbar_BJetOS=2.62077	CMS_btag_fixedWP_bc_uncorrelated_2016postVFP=0.23783	CMS_btag_fixedWP_bc_uncorrelated_2016preVFP=1.85778	CMS_btag_fixedWP_bc_uncorrelated_2017=-0.465391	CMS_btag_fixedWP_bc_uncorrelated_2018=-7.76197	CMS_btag_fixedWP_bc_uncorrelated_2022=0.316478	CMS_btag_fixedWP_bc_uncorrelated_2022EE=2.35075	CMS_btag_fixedWP_bc_uncorrelated_2023=1.10588	CMS_btag_fixedWP_bc_uncorrelated_2023BPix=0.67449	CMS_btag_fixedWP_light_uncorrelated_2016postVFP=0.146567	CMS_btag_fixedWP_light_uncorrelated_2016preVFP=0.255393	CMS_btag_fixedWP_light_uncorrelated_2017=0.0746902	CMS_btag_fixedWP_light_uncorrelated_2018=-0.70452	CMS_btag_fixedWP_light_uncorrelated_2022=0.0610135	CMS_btag_fixedWP_light_uncorrelated_2022EE=0.300854	CMS_btag_fixedWP_light_uncorrelated_2023=0.0378206	CMS_btag_fixedWP_light_uncorrelated_2023BPix=0.0899177	CMS_eff_m_id_2016postVFP=0.00754927	CMS_eff_m_id_2016preVFP=0.0878303	CMS_eff_m_id_2017=0.011237	CMS_eff_m_id_2018=-0.339421	CMS_eff_m_id_2022=0.0721917	CMS_eff_m_id_2022EE=0.279345	CMS_eff_m_id_2023=0.017287	CMS_eff_m_id_2023BPix=0.107723	CMS_eff_m_trigger_2016postVFP=0.0416198	CMS_eff_m_trigger_2016preVFP=0.381747	CMS_eff_m_trigger_2017=0.050708	CMS_eff_m_trigger_2018=-1.15284	CMS_eff_m_trigger_2022=0.133784	CMS_eff_m_trigger_2022EE=0.679526	CMS_eff_m_trigger_2023=0.124082	CMS_eff_m_trigger_2023BPix=0.148087	CMS_l1_prefiring_2016postVFP=-0.0716218	CMS_l1_prefiring_2016preVFP=-0.586713	CMS_l1_prefiring_2017=-0.0913019	CMS_l1_prefiring_2018=0.516989	CMS_pileup_2016postVFP=-0.00982147	CMS_pileup_2016preVFP=-0.981183	CMS_pileup_2017=0.744751	CMS_pileup_2018=-2.48882	CMS_pileup_2022=-0.493914	CMS_pileup_2022EE=4.27285	CMS_pileup_2023=0.376165	CMS_pileup_2023BPix=-0.898859	CMS_res_j_2016postVFP=0.0259747	CMS_res_j_2016preVFP=0.0021372	CMS_res_j_2017=0.0126183	CMS_res_j_2018=-0.0795114	CMS_res_j_2022=-0.000296507	CMS_res_j_2022EE=-0.00692886	CMS_res_j_2023=0.0151873	CMS_res_j_2023BPix=0.00411477	CMS_scale_j_2016postVFP=0.0253979	CMS_scale_j_2016preVFP=-0.00474089	CMS_scale_j_2017=-0.0843381	CMS_scale_j_2018=-0.520042	CMS_scale_j_2022=0.0285935	CMS_scale_j_2022EE=0.0736454	CMS_scale_j_2023=0.158884	CMS_scale_j_2023BPix=0.932909	CMS_scale_m_2016postVFP=0.0337377	CMS_scale_m_2016preVFP=0.385104	CMS_scale_m_2017=-0.316045	CMS_scale_m_2018=-0.126745	CMS_scale_m_2022=0.0741136	CMS_scale_m_2022EE=0.594043	CMS_scale_m_2023=0.374847	CMS_scale_m_2023BPix=0.374875	QCDscale_fac_ttbar=-4.60743	QCDscale_ren_ttbar=38.913	pdf_alphas=4.44663	r=1.75377
RooFit::Detail::RooFixedProdPdf::model_s[ ]
     getLogVal() top-level p.d.f not greater than zero @ !servers=(modelObs_s = 0)

RooAbsMinimizerFcn: Minimized function has error status.
Returning maximum FCN so far (0.671823) to force MIGRAD to back out of this region. Error log follows.
Parameter values: 	CMS_NPS26009_LightJetStat_DY_BJetOS_2016postVFP=10.3828	CMS_NPS26009_LightJetStat_DY_BJetOS_2016preVFP=3.09684	CMS_NPS26009_LightJetStat_DY_BJetOS_2017=-6.33954	CMS_NPS26009_LightJetStat_DY_BJetOS_2018=4.53833	CMS_NPS26009_LightJetStat_DY_BJetOS_2022=0.388594	CMS_NPS26009_LightJetStat_DY_BJetOS_2022EE=0.53926	CMS_NPS26009_MCstat_other_BJetOS_2016postVFP=0.189883	CMS_NPS26009_MCstat_other_BJetOS_2016preVFP=0.202212	CMS_NPS26009_MCstat_other_BJetOS_2017=0.162153	CMS_NPS26009_MCstat_other_BJetOS_2018=-0.494246	CMS_NPS26009_MCstat_other_BJetOS_2022=0.165261	CMS_NPS26009_MCstat_other_BJetOS_2022EE=0.736074	CMS_NPS26009_MCstat_other_BJetOS_2023=0.0463446	CMS_NPS26009_MCstat_other_BJetOS_2023BPix=0.513023	CMS_NPS26009_MCstat_signal_BJetOS_2016postVFP=-0.0144263	CMS_NPS26009_MCstat_signal_BJetOS_2016preVFP=0.0868556	CMS_NPS26009_MCstat_signal_BJetOS_2017=-0.0153384	CMS_NPS26009_MCstat_signal_BJetOS_2018=-1.45829	CMS_NPS26009_MCstat_signal_BJetOS_2022=-0.010718	CMS_NPS26009_MCstat_signal_BJetOS_2022EE=0.276399	CMS_NPS26009_MCstat_signal_BJetOS_2023=0.00307468	CMS_NPS26009_MCstat_signal_BJetOS_2023BPix=0.00812827	CMS_NPS26009_MCstat_singleTop_BJetOS_2016postVFP=0.0533094	CMS_NPS26009_MCstat_singleTop_BJetOS_2016preVFP=0.907348	CMS_NPS26009_MCstat_singleTop_BJetOS_2017=0.118624	CMS_NPS26009_MCstat_singleTop_BJetOS_2018=-0.311224	CMS_NPS26009_MCstat_singleTop_BJetOS_2022=0.173074	CMS_NPS26009_MCstat_singleTop_BJetOS_2022EE=2.59422	CMS_NPS26009_MCstat_singleTop_BJetOS_2023=0.115092	CMS_NPS26009_MCstat_singleTop_BJetOS_2023BPix=0.101947	CMS_NPS26009_MCstat_ttbar_BJetOS_2016postVFP=0.383628	CMS_NPS26009_MCstat_ttbar_BJetOS_2016preVFP=2.11734	CMS_NPS26009_MCstat_ttbar_BJetOS_2017=0.028759	CMS_NPS26009_MCstat_ttbar_BJetOS_2018=-2.23461	CMS_NPS26009_MCstat_ttbar_BJetOS_2022=0.627726	CMS_NPS26009_MCstat_ttbar_BJetOS_2022EE=3.17084	CMS_NPS26009_MCstat_ttbar_BJetOS_2023=1.88865	CMS_NPS26009_MCstat_ttbar_BJetOS_2023BPix=1.78025	CMS_NPS26009_NFStat_DY_BJetOS_2016postVFP=0.549497	CMS_NPS26009_NFStat_DY_BJetOS_2016preVFP=0.368584	CMS_NPS26009_NFStat_DY_BJetOS_2017=-0.735098	CMS_NPS26009_NFStat_DY_BJetOS_2018=-7.83353	CMS_NPS26009_NFStat_DY_BJetOS_2022=0.122158	CMS_NPS26009_NFStat_DY_BJetOS_2022EE=0.122177	CMS_NPS26009_QCDscale_fac_singleTop=-0.416571	CMS_NPS26009_QCDscale_ren_singleTop=-0.858326	CMS_NPS26009_bckgNorm_QCD_BJetOS_2016postVFP=2.20106e-05	CMS_NPS26009_bckgNorm_QCD_BJetOS_2016preVFP=-3.49611e-05	CMS_NPS26009_bckgNorm_QCD_BJetOS_2017=0.00856086	CMS_NPS26009_bckgNorm_QCD_BJetOS_2018=0.000238444	CMS_NPS26009_bckgNorm_QCD_BJetOS_2022=2.288e-05	CMS_NPS26009_bckgNorm_QCD_BJetOS_2022EE=2.64806e-05	CMS_NPS26009_bckgNorm_QCD_BJetOS_2023=-3.83892e-05	CMS_NPS26009_bckgNorm_QCD_BJetOS_2023BPix=-6.22206e-07	CMS_NPS26009_bckgShape_QCD_BJetOS_2016postVFP=0.523563	CMS_NPS26009_bckgShape_QCD_BJetOS_2016preVFP=0.250946	CMS_NPS26009_bckgShape_QCD_BJetOS_2017=0.800211	CMS_NPS26009_bckgShape_QCD_BJetOS_2018=0.672426	CMS_NPS26009_bckgShape_QCD_BJetOS_2022=0.00348892	CMS_NPS26009_bckgShape_QCD_BJetOS_2022EE=0.0204692	CMS_NPS26009_bckgShape_QCD_BJetOS_2023=0.0376815	CMS_NPS26009_bckgShape_QCD_BJetOS_2023BPix=0.000145844	CMS_NPS26009_btag_fixedWP_bc_correlated_13TeV=-4.39936	CMS_NPS26009_btag_fixedWP_bc_correlated_13p6TeV=5.92436	CMS_NPS26009_btag_fixedWP_light_correlated_13TeV=-0.21504	CMS_NPS26009_btag_fixedWP_light_correlated_13p6TeV=0.379655	CMS_NPS26009_lumi_2016=0.368024	CMS_NPS26009_lumi_2017=0.127368	CMS_NPS26009_lumi_2018=-3.33254	CMS_NPS26009_lumi_2022=0.77234	CMS_NPS26009_lumi_2023=0.307183	CMS_NPS26009_pdf_NNPDF31=2.00126	CMS_NPS26009_topmass_ttbar_BJetOS=1.21312	CMS_btag_fixedWP_bc_uncorrelated_2016postVFP=0.109916	CMS_btag_fixedWP_bc_uncorrelated_2016preVFP=0.815717	CMS_btag_fixedWP_bc_uncorrelated_2017=-0.224681	CMS_btag_fixedWP_bc_uncorrelated_2018=-3.45134	CMS_btag_fixedWP_bc_uncorrelated_2022=0.19977	CMS_btag_fixedWP_bc_uncorrelated_2022EE=1.10711	CMS_btag_fixedWP_bc_uncorrelated_2023=0.415988	CMS_btag_fixedWP_bc_uncorrelated_2023BPix=0.261356	CMS_btag_fixedWP_light_uncorrelated_2016postVFP=0.0669531	CMS_btag_fixedWP_light_uncorrelated_2016preVFP=0.113195	CMS_btag_fixedWP_light_uncorrelated_2017=0.0325889	CMS_btag_fixedWP_light_uncorrelated_2018=-0.311271	CMS_btag_fixedWP_light_uncorrelated_2022=0.0350507	CMS_btag_fixedWP_light_uncorrelated_2022EE=0.14191	CMS_btag_fixedWP_light_uncorrelated_2023=0.0144034	CMS_btag_fixedWP_light_uncorrelated_2023BPix=0.0372931	CMS_eff_m_id_2016postVFP=0.00349157	CMS_eff_m_id_2016preVFP=0.038553	CMS_eff_m_id_2017=0.00472016	CMS_eff_m_id_2018=-0.151098	CMS_eff_m_id_2022=0.044941	CMS_eff_m_id_2022EE=0.131586	CMS_eff_m_id_2023=-0.00492614	CMS_eff_m_id_2023BPix=0.0408711	CMS_eff_m_trigger_2016postVFP=0.01924	CMS_eff_m_trigger_2016preVFP=0.167637	CMS_eff_m_trigger_2017=0.0213134	CMS_eff_m_trigger_2018=-0.51307	CMS_eff_m_trigger_2022=0.0790969	CMS_eff_m_trigger_2022EE=0.320153	CMS_eff_m_trigger_2023=0.0342407	CMS_eff_m_trigger_2023BPix=0.0565994	CMS_l1_prefiring_2016postVFP=-0.0332658	CMS_l1_prefiring_2016preVFP=-0.257402	CMS_l1_prefiring_2017=-0.0374109	CMS_l1_prefiring_2018=0.229963	CMS_pileup_2016postVFP=-0.00471098	CMS_pileup_2016preVFP=-0.435985	CMS_pileup_2017=0.335751	CMS_pileup_2018=-1.10293	CMS_pileup_2022=-0.261412	CMS_pileup_2022EE=1.98767	CMS_pileup_2023=0.140947	CMS_pileup_2023BPix=-0.365843	CMS_res_j_2016postVFP=0.0118664	CMS_res_j_2016preVFP=0.000917932	CMS_res_j_2017=0.00557595	CMS_res_j_2018=-0.0341712	CMS_res_j_2022=-0.000142621	CMS_res_j_2022EE=-0.00328772	CMS_res_j_2023=0.00685764	CMS_res_j_2023BPix=0.00156164	CMS_scale_j_2016postVFP=0.0116037	CMS_scale_j_2016preVFP=-0.00214682	CMS_scale_j_2017=-0.0395073	CMS_scale_j_2018=-0.231192	CMS_scale_j_2022=0.0164271	CMS_scale_j_2022EE=0.0348619	CMS_scale_j_2023=0.0624426	CMS_scale_j_2023BPix=0.377144	CMS_scale_m_2016postVFP=0.0154136	CMS_scale_m_2016preVFP=0.170359	CMS_scale_m_2017=-0.142237	CMS_scale_m_2018=-0.0557442	CMS_scale_m_2022=0.0430017	CMS_scale_m_2022EE=0.279283	CMS_scale_m_2023=0.143408	CMS_scale_m_2023BPix=0.155618	QCDscale_fac_ttbar=-2.07304	QCDscale_ren_ttbar=17.453	pdf_alphas=2.02874	r=1.75377
RooFit::Detail::RooFixedProdPdf::model_s[ ]
     getLogVal() top-level p.d.f not greater than zero @ !servers=(modelObs_s = 0)

RooAbsMinimizerFcn: Minimized function has error status.
Returning maximum FCN so far (98.8534) to force MIGRAD to back out of this region. Error log follows.
Parameter values: 	CMS_NPS26009_LightJetStat_DY_BJetOS_2016postVFP=21.3119	CMS_NPS26009_LightJetStat_DY_BJetOS_2016preVFP=3.7417	CMS_NPS26009_LightJetStat_DY_BJetOS_2017=1.30211	CMS_NPS26009_LightJetStat_DY_BJetOS_2018=7.76319	CMS_NPS26009_LightJetStat_DY_BJetOS_2022=0.453181	CMS_NPS26009_LightJetStat_DY_BJetOS_2022EE=0.87897	CMS_NPS26009_MCstat_other_BJetOS_2016postVFP=-0.11994	CMS_NPS26009_MCstat_other_BJetOS_2016preVFP=0.388997	CMS_NPS26009_MCstat_other_BJetOS_2017=0.47066	CMS_NPS26009_MCstat_other_BJetOS_2018=-0.77749	CMS_NPS26009_MCstat_other_BJetOS_2022=0.265603	CMS_NPS26009_MCstat_other_BJetOS_2022EE=1.34017	CMS_NPS26009_MCstat_other_BJetOS_2023=0.111602	CMS_NPS26009_MCstat_other_BJetOS_2023BPix=1.13145	CMS_NPS26009_MCstat_signal_BJetOS_2016postVFP=-0.148512	CMS_NPS26009_MCstat_signal_BJetOS_2016preVFP=0.171822	CMS_NPS26009_MCstat_signal_BJetOS_2017=0.234346	CMS_NPS26009_MCstat_signal_BJetOS_2018=-2.56316	CMS_NPS26009_MCstat_signal_BJetOS_2022=-0.0302835	CMS_NPS26009_MCstat_signal_BJetOS_2022EE=0.510028	CMS_NPS26009_MCstat_signal_BJetOS_2023=0.0413477	CMS_NPS26009_MCstat_signal_BJetOS_2023BPix=0.0346743	CMS_NPS26009_MCstat_singleTop_BJetOS_2016postVFP=-0.0313066	CMS_NPS26009_MCstat_singleTop_BJetOS_2016preVFP=1.71706	CMS_NPS26009_MCstat_singleTop_BJetOS_2017=0.564003	CMS_NPS26009_MCstat_singleTop_BJetOS_2018=-0.440182	CMS_NPS26009_MCstat_singleTop_BJetOS_2022=0.249439	CMS_NPS26009_MCstat_singleTop_BJetOS_2022EE=4.17975	CMS_NPS26009_MCstat_singleTop_BJetOS_2023=0.227237	CMS_NPS26009_MCstat_singleTop_BJetOS_2023BPix=0.219331	CMS_NPS26009_MCstat_ttbar_BJetOS_2016postVFP=-0.133543	CMS_NPS26009_MCstat_ttbar_BJetOS_2016preVFP=4.08152	CMS_NPS26009_MCstat_ttbar_BJetOS_2017=1.14745	CMS_NPS26009_MCstat_ttbar_BJetOS_2018=-3.77895	CMS_NPS26009_MCstat_ttbar_BJetOS_2022=0.878756	CMS_NPS26009_MCstat_ttbar_BJetOS_2022EE=5.6295	CMS_NPS26009_MCstat_ttbar_BJetOS_2023=3.93446	CMS_NPS26009_MCstat_ttbar_BJetOS_2023BPix=3.73922	CMS_NPS26009_NFStat_DY_BJetOS_2016postVFP=0.182708	CMS_NPS26009_NFStat_DY_BJetOS_2016preVFP=0.559414	CMS_NPS26009_NFStat_DY_BJetOS_2017=-0.811754	CMS_NPS26009_NFStat_DY_BJetOS_2018=-13.6705	CMS_NPS26009_NFStat_DY_BJetOS_2022=0.154949	CMS_NPS26009_NFStat_DY_BJetOS_2022EE=0.229694	CMS_NPS26009_QCDscale_fac_singleTop=-0.908498	CMS_NPS26009_QCDscale_ren_singleTop=-1.8481	CMS_NPS26009_bckgNorm_QCD_BJetOS_2016postVFP=-0.000597768	CMS_NPS26009_bckgNorm_QCD_BJetOS_2016preVFP=-0.000746707	CMS_NPS26009_bckgNorm_QCD_BJetOS_2017=0.0160376	CMS_NPS26009_bckgNorm_QCD_BJetOS_2018=-0.00598936	CMS_NPS26009_bckgNorm_QCD_BJetOS_2022=0.000122299	CMS_NPS26009_bckgNorm_QCD_BJetOS_2022EE=0.000152387	CMS_NPS26009_bckgNorm_QCD_BJetOS_2023=-0.000550441	CMS_NPS26009_bckgNorm_QCD_BJetOS_2023BPix=-3.09889e-06	CMS_NPS26009_bckgShape_QCD_BJetOS_2016postVFP=0.791962	CMS_NPS26009_bckgShape_QCD_BJetOS_2016preVFP=0.282873	CMS_NPS26009_bckgShape_QCD_BJetOS_2017=-1.21055	CMS_NPS26009_bckgShape_QCD_BJetOS_2018=-1.40474	CMS_NPS26009_bckgShape_QCD_BJetOS_2022=-0.0152032	CMS_NPS26009_bckgShape_QCD_BJetOS_2022EE=-0.0660283	CMS_NPS26009_bckgShape_QCD_BJetOS_2023=-0.145563	CMS_NPS26009_bckgShape_QCD_BJetOS_2023BPix=-0.000664725	CMS_NPS26009_btag_fixedWP_bc_correlated_13TeV=-6.69699	CMS_NPS26009_btag_fixedWP_bc_correlated_13p6TeV=11.0036	CMS_NPS26009_btag_fixedWP_light_correlated_13TeV=-0.278511	CMS_NPS26009_btag_fixedWP_light_correlated_13p6TeV=0.696678	CMS_NPS26009_lumi_2016=0.506713	CMS_NPS26009_lumi_2017=1.04925	CMS_NPS26009_lumi_2018=-5.7717	CMS_NPS26009_lumi_2022=1.37	CMS_NPS26009_lumi_2023=0.665994	CMS_NPS26009_pdf_NNPDF31=4.18562	CMS_NPS26009_topmass_ttbar_BJetOS=2.78	CMS_btag_fixedWP_bc_uncorrelated_2016postVFP=-0.33092	CMS_btag_fixedWP_bc_uncorrelated_2016preVFP=1.5708	CMS_btag_fixedWP_bc_uncorrelated_2017=0.907043	CMS_btag_fixedWP_bc_uncorrelated_2018=-5.95704	CMS_btag_fixedWP_bc_uncorrelated_2022=0.277175	CMS_btag_fixedWP_bc_uncorrelated_2022EE=1.99604	CMS_btag_fixedWP_bc_uncorrelated_2023=0.975267	CMS_btag_fixedWP_bc_uncorrelated_2023BPix=0.611708	CMS_btag_fixedWP_light_uncorrelated_2016postVFP=-0.0321277	CMS_btag_fixedWP_light_uncorrelated_2016preVFP=0.216085	CMS_btag_fixedWP_light_uncorrelated_2017=0.166757	CMS_btag_fixedWP_light_uncorrelated_2018=-0.527079	CMS_btag_fixedWP_light_uncorrelated_2022=0.0501827	CMS_btag_fixedWP_light_uncorrelated_2022EE=0.251832	CMS_btag_fixedWP_light_uncorrelated_2023=0.0340611	CMS_btag_fixedWP_light_uncorrelated_2023BPix=0.0809393	CMS_eff_m_id_2016postVFP=-0.0110736	CMS_eff_m_id_2016preVFP=0.0741698	CMS_eff_m_id_2017=0.0416585	CMS_eff_m_id_2018=-0.262064	CMS_eff_m_id_2022=0.0613189	CMS_eff_m_id_2022EE=0.237615	CMS_eff_m_id_2023=0.0194106	CMS_eff_m_id_2023BPix=0.0978889	CMS_eff_m_trigger_2016postVFP=-0.05901	CMS_eff_m_trigger_2016preVFP=0.322228	CMS_eff_m_trigger_2017=0.186804	CMS_eff_m_trigger_2018=-0.889125	CMS_eff_m_trigger_2022=0.115666	CMS_eff_m_trigger_2022EE=0.574549	CMS_eff_m_trigger_2023=0.116844	CMS_eff_m_trigger_2023BPix=0.13466	CMS_l1_prefiring_2016postVFP=0.135658	CMS_l1_prefiring_2016preVFP=-0.495289	CMS_l1_prefiring_2017=-0.423431	CMS_l1_prefiring_2018=0.397771	CMS_pileup_2016postVFP=0.0504681	CMS_pileup_2016preVFP=-0.827083	CMS_pileup_2017=0.699615	CMS_pileup_2018=-1.89952	CMS_pileup_2022=-0.404848	CMS_pileup_2022EE=3.78046	CMS_pileup_2023=0.356121	CMS_pileup_2023BPix=-0.773964	CMS_res_j_2016postVFP=-0.00578562	CMS_res_j_2016preVFP=0.00178877	CMS_res_j_2017=0.0217393	CMS_res_j_2018=-0.0527147	CMS_res_j_2022=-0.00024307	CMS_res_j_2022EE=-0.00603478	CMS_res_j_2023=0.0130711	CMS_res_j_2023BPix=0.00358173	CMS_scale_j_2016postVFP=-0.00583645	CMS_scale_j_2016preVFP=-0.00402949	CMS_scale_j_2017=0.0547617	CMS_scale_j_2018=-0.396648	CMS_scale_j_2022=0.0233216	CMS_scale_j_2022EE=0.0611205	CMS_scale_j_2023=0.137914	CMS_scale_j_2023BPix=0.925818	CMS_scale_m_2016postVFP=-0.00758741	CMS_scale_m_2016preVFP=0.332054	CMS_scale_m_2017=-0.326058	CMS_scale_m_2018=-0.0906478	CMS_scale_m_2022=0.0588984	CMS_scale_m_2022EE=0.514627	CMS_scale_m_2023=0.342062	CMS_scale_m_2023BPix=0.337968	QCDscale_fac_ttbar=-4.86623	QCDscale_ren_ttbar=32.7644	pdf_alphas=4.07588	r=1.75377
RooFit::Detail::RooFixedProdPdf::model_s[ ]
     getLogVal() top-level p.d.f not greater than zero @ !servers=(modelObs_s = 0)

RooAbsMinimizerFcn: Minimized function has error status.
Returning maximum FCN so far (98.8534) to force MIGRAD to back out of this region. Error log follows.
Parameter values: 	CMS_NPS26009_LightJetStat_DY_BJetOS_2016postVFP=3.46812	CMS_NPS26009_LightJetStat_DY_BJetOS_2016preVFP=-2.32036	CMS_NPS26009_LightJetStat_DY_BJetOS_2017=21.9456	CMS_NPS26009_LightJetStat_DY_BJetOS_2018=5.05505	CMS_NPS26009_LightJetStat_DY_BJetOS_2022=-0.0449659	CMS_NPS26009_LightJetStat_DY_BJetOS_2022EE=0.388027	CMS_NPS26009_MCstat_other_BJetOS_2016postVFP=-0.204964	CMS_NPS26009_MCstat_other_BJetOS_2016preVFP=0.0983447	CMS_NPS26009_MCstat_other_BJetOS_2017=0.5635	CMS_NPS26009_MCstat_other_BJetOS_2018=-0.137088	CMS_NPS26009_MCstat_other_BJetOS_2022=0.261107	CMS_NPS26009_MCstat_other_BJetOS_2022EE=0.81367	CMS_NPS26009_MCstat_other_BJetOS_2023=0.0560918	CMS_NPS26009_MCstat_other_BJetOS_2023BPix=0.680049	CMS_NPS26009_MCstat_signal_BJetOS_2016postVFP=-0.119766	CMS_NPS26009_MCstat_signal_BJetOS_2016preVFP=0.103583	CMS_NPS26009_MCstat_signal_BJetOS_2017=0.562141	CMS_NPS26009_MCstat_signal_BJetOS_2018=-1.16788	CMS_NPS26009_MCstat_signal_BJetOS_2022=0.00259163	CMS_NPS26009_MCstat_signal_BJetOS_2022EE=0.345342	CMS_NPS26009_MCstat_signal_BJetOS_2023=0.0154679	CMS_NPS26009_MCstat_signal_BJetOS_2023BPix=0.0213842	CMS_NPS26009_MCstat_singleTop_BJetOS_2016postVFP=-0.0551051	CMS_NPS26009_MCstat_singleTop_BJetOS_2016preVFP=1.02167	CMS_NPS26009_MCstat_singleTop_BJetOS_2017=0.886087	CMS_NPS26009_MCstat_singleTop_BJetOS_2018=0.0550509	CMS_NPS26009_MCstat_singleTop_BJetOS_2022=0.241006	CMS_NPS26009_MCstat_singleTop_BJetOS_2022EE=1.54106	CMS_NPS26009_MCstat_singleTop_BJetOS_2023=0.0556592	CMS_NPS26009_MCstat_singleTop_BJetOS_2023BPix=0.119488	CMS_NPS26009_MCstat_ttbar_BJetOS_2016postVFP=-0.328724	CMS_NPS26009_MCstat_ttbar_BJetOS_2016preVFP=2.56956	CMS_NPS26009_MCstat_ttbar_BJetOS_2017=2.41593	CMS_NPS26009_MCstat_ttbar_BJetOS_2018=-1.35875	CMS_NPS26009_MCstat_ttbar_BJetOS_2022=0.492071	CMS_NPS26009_MCstat_ttbar_BJetOS_2022EE=3.26621	CMS_NPS26009_MCstat_ttbar_BJetOS_2023=2.45244	CMS_NPS26009_MCstat_ttbar_BJetOS_2023BPix=2.61947	CMS_NPS26009_NFStat_DY_BJetOS_2016postVFP=-0.0970494	CMS_NPS26009_NFStat_DY_BJetOS_2016preVFP=0.0350907	CMS_NPS26009_NFStat_DY_BJetOS_2017=0.422127	CMS_NPS26009_NFStat_DY_BJetOS_2018=-5.67857	CMS_NPS26009_NFStat_DY_BJetOS_2022=0.150826	CMS_NPS26009_NFStat_DY_BJetOS_2022EE=0.152537	CMS_NPS26009_QCDscale_fac_singleTop=-0.877621	CMS_NPS26009_QCDscale_ren_singleTop=-1.67281	CMS_NPS26009_bckgNorm_QCD_BJetOS_2016postVFP=-0.000547712	CMS_NPS26009_bckgNorm_QCD_BJetOS_2016preVFP=-7.95925e-05	CMS_NPS26009_bckgNorm_QCD_BJetOS_2017=0.00918794	CMS_NPS26009_bckgNorm_QCD_BJetOS_2018=0.0019527	CMS_NPS26009_bckgNorm_QCD_BJetOS_2022=2.39124e-05	CMS_NPS26009_bckgNorm_QCD_BJetOS_2022EE=3.29329e-05	CMS_NPS26009_bckgNorm_QCD_BJetOS_2023=-8.63697e-05	CMS_NPS26009_bckgNorm_QCD_BJetOS_2023BPix=-8.57833e-07	CMS_NPS26009_bckgShape_QCD_BJetOS_2016postVFP=-0.217249	CMS_NPS26009_bckgShape_QCD_BJetOS_2016preVFP=0.222596	CMS_NPS26009_bckgShape_QCD_BJetOS_2017=-0.684825	CMS_NPS26009_bckgShape_QCD_BJetOS_2018=-0.081796	CMS_NPS26009_bckgShape_QCD_BJetOS_2022=0.00282627	CMS_NPS26009_bckgShape_QCD_BJetOS_2022EE=0.0168013	CMS_NPS26009_bckgShape_QCD_BJetOS_2023=0.0307363	CMS_NPS26009_bckgShape_QCD_BJetOS_2023BPix=0.000118753	CMS_NPS26009_btag_fixedWP_bc_correlated_13TeV=-0.746411	CMS_NPS26009_btag_fixedWP_bc_correlated_13p6TeV=7.37337	CMS_NPS26009_btag_fixedWP_light_correlated_13TeV=0.225638	CMS_NPS26009_btag_fixedWP_light_correlated_13p6TeV=0.470703	CMS_NPS26009_lumi_2016=0.253602	CMS_NPS26009_lumi_2017=1.91842	CMS_NPS26009_lumi_2018=-2.42109	CMS_NPS26009_lumi_2022=0.862107	CMS_NPS26009_lumi_2023=0.424262	CMS_NPS26009_pdf_NNPDF31=3.72283	CMS_NPS26009_topmass_ttbar_BJetOS=2.97091	CMS_btag_fixedWP_bc_uncorrelated_2016postVFP=-0.345598	CMS_btag_fixedWP_bc_uncorrelated_2016preVFP=0.957541	CMS_btag_fixedWP_bc_uncorrelated_2017=2.6603	CMS_btag_fixedWP_bc_uncorrelated_2018=-2.44703	CMS_btag_fixedWP_bc_uncorrelated_2022=0.191676	CMS_btag_fixedWP_bc_uncorrelated_2022EE=1.21238	CMS_btag_fixedWP_bc_uncorrelated_2023=0.661834	CMS_btag_fixedWP_bc_uncorrelated_2023BPix=0.449849	CMS_btag_fixedWP_light_uncorrelated_2016postVFP=-0.0647064	CMS_btag_fixedWP_light_uncorrelated_2016preVFP=0.131302	CMS_btag_fixedWP_light_uncorrelated_2017=0.267269	CMS_btag_fixedWP_light_uncorrelated_2018=-0.191751	CMS_btag_fixedWP_light_uncorrelated_2022=0.0274494	CMS_btag_fixedWP_light_uncorrelated_2022EE=0.144932	CMS_btag_fixedWP_light_uncorrelated_2023=0.0246304	CMS_btag_fixedWP_light_uncorrelated_2023BPix=0.0586839	CMS_eff_m_id_2016postVFP=-0.01146	CMS_eff_m_id_2016preVFP=0.0450149	CMS_eff_m_id_2017=0.0771882	CMS_eff_m_id_2018=-0.110921	CMS_eff_m_id_2022=0.0382257	CMS_eff_m_id_2022EE=0.145177	CMS_eff_m_id_2023=0.0202012	CMS_eff_m_id_2023BPix=0.0721928	CMS_eff_m_trigger_2016postVFP=-0.0614211	CMS_eff_m_trigger_2016preVFP=0.195203	CMS_eff_m_trigger_2017=0.345711	CMS_eff_m_trigger_2018=-0.374511	CMS_eff_m_trigger_2022=0.0763639	CMS_eff_m_trigger_2022EE=0.343465	CMS_eff_m_trigger_2023=0.0930118	CMS_eff_m_trigger_2023BPix=0.0995789	CMS_l1_prefiring_2016postVFP=0.13519	CMS_l1_prefiring_2016preVFP=-0.300316	CMS_l1_prefiring_2017=-0.81636	CMS_l1_prefiring_2018=0.165729	CMS_pileup_2016postVFP=0.0463586	CMS_pileup_2016preVFP=-0.495197	CMS_pileup_2017=0.535938	CMS_pileup_2018=-0.769446	CMS_pileup_2022=-0.219145	CMS_pileup_2022EE=2.61942	CMS_pileup_2023=0.294496	CMS_pileup_2023BPix=-0.486432	CMS_res_j_2016postVFP=-0.0115831	CMS_res_j_2016preVFP=0.00106472	CMS_res_j_2017=0.0307436	CMS_res_j_2018=-0.00625648	CMS_res_j_2022=-0.000129064	CMS_res_j_2022EE=-0.00399483	CMS_res_j_2023=0.00836586	CMS_res_j_2023BPix=0.00232541	CMS_scale_j_2016postVFP=-0.0114818	CMS_scale_j_2016preVFP=-0.00245713	CMS_scale_j_2017=0.237071	CMS_scale_j_2018=-0.157749	CMS_scale_j_2022=0.0123278	CMS_scale_j_2022EE=0.0340194	CMS_scale_j_2023=0.088914	CMS_scale_j_2023BPix=0.856658	CMS_scale_m_2016postVFP=-0.015133	CMS_scale_m_2016preVFP=0.215474	CMS_scale_m_2017=-0.3022	CMS_scale_m_2018=-0.0239097	CMS_scale_m_2022=0.0277179	CMS_scale_m_2022EE=0.335857	CMS_scale_m_2023=0.256834	CMS_scale_m_2023BPix=0.246128	QCDscale_fac_ttbar=-5.16038	QCDscale_ren_ttbar=19.0563	pdf_alphas=3.17869	r=1.75377
RooFit::Detail::RooFixedProdPdf::model_s[ ]
     getLogVal() top-level p.d.f not greater than zero @ !servers=(modelObs_s = 0)


 --- MultiDimFit ---
best fit parameter values and profile-likelihood uncertainties: 
   r :    +2.346   -1.336/+0.395 (68%)
Doing initial fit: 

 --- MultiDimFit ---
best fit parameter values and profile-likelihood uncertainties: 
   r :    +1.678   -0.552/+0.538 (68%)
Doing initial fit: 

 --- MultiDimFit ---
best fit parameter values and profile-likelihood uncertainties: 
   r :    +1.338   -0.592/+0.543 (68%)
Doing initial fit: 
RooAbsMinimizerFcn: Minimized function has error status.
Returning maximum FCN so far (256.068) to force MIGRAD to back out of this region. Error log follows.
Parameter values: 	CMS_NPS26009_LightJetStat_DY_BJetOS_2016postVFP=-2.25711	CMS_NPS26009_LightJetStat_DY_BJetOS_2016preVFP=-0.176883	CMS_NPS26009_LightJetStat_DY_BJetOS_2017=9.76844	CMS_NPS26009_LightJetStat_DY_BJetOS_2018=3.42969	CMS_NPS26009_LightJetStat_DY_BJetOS_2022=0.153358	CMS_NPS26009_LightJetStat_DY_BJetOS_2022EE=-0.00779778	CMS_NPS26009_MCstat_other_BJetOS_2016postVFP=0.344088	CMS_NPS26009_MCstat_other_BJetOS_2016preVFP=0.0489366	CMS_NPS26009_MCstat_other_BJetOS_2017=0.14983	CMS_NPS26009_MCstat_other_BJetOS_2018=-0.330741	CMS_NPS26009_MCstat_other_BJetOS_2022=0.124707	CMS_NPS26009_MCstat_other_BJetOS_2022EE=-0.00249774	CMS_NPS26009_MCstat_other_BJetOS_2023=0.00298133	CMS_NPS26009_MCstat_other_BJetOS_2023BPix=0.4899	CMS_NPS26009_MCstat_signal_BJetOS_2016postVFP=0.0210631	CMS_NPS26009_MCstat_signal_BJetOS_2016preVFP=0.0338065	CMS_NPS26009_MCstat_signal_BJetOS_2017=0.0896343	CMS_NPS26009_MCstat_signal_BJetOS_2018=-0.325988	CMS_NPS26009_MCstat_signal_BJetOS_2022=0.0109629	CMS_NPS26009_MCstat_signal_BJetOS_2022EE=-0.000356826	CMS_NPS26009_MCstat_signal_BJetOS_2023=-0.00319344	CMS_NPS26009_MCstat_signal_BJetOS_2023BPix=0.0297945	CMS_NPS26009_MCstat_singleTop_BJetOS_2016postVFP=0.0924452	CMS_NPS26009_MCstat_singleTop_BJetOS_2016preVFP=0.343323	CMS_NPS26009_MCstat_singleTop_BJetOS_2017=0.234746	CMS_NPS26009_MCstat_singleTop_BJetOS_2018=-0.311737	CMS_NPS26009_MCstat_singleTop_BJetOS_2022=0.125082	CMS_NPS26009_MCstat_singleTop_BJetOS_2022EE=-0.0326412	CMS_NPS26009_MCstat_singleTop_BJetOS_2023=0.00790843	CMS_NPS26009_MCstat_singleTop_BJetOS_2023BPix=0.124912	CMS_NPS26009_MCstat_ttbar_BJetOS_2016postVFP=0.532219	CMS_NPS26009_MCstat_ttbar_BJetOS_2016preVFP=0.867767	CMS_NPS26009_MCstat_ttbar_BJetOS_2017=0.726046	CMS_NPS26009_MCstat_ttbar_BJetOS_2018=-1.29778	CMS_NPS26009_MCstat_ttbar_BJetOS_2022=0.37312	CMS_NPS26009_MCstat_ttbar_BJetOS_2022EE=0.298509	CMS_NPS26009_MCstat_ttbar_BJetOS_2023=0.162488	CMS_NPS26009_MCstat_ttbar_BJetOS_2023BPix=0.355282	CMS_NPS26009_NFStat_DY_BJetOS_2016postVFP=-0.00988895	CMS_NPS26009_NFStat_DY_BJetOS_2016preVFP=0.1397	CMS_NPS26009_NFStat_DY_BJetOS_2017=0.517504	CMS_NPS26009_NFStat_DY_BJetOS_2018=-3.15364	CMS_NPS26009_NFStat_DY_BJetOS_2022=0.148378	CMS_NPS26009_NFStat_DY_BJetOS_2022EE=-0.000206265	CMS_NPS26009_QCDscale_fac_singleTop=0.0299952	CMS_NPS26009_QCDscale_ren_singleTop=-0.0633311	CMS_NPS26009_bckgNorm_QCD_BJetOS_2016postVFP=-0.000406412	CMS_NPS26009_bckgNorm_QCD_BJetOS_2016preVFP=-5.63139e-06	CMS_NPS26009_bckgNorm_QCD_BJetOS_2017=0.00122713	CMS_NPS26009_bckgNorm_QCD_BJetOS_2018=-0.00156296	CMS_NPS26009_bckgNorm_QCD_BJetOS_2022=1.33382e-05	CMS_NPS26009_bckgNorm_QCD_BJetOS_2022EE=1.68028e-07	CMS_NPS26009_bckgNorm_QCD_BJetOS_2023=-2.02488e-06	CMS_NPS26009_bckgNorm_QCD_BJetOS_2023BPix=7.81679e-07	CMS_NPS26009_bckgShape_QCD_BJetOS_2016postVFP=0.787362	CMS_NPS26009_bckgShape_QCD_BJetOS_2016preVFP=0.11682	CMS_NPS26009_bckgShape_QCD_BJetOS_2017=1.28653	CMS_NPS26009_bckgShape_QCD_BJetOS_2018=-0.914412	CMS_NPS26009_bckgShape_QCD_BJetOS_2022=0.000832022	CMS_NPS26009_bckgShape_QCD_BJetOS_2022EE=0.00151537	CMS_NPS26009_bckgShape_QCD_BJetOS_2023=0.00929861	CMS_NPS26009_bckgShape_QCD_BJetOS_2023BPix=0.000102917	CMS_NPS26009_btag_fixedWP_bc_correlated_13TeV=-0.24967	CMS_NPS26009_btag_fixedWP_bc_correlated_13p6TeV=0.683794	CMS_NPS26009_btag_fixedWP_light_correlated_13TeV=-0.04107	CMS_NPS26009_btag_fixedWP_light_correlated_13p6TeV=0.110274	CMS_NPS26009_lumi_2016=0.217567	CMS_NPS26009_lumi_2017=0.442158	CMS_NPS26009_lumi_2018=-1.18578	CMS_NPS26009_lumi_2022=0.0896375	CMS_NPS26009_lumi_2023=0.0860719	CMS_NPS26009_pdf_NNPDF31=0.595722	CMS_NPS26009_topmass_ttbar_BJetOS=0.29601	CMS_btag_fixedWP_bc_uncorrelated_2016postVFP=0.22437	CMS_btag_fixedWP_bc_uncorrelated_2016preVFP=0.336135	CMS_btag_fixedWP_bc_uncorrelated_2017=0.654513	CMS_btag_fixedWP_bc_uncorrelated_2018=-1.25283	CMS_btag_fixedWP_bc_uncorrelated_2022=0.1352	CMS_btag_fixedWP_bc_uncorrelated_2022EE=0.0482473	CMS_btag_fixedWP_bc_uncorrelated_2023=0.0168285	CMS_btag_fixedWP_bc_uncorrelated_2023BPix=0.194022	CMS_btag_fixedWP_light_uncorrelated_2016postVFP=0.0938742	CMS_btag_fixedWP_light_uncorrelated_2016preVFP=0.0465355	CMS_btag_fixedWP_light_uncorrelated_2017=0.0735564	CMS_btag_fixedWP_light_uncorrelated_2018=-0.170161	CMS_btag_fixedWP_light_uncorrelated_2022=0.0203432	CMS_btag_fixedWP_light_uncorrelated_2022EE=0.0106529	CMS_btag_fixedWP_light_uncorrelated_2023=0.00145278	CMS_btag_fixedWP_light_uncorrelated_2023BPix=0.0141944	CMS_eff_m_id_2016postVFP=0.00739871	CMS_eff_m_id_2016preVFP=0.0156242	CMS_eff_m_id_2017=0.0174096	CMS_eff_m_id_2018=-0.0508434	CMS_eff_m_id_2022=0.0299903	CMS_eff_m_id_2022EE=0.00464071	CMS_eff_m_id_2023=0.000287457	CMS_eff_m_id_2023BPix=0.0362077	CMS_eff_m_trigger_2016postVFP=0.040223	CMS_eff_m_trigger_2016preVFP=0.0678352	CMS_eff_m_trigger_2017=0.0778905	CMS_eff_m_trigger_2018=-0.176181	CMS_eff_m_trigger_2022=0.0483339	CMS_eff_m_trigger_2022EE=0.0158664	CMS_eff_m_trigger_2023=0.00467711	CMS_eff_m_trigger_2023BPix=0.0474294	CMS_l1_prefiring_2016postVFP=-0.0776762	CMS_l1_prefiring_2016preVFP=-0.104518	CMS_l1_prefiring_2017=-0.180802	CMS_l1_prefiring_2018=0.0824871	CMS_pileup_2016postVFP=-0.0184265	CMS_pileup_2016preVFP=-0.174741	CMS_pileup_2017=0.132715	CMS_pileup_2018=-0.554688	CMS_pileup_2022=-0.100328	CMS_pileup_2022EE=-1.711e-05	CMS_pileup_2023=0.0152775	CMS_pileup_2023BPix=-0.307761	CMS_res_j_2016postVFP=0.0167644	CMS_res_j_2016preVFP=0.000303891	CMS_res_j_2017=0.0102368	CMS_res_j_2018=-0.0447821	CMS_res_j_2022=2.72294e-05	CMS_res_j_2022EE=0.000148361	CMS_res_j_2023=0.000404821	CMS_res_j_2023BPix=0.00122339	CMS_scale_j_2016postVFP=0.0163868	CMS_scale_j_2016preVFP=-0.000912328	CMS_scale_j_2017=0.0747424	CMS_scale_j_2018=-0.0930353	CMS_scale_j_2022=0.0094822	CMS_scale_j_2022EE=0.00382998	CMS_scale_j_2023=0.00721251	CMS_scale_j_2023BPix=0.0836251	CMS_scale_m_2016postVFP=0.0222733	CMS_scale_m_2016preVFP=0.0682204	CMS_scale_m_2017=-0.0737718	CMS_scale_m_2018=-0.0329266	CMS_scale_m_2022=0.0250554	CMS_scale_m_2022EE=0.0152114	CMS_scale_m_2023=0.0161653	CMS_scale_m_2023BPix=0.0569817	QCDscale_fac_ttbar=-1.19105	QCDscale_ren_ttbar=6.49749	pdf_alphas=0.332081	r=1.13756
RooFit::Detail::RooFixedProdPdf::model_s[ ]
     getLogVal() top-level p.d.f not greater than zero @ !servers=(modelObs_s = 0)


 --- MultiDimFit ---
best fit parameter values and profile-likelihood uncertainties: 
   r :    +1.669   -1.182/+0.346 (68%)
Doing initial fit: 

 --- MultiDimFit ---
best fit parameter values and profile-likelihood uncertainties: 
   r :    +1.916   -1.412/+0.408 (68%)
Doing initial fit: 

 --- MultiDimFit ---
best fit parameter values and profile-likelihood uncertainties: 
   r :    +1.719   -0.529/+0.540 (68%)
Doing initial fit: 

 --- MultiDimFit ---
best fit parameter values and profile-likelihood uncertainties: 
   r :    +2.064   -0.635/+0.691 (68%)
Doing initial fit: 

 --- MultiDimFit ---
best fit parameter values and profile-likelihood uncertainties: 
   r :    +0.649   -0.502/+0.552 (68%)
Doing initial fit: 

 --- MultiDimFit ---
best fit parameter values and profile-likelihood uncertainties: 
   r :    +1.330   -0.575/+0.532 (68%)
Doing initial fit: 

 --- MultiDimFit ---
best fit parameter values and profile-likelihood uncertainties: 
   r :    +2.366   -0.723/+0.671 (68%)
Doing initial fit: 

 --- MultiDimFit ---
best fit parameter values and profile-likelihood uncertainties: 
   r :    +1.699   -0.670/+0.772 (68%)
Doing initial fit: 

 --- MultiDimFit ---
best fit parameter values and profile-likelihood uncertainties: 
   r :    +1.725   -0.710/+0.642 (68%)
Doing initial fit: 

 --- MultiDimFit ---
best fit parameter values and profile-likelihood uncertainties: 
   r :    +1.468   -0.591/+0.645 (68%)
Doing initial fit: 

 --- MultiDimFit ---
best fit parameter values and profile-likelihood uncertainties: 
   r :    +1.902   -0.756/+0.761 (68%)
Doing initial fit: 

 --- MultiDimFit ---
best fit parameter values and profile-likelihood uncertainties: 
   r :    +0.683   -0.608/+0.676 (68%)
Doing initial fit: 

 --- MultiDimFit ---
best fit parameter values and profile-likelihood uncertainties: 
   r :    +1.216   -0.601/+0.663 (68%)
Doing initial fit: 

 --- MultiDimFit ---
best fit parameter values and profile-likelihood uncertainties: 
   r :    +1.637   -0.630/+0.690 (68%)
Doing initial fit: 

 --- MultiDimFit ---
best fit parameter values and profile-likelihood uncertainties: 
   r :    +0.296   -0.627/+0.780 (68%)
Doing initial fit: 

 --- MultiDimFit ---
best fit parameter values and profile-likelihood uncertainties: 
   r :    +0.815   -0.636/+0.583 (68%)
Doing initial fit: 

 --- MultiDimFit ---
best fit parameter values and profile-likelihood uncertainties: 
   r :    +2.066   -1.148/+0.492 (68%)
Doing initial fit: 

 --- MultiDimFit ---
best fit parameter values and profile-likelihood uncertainties: 
   r :    +2.976   -0.819/+0.729 (68%)
Doing initial fit: 

 --- MultiDimFit ---
best fit parameter values and profile-likelihood uncertainties: 
   r :    +1.813   -0.697/+0.666 (68%)
Doing initial fit: 

 --- MultiDimFit ---
best fit parameter values and profile-likelihood uncertainties: 
   r :    +3.002   -1.624/+0.256 (68%)
Doing initial fit: 

 --- MultiDimFit ---
best fit parameter values and profile-likelihood uncertainties: 
   r :    +0.751   -0.760/+0.371 (68%)
Doing initial fit: 

 --- MultiDimFit ---
best fit parameter values and profile-likelihood uncertainties: 
   r :    +1.574   -0.509/+0.528 (68%)
Doing initial fit: 

 --- MultiDimFit ---
best fit parameter values and profile-likelihood uncertainties: 
   r :    +1.785   -0.855/+0.888 (68%)
Doing initial fit: 

 --- MultiDimFit ---
best fit parameter values and profile-likelihood uncertainties: 
   r :    +1.172   -0.627/+0.706 (68%)
Doing initial fit: 

 --- MultiDimFit ---
best fit parameter values and profile-likelihood uncertainties: 
   r :    +2.249   -0.655/+0.614 (68%)
Doing initial fit: 

 --- MultiDimFit ---
best fit parameter values and profile-likelihood uncertainties: 
   r :    +3.207   -0.588/+0.611 (68%)
Doing initial fit: 

 --- MultiDimFit ---
best fit parameter values and profile-likelihood uncertainties: 
   r :    +0.010   -0.870/+0.855 (68%)
Doing initial fit: 

 --- MultiDimFit ---
best fit parameter values and profile-likelihood uncertainties: 
   r :    +1.784   -0.768/+0.639 (68%)
Doing initial fit: 

 --- MultiDimFit ---
best fit parameter values and profile-likelihood uncertainties: 
   r :    +1.193   -0.585/+0.543 (68%)
Doing initial fit: 

 --- MultiDimFit ---
best fit parameter values and profile-likelihood uncertainties: 
   r :    +2.543   -0.591/+0.708 (68%)
Doing initial fit: 

 --- MultiDimFit ---
best fit parameter values and profile-likelihood uncertainties: 
   r :    +1.714   -0.666/+0.680 (68%)
Doing initial fit: 

 --- MultiDimFit ---
best fit parameter values and profile-likelihood uncertainties: 
   r :    +2.778   -0.622/+0.610 (68%)
Doing initial fit: 

 --- MultiDimFit ---
best fit parameter values and profile-likelihood uncertainties: 
   r :    +0.676   -0.560/+0.539 (68%)
Doing initial fit: 

 --- MultiDimFit ---
best fit parameter values and profile-likelihood uncertainties: 
   r :    +2.104   -0.833/+0.864 (68%)
Doing initial fit: 

 --- MultiDimFit ---
best fit parameter values and profile-likelihood uncertainties: 
   r :    +1.495   -0.767/+0.697 (68%)
Doing initial fit: 

 --- MultiDimFit ---
best fit parameter values and profile-likelihood uncertainties: 
   r :    +1.739   -0.644/+0.623 (68%)
Doing initial fit: 

 --- MultiDimFit ---
best fit parameter values and profile-likelihood uncertainties: 
   r :    +1.752   -0.658/+0.741 (68%)
Doing initial fit: 

 --- MultiDimFit ---
best fit parameter values and profile-likelihood uncertainties: 
   r :    +2.817   -1.581/+0.066 (68%)
Doing initial fit: 

 --- MultiDimFit ---
best fit parameter values and profile-likelihood uncertainties: 
   r :    +1.346   -0.916/+0.718 (68%)
Doing initial fit: 

 --- MultiDimFit ---
best fit parameter values and profile-likelihood uncertainties: 
   r :    +1.202   -0.611/+0.554 (68%)
Doing initial fit: 

 --- MultiDimFit ---
best fit parameter values and profile-likelihood uncertainties: 
   r :    +0.688   -1.057/+0.226 (68%)
Doing initial fit: 

 --- MultiDimFit ---
best fit parameter values and profile-likelihood uncertainties: 
   r :    +1.135   -0.622/+0.675 (68%)
Doing initial fit: 
RooAbsMinimizerFcn: Minimized function has error status.
Returning maximum FCN so far (0.927526) to force MIGRAD to back out of this region. Error log follows.
Parameter values: 	CMS_NPS26009_LightJetStat_DY_BJetOS_2016postVFP=-1292.69	CMS_NPS26009_LightJetStat_DY_BJetOS_2016preVFP=-1219.43	CMS_NPS26009_LightJetStat_DY_BJetOS_2017=1668.28	CMS_NPS26009_LightJetStat_DY_BJetOS_2018=231.235	CMS_NPS26009_LightJetStat_DY_BJetOS_2022=15.9248	CMS_NPS26009_LightJetStat_DY_BJetOS_2022EE=142.457	CMS_NPS26009_MCstat_other_BJetOS_2016postVFP=60.4373	CMS_NPS26009_MCstat_other_BJetOS_2016preVFP=957.454	CMS_NPS26009_MCstat_other_BJetOS_2017=40.0093	CMS_NPS26009_MCstat_other_BJetOS_2018=-87.8485	CMS_NPS26009_MCstat_other_BJetOS_2022=1.7813	CMS_NPS26009_MCstat_other_BJetOS_2022EE=76.4431	CMS_NPS26009_MCstat_other_BJetOS_2023=12.0512	CMS_NPS26009_MCstat_other_BJetOS_2023BPix=-0.835753	CMS_NPS26009_MCstat_signal_BJetOS_2016postVFP=22.2717	CMS_NPS26009_MCstat_signal_BJetOS_2016preVFP=231.935	CMS_NPS26009_MCstat_signal_BJetOS_2017=43.7518	CMS_NPS26009_MCstat_signal_BJetOS_2018=61.0843	CMS_NPS26009_MCstat_signal_BJetOS_2022=6.14148	CMS_NPS26009_MCstat_signal_BJetOS_2022EE=41.1977	CMS_NPS26009_MCstat_signal_BJetOS_2023=25.7429	CMS_NPS26009_MCstat_signal_BJetOS_2023BPix=1.54425	CMS_NPS26009_MCstat_singleTop_BJetOS_2016postVFP=17.3545	CMS_NPS26009_MCstat_singleTop_BJetOS_2016preVFP=563.581	CMS_NPS26009_MCstat_singleTop_BJetOS_2017=64.8431	CMS_NPS26009_MCstat_singleTop_BJetOS_2018=-106.238	CMS_NPS26009_MCstat_singleTop_BJetOS_2022=25.9157	CMS_NPS26009_MCstat_singleTop_BJetOS_2022EE=359.153	CMS_NPS26009_MCstat_singleTop_BJetOS_2023=10.0049	CMS_NPS26009_MCstat_singleTop_BJetOS_2023BPix=0.379357	CMS_NPS26009_MCstat_ttbar_BJetOS_2016postVFP=106.252	CMS_NPS26009_MCstat_ttbar_BJetOS_2016preVFP=1106.55	CMS_NPS26009_MCstat_ttbar_BJetOS_2017=190.064	CMS_NPS26009_MCstat_ttbar_BJetOS_2018=-556.403	CMS_NPS26009_MCstat_ttbar_BJetOS_2022=8.4586	CMS_NPS26009_MCstat_ttbar_BJetOS_2022EE=360.339	CMS_NPS26009_MCstat_ttbar_BJetOS_2023=194.514	CMS_NPS26009_MCstat_ttbar_BJetOS_2023BPix=254.188	CMS_NPS26009_NFStat_DY_BJetOS_2016postVFP=-130.098	CMS_NPS26009_NFStat_DY_BJetOS_2016preVFP=1276.56	CMS_NPS26009_NFStat_DY_BJetOS_2017=158.799	CMS_NPS26009_NFStat_DY_BJetOS_2018=-1756.75	CMS_NPS26009_NFStat_DY_BJetOS_2022=15.8505	CMS_NPS26009_NFStat_DY_BJetOS_2022EE=6.44301	CMS_NPS26009_QCDscale_fac_singleTop=-23.0342	CMS_NPS26009_QCDscale_ren_singleTop=-102.096	CMS_NPS26009_bckgNorm_QCD_BJetOS_2016postVFP=0.0467474	CMS_NPS26009_bckgNorm_QCD_BJetOS_2016preVFP=-0.223032	CMS_NPS26009_bckgNorm_QCD_BJetOS_2017=0.0833108	CMS_NPS26009_bckgNorm_QCD_BJetOS_2018=-1.88521	CMS_NPS26009_bckgNorm_QCD_BJetOS_2022=-0.000792334	CMS_NPS26009_bckgNorm_QCD_BJetOS_2022EE=-2.71901e-05	CMS_NPS26009_bckgNorm_QCD_BJetOS_2023=-0.0133839	CMS_NPS26009_bckgNorm_QCD_BJetOS_2023BPix=-0.000474397	CMS_NPS26009_bckgShape_QCD_BJetOS_2016postVFP=-0.783211	CMS_NPS26009_bckgShape_QCD_BJetOS_2016preVFP=-0.231355	CMS_NPS26009_bckgShape_QCD_BJetOS_2017=0.796685	CMS_NPS26009_bckgShape_QCD_BJetOS_2018=1.6377	CMS_NPS26009_bckgShape_QCD_BJetOS_2022=-0.00721624	CMS_NPS26009_bckgShape_QCD_BJetOS_2022EE=0.0575106	CMS_NPS26009_bckgShape_QCD_BJetOS_2023=0.136092	CMS_NPS26009_bckgShape_QCD_BJetOS_2023BPix=-5.73169e-06	CMS_NPS26009_btag_fixedWP_bc_correlated_13TeV=898.19	CMS_NPS26009_btag_fixedWP_bc_correlated_13p6TeV=612.2	CMS_NPS26009_btag_fixedWP_light_correlated_13TeV=92.1428	CMS_NPS26009_btag_fixedWP_light_correlated_13p6TeV=57.0594	CMS_NPS26009_lumi_2016=351.181	CMS_NPS26009_lumi_2017=140.848	CMS_NPS26009_lumi_2018=-209.171	CMS_NPS26009_lumi_2022=80.1056	CMS_NPS26009_lumi_2023=46.949	CMS_NPS26009_pdf_NNPDF31=461.811	CMS_NPS26009_topmass_ttbar_BJetOS=283.341	CMS_btag_fixedWP_bc_uncorrelated_2016postVFP=80.8502	CMS_btag_fixedWP_bc_uncorrelated_2016preVFP=816.279	CMS_btag_fixedWP_bc_uncorrelated_2017=224.092	CMS_btag_fixedWP_bc_uncorrelated_2018=-227.036	CMS_btag_fixedWP_bc_uncorrelated_2022=10.4899	CMS_btag_fixedWP_bc_uncorrelated_2022EE=125.757	CMS_btag_fixedWP_bc_uncorrelated_2023=87.6005	CMS_btag_fixedWP_bc_uncorrelated_2023BPix=58.222	CMS_btag_fixedWP_light_uncorrelated_2016postVFP=20.355	CMS_btag_fixedWP_light_uncorrelated_2016preVFP=71.6595	CMS_btag_fixedWP_light_uncorrelated_2017=19.0383	CMS_btag_fixedWP_light_uncorrelated_2018=-68.3248	CMS_btag_fixedWP_light_uncorrelated_2022=0.0918917	CMS_btag_fixedWP_light_uncorrelated_2022EE=15.8838	CMS_btag_fixedWP_light_uncorrelated_2023=2.71474	CMS_btag_fixedWP_light_uncorrelated_2023BPix=5.58815	CMS_eff_m_id_2016postVFP=2.67582	CMS_eff_m_id_2016preVFP=41.5265	CMS_eff_m_id_2017=5.68857	CMS_eff_m_id_2018=-7.19433	CMS_eff_m_id_2022=1.79772	CMS_eff_m_id_2022EE=15.059	CMS_eff_m_id_2023=13.1534	CMS_eff_m_id_2023BPix=9.66407	CMS_eff_m_trigger_2016postVFP=14.4011	CMS_eff_m_trigger_2016preVFP=176.743	CMS_eff_m_trigger_2017=25.4665	CMS_eff_m_trigger_2018=-27.2329	CMS_eff_m_trigger_2022=1.97036	CMS_eff_m_trigger_2022EE=36.1812	CMS_eff_m_trigger_2023=22.9836	CMS_eff_m_trigger_2023BPix=13.2111	CMS_l1_prefiring_2016postVFP=-30.625	CMS_l1_prefiring_2016preVFP=-279.752	CMS_l1_prefiring_2017=-60.8581	CMS_l1_prefiring_2018=15.1279	CMS_pileup_2016postVFP=-9.554	CMS_pileup_2016preVFP=-264.997	CMS_pileup_2017=24.3034	CMS_pileup_2018=-242.921	CMS_pileup_2022=-1.1181	CMS_pileup_2022EE=144.995	CMS_pileup_2023=30.8795	CMS_pileup_2023BPix=-41.4086	CMS_res_j_2016postVFP=3.57258	CMS_res_j_2016preVFP=1.91159	CMS_res_j_2017=2.12139	CMS_res_j_2018=-28.3321	CMS_res_j_2022=0.0146145	CMS_res_j_2022EE=-0.499844	CMS_res_j_2023=-0.166229	CMS_res_j_2023BPix=0.088051	CMS_scale_j_2016postVFP=3.52476	CMS_scale_j_2016preVFP=0.703519	CMS_scale_j_2017=21.6338	CMS_scale_j_2018=-25.7714	CMS_scale_j_2022=0.149696	CMS_scale_j_2022EE=3.8244	CMS_scale_j_2023=10.8899	CMS_scale_j_2023BPix=117.874	CMS_scale_m_2016postVFP=4.53942	CMS_scale_m_2016preVFP=128.461	CMS_scale_m_2017=-19.0943	CMS_scale_m_2018=-10.3298	CMS_scale_m_2022=0.835815	CMS_scale_m_2022EE=25.2936	CMS_scale_m_2023=27.8168	CMS_scale_m_2023BPix=24.4382	QCDscale_fac_ttbar=-7.67402	QCDscale_ren_ttbar=1745.99	pdf_alphas=52.987	r=0.762027
RooFit::Detail::RooFixedProdPdf::model_s[ ]
     getLogVal() top-level p.d.f evaluates to NaN @ !servers=(modelObs_s = 0)

RooAbsMinimizerFcn: Minimized function has error status.
Returning maximum FCN so far (0.927526) to force MIGRAD to back out of this region. Error log follows.
Parameter values: 	CMS_NPS26009_LightJetStat_DY_BJetOS_2016postVFP=-646.044	CMS_NPS26009_LightJetStat_DY_BJetOS_2016preVFP=-609.226	CMS_NPS26009_LightJetStat_DY_BJetOS_2017=833.736	CMS_NPS26009_LightJetStat_DY_BJetOS_2018=115.874	CMS_NPS26009_LightJetStat_DY_BJetOS_2022=7.97933	CMS_NPS26009_LightJetStat_DY_BJetOS_2022EE=71.1909	CMS_NPS26009_MCstat_other_BJetOS_2016postVFP=30.1996	CMS_NPS26009_MCstat_other_BJetOS_2016preVFP=478.51	CMS_NPS26009_MCstat_other_BJetOS_2017=19.9938	CMS_NPS26009_MCstat_other_BJetOS_2018=-43.8778	CMS_NPS26009_MCstat_other_BJetOS_2022=0.902704	CMS_NPS26009_MCstat_other_BJetOS_2022EE=38.2014	CMS_NPS26009_MCstat_other_BJetOS_2023=6.01477	CMS_NPS26009_MCstat_other_BJetOS_2023BPix=-0.573742	CMS_NPS26009_MCstat_signal_BJetOS_2016postVFP=11.1291	CMS_NPS26009_MCstat_signal_BJetOS_2016preVFP=115.901	CMS_NPS26009_MCstat_signal_BJetOS_2017=21.8635	CMS_NPS26009_MCstat_signal_BJetOS_2018=30.5332	CMS_NPS26009_MCstat_signal_BJetOS_2022=3.07016	CMS_NPS26009_MCstat_signal_BJetOS_2022EE=20.5873	CMS_NPS26009_MCstat_signal_BJetOS_2023=12.8596	CMS_NPS26009_MCstat_signal_BJetOS_2023BPix=0.763721	CMS_NPS26009_MCstat_singleTop_BJetOS_2016postVFP=8.67179	CMS_NPS26009_MCstat_singleTop_BJetOS_2016preVFP=281.637	CMS_NPS26009_MCstat_singleTop_BJetOS_2017=32.4041	CMS_NPS26009_MCstat_singleTop_BJetOS_2018=-53.0671	CMS_NPS26009_MCstat_singleTop_BJetOS_2022=12.9797	CMS_NPS26009_MCstat_singleTop_BJetOS_2022EE=179.485	CMS_NPS26009_MCstat_singleTop_BJetOS_2023=4.98884	CMS_NPS26009_MCstat_singleTop_BJetOS_2023BPix=0.155803	CMS_NPS26009_MCstat_ttbar_BJetOS_2016postVFP=53.0924	CMS_NPS26009_MCstat_ttbar_BJetOS_2016preVFP=552.974	CMS_NPS26009_MCstat_ttbar_BJetOS_2017=94.9814	CMS_NPS26009_MCstat_ttbar_BJetOS_2018=-277.969	CMS_NPS26009_MCstat_ttbar_BJetOS_2022=4.26878	CMS_NPS26009_MCstat_ttbar_BJetOS_2022EE=180.076	CMS_NPS26009_MCstat_ttbar_BJetOS_2023=97.1103	CMS_NPS26009_MCstat_ttbar_BJetOS_2023BPix=126.811	CMS_NPS26009_NFStat_DY_BJetOS_2016postVFP=-65.0114	CMS_NPS26009_NFStat_DY_BJetOS_2016preVFP=637.913	CMS_NPS26009_NFStat_DY_BJetOS_2017=79.3594	CMS_NPS26009_NFStat_DY_BJetOS_2018=-877.638	CMS_NPS26009_NFStat_DY_BJetOS_2022=7.94156	CMS_NPS26009_NFStat_DY_BJetOS_2022EE=3.21982	CMS_NPS26009_QCDscale_fac_singleTop=-11.5181	CMS_NPS26009_QCDscale_ren_singleTop=-51.0243	CMS_NPS26009_bckgNorm_QCD_BJetOS_2016postVFP=0.0233602	CMS_NPS26009_bckgNorm_QCD_BJetOS_2016preVFP=-0.111452	CMS_NPS26009_bckgNorm_QCD_BJetOS_2017=0.0416304	CMS_NPS26009_bckgNorm_QCD_BJetOS_2018=-0.941982	CMS_NPS26009_bckgNorm_QCD_BJetOS_2022=-0.000395632	CMS_NPS26009_bckgNorm_QCD_BJetOS_2022EE=-1.35911e-05	CMS_NPS26009_bckgNorm_QCD_BJetOS_2023=-0.00668406	CMS_NPS26009_bckgNorm_QCD_BJetOS_2023BPix=-0.000236928	CMS_NPS26009_bckgShape_QCD_BJetOS_2016postVFP=-0.485776	CMS_NPS26009_bckgShape_QCD_BJetOS_2016preVFP=-0.173981	CMS_NPS26009_bckgShape_QCD_BJetOS_2017=0.296559	CMS_NPS26009_bckgShape_QCD_BJetOS_2018=-1.54141	CMS_NPS26009_bckgShape_QCD_BJetOS_2022=0.0487135	CMS_NPS26009_bckgShape_QCD_BJetOS_2022EE=-0.0579331	CMS_NPS26009_bckgShape_QCD_BJetOS_2023=0.147246	CMS_NPS26009_bckgShape_QCD_BJetOS_2023BPix=-5.02177e-06	CMS_NPS26009_btag_fixedWP_bc_correlated_13TeV=448.884	CMS_NPS26009_btag_fixedWP_bc_correlated_13p6TeV=305.879	CMS_NPS26009_btag_fixedWP_light_correlated_13TeV=46.0647	CMS_NPS26009_btag_fixedWP_light_correlated_13p6TeV=28.5047	CMS_NPS26009_lumi_2016=175.493	CMS_NPS26009_lumi_2017=70.3857	CMS_NPS26009_lumi_2018=-104.473	CMS_NPS26009_lumi_2022=40.0366	CMS_NPS26009_lumi_2023=23.4308	CMS_NPS26009_pdf_NNPDF31=230.782	CMS_NPS26009_topmass_ttbar_BJetOS=141.603	CMS_btag_fixedWP_bc_uncorrelated_2016postVFP=40.4002	CMS_btag_fixedWP_bc_uncorrelated_2016preVFP=407.912	CMS_btag_fixedWP_bc_uncorrelated_2017=111.985	CMS_btag_fixedWP_bc_uncorrelated_2018=-113.396	CMS_btag_fixedWP_bc_uncorrelated_2022=5.2552	CMS_btag_fixedWP_bc_uncorrelated_2022EE=62.8451	CMS_btag_fixedWP_bc_uncorrelated_2023=43.7439	CMS_btag_fixedWP_bc_uncorrelated_2023BPix=29.0322	CMS_btag_fixedWP_light_uncorrelated_2016postVFP=10.1711	CMS_btag_fixedWP_light_uncorrelated_2016preVFP=35.8106	CMS_btag_fixedWP_light_uncorrelated_2017=9.51403	CMS_btag_fixedWP_light_uncorrelated_2018=-34.1335	CMS_btag_fixedWP_light_uncorrelated_2022=0.0479848	CMS_btag_fixedWP_light_uncorrelated_2022EE=7.9378	CMS_btag_fixedWP_light_uncorrelated_2023=1.35549	CMS_btag_fixedWP_light_uncorrelated_2023BPix=2.7869	CMS_eff_m_id_2016postVFP=1.33709	CMS_eff_m_id_2016preVFP=20.7517	CMS_eff_m_id_2017=2.84273	CMS_eff_m_id_2018=-3.59293	CMS_eff_m_id_2022=0.901367	CMS_eff_m_id_2022EE=7.52546	CMS_eff_m_id_2023=6.56845	CMS_eff_m_id_2023BPix=4.81828	CMS_eff_m_trigger_2016postVFP=7.19611	CMS_eff_m_trigger_2016preVFP=88.3227	CMS_eff_m_trigger_2017=12.7263	CMS_eff_m_trigger_2018=-13.601	CMS_eff_m_trigger_2022=0.989115	CMS_eff_m_trigger_2022EE=18.081	CMS_eff_m_trigger_2023=11.4769	CMS_eff_m_trigger_2023BPix=6.58709	CMS_l1_prefiring_2016postVFP=-15.3031	CMS_l1_prefiring_2016preVFP=-139.798	CMS_l1_prefiring_2017=-30.4123	CMS_l1_prefiring_2018=7.55593	CMS_pileup_2016postVFP=-4.77409	CMS_pileup_2016preVFP=-132.427	CMS_pileup_2017=12.1453	CMS_pileup_2018=-121.362	CMS_pileup_2022=-0.568184	CMS_pileup_2022EE=72.4597	CMS_pileup_2023=15.4186	CMS_pileup_2023BPix=-20.6271	CMS_res_j_2016postVFP=1.78517	CMS_res_j_2016preVFP=0.955249	CMS_res_j_2017=1.06014	CMS_res_j_2018=-14.1549	CMS_res_j_2022=0.00730034	CMS_res_j_2022EE=-0.249782	CMS_res_j_2023=-0.0830632	CMS_res_j_2023BPix=0.0437604	CMS_scale_j_2016postVFP=1.76128	CMS_scale_j_2016preVFP=0.351525	CMS_scale_j_2017=10.8111	CMS_scale_j_2018=-12.8738	CMS_scale_j_2022=0.0757923	CMS_scale_j_2022EE=1.91124	CMS_scale_j_2023=5.43734	CMS_scale_j_2023BPix=58.8041	CMS_scale_m_2016postVFP=2.26828	CMS_scale_m_2016preVFP=64.1955	CMS_scale_m_2017=-9.54191	CMS_scale_m_2018=-5.15995	CMS_scale_m_2022=0.420505	CMS_scale_m_2022EE=12.6403	CMS_scale_m_2023=13.8891	CMS_scale_m_2023BPix=12.1887	QCDscale_fac_ttbar=-3.85013	QCDscale_ren_ttbar=872.373	pdf_alphas=26.4831	r=0.762027
RooFit::Detail::RooFixedProdPdf::model_s[ ]
     getLogVal() top-level p.d.f not greater than zero @ !servers=(modelObs_s = 0)

RooAbsMinimizerFcn: Minimized function has error status.
Returning maximum FCN so far (0.927526) to force MIGRAD to back out of this region. Error log follows.
Parameter values: 	CMS_NPS26009_LightJetStat_DY_BJetOS_2016postVFP=-322.724	CMS_NPS26009_LightJetStat_DY_BJetOS_2016preVFP=-304.124	CMS_NPS26009_LightJetStat_DY_BJetOS_2017=416.466	CMS_NPS26009_LightJetStat_DY_BJetOS_2018=58.1937	CMS_NPS26009_LightJetStat_DY_BJetOS_2022=4.00659	CMS_NPS26009_LightJetStat_DY_BJetOS_2022EE=35.5579	CMS_NPS26009_MCstat_other_BJetOS_2016postVFP=15.0808	CMS_NPS26009_MCstat_other_BJetOS_2016preVFP=239.039	CMS_NPS26009_MCstat_other_BJetOS_2017=9.98601	CMS_NPS26009_MCstat_other_BJetOS_2018=-21.8925	CMS_NPS26009_MCstat_other_BJetOS_2022=0.463406	CMS_NPS26009_MCstat_other_BJetOS_2022EE=19.0805	CMS_NPS26009_MCstat_other_BJetOS_2023=2.99653	CMS_NPS26009_MCstat_other_BJetOS_2023BPix=-0.442737	CMS_NPS26009_MCstat_signal_BJetOS_2016postVFP=5.55787	CMS_NPS26009_MCstat_signal_BJetOS_2016preVFP=57.8844	CMS_NPS26009_MCstat_signal_BJetOS_2017=10.9194	CMS_NPS26009_MCstat_signal_BJetOS_2018=15.2576	CMS_NPS26009_MCstat_signal_BJetOS_2022=1.5345	CMS_NPS26009_MCstat_signal_BJetOS_2022EE=10.2821	CMS_NPS26009_MCstat_signal_BJetOS_2023=6.41791	CMS_NPS26009_MCstat_signal_BJetOS_2023BPix=0.373456	CMS_NPS26009_MCstat_singleTop_BJetOS_2016postVFP=4.33045	CMS_NPS26009_MCstat_singleTop_BJetOS_2016preVFP=140.665	CMS_NPS26009_MCstat_singleTop_BJetOS_2017=16.1846	CMS_NPS26009_MCstat_singleTop_BJetOS_2018=-26.4817	CMS_NPS26009_MCstat_singleTop_BJetOS_2022=6.51163	CMS_NPS26009_MCstat_singleTop_BJetOS_2022EE=89.6505	CMS_NPS26009_MCstat_singleTop_BJetOS_2023=2.4808	CMS_NPS26009_MCstat_singleTop_BJetOS_2023BPix=0.0440262	CMS_NPS26009_MCstat_ttbar_BJetOS_2016postVFP=26.5127	CMS_NPS26009_MCstat_ttbar_BJetOS_2016preVFP=276.184	CMS_NPS26009_MCstat_ttbar_BJetOS_2017=47.4401	CMS_NPS26009_MCstat_ttbar_BJetOS_2018=-138.752	CMS_NPS26009_MCstat_ttbar_BJetOS_2022=2.17387	CMS_NPS26009_MCstat_ttbar_BJetOS_2022EE=89.9449	CMS_NPS26009_MCstat_ttbar_BJetOS_2023=48.4083	CMS_NPS26009_MCstat_ttbar_BJetOS_2023BPix=63.1227	CMS_NPS26009_NFStat_DY_BJetOS_2016postVFP=-32.4683	CMS_NPS26009_NFStat_DY_BJetOS_2016preVFP=318.589	CMS_NPS26009_NFStat_DY_BJetOS_2017=39.6397	CMS_NPS26009_NFStat_DY_BJetOS_2018=-438.081	CMS_NPS26009_NFStat_DY_BJetOS_2022=3.9871	CMS_NPS26009_NFStat_DY_BJetOS_2022EE=1.60822	CMS_NPS26009_QCDscale_fac_singleTop=-5.76008	CMS_NPS26009_QCDscale_ren_singleTop=-25.4883	CMS_NPS26009_bckgNorm_QCD_BJetOS_2016postVFP=0.0116666	CMS_NPS26009_bckgNorm_QCD_BJetOS_2016preVFP=-0.0556624	CMS_NPS26009_bckgNorm_QCD_BJetOS_2017=0.0207902	CMS_NPS26009_bckgNorm_QCD_BJetOS_2018=-0.470369	CMS_NPS26009_bckgNorm_QCD_BJetOS_2022=-0.00019728	CMS_NPS26009_bckgNorm_QCD_BJetOS_2022EE=-6.79154e-06	CMS_NPS26009_bckgNorm_QCD_BJetOS_2023=-0.00333414	CMS_NPS26009_bckgNorm_QCD_BJetOS_2023BPix=-0.000118193	CMS_NPS26009_bckgShape_QCD_BJetOS_2016postVFP=0.299262	CMS_NPS26009_bckgShape_QCD_BJetOS_2016preVFP=-0.139613	CMS_NPS26009_bckgShape_QCD_BJetOS_2017=-0.0222914	CMS_NPS26009_bckgShape_QCD_BJetOS_2018=1.23906	CMS_NPS26009_bckgShape_QCD_BJetOS_2022=0.035773	CMS_NPS26009_bckgShape_QCD_BJetOS_2022EE=0.0582653	CMS_NPS26009_bckgShape_QCD_BJetOS_2023=-0.0842744	CMS_NPS26009_bckgShape_QCD_BJetOS_2023BPix=-4.6668e-06	CMS_NPS26009_btag_fixedWP_bc_correlated_13TeV=224.231	CMS_NPS26009_btag_fixedWP_bc_correlated_13p6TeV=152.718	CMS_NPS26009_btag_fixedWP_light_correlated_13TeV=23.0257	CMS_NPS26009_btag_fixedWP_light_correlated_13p6TeV=14.2273	CMS_NPS26009_lumi_2016=87.6483	CMS_NPS26009_lumi_2017=35.1543	CMS_NPS26009_lumi_2018=-52.1235	CMS_NPS26009_lumi_2022=20.0021	CMS_NPS26009_lumi_2023=11.6717	CMS_NPS26009_pdf_NNPDF31=115.268	CMS_NPS26009_topmass_ttbar_BJetOS=70.7344	CMS_btag_fixedWP_bc_uncorrelated_2016postVFP=20.1753	CMS_btag_fixedWP_bc_uncorrelated_2016preVFP=203.728	CMS_btag_fixedWP_bc_uncorrelated_2017=55.9311	CMS_btag_fixedWP_bc_uncorrelated_2018=-56.5764	CMS_btag_fixedWP_bc_uncorrelated_2022=2.63784	CMS_btag_fixedWP_bc_uncorrelated_2022EE=31.3891	CMS_btag_fixedWP_bc_uncorrelated_2023=21.8157	CMS_btag_fixedWP_bc_uncorrelated_2023BPix=14.4373	CMS_btag_fixedWP_light_uncorrelated_2016postVFP=5.07919	CMS_btag_fixedWP_light_uncorrelated_2016preVFP=17.8861	CMS_btag_fixedWP_light_uncorrelated_2017=4.75192	CMS_btag_fixedWP_light_uncorrelated_2018=-17.0378	CMS_btag_fixedWP_light_uncorrelated_2022=0.0260314	CMS_btag_fixedWP_light_uncorrelated_2022EE=3.96479	CMS_btag_fixedWP_light_uncorrelated_2023=0.675868	CMS_btag_fixedWP_light_uncorrelated_2023BPix=1.38628	CMS_eff_m_id_2016postVFP=0.667723	CMS_eff_m_id_2016preVFP=10.3644	CMS_eff_m_id_2017=1.4198	CMS_eff_m_id_2018=-1.79224	CMS_eff_m_id_2022=0.453188	CMS_eff_m_id_2022EE=3.75871	CMS_eff_m_id_2023=3.27596	CMS_eff_m_id_2023BPix=2.39538	CMS_eff_m_trigger_2016postVFP=3.59363	CMS_eff_m_trigger_2016preVFP=44.1124	CMS_eff_m_trigger_2017=6.35615	CMS_eff_m_trigger_2018=-6.78507	CMS_eff_m_trigger_2022=0.498494	CMS_eff_m_trigger_2022EE=9.03098	CMS_eff_m_trigger_2023=5.7235	CMS_eff_m_trigger_2023BPix=3.2751	CMS_l1_prefiring_2016postVFP=-7.64217	CMS_l1_prefiring_2016preVFP=-69.8216	CMS_l1_prefiring_2017=-15.1895	CMS_l1_prefiring_2018=3.76995	CMS_pileup_2016postVFP=-2.38414	CMS_pileup_2016preVFP=-66.1428	CMS_pileup_2017=6.06619	CMS_pileup_2018=-60.5829	CMS_pileup_2022=-0.293225	CMS_pileup_2022EE=36.1921	CMS_pileup_2023=7.68811	CMS_pileup_2023BPix=-10.2363	CMS_res_j_2016postVFP=0.891464	CMS_res_j_2016preVFP=0.477081	CMS_res_j_2017=0.529518	CMS_res_j_2018=-7.06632	CMS_res_j_2022=0.00364326	CMS_res_j_2022EE=-0.124751	CMS_res_j_2023=-0.0414805	CMS_res_j_2023BPix=0.0216151	CMS_scale_j_2016postVFP=0.879533	CMS_scale_j_2016preVFP=0.175528	CMS_scale_j_2017=5.39978	CMS_scale_j_2018=-6.42506	CMS_scale_j_2022=0.0388406	CMS_scale_j_2022EE=0.954656	CMS_scale_j_2023=2.71106	CMS_scale_j_2023BPix=29.2694	CMS_scale_m_2016postVFP=1.13272	CMS_scale_m_2016preVFP=32.063	CMS_scale_m_2017=-4.7657	CMS_scale_m_2018=-2.57503	CMS_scale_m_2022=0.21285	CMS_scale_m_2022EE=6.3136	CMS_scale_m_2023=6.92527	CMS_scale_m_2023BPix=6.06387	QCDscale_fac_ttbar=-1.93819	QCDscale_ren_ttbar=435.563	pdf_alphas=13.2311	r=0.762027
RooFit::Detail::RooFixedProdPdf::model_s[ ]
     getLogVal() top-level p.d.f not greater than zero @ !servers=(modelObs_s = 0)

RooAbsMinimizerFcn: Minimized function has error status.
Returning maximum FCN so far (0.927526) to force MIGRAD to back out of this region. Error log follows.
Parameter values: 	CMS_NPS26009_LightJetStat_DY_BJetOS_2016postVFP=-161.063	CMS_NPS26009_LightJetStat_DY_BJetOS_2016preVFP=-151.573	CMS_NPS26009_LightJetStat_DY_BJetOS_2017=207.831	CMS_NPS26009_LightJetStat_DY_BJetOS_2018=29.3535	CMS_NPS26009_LightJetStat_DY_BJetOS_2022=2.02023	CMS_NPS26009_LightJetStat_DY_BJetOS_2022EE=17.7415	CMS_NPS26009_MCstat_other_BJetOS_2016postVFP=7.5214	CMS_NPS26009_MCstat_other_BJetOS_2016preVFP=119.303	CMS_NPS26009_MCstat_other_BJetOS_2017=4.98214	CMS_NPS26009_MCstat_other_BJetOS_2018=-10.8999	CMS_NPS26009_MCstat_other_BJetOS_2022=0.243757	CMS_NPS26009_MCstat_other_BJetOS_2022EE=9.52006	CMS_NPS26009_MCstat_other_BJetOS_2023=1.48742	CMS_NPS26009_MCstat_other_BJetOS_2023BPix=-0.377234	CMS_NPS26009_MCstat_signal_BJetOS_2016postVFP=2.77223	CMS_NPS26009_MCstat_signal_BJetOS_2016preVFP=28.8761	CMS_NPS26009_MCstat_signal_BJetOS_2017=5.44739	CMS_NPS26009_MCstat_signal_BJetOS_2018=7.61989	CMS_NPS26009_MCstat_signal_BJetOS_2022=0.766674	CMS_NPS26009_MCstat_signal_BJetOS_2022EE=5.12946	CMS_NPS26009_MCstat_signal_BJetOS_2023=3.19709	CMS_NPS26009_MCstat_signal_BJetOS_2023BPix=0.178324	CMS_NPS26009_MCstat_singleTop_BJetOS_2016postVFP=2.15979	CMS_NPS26009_MCstat_singleTop_BJetOS_2016preVFP=70.179	CMS_NPS26009_MCstat_singleTop_BJetOS_2017=8.0749	CMS_NPS26009_MCstat_singleTop_BJetOS_2018=-13.1891	CMS_NPS26009_MCstat_singleTop_BJetOS_2022=3.27762	CMS_NPS26009_MCstat_singleTop_BJetOS_2022EE=44.7335	CMS_NPS26009_MCstat_singleTop_BJetOS_2023=1.22678	CMS_NPS26009_MCstat_singleTop_BJetOS_2023BPix=-0.0118621	CMS_NPS26009_MCstat_ttbar_BJetOS_2016postVFP=13.223	CMS_NPS26009_MCstat_ttbar_BJetOS_2016preVFP=137.789	CMS_NPS26009_MCstat_ttbar_BJetOS_2017=23.6695	CMS_NPS26009_MCstat_ttbar_BJetOS_2018=-69.1441	CMS_NPS26009_MCstat_ttbar_BJetOS_2022=1.12641	CMS_NPS26009_MCstat_ttbar_BJetOS_2022EE=44.8792	CMS_NPS26009_MCstat_ttbar_BJetOS_2023=24.0574	CMS_NPS26009_MCstat_ttbar_BJetOS_2023BPix=31.2785	CMS_NPS26009_NFStat_DY_BJetOS_2016postVFP=-16.1968	CMS_NPS26009_NFStat_DY_BJetOS_2016preVFP=158.927	CMS_NPS26009_NFStat_DY_BJetOS_2017=19.7799	CMS_NPS26009_NFStat_DY_BJetOS_2018=-218.304	CMS_NPS26009_NFStat_DY_BJetOS_2022=2.00988	CMS_NPS26009_NFStat_DY_BJetOS_2022EE=0.802424	CMS_NPS26009_QCDscale_fac_singleTop=-2.88107	CMS_NPS26009_QCDscale_ren_singleTop=-12.7203	CMS_NPS26009_bckgNorm_QCD_BJetOS_2016postVFP=0.00581983	CMS_NPS26009_bckgNorm_QCD_BJetOS_2016preVFP=-0.0277675	CMS_NPS26009_bckgNorm_QCD_BJetOS_2017=0.0103701	CMS_NPS26009_bckgNorm_QCD_BJetOS_2018=-0.234563	CMS_NPS26009_bckgNorm_QCD_BJetOS_2022=-9.81047e-05	CMS_NPS26009_bckgNorm_QCD_BJetOS_2022EE=-3.39178e-06	CMS_NPS26009_bckgNorm_QCD_BJetOS_2023=-0.00165919	CMS_NPS26009_bckgNorm_QCD_BJetOS_2023BPix=-5.88261e-05	CMS_NPS26009_bckgShape_QCD_BJetOS_2016postVFP=0.928469	CMS_NPS26009_bckgShape_QCD_BJetOS_2016preVFP=-0.121263	CMS_NPS26009_bckgShape_QCD_BJetOS_2017=-1.34086	CMS_NPS26009_bckgShape_QCD_BJetOS_2018=-1.67043	CMS_NPS26009_bckgShape_QCD_BJetOS_2022=0.0194901	CMS_NPS26009_bckgShape_QCD_BJetOS_2022EE=-0.0575533	CMS_NPS26009_bckgShape_QCD_BJetOS_2023=-0.161424	CMS_NPS26009_bckgShape_QCD_BJetOS_2023BPix=-4.48932e-06	CMS_NPS26009_btag_fixedWP_bc_correlated_13TeV=111.905	CMS_NPS26009_btag_fixedWP_bc_correlated_13p6TeV=76.1383	CMS_NPS26009_btag_fixedWP_light_correlated_13TeV=11.5062	CMS_NPS26009_btag_fixedWP_light_correlated_13p6TeV=7.08863	CMS_NPS26009_lumi_2016=43.7262	CMS_NPS26009_lumi_2017=17.5387	CMS_NPS26009_lumi_2018=-25.9489	CMS_NPS26009_lumi_2022=9.98484	CMS_NPS26009_lumi_2023=5.79221	CMS_NPS26009_pdf_NNPDF31=57.5108	CMS_NPS26009_topmass_ttbar_BJetOS=35.3001	CMS_btag_fixedWP_bc_uncorrelated_2016postVFP=10.0628	CMS_btag_fixedWP_bc_uncorrelated_2016preVFP=101.637	CMS_btag_fixedWP_bc_uncorrelated_2017=27.9043	CMS_btag_fixedWP_bc_uncorrelated_2018=-28.1665	CMS_btag_fixedWP_bc_uncorrelated_2022=1.32915	CMS_btag_fixedWP_bc_uncorrelated_2022EE=15.6612	CMS_btag_fixedWP_bc_uncorrelated_2023=10.8516	CMS_btag_fixedWP_bc_uncorrelated_2023BPix=7.13988	CMS_btag_fixedWP_light_uncorrelated_2016postVFP=2.53322	CMS_btag_fixedWP_light_uncorrelated_2016preVFP=8.92389	CMS_btag_fixedWP_light_uncorrelated_2017=2.37087	CMS_btag_fixedWP_light_uncorrelated_2018=-8.48995	CMS_btag_fixedWP_light_uncorrelated_2022=0.0150547	CMS_btag_fixedWP_light_uncorrelated_2022EE=1.97828	CMS_btag_fixedWP_light_uncorrelated_2023=0.336057	CMS_btag_fixedWP_light_uncorrelated_2023BPix=0.68597	CMS_eff_m_id_2016postVFP=0.33304	CMS_eff_m_id_2016preVFP=5.17071	CMS_eff_m_id_2017=0.708344	CMS_eff_m_id_2018=-0.891892	CMS_eff_m_id_2022=0.229099	CMS_eff_m_id_2022EE=1.87534	CMS_eff_m_id_2023=1.62972	CMS_eff_m_id_2023BPix=1.18394	CMS_eff_m_trigger_2016postVFP=1.79239	CMS_eff_m_trigger_2016preVFP=22.0073	CMS_eff_m_trigger_2017=3.1711	CMS_eff_m_trigger_2018=-3.37711	CMS_eff_m_trigger_2022=0.253184	CMS_eff_m_trigger_2022EE=4.50595	CMS_eff_m_trigger_2023=2.84683	CMS_eff_m_trigger_2023BPix=1.61911	CMS_l1_prefiring_2016postVFP=-3.81171	CMS_l1_prefiring_2016preVFP=-34.8333	CMS_l1_prefiring_2017=-7.57802	CMS_l1_prefiring_2018=1.87696	CMS_pileup_2016postVFP=-1.18917	CMS_pileup_2016preVFP=-33.0006	CMS_pileup_2017=3.02666	CMS_pileup_2018=-30.1933	CMS_pileup_2022=-0.155745	CMS_pileup_2022EE=18.0583	CMS_pileup_2023=3.82289	CMS_pileup_2023BPix=-5.04099	CMS_res_j_2016postVFP=0.444613	CMS_res_j_2016preVFP=0.237997	CMS_res_j_2017=0.264207	CMS_res_j_2018=-3.52204	CMS_res_j_2022=0.00181473	CMS_res_j_2022EE=-0.0622358	CMS_res_j_2023=-0.0206892	CMS_res_j_2023BPix=0.0105424	CMS_scale_j_2016postVFP=0.438663	CMS_scale_j_2016preVFP=0.0875293	CMS_scale_j_2017=2.69411	CMS_scale_j_2018=-3.20068	CMS_scale_j_2022=0.0203648	CMS_scale_j_2022EE=0.476367	CMS_scale_j_2023=1.34792	CMS_scale_j_2023BPix=14.5021	CMS_scale_m_2016postVFP=0.564934	CMS_scale_m_2016preVFP=15.9968	CMS_scale_m_2017=-2.3776	CMS_scale_m_2018=-1.28257	CMS_scale_m_2022=0.109022	CMS_scale_m_2022EE=3.15027	CMS_scale_m_2023=3.44336	CMS_scale_m_2023BPix=3.00148	QCDscale_fac_ttbar=-0.982221	QCDscale_ren_ttbar=217.159	pdf_alphas=6.6051	r=0.762027
RooFit::Detail::RooFixedProdPdf::model_s[ ]
     getLogVal() top-level p.d.f not greater than zero @ !servers=(modelObs_s = 0)

RooAbsMinimizerFcn: Minimized function has error status.
Returning maximum FCN so far (0.927526) to force MIGRAD to back out of this region. Error log follows.
Parameter values: 	CMS_NPS26009_LightJetStat_DY_BJetOS_2016postVFP=-80.234	CMS_NPS26009_LightJetStat_DY_BJetOS_2016preVFP=-75.2982	CMS_NPS26009_LightJetStat_DY_BJetOS_2017=103.515	CMS_NPS26009_LightJetStat_DY_BJetOS_2018=14.9334	CMS_NPS26009_LightJetStat_DY_BJetOS_2022=1.02706	CMS_NPS26009_LightJetStat_DY_BJetOS_2022EE=8.83334	CMS_NPS26009_MCstat_other_BJetOS_2016postVFP=3.74173	CMS_NPS26009_MCstat_other_BJetOS_2016preVFP=59.4358	CMS_NPS26009_MCstat_other_BJetOS_2017=2.48022	CMS_NPS26009_MCstat_other_BJetOS_2018=-5.40361	CMS_NPS26009_MCstat_other_BJetOS_2022=0.133933	CMS_NPS26009_MCstat_other_BJetOS_2022EE=4.73989	CMS_NPS26009_MCstat_other_BJetOS_2023=0.732863	CMS_NPS26009_MCstat_other_BJetOS_2023BPix=-0.344483	CMS_NPS26009_MCstat_signal_BJetOS_2016postVFP=1.37943	CMS_NPS26009_MCstat_signal_BJetOS_2016preVFP=14.372	CMS_NPS26009_MCstat_signal_BJetOS_2017=2.71139	CMS_NPS26009_MCstat_signal_BJetOS_2018=3.80104	CMS_NPS26009_MCstat_signal_BJetOS_2022=0.382763	CMS_NPS26009_MCstat_signal_BJetOS_2022EE=2.55318	CMS_NPS26009_MCstat_signal_BJetOS_2023=1.58669	CMS_NPS26009_MCstat_signal_BJetOS_2023BPix=0.0807587	CMS_NPS26009_MCstat_singleTop_BJetOS_2016postVFP=1.07447	CMS_NPS26009_MCstat_singleTop_BJetOS_2016preVFP=34.9363	CMS_NPS26009_MCstat_singleTop_BJetOS_2017=4.02006	CMS_NPS26009_MCstat_singleTop_BJetOS_2018=-6.54277	CMS_NPS26009_MCstat_singleTop_BJetOS_2022=1.66063	CMS_NPS26009_MCstat_singleTop_BJetOS_2022EE=22.2752	CMS_NPS26009_MCstat_singleTop_BJetOS_2023=0.599774	CMS_NPS26009_MCstat_singleTop_BJetOS_2023BPix=-0.039806	CMS_NPS26009_MCstat_ttbar_BJetOS_2016postVFP=6.57811	CMS_NPS26009_MCstat_ttbar_BJetOS_2016preVFP=68.5925	CMS_NPS26009_MCstat_ttbar_BJetOS_2017=11.7843	CMS_NPS26009_MCstat_ttbar_BJetOS_2018=-34.3402	CMS_NPS26009_MCstat_ttbar_BJetOS_2022=0.60269	CMS_NPS26009_MCstat_ttbar_BJetOS_2022EE=22.3466	CMS_NPS26009_MCstat_ttbar_BJetOS_2023=11.882	CMS_NPS26009_MCstat_ttbar_BJetOS_2023BPix=15.3565	CMS_NPS26009_NFStat_DY_BJetOS_2016postVFP=-8.06113	CMS_NPS26009_NFStat_DY_BJetOS_2016preVFP=79.0968	CMS_NPS26009_NFStat_DY_BJetOS_2017=9.85002	CMS_NPS26009_NFStat_DY_BJetOS_2018=-108.416	CMS_NPS26009_NFStat_DY_BJetOS_2022=1.02127	CMS_NPS26009_NFStat_DY_BJetOS_2022EE=0.399529	CMS_NPS26009_QCDscale_fac_singleTop=-1.44158	CMS_NPS26009_QCDscale_ren_singleTop=-6.3364	CMS_NPS26009_bckgNorm_QCD_BJetOS_2016postVFP=0.00289646	CMS_NPS26009_bckgNorm_QCD_BJetOS_2016preVFP=-0.0138202	CMS_NPS26009_bckgNorm_QCD_BJetOS_2017=0.0051601	CMS_NPS26009_bckgNorm_QCD_BJetOS_2018=-0.116661	CMS_NPS26009_bckgNorm_QCD_BJetOS_2022=-4.85174e-05	CMS_NPS26009_bckgNorm_QCD_BJetOS_2022EE=-1.69191e-06	CMS_NPS26009_bckgNorm_QCD_BJetOS_2023=-0.000821722	CMS_NPS26009_bckgNorm_QCD_BJetOS_2023BPix=-2.91427e-05	CMS_NPS26009_bckgShape_QCD_BJetOS_2016postVFP=0.557491	CMS_NPS26009_bckgShape_QCD_BJetOS_2016preVFP=0.111755	CMS_NPS26009_bckgShape_QCD_BJetOS_2017=-1.07298	CMS_NPS26009_bckgShape_QCD_BJetOS_2018=1.09317	CMS_NPS26009_bckgShape_QCD_BJetOS_2022=0.00993225	CMS_NPS26009_bckgShape_QCD_BJetOS_2022EE=0.0584484	CMS_NPS26009_bckgShape_QCD_BJetOS_2023=0.103535	CMS_NPS26009_bckgShape_QCD_BJetOS_2023BPix=-4.40058e-06	CMS_NPS26009_btag_fixedWP_bc_correlated_13TeV=55.7419	CMS_NPS26009_btag_fixedWP_bc_correlated_13p6TeV=37.8485	CMS_NPS26009_btag_fixedWP_light_correlated_13TeV=5.74646	CMS_NPS26009_btag_fixedWP_light_correlated_13p6TeV=3.51932	CMS_NPS26009_lumi_2016=21.7654	CMS_NPS26009_lumi_2017=8.73091	CMS_NPS26009_lumi_2018=-12.8618	CMS_NPS26009_lumi_2022=4.97626	CMS_NPS26009_lumi_2023=2.85247	CMS_NPS26009_pdf_NNPDF31=28.6325	CMS_NPS26009_topmass_ttbar_BJetOS=17.5831	CMS_btag_fixedWP_bc_uncorrelated_2016postVFP=5.0066	CMS_btag_fixedWP_bc_uncorrelated_2016preVFP=50.5913	CMS_btag_fixedWP_bc_uncorrelated_2017=13.8909	CMS_btag_fixedWP_bc_uncorrelated_2018=-13.9616	CMS_btag_fixedWP_bc_uncorrelated_2022=0.674817	CMS_btag_fixedWP_bc_uncorrelated_2022EE=7.79724	CMS_btag_fixedWP_bc_uncorrelated_2023=5.36957	CMS_btag_fixedWP_bc_uncorrelated_2023BPix=3.49119	CMS_btag_fixedWP_light_uncorrelated_2016postVFP=1.26024	CMS_btag_fixedWP_light_uncorrelated_2016preVFP=4.44282	CMS_btag_fixedWP_light_uncorrelated_2017=1.18035	CMS_btag_fixedWP_light_uncorrelated_2018=-4.21607	CMS_btag_fixedWP_light_uncorrelated_2022=0.00956636	CMS_btag_fixedWP_light_uncorrelated_2022EE=0.985036	CMS_btag_fixedWP_light_uncorrelated_2023=0.166152	CMS_btag_fixedWP_light_uncorrelated_2023BPix=0.335817	CMS_eff_m_id_2016postVFP=0.1657	CMS_eff_m_id_2016preVFP=2.57389	CMS_eff_m_id_2017=0.352617	CMS_eff_m_id_2018=-0.441722	CMS_eff_m_id_2022=0.117056	CMS_eff_m_id_2022EE=0.933664	CMS_eff_m_id_2023=0.806603	CMS_eff_m_id_2023BPix=0.578217	CMS_eff_m_trigger_2016postVFP=0.891782	CMS_eff_m_trigger_2016preVFP=10.9549	CMS_eff_m_trigger_2017=1.57859	CMS_eff_m_trigger_2018=-1.67314	CMS_eff_m_trigger_2022=0.13053	CMS_eff_m_trigger_2022EE=2.24346	CMS_eff_m_trigger_2023=1.4085	CMS_eff_m_trigger_2023BPix=0.791123	CMS_l1_prefiring_2016postVFP=-1.89649	CMS_l1_prefiring_2016preVFP=-17.3392	CMS_l1_prefiring_2017=-3.77234	CMS_l1_prefiring_2018=0.93047	CMS_pileup_2016postVFP=-0.591683	CMS_pileup_2016preVFP=-16.4296	CMS_pileup_2017=1.50691	CMS_pileup_2018=-14.9987	CMS_pileup_2022=-0.0870062	CMS_pileup_2022EE=8.99151	CMS_pileup_2023=1.89029	CMS_pileup_2023BPix=-2.44333	CMS_res_j_2016postVFP=0.221189	CMS_res_j_2016preVFP=0.118456	CMS_res_j_2017=0.131553	CMS_res_j_2018=-1.74991	CMS_res_j_2022=0.000900466	CMS_res_j_2022EE=-0.0309783	CMS_res_j_2023=-0.0102936	CMS_res_j_2023BPix=0.00500615	CMS_scale_j_2016postVFP=0.218229	CMS_scale_j_2016preVFP=0.0435305	CMS_scale_j_2017=1.34129	CMS_scale_j_2018=-1.58851	CMS_scale_j_2022=0.011127	CMS_scale_j_2022EE=0.237224	CMS_scale_j_2023=0.666354	CMS_scale_j_2023BPix=7.11845	CMS_scale_m_2016postVFP=0.281045	CMS_scale_m_2016preVFP=7.96371	CMS_scale_m_2017=-1.18356	CMS_scale_m_2018=-0.636349	CMS_scale_m_2022=0.057109	CMS_scale_m_2022EE=1.56862	CMS_scale_m_2023=1.70242	CMS_scale_m_2023BPix=1.4703	QCDscale_fac_ttbar=-0.504239	QCDscale_ren_ttbar=107.957	pdf_alphas=3.29213	r=0.762027
RooFit::Detail::RooFixedProdPdf::model_s[ ]
     getLogVal() top-level p.d.f not greater than zero @ !servers=(modelObs_s = 0)

RooAbsMinimizerFcn: Minimized function has error status.
Returning maximum FCN so far (0.927526) to force MIGRAD to back out of this region. Error log follows.
Parameter values: 	CMS_NPS26009_LightJetStat_DY_BJetOS_2016postVFP=-39.8204	CMS_NPS26009_LightJetStat_DY_BJetOS_2016preVFP=-37.1619	CMS_NPS26009_LightJetStat_DY_BJetOS_2017=51.3584	CMS_NPS26009_LightJetStat_DY_BJetOS_2018=7.72366	CMS_NPS26009_LightJetStat_DY_BJetOS_2022=0.530484	CMS_NPS26009_LightJetStat_DY_BJetOS_2022EE=4.3794	CMS_NPS26009_MCstat_other_BJetOS_2016postVFP=1.85195	CMS_NPS26009_MCstat_other_BJetOS_2016preVFP=29.5031	CMS_NPS26009_MCstat_other_BJetOS_2017=1.2293	CMS_NPS26009_MCstat_other_BJetOS_2018=-2.65555	CMS_NPS26009_MCstat_other_BJetOS_2022=0.0790233	CMS_NPS26009_MCstat_other_BJetOS_2022EE=2.34987	CMS_NPS26009_MCstat_other_BJetOS_2023=0.355597	CMS_NPS26009_MCstat_other_BJetOS_2023BPix=-0.328108	CMS_NPS26009_MCstat_signal_BJetOS_2016postVFP=0.683047	CMS_NPS26009_MCstat_signal_BJetOS_2016preVFP=7.12022	CMS_NPS26009_MCstat_signal_BJetOS_2017=1.34343	CMS_NPS26009_MCstat_signal_BJetOS_2018=1.89167	CMS_NPS26009_MCstat_signal_BJetOS_2022=0.190813	CMS_NPS26009_MCstat_signal_BJetOS_2022EE=1.26507	CMS_NPS26009_MCstat_signal_BJetOS_2023=0.781519	CMS_NPS26009_MCstat_signal_BJetOS_2023BPix=0.0319775	CMS_NPS26009_MCstat_singleTop_BJetOS_2016postVFP=0.531825	CMS_NPS26009_MCstat_singleTop_BJetOS_2016preVFP=17.3155	CMS_NPS26009_MCstat_singleTop_BJetOS_2017=1.99271	CMS_NPS26009_MCstat_singleTop_BJetOS_2018=-3.21973	CMS_NPS26009_MCstat_singleTop_BJetOS_2022=0.852159	CMS_NPS26009_MCstat_singleTop_BJetOS_2022EE=11.0463	CMS_NPS26009_MCstat_singleTop_BJetOS_2023=0.286281	CMS_NPS26009_MCstat_singleTop_BJetOS_2023BPix=-0.0537776	CMS_NPS26009_MCstat_ttbar_BJetOS_2016postVFP=3.25579	CMS_NPS26009_MCstat_ttbar_BJetOS_2016preVFP=33.9951	CMS_NPS26009_MCstat_ttbar_BJetOS_2017=5.84182	CMS_NPS26009_MCstat_ttbar_BJetOS_2018=-16.9388	CMS_NPS26009_MCstat_ttbar_BJetOS_2022=0.340836	CMS_NPS26009_MCstat_ttbar_BJetOS_2022EE=11.0806	CMS_NPS26009_MCstat_ttbar_BJetOS_2023=5.7945	CMS_NPS26009_MCstat_ttbar_BJetOS_2023BPix=7.39572	CMS_NPS26009_NFStat_DY_BJetOS_2016postVFP=-3.99341	CMS_NPS26009_NFStat_DY_BJetOS_2016preVFP=39.1828	CMS_NPS26009_NFStat_DY_BJetOS_2017=4.88525	CMS_NPS26009_NFStat_DY_BJetOS_2018=-53.4733	CMS_NPS26009_NFStat_DY_BJetOS_2022=0.526982	CMS_NPS26009_NFStat_DY_BJetOS_2022EE=0.198087	CMS_NPS26009_QCDscale_fac_singleTop=-0.721856	CMS_NPS26009_QCDscale_ren_singleTop=-3.14452	CMS_NPS26009_bckgNorm_QCD_BJetOS_2016postVFP=0.00143482	CMS_NPS26009_bckgNorm_QCD_BJetOS_2016preVFP=-0.00684673	CMS_NPS26009_bckgNorm_QCD_BJetOS_2017=0.00255517	CMS_NPS26009_bckgNorm_QCD_BJetOS_2018=-0.0577118	CMS_NPS26009_bckgNorm_QCD_BJetOS_2022=-2.37244e-05	CMS_NPS26009_bckgNorm_QCD_BJetOS_2022EE=-8.42e-07	CMS_NPS26009_bckgNorm_QCD_BJetOS_2023=-0.000403	CMS_NPS26009_bckgNorm_QCD_BJetOS_2023BPix=-1.43015e-05	CMS_NPS26009_bckgShape_QCD_BJetOS_2016postVFP=0.245919	CMS_NPS26009_bckgShape_QCD_BJetOS_2016preVFP=-0.266312	CMS_NPS26009_bckgShape_QCD_BJetOS_2017=-0.709477	CMS_NPS26009_bckgShape_QCD_BJetOS_2018=1.68815	CMS_NPS26009_bckgShape_QCD_BJetOS_2022=0.00497041	CMS_NPS26009_bckgShape_QCD_BJetOS_2022EE=0.0574592	CMS_NPS26009_bckgShape_QCD_BJetOS_2023=0.156868	CMS_NPS26009_bckgShape_QCD_BJetOS_2023BPix=-4.35621e-06	CMS_NPS26009_btag_fixedWP_bc_correlated_13TeV=27.6614	CMS_NPS26009_btag_fixedWP_bc_correlated_13p6TeV=18.7042	CMS_NPS26009_btag_fixedWP_light_correlated_13TeV=2.8667	CMS_NPS26009_btag_fixedWP_light_correlated_13p6TeV=1.73472	CMS_NPS26009_lumi_2016=10.7853	CMS_NPS26009_lumi_2017=4.32716	CMS_NPS26009_lumi_2018=-6.31839	CMS_NPS26009_lumi_2022=2.47205	CMS_NPS26009_lumi_2023=1.38265	CMS_NPS26009_pdf_NNPDF31=14.1937	CMS_NPS26009_topmass_ttbar_BJetOS=8.72479	CMS_btag_fixedWP_bc_uncorrelated_2016postVFP=2.47857	CMS_btag_fixedWP_bc_uncorrelated_2016preVFP=25.0694	CMS_btag_fixedWP_bc_uncorrelated_2017=6.8845	CMS_btag_fixedWP_bc_uncorrelated_2018=-6.85942	CMS_btag_fixedWP_bc_uncorrelated_2022=0.347659	CMS_btag_fixedWP_bc_uncorrelated_2022EE=3.86539	CMS_btag_fixedWP_bc_uncorrelated_2023=2.62865	CMS_btag_fixedWP_bc_uncorrelated_2023BPix=1.6669	CMS_btag_fixedWP_light_uncorrelated_2016postVFP=0.623776	CMS_btag_fixedWP_light_uncorrelated_2016preVFP=2.20235	CMS_btag_fixedWP_light_uncorrelated_2017=0.585108	CMS_btag_fixedWP_light_uncorrelated_2018=-2.07919	CMS_btag_fixedWP_light_uncorrelated_2022=0.00682229	CMS_btag_fixedWP_light_uncorrelated_2022EE=0.488429	CMS_btag_fixedWP_light_uncorrelated_2023=0.0812027	CMS_btag_fixedWP_light_uncorrelated_2023BPix=0.160746	CMS_eff_m_id_2016postVFP=0.0820326	CMS_eff_m_id_2016preVFP=1.27552	CMS_eff_m_id_2017=0.174759	CMS_eff_m_id_2018=-0.216644	CMS_eff_m_id_2022=0.0610354	CMS_eff_m_id_2022EE=0.462839	CMS_eff_m_id_2023=0.395058	CMS_eff_m_id_2023BPix=0.275366	CMS_eff_m_trigger_2016postVFP=0.44149	CMS_eff_m_trigger_2016preVFP=5.4288	CMS_eff_m_trigger_2017=0.782355	CMS_eff_m_trigger_2018=-0.821184	CMS_eff_m_trigger_2022=0.0692048	CMS_eff_m_trigger_2022EE=1.11224	CMS_eff_m_trigger_2023=0.68936	CMS_eff_m_trigger_2023BPix=0.37714	CMS_l1_prefiring_2016postVFP=-0.93891	CMS_l1_prefiring_2016preVFP=-8.59246	CMS_l1_prefiring_2017=-1.86955	CMS_l1_prefiring_2018=0.45724	CMS_pileup_2016postVFP=-0.29295	CMS_pileup_2016preVFP=-8.14436	CMS_pileup_2017=0.747051	CMS_pileup_2018=-7.40154	CMS_pileup_2022=-0.0526376	CMS_pileup_2022EE=4.45824	CMS_pileup_2023=0.924019	CMS_pileup_2023BPix=-1.14454	CMS_res_j_2016postVFP=0.10948	CMS_res_j_2016preVFP=0.0586874	CMS_res_j_2017=0.0652276	CMS_res_j_2018=-0.863875	CMS_res_j_2022=0.000443349	CMS_res_j_2022EE=-0.01535	CMS_res_j_2023=-0.00509601	CMS_res_j_2023BPix=0.00223809	CMS_scale_j_2016postVFP=0.108016	CMS_scale_j_2016preVFP=0.0215317	CMS_scale_j_2017=0.664899	CMS_scale_j_2018=-0.782443	CMS_scale_j_2022=0.00650818	CMS_scale_j_2022EE=0.117656	CMS_scale_j_2023=0.325582	CMS_scale_j_2023BPix=3.42675	CMS_scale_m_2016postVFP=0.139105	CMS_scale_m_2016preVFP=3.9473	CMS_scale_m_2017=-0.58656	CMS_scale_m_2018=-0.313246	CMS_scale_m_2022=0.0311531	CMS_scale_m_2022EE=0.777818	CMS_scale_m_2023=0.831971	CMS_scale_m_2023BPix=0.70473	QCDscale_fac_ttbar=-0.265256	QCDscale_ren_ttbar=53.3583	pdf_alphas=1.6357	r=0.762027
RooFit::Detail::RooFixedProdPdf::model_s[ ]
     getLogVal() top-level p.d.f not greater than zero @ !servers=(modelObs_s = 0)

RooAbsMinimizerFcn: Minimized function has error status.
Returning maximum FCN so far (0.927526) to force MIGRAD to back out of this region. Error log follows.
Parameter values: 	CMS_NPS26009_LightJetStat_DY_BJetOS_2016postVFP=-19.616	CMS_NPS26009_LightJetStat_DY_BJetOS_2016preVFP=-18.096	CMS_NPS26009_LightJetStat_DY_BJetOS_2017=25.2831	CMS_NPS26009_LightJetStat_DY_BJetOS_2018=4.11919	CMS_NPS26009_LightJetStat_DY_BJetOS_2022=0.282227	CMS_NPS26009_LightJetStat_DY_BJetOS_2022EE=2.15269	CMS_NPS26009_MCstat_other_BJetOS_2016postVFP=0.907169	CMS_NPS26009_MCstat_other_BJetOS_2016preVFP=14.5384	CMS_NPS26009_MCstat_other_BJetOS_2017=0.60391	CMS_NPS26009_MCstat_other_BJetOS_2018=-1.28168	CMS_NPS26009_MCstat_other_BJetOS_2022=0.0515715	CMS_NPS26009_MCstat_other_BJetOS_2022EE=1.155	CMS_NPS26009_MCstat_other_BJetOS_2023=0.166987	CMS_NPS26009_MCstat_other_BJetOS_2023BPix=-0.319922	CMS_NPS26009_MCstat_signal_BJetOS_2016postVFP=0.334897	CMS_NPS26009_MCstat_signal_BJetOS_2016preVFP=3.49474	CMS_NPS26009_MCstat_signal_BJetOS_2017=0.659526	CMS_NPS26009_MCstat_signal_BJetOS_2018=0.937101	CMS_NPS26009_MCstat_signal_BJetOS_2022=0.094849	CMS_NPS26009_MCstat_signal_BJetOS_2022EE=0.621099	CMS_NPS26009_MCstat_signal_BJetOS_2023=0.378979	CMS_NPS26009_MCstat_signal_BJetOS_2023BPix=0.00758976	CMS_NPS26009_MCstat_singleTop_BJetOS_2016postVFP=0.260535	CMS_NPS26009_MCstat_singleTop_BJetOS_2016preVFP=8.50615	CMS_NPS26009_MCstat_singleTop_BJetOS_2017=0.979148	CMS_NPS26009_MCstat_singleTop_BJetOS_2018=-1.5584	CMS_NPS26009_MCstat_singleTop_BJetOS_2022=0.447971	CMS_NPS26009_MCstat_singleTop_BJetOS_2022EE=5.43258	CMS_NPS26009_MCstat_singleTop_BJetOS_2023=0.129553	CMS_NPS26009_MCstat_singleTop_BJetOS_2023BPix=-0.0607626	CMS_NPS26009_MCstat_ttbar_BJetOS_2016postVFP=1.59482	CMS_NPS26009_MCstat_ttbar_BJetOS_2016preVFP=16.6985	CMS_NPS26009_MCstat_ttbar_BJetOS_2017=2.87096	CMS_NPS26009_MCstat_ttbar_BJetOS_2018=-8.23911	CMS_NPS26009_MCstat_ttbar_BJetOS_2022=0.209925	CMS_NPS26009_MCstat_ttbar_BJetOS_2022EE=5.44823	CMS_NPS26009_MCstat_ttbar_BJetOS_2023=2.75111	CMS_NPS26009_MCstat_ttbar_BJetOS_2023BPix=3.41581	CMS_NPS26009_NFStat_DY_BJetOS_2016postVFP=-1.95979	CMS_NPS26009_NFStat_DY_BJetOS_2016preVFP=19.2282	CMS_NPS26009_NFStat_DY_BJetOS_2017=2.40315	CMS_NPS26009_NFStat_DY_BJetOS_2018=-26.0053	CMS_NPS26009_NFStat_DY_BJetOS_2022=0.279868	CMS_NPS26009_NFStat_DY_BJetOS_2022EE=0.0973786	CMS_NPS26009_QCDscale_fac_singleTop=-0.362036	CMS_NPS26009_QCDscale_ren_singleTop=-1.54878	CMS_NPS26009_bckgNorm_QCD_BJetOS_2016postVFP=0.000704084	CMS_NPS26009_bckgNorm_QCD_BJetOS_2016preVFP=-0.00336042	CMS_NPS26009_bckgNorm_QCD_BJetOS_2017=0.00125286	CMS_NPS26009_bckgNorm_QCD_BJetOS_2018=-0.0282406	CMS_NPS26009_bckgNorm_QCD_BJetOS_2022=-1.13294e-05	CMS_NPS26009_bckgNorm_QCD_BJetOS_2022EE=-4.17096e-07	CMS_NPS26009_bckgNorm_QCD_BJetOS_2023=-0.000193663	CMS_NPS26009_bckgNorm_QCD_BJetOS_2023BPix=-6.88177e-06	CMS_NPS26009_bckgShape_QCD_BJetOS_2016postVFP=-0.0755109	CMS_NPS26009_bckgShape_QCD_BJetOS_2016preVFP=-0.262567	CMS_NPS26009_bckgShape_QCD_BJetOS_2017=-0.487678	CMS_NPS26009_bckgShape_QCD_BJetOS_2018=1.34086	CMS_NPS26009_bckgShape_QCD_BJetOS_2022=0.00246679	CMS_NPS26009_bckgShape_QCD_BJetOS_2022EE=0.0325636	CMS_NPS26009_bckgShape_QCD_BJetOS_2023=0.0943208	CMS_NPS26009_bckgShape_QCD_BJetOS_2023BPix=-4.33403e-06	CMS_NPS26009_btag_fixedWP_bc_correlated_13TeV=13.6228	CMS_NPS26009_btag_fixedWP_bc_correlated_13p6TeV=9.13312	CMS_NPS26009_btag_fixedWP_light_correlated_13TeV=1.42698	CMS_NPS26009_btag_fixedWP_light_correlated_13p6TeV=0.842522	CMS_NPS26009_lumi_2016=5.29589	CMS_NPS26009_lumi_2017=2.12555	CMS_NPS26009_lumi_2018=-3.04708	CMS_NPS26009_lumi_2022=1.22009	CMS_NPS26009_lumi_2023=0.64782	CMS_NPS26009_pdf_NNPDF31=6.97523	CMS_NPS26009_topmass_ttbar_BJetOS=4.29619	CMS_btag_fixedWP_bc_uncorrelated_2016postVFP=1.21471	CMS_btag_fixedWP_bc_uncorrelated_2016preVFP=12.3099	CMS_btag_fixedWP_bc_uncorrelated_2017=3.38169	CMS_btag_fixedWP_bc_uncorrelated_2018=-3.30873	CMS_btag_fixedWP_bc_uncorrelated_2022=0.184099	CMS_btag_fixedWP_bc_uncorrelated_2022EE=1.8997	CMS_btag_fixedWP_bc_uncorrelated_2023=1.25835	CMS_btag_fixedWP_bc_uncorrelated_2023BPix=0.754864	CMS_btag_fixedWP_light_uncorrelated_2016postVFP=0.30558	CMS_btag_fixedWP_light_uncorrelated_2016preVFP=1.08224	CMS_btag_fixedWP_light_uncorrelated_2017=0.287523	CMS_btag_fixedWP_light_uncorrelated_2018=-1.01088	CMS_btag_fixedWP_light_uncorrelated_2022=0.00545041	CMS_btag_fixedWP_light_uncorrelated_2022EE=0.240154	CMS_btag_fixedWP_light_uncorrelated_2023=0.0387329	CMS_btag_fixedWP_light_uncorrelated_2023BPix=0.0732213	CMS_eff_m_id_2016postVFP=0.0402038	CMS_eff_m_id_2016preVFP=0.626412	CMS_eff_m_id_2017=0.08584	CMS_eff_m_id_2018=-0.104118	CMS_eff_m_id_2022=0.0330286	CMS_eff_m_id_2022EE=0.227454	CMS_eff_m_id_2023=0.189309	CMS_eff_m_id_2023BPix=0.123959	CMS_eff_m_trigger_2016postVFP=0.216371	CMS_eff_m_trigger_2016preVFP=2.66609	CMS_eff_m_trigger_2017=0.384285	CMS_eff_m_trigger_2018=-0.395255	CMS_eff_m_trigger_2022=0.0385458	CMS_eff_m_trigger_2022EE=0.546704	CMS_eff_m_trigger_2023=0.329832	CMS_eff_m_trigger_2023BPix=0.170174	CMS_l1_prefiring_2016postVFP=-0.460176	CMS_l1_prefiring_2016preVFP=-4.21959	CMS_l1_prefiring_2017=-0.91827	CMS_l1_prefiring_2018=0.220654	CMS_pileup_2016postVFP=-0.143601	CMS_pileup_2016preVFP=-4.00223	CMS_pileup_2017=0.36717	CMS_pileup_2018=-3.60344	CMS_pileup_2022=-0.0354553	CMS_pileup_2022EE=2.19187	CMS_pileup_2023=0.440941	CMS_pileup_2023BPix=-0.49522	CMS_res_j_2016postVFP=0.0536326	CMS_res_j_2016preVFP=0.0288065	CMS_res_j_2017=0.0320688	CMS_res_j_2018=-0.420909	CMS_res_j_2022=0.000214817	CMS_res_j_2022EE=-0.00753683	CMS_res_j_2023=-0.0024975	CMS_res_j_2023BPix=0.00085423	CMS_scale_j_2016postVFP=0.0529154	CMS_scale_j_2016preVFP=0.0105336	CMS_scale_j_2017=0.326743	CMS_scale_j_2018=-0.379458	CMS_scale_j_2022=0.00419906	CMS_scale_j_2022EE=0.0578793	CMS_scale_j_2023=0.155216	CMS_scale_j_2023BPix=1.58112	CMS_scale_m_2016postVFP=0.068143	CMS_scale_m_2016preVFP=1.93934	CMS_scale_m_2017=-0.288094	CMS_scale_m_2018=-0.151714	CMS_scale_m_2022=0.0181767	CMS_scale_m_2022EE=0.382464	CMS_scale_m_2023=0.3968	CMS_scale_m_2023BPix=0.321991	QCDscale_fac_ttbar=-0.145778	QCDscale_ren_ttbar=26.062	pdf_alphas=0.807577	r=0.762027
RooFit::Detail::RooFixedProdPdf::model_s[ ]
     getLogVal() top-level p.d.f not greater than zero @ !servers=(modelObs_s = 0)

RooAbsMinimizerFcn: Minimized function has error status.
Returning maximum FCN so far (0.927526) to force MIGRAD to back out of this region. Error log follows.
Parameter values: 	CMS_NPS26009_LightJetStat_DY_BJetOS_2016postVFP=-9.51863	CMS_NPS26009_LightJetStat_DY_BJetOS_2016preVFP=-8.56758	CMS_NPS26009_LightJetStat_DY_BJetOS_2017=12.2517	CMS_NPS26009_LightJetStat_DY_BJetOS_2018=2.31781	CMS_NPS26009_LightJetStat_DY_BJetOS_2022=0.158158	CMS_NPS26009_LightJetStat_DY_BJetOS_2022EE=1.03986	CMS_NPS26009_MCstat_other_BJetOS_2016postVFP=0.435003	CMS_NPS26009_MCstat_other_BJetOS_2016preVFP=7.05968	CMS_NPS26009_MCstat_other_BJetOS_2017=0.291365	CMS_NPS26009_MCstat_other_BJetOS_2018=-0.595075	CMS_NPS26009_MCstat_other_BJetOS_2022=0.037852	CMS_NPS26009_MCstat_other_BJetOS_2022EE=0.557852	CMS_NPS26009_MCstat_other_BJetOS_2023=0.0727268	CMS_NPS26009_MCstat_other_BJetOS_2023BPix=-0.31583	CMS_NPS26009_MCstat_signal_BJetOS_2016postVFP=0.160904	CMS_NPS26009_MCstat_signal_BJetOS_2016preVFP=1.68286	CMS_NPS26009_MCstat_signal_BJetOS_2017=0.317739	CMS_NPS26009_MCstat_signal_BJetOS_2018=0.460041	CMS_NPS26009_MCstat_signal_BJetOS_2022=0.04689	CMS_NPS26009_MCstat_signal_BJetOS_2022EE=0.299264	CMS_NPS26009_MCstat_signal_BJetOS_2023=0.177805	CMS_NPS26009_MCstat_signal_BJetOS_2023BPix=-0.00459832	CMS_NPS26009_MCstat_singleTop_BJetOS_2016postVFP=0.124954	CMS_NPS26009_MCstat_singleTop_BJetOS_2016preVFP=4.10356	CMS_NPS26009_MCstat_singleTop_BJetOS_2017=0.472608	CMS_NPS26009_MCstat_singleTop_BJetOS_2018=-0.728132	CMS_NPS26009_MCstat_singleTop_BJetOS_2022=0.245972	CMS_NPS26009_MCstat_singleTop_BJetOS_2022EE=2.62703	CMS_NPS26009_MCstat_singleTop_BJetOS_2023=0.0512265	CMS_NPS26009_MCstat_singleTop_BJetOS_2023BPix=-0.0642534	CMS_NPS26009_MCstat_ttbar_BJetOS_2016postVFP=0.764732	CMS_NPS26009_MCstat_ttbar_BJetOS_2016preVFP=8.05426	CMS_NPS26009_MCstat_ttbar_BJetOS_2017=1.38623	CMS_NPS26009_MCstat_ttbar_BJetOS_2018=-3.89133	CMS_NPS26009_MCstat_ttbar_BJetOS_2022=0.1445	CMS_NPS26009_MCstat_ttbar_BJetOS_2022EE=2.6334	CMS_NPS26009_MCstat_ttbar_BJetOS_2023=1.23013	CMS_NPS26009_MCstat_ttbar_BJetOS_2023BPix=1.4268	CMS_NPS26009_NFStat_DY_BJetOS_2016postVFP=-0.943457	CMS_NPS26009_NFStat_DY_BJetOS_2016preVFP=9.25566	CMS_NPS26009_NFStat_DY_BJetOS_2017=1.1627	CMS_NPS26009_NFStat_DY_BJetOS_2018=-12.2779	CMS_NPS26009_NFStat_DY_BJetOS_2022=0.156369	CMS_NPS26009_NFStat_DY_BJetOS_2022EE=0.0470481	CMS_NPS26009_QCDscale_fac_singleTop=-0.182211	CMS_NPS26009_QCDscale_ren_singleTop=-0.751282	CMS_NPS26009_bckgNorm_QCD_BJetOS_2016postVFP=0.00033889	CMS_NPS26009_bckgNorm_QCD_BJetOS_2016preVFP=-0.00161808	CMS_NPS26009_bckgNorm_QCD_BJetOS_2017=0.000602015	CMS_NPS26009_bckgNorm_QCD_BJetOS_2018=-0.013512	CMS_NPS26009_bckgNorm_QCD_BJetOS_2022=-5.13485e-06	CMS_NPS26009_bckgNorm_QCD_BJetOS_2022EE=-2.04744e-07	CMS_NPS26009_bckgNorm_QCD_BJetOS_2023=-8.90447e-05	CMS_NPS26009_bckgNorm_QCD_BJetOS_2023BPix=-3.17365e-06	CMS_NPS26009_bckgShape_QCD_BJetOS_2016postVFP=0.949741	CMS_NPS26009_bckgShape_QCD_BJetOS_2016preVFP=-0.196612	CMS_NPS26009_bckgShape_QCD_BJetOS_2017=0.368209	CMS_NPS26009_bckgShape_QCD_BJetOS_2018=1.0229	CMS_NPS26009_bckgShape_QCD_BJetOS_2022=0.00121271	CMS_NPS26009_bckgShape_QCD_BJetOS_2022EE=0.0163112	CMS_NPS26009_bckgShape_QCD_BJetOS_2023=0.0476188	CMS_NPS26009_bckgShape_QCD_BJetOS_2023BPix=-4.32294e-06	CMS_NPS26009_btag_fixedWP_bc_correlated_13TeV=6.60682	CMS_NPS26009_btag_fixedWP_bc_correlated_13p6TeV=4.34987	CMS_NPS26009_btag_fixedWP_light_correlated_13TeV=0.707468	CMS_NPS26009_btag_fixedWP_light_correlated_13p6TeV=0.396635	CMS_NPS26009_lumi_2016=2.55249	CMS_NPS26009_lumi_2017=1.02526	CMS_NPS26009_lumi_2018=-1.4122	CMS_NPS26009_lumi_2022=0.594403	CMS_NPS26009_lumi_2023=0.280581	CMS_NPS26009_pdf_NNPDF31=3.36768	CMS_NPS26009_topmass_ttbar_BJetOS=2.08294	CMS_btag_fixedWP_bc_uncorrelated_2016postVFP=0.58308	CMS_btag_fixedWP_bc_uncorrelated_2016preVFP=5.9332	CMS_btag_fixedWP_bc_uncorrelated_2017=1.63112	CMS_btag_fixedWP_bc_uncorrelated_2018=-1.53422	CMS_btag_fixedWP_bc_uncorrelated_2022=0.102358	CMS_btag_fixedWP_bc_uncorrelated_2022EE=0.917325	CMS_btag_fixedWP_bc_uncorrelated_2023=0.573524	CMS_btag_fixedWP_bc_uncorrelated_2023BPix=0.299062	CMS_btag_fixedWP_light_uncorrelated_2016postVFP=0.146557	CMS_btag_fixedWP_light_uncorrelated_2016preVFP=0.522458	CMS_btag_fixedWP_light_uncorrelated_2017=0.1388	CMS_btag_fixedWP_light_uncorrelated_2018=-0.476973	CMS_btag_fixedWP_light_uncorrelated_2022=0.0047648	CMS_btag_fixedWP_light_uncorrelated_2022EE=0.116076	CMS_btag_fixedWP_light_uncorrelated_2023=0.0175081	CMS_btag_fixedWP_light_uncorrelated_2023BPix=0.0294795	CMS_eff_m_id_2016postVFP=0.0192992	CMS_eff_m_id_2016preVFP=0.302011	CMS_eff_m_id_2017=0.0414018	CMS_eff_m_id_2018=-0.0478815	CMS_eff_m_id_2022=0.0190319	CMS_eff_m_id_2022EE=0.109818	CMS_eff_m_id_2023=0.0864838	CMS_eff_m_id_2023BPix=0.0482914	CMS_eff_m_trigger_2016postVFP=0.103864	CMS_eff_m_trigger_2016preVFP=1.28539	CMS_eff_m_trigger_2017=0.185345	CMS_eff_m_trigger_2018=-0.182392	CMS_eff_m_trigger_2022=0.0232235	CMS_eff_m_trigger_2022EE=0.264068	CMS_eff_m_trigger_2023=0.150153	CMS_eff_m_trigger_2023BPix=0.0667393	CMS_l1_prefiring_2016postVFP=-0.220923	CMS_l1_prefiring_2016preVFP=-2.0342	CMS_l1_prefiring_2017=-0.442854	CMS_l1_prefiring_2018=0.102416	CMS_pileup_2016postVFP=-0.0689625	CMS_pileup_2016preVFP=-1.93214	CMS_pileup_2017=0.177319	CMS_pileup_2018=-1.70528	CMS_pileup_2022=-0.0268683	CMS_pileup_2022EE=1.05922	CMS_pileup_2023=0.199516	CMS_pileup_2023BPix=-0.170714	CMS_res_j_2016postVFP=0.025722	CMS_res_j_2016preVFP=0.0138732	CMS_res_j_2017=0.0154973	CMS_res_j_2018=-0.199531	CMS_res_j_2022=0.000100606	CMS_res_j_2022EE=-0.00363208	CMS_res_j_2023=-0.00119886	CMS_res_j_2023BPix=0.000162626	CMS_scale_j_2016postVFP=0.0253783	CMS_scale_j_2016preVFP=0.00503715	CMS_scale_j_2017=0.157745	CMS_scale_j_2018=-0.178062	CMS_scale_j_2022=0.00304505	CMS_scale_j_2022EE=0.028005	CMS_scale_j_2023=0.070074	CMS_scale_j_2023BPix=0.658744	CMS_scale_m_2016postVFP=0.0326789	CMS_scale_m_2016preVFP=0.935828	CMS_scale_m_2017=-0.138932	CMS_scale_m_2018=-0.0709859	CMS_scale_m_2022=0.0116916	CMS_scale_m_2022EE=0.18488	CMS_scale_m_2023=0.179317	CMS_scale_m_2023BPix=0.130712	QCDscale_fac_ttbar=-0.0860676	QCDscale_ren_ttbar=12.4203	pdf_alphas=0.393714	r=0.762027
RooFit::Detail::RooFixedProdPdf::model_s[ ]
     getLogVal() top-level p.d.f not greater than zero @ !servers=(modelObs_s = 0)

RooAbsMinimizerFcn: Minimized function has error status.
Returning maximum FCN so far (367.759) to force MIGRAD to back out of this region. Error log follows.
Parameter values: 	CMS_NPS26009_LightJetStat_DY_BJetOS_2016postVFP=728.51	CMS_NPS26009_LightJetStat_DY_BJetOS_2016preVFP=-1228.17	CMS_NPS26009_LightJetStat_DY_BJetOS_2017=1242.43	CMS_NPS26009_LightJetStat_DY_BJetOS_2018=224.255	CMS_NPS26009_LightJetStat_DY_BJetOS_2022=14.983	CMS_NPS26009_LightJetStat_DY_BJetOS_2022EE=136.455	CMS_NPS26009_MCstat_other_BJetOS_2016postVFP=94.2618	CMS_NPS26009_MCstat_other_BJetOS_2016preVFP=887.604	CMS_NPS26009_MCstat_other_BJetOS_2017=33.866	CMS_NPS26009_MCstat_other_BJetOS_2018=-80.9744	CMS_NPS26009_MCstat_other_BJetOS_2022=1.62618	CMS_NPS26009_MCstat_other_BJetOS_2022EE=73.1652	CMS_NPS26009_MCstat_other_BJetOS_2023=11.6021	CMS_NPS26009_MCstat_other_BJetOS_2023BPix=-1.14564	CMS_NPS26009_MCstat_signal_BJetOS_2016postVFP=25.3128	CMS_NPS26009_MCstat_signal_BJetOS_2016preVFP=221.502	CMS_NPS26009_MCstat_signal_BJetOS_2017=39.124	CMS_NPS26009_MCstat_signal_BJetOS_2018=59.5877	CMS_NPS26009_MCstat_signal_BJetOS_2022=5.86584	CMS_NPS26009_MCstat_signal_BJetOS_2022EE=39.4083	CMS_NPS26009_MCstat_signal_BJetOS_2023=24.6495	CMS_NPS26009_MCstat_signal_BJetOS_2023BPix=1.44179	CMS_NPS26009_MCstat_singleTop_BJetOS_2016postVFP=26.4578	CMS_NPS26009_MCstat_singleTop_BJetOS_2016preVFP=537.282	CMS_NPS26009_MCstat_singleTop_BJetOS_2017=53.999	CMS_NPS26009_MCstat_singleTop_BJetOS_2018=-98.5501	CMS_NPS26009_MCstat_singleTop_BJetOS_2022=24.5464	CMS_NPS26009_MCstat_singleTop_BJetOS_2022EE=343.208	CMS_NPS26009_MCstat_singleTop_BJetOS_2023=9.43687	CMS_NPS26009_MCstat_singleTop_BJetOS_2023BPix=0.142617	CMS_NPS26009_MCstat_ttbar_BJetOS_2016postVFP=165.532	CMS_NPS26009_MCstat_ttbar_BJetOS_2016preVFP=1063.16	CMS_NPS26009_MCstat_ttbar_BJetOS_2017=156.19	CMS_NPS26009_MCstat_ttbar_BJetOS_2018=-523.923	CMS_NPS26009_MCstat_ttbar_BJetOS_2022=7.49213	CMS_NPS26009_MCstat_ttbar_BJetOS_2022EE=344.963	CMS_NPS26009_MCstat_ttbar_BJetOS_2023=188.289	CMS_NPS26009_MCstat_ttbar_BJetOS_2023BPix=244.621	CMS_NPS26009_NFStat_DY_BJetOS_2016postVFP=-105.105	CMS_NPS26009_NFStat_DY_BJetOS_2016preVFP=1237.51	CMS_NPS26009_NFStat_DY_BJetOS_2017=117.234	CMS_NPS26009_NFStat_DY_BJetOS_2018=-1689.52	CMS_NPS26009_NFStat_DY_BJetOS_2022=14.9042	CMS_NPS26009_NFStat_DY_BJetOS_2022EE=6.19191	CMS_NPS26009_QCDscale_fac_singleTop=-22.6954	CMS_NPS26009_QCDscale_ren_singleTop=-97.6367	CMS_NPS26009_bckgNorm_QCD_BJetOS_2016postVFP=0.0813016	CMS_NPS26009_bckgNorm_QCD_BJetOS_2016preVFP=-0.162338	CMS_NPS26009_bckgNorm_QCD_BJetOS_2017=0.0683228	CMS_NPS26009_bckgNorm_QCD_BJetOS_2018=-2.01957	CMS_NPS26009_bckgNorm_QCD_BJetOS_2022=-0.00062328	CMS_NPS26009_bckgNorm_QCD_BJetOS_2022EE=0.000106937	CMS_NPS26009_bckgNorm_QCD_BJetOS_2023=-0.0171843	CMS_NPS26009_bckgNorm_QCD_BJetOS_2023BPix=-0.000453454	CMS_NPS26009_bckgShape_QCD_BJetOS_2016postVFP=0.665314	CMS_NPS26009_bckgShape_QCD_BJetOS_2016preVFP=-0.230869	CMS_NPS26009_bckgShape_QCD_BJetOS_2017=1.33335	CMS_NPS26009_bckgShape_QCD_BJetOS_2018=-0.155238	CMS_NPS26009_bckgShape_QCD_BJetOS_2022=0.0332341	CMS_NPS26009_bckgShape_QCD_BJetOS_2022EE=0.0567238	CMS_NPS26009_bckgShape_QCD_BJetOS_2023=-0.125455	CMS_NPS26009_bckgShape_QCD_BJetOS_2023BPix=-4.66685e-06	CMS_NPS26009_btag_fixedWP_bc_correlated_13TeV=877.683	CMS_NPS26009_btag_fixedWP_bc_correlated_13p6TeV=589.058	CMS_NPS26009_btag_fixedWP_light_correlated_13TeV=94.5125	CMS_NPS26009_btag_fixedWP_light_correlated_13p6TeV=54.9132	CMS_NPS26009_lumi_2016=346.527	CMS_NPS26009_lumi_2017=120.408	CMS_NPS26009_lumi_2018=-194.031	CMS_NPS26009_lumi_2022=76.6075	CMS_NPS26009_lumi_2023=45.2234	CMS_NPS26009_pdf_NNPDF31=448.786	CMS_NPS26009_topmass_ttbar_BJetOS=281.492	CMS_btag_fixedWP_bc_uncorrelated_2016postVFP=107.896	CMS_btag_fixedWP_bc_uncorrelated_2016preVFP=782.552	CMS_btag_fixedWP_bc_uncorrelated_2017=191.763	CMS_btag_fixedWP_bc_uncorrelated_2018=-210.574	CMS_btag_fixedWP_bc_uncorrelated_2022=9.87495	CMS_btag_fixedWP_bc_uncorrelated_2022EE=120.36	CMS_btag_fixedWP_bc_uncorrelated_2023=84.4293	CMS_btag_fixedWP_bc_uncorrelated_2023BPix=56.2536	CMS_btag_fixedWP_light_uncorrelated_2016postVFP=30.9881	CMS_btag_fixedWP_light_uncorrelated_2016preVFP=68.2675	CMS_btag_fixedWP_light_uncorrelated_2017=15.7699	CMS_btag_fixedWP_light_uncorrelated_2018=-64.3126	CMS_btag_fixedWP_light_uncorrelated_2022=0.0595321	CMS_btag_fixedWP_light_uncorrelated_2022EE=15.2008	CMS_btag_fixedWP_light_uncorrelated_2023=2.62055	CMS_btag_fixedWP_light_uncorrelated_2023BPix=5.41817	CMS_eff_m_id_2016postVFP=3.5523	CMS_eff_m_id_2016preVFP=39.6147	CMS_eff_m_id_2017=4.87831	CMS_eff_m_id_2018=-6.62563	CMS_eff_m_id_2022=1.67998	CMS_eff_m_id_2022EE=14.4112	CMS_eff_m_id_2023=12.6696	CMS_eff_m_id_2023BPix=9.33423	CMS_eff_m_trigger_2016postVFP=19.1616	CMS_eff_m_trigger_2016preVFP=168.623	CMS_eff_m_trigger_2017=21.8427	CMS_eff_m_trigger_2018=-25.1517	CMS_eff_m_trigger_2022=1.8292	CMS_eff_m_trigger_2022EE=34.6257	CMS_eff_m_trigger_2023=22.1583	CMS_eff_m_trigger_2023BPix=12.7655	CMS_l1_prefiring_2016postVFP=-39.9917	CMS_l1_prefiring_2016preVFP=-266.957	CMS_l1_prefiring_2017=-52.364	CMS_l1_prefiring_2018=14.0394	CMS_pileup_2016postVFP=-11.805	CMS_pileup_2016preVFP=-252.685	CMS_pileup_2017=19.8011	CMS_pileup_2018=-229.632	CMS_pileup_2022=-1.07997	CMS_pileup_2022EE=139.128	CMS_pileup_2023=29.9234	CMS_pileup_2023BPix=-39.7501	CMS_res_j_2016postVFP=5.44588	CMS_res_j_2016preVFP=1.82524	CMS_res_j_2017=1.68477	CMS_res_j_2018=-26.7757	CMS_res_j_2022=0.0140047	CMS_res_j_2022EE=-0.478144	CMS_res_j_2023=-0.159136	CMS_res_j_2023BPix=0.0838364	CMS_scale_j_2016postVFP=5.36294	CMS_scale_j_2016preVFP=0.676471	CMS_scale_j_2017=17.8769	CMS_scale_j_2018=-24.0753	CMS_scale_j_2022=0.129466	CMS_scale_j_2022EE=3.66024	CMS_scale_j_2023=10.4807	CMS_scale_j_2023BPix=115.493	CMS_scale_m_2016postVFP=6.97798	CMS_scale_m_2016preVFP=122.023	CMS_scale_m_2017=-16.4338	CMS_scale_m_2018=-9.5952	CMS_scale_m_2022=0.75819	CMS_scale_m_2022EE=24.2248	CMS_scale_m_2023=26.8812	CMS_scale_m_2023BPix=23.686	QCDscale_fac_ttbar=-16.8957	QCDscale_ren_ttbar=1695.85	pdf_alphas=59.2618	r=0.762027
RooFit::Detail::RooFixedProdPdf::model_s[ ]
     getLogVal() top-level p.d.f evaluates to NaN @ !servers=(modelObs_s = 0)

RooAbsMinimizerFcn: Minimized function has error status.
Returning maximum FCN so far (367.759) to force MIGRAD to back out of this region. Error log follows.
Parameter values: 	CMS_NPS26009_LightJetStat_DY_BJetOS_2016postVFP=321.265	CMS_NPS26009_LightJetStat_DY_BJetOS_2016preVFP=-541.502	CMS_NPS26009_LightJetStat_DY_BJetOS_2017=548.02	CMS_NPS26009_LightJetStat_DY_BJetOS_2018=99.2629	CMS_NPS26009_LightJetStat_DY_BJetOS_2022=6.63191	CMS_NPS26009_LightJetStat_DY_BJetOS_2022EE=60.184	CMS_NPS26009_MCstat_other_BJetOS_2016postVFP=41.571	CMS_NPS26009_MCstat_other_BJetOS_2016preVFP=391.52	CMS_NPS26009_MCstat_other_BJetOS_2017=14.9363	CMS_NPS26009_MCstat_other_BJetOS_2018=-35.688	CMS_NPS26009_MCstat_other_BJetOS_2022=0.731222	CMS_NPS26009_MCstat_other_BJetOS_2022EE=32.2697	CMS_NPS26009_MCstat_other_BJetOS_2023=5.10855	CMS_NPS26009_MCstat_other_BJetOS_2023BPix=-0.679682	CMS_NPS26009_MCstat_signal_BJetOS_2016postVFP=11.1634	CMS_NPS26009_MCstat_signal_BJetOS_2016preVFP=97.6883	CMS_NPS26009_MCstat_signal_BJetOS_2017=17.2548	CMS_NPS26009_MCstat_signal_BJetOS_2018=26.2893	CMS_NPS26009_MCstat_signal_BJetOS_2022=2.58831	CMS_NPS26009_MCstat_signal_BJetOS_2022EE=17.3803	CMS_NPS26009_MCstat_signal_BJetOS_2023=10.866	CMS_NPS26009_MCstat_signal_BJetOS_2023BPix=0.626971	CMS_NPS26009_MCstat_singleTop_BJetOS_2016postVFP=11.6683	CMS_NPS26009_MCstat_singleTop_BJetOS_2016preVFP=236.964	CMS_NPS26009_MCstat_singleTop_BJetOS_2017=23.816	CMS_NPS26009_MCstat_singleTop_BJetOS_2018=-43.4392	CMS_NPS26009_MCstat_singleTop_BJetOS_2022=10.8582	CMS_NPS26009_MCstat_singleTop_BJetOS_2022EE=151.376	CMS_NPS26009_MCstat_singleTop_BJetOS_2023=4.14988	CMS_NPS26009_MCstat_singleTop_BJetOS_2023BPix=0.0251641	CMS_NPS26009_MCstat_ttbar_BJetOS_2016postVFP=73.0021	CMS_NPS26009_MCstat_ttbar_BJetOS_2016preVFP=468.899	CMS_NPS26009_MCstat_ttbar_BJetOS_2017=68.8874	CMS_NPS26009_MCstat_ttbar_BJetOS_2018=-230.982	CMS_NPS26009_MCstat_ttbar_BJetOS_2022=3.35102	CMS_NPS26009_MCstat_ttbar_BJetOS_2022EE=152.149	CMS_NPS26009_MCstat_ttbar_BJetOS_2023=82.9385	CMS_NPS26009_MCstat_ttbar_BJetOS_2023BPix=107.65	CMS_NPS26009_NFStat_DY_BJetOS_2016postVFP=-46.3532	CMS_NPS26009_NFStat_DY_BJetOS_2016preVFP=545.774	CMS_NPS26009_NFStat_DY_BJetOS_2017=51.7084	CMS_NPS26009_NFStat_DY_BJetOS_2018=-744.861	CMS_NPS26009_NFStat_DY_BJetOS_2022=6.59644	CMS_NPS26009_NFStat_DY_BJetOS_2022EE=2.73097	CMS_NPS26009_QCDscale_fac_singleTop=-10.0178	CMS_NPS26009_QCDscale_ren_singleTop=-43.0664	CMS_NPS26009_bckgNorm_QCD_BJetOS_2016postVFP=0.035857	CMS_NPS26009_bckgNorm_QCD_BJetOS_2016preVFP=-0.071594	CMS_NPS26009_bckgNorm_QCD_BJetOS_2017=0.0301306	CMS_NPS26009_bckgNorm_QCD_BJetOS_2018=-0.890599	CMS_NPS26009_bckgNorm_QCD_BJetOS_2022=-0.000274534	CMS_NPS26009_bckgNorm_QCD_BJetOS_2022EE=4.71612e-05	CMS_NPS26009_bckgNorm_QCD_BJetOS_2023=-0.00757432	CMS_NPS26009_bckgNorm_QCD_BJetOS_2023BPix=-0.000199835	CMS_NPS26009_bckgShape_QCD_BJetOS_2016postVFP=0.432134	CMS_NPS26009_bckgShape_QCD_BJetOS_2016preVFP=0.137495	CMS_NPS26009_bckgShape_QCD_BJetOS_2017=-1.08749	CMS_NPS26009_bckgShape_QCD_BJetOS_2018=0.676726	CMS_NPS26009_bckgShape_QCD_BJetOS_2022=0.0158511	CMS_NPS26009_bckgShape_QCD_BJetOS_2022EE=-0.0361342	CMS_NPS26009_bckgShape_QCD_BJetOS_2023=-0.164039	CMS_NPS26009_bckgShape_QCD_BJetOS_2023BPix=-4.46883e-06	CMS_NPS26009_btag_fixedWP_bc_correlated_13TeV=387.133	CMS_NPS26009_btag_fixedWP_bc_correlated_13p6TeV=259.739	CMS_NPS26009_btag_fixedWP_light_correlated_13TeV=41.7047	CMS_NPS26009_btag_fixedWP_light_correlated_13p6TeV=24.2085	CMS_NPS26009_lumi_2016=152.831	CMS_NPS26009_lumi_2017=53.1046	CMS_NPS26009_lumi_2018=-85.5133	CMS_NPS26009_lumi_2022=33.7934	CMS_NPS26009_lumi_2023=19.9109	CMS_NPS26009_pdf_NNPDF31=197.937	CMS_NPS26009_topmass_ttbar_BJetOS=124.161	CMS_btag_fixedWP_bc_uncorrelated_2016postVFP=47.5838	CMS_btag_fixedWP_bc_uncorrelated_2016preVFP=345.133	CMS_btag_fixedWP_bc_uncorrelated_2017=84.5749	CMS_btag_fixedWP_bc_uncorrelated_2018=-92.8051	CMS_btag_fixedWP_bc_uncorrelated_2022=4.3699	CMS_btag_fixedWP_bc_uncorrelated_2022EE=53.085	CMS_btag_fixedWP_bc_uncorrelated_2023=37.2007	CMS_btag_fixedWP_bc_uncorrelated_2023BPix=24.7399	CMS_btag_fixedWP_light_uncorrelated_2016postVFP=13.6663	CMS_btag_fixedWP_light_uncorrelated_2016preVFP=30.1093	CMS_btag_fixedWP_light_uncorrelated_2017=6.95529	CMS_btag_fixedWP_light_uncorrelated_2018=-28.353	CMS_btag_fixedWP_light_uncorrelated_2022=0.028562	CMS_btag_fixedWP_light_uncorrelated_2022EE=6.70443	CMS_btag_fixedWP_light_uncorrelated_2023=1.1545	CMS_btag_fixedWP_light_uncorrelated_2023BPix=2.38333	CMS_eff_m_id_2016postVFP=1.56662	CMS_eff_m_id_2016preVFP=17.4716	CMS_eff_m_id_2017=2.15152	CMS_eff_m_id_2018=-2.91965	CMS_eff_m_id_2022=0.744289	CMS_eff_m_id_2022EE=6.35606	CMS_eff_m_id_2023=5.58262	CMS_eff_m_id_2023BPix=4.10436	CMS_eff_m_trigger_2016postVFP=8.45058	CMS_eff_m_trigger_2016preVFP=74.3691	CMS_eff_m_trigger_2017=9.63349	CMS_eff_m_trigger_2018=-11.084	CMS_eff_m_trigger_2022=0.81175	CMS_eff_m_trigger_2022EE=15.2718	CMS_eff_m_trigger_2023=9.76308	CMS_eff_m_trigger_2023BPix=5.61354	CMS_l1_prefiring_2016postVFP=-17.637	CMS_l1_prefiring_2016preVFP=-117.738	CMS_l1_prefiring_2017=-23.0945	CMS_l1_prefiring_2018=6.18761	CMS_pileup_2016postVFP=-5.20619	CMS_pileup_2016preVFP=-111.446	CMS_pileup_2017=8.7333	CMS_pileup_2018=-101.242	CMS_pileup_2022=-0.486858	CMS_pileup_2022EE=61.3633	CMS_pileup_2023=13.1832	CMS_pileup_2023BPix=-17.4578	CMS_res_j_2016postVFP=2.40172	CMS_res_j_2016preVFP=0.804982	CMS_res_j_2017=0.743079	CMS_res_j_2018=-11.8054	CMS_res_j_2022=0.00617339	CMS_res_j_2022EE=-0.210878	CMS_res_j_2023=-0.0701793	CMS_res_j_2023BPix=0.036706	CMS_scale_j_2016postVFP=2.36514	CMS_scale_j_2016preVFP=0.298304	CMS_scale_j_2017=7.88455	CMS_scale_j_2018=-10.6128	CMS_scale_j_2022=0.0582004	CMS_scale_j_2022EE=1.61441	CMS_scale_j_2023=4.61724	CMS_scale_j_2023BPix=50.8251	CMS_scale_m_2016postVFP=3.0774	CMS_scale_m_2016preVFP=53.8176	CMS_scale_m_2017=-7.24792	CMS_scale_m_2018=-4.22951	CMS_scale_m_2022=0.33755	CMS_scale_m_2022EE=10.6845	CMS_scale_m_2023=11.8427	CMS_scale_m_2023BPix=10.4199	QCDscale_fac_ttbar=-7.46882	QCDscale_ren_ttbar=747.777	pdf_alphas=26.1415	r=0.762027
RooFit::Detail::RooFixedProdPdf::model_s[ ]
     getLogVal() top-level p.d.f not greater than zero @ !servers=(modelObs_s = 0)

RooAbsMinimizerFcn: Minimized function has error status.
Returning maximum FCN so far (367.759) to force MIGRAD to back out of this region. Error log follows.
Parameter values: 	CMS_NPS26009_LightJetStat_DY_BJetOS_2016postVFP=123.225	CMS_NPS26009_LightJetStat_DY_BJetOS_2016preVFP=-207.579	CMS_NPS26009_LightJetStat_DY_BJetOS_2017=210.334	CMS_NPS26009_LightJetStat_DY_BJetOS_2018=38.4805	CMS_NPS26009_LightJetStat_DY_BJetOS_2022=2.57084	CMS_NPS26009_LightJetStat_DY_BJetOS_2022EE=23.0939	CMS_NPS26009_MCstat_other_BJetOS_2016postVFP=15.9479	CMS_NPS26009_MCstat_other_BJetOS_2016preVFP=150.279	CMS_NPS26009_MCstat_other_BJetOS_2017=5.73097	CMS_NPS26009_MCstat_other_BJetOS_2018=-13.6656	CMS_NPS26009_MCstat_other_BJetOS_2022=0.296013	CMS_NPS26009_MCstat_other_BJetOS_2022EE=12.3825	CMS_NPS26009_MCstat_other_BJetOS_2023=1.9508	CMS_NPS26009_MCstat_other_BJetOS_2023BPix=-0.453092	CMS_NPS26009_MCstat_signal_BJetOS_2016postVFP=4.2826	CMS_NPS26009_MCstat_signal_BJetOS_2016preVFP=37.4789	CMS_NPS26009_MCstat_signal_BJetOS_2017=6.62005	CMS_NPS26009_MCstat_signal_BJetOS_2018=10.0966	CMS_NPS26009_MCstat_signal_BJetOS_2022=0.994471	CMS_NPS26009_MCstat_signal_BJetOS_2022EE=6.66831	CMS_NPS26009_MCstat_signal_BJetOS_2023=4.16327	CMS_NPS26009_MCstat_signal_BJetOS_2023BPix=0.23073	CMS_NPS26009_MCstat_singleTop_BJetOS_2016postVFP=4.47633	CMS_NPS26009_MCstat_singleTop_BJetOS_2016preVFP=90.922	CMS_NPS26009_MCstat_singleTop_BJetOS_2017=9.13829	CMS_NPS26009_MCstat_singleTop_BJetOS_2018=-16.6392	CMS_NPS26009_MCstat_singleTop_BJetOS_2022=4.20181	CMS_NPS26009_MCstat_singleTop_BJetOS_2022EE=58.0896	CMS_NPS26009_MCstat_singleTop_BJetOS_2023=1.57887	CMS_NPS26009_MCstat_singleTop_BJetOS_2023BPix=-0.0319521	CMS_NPS26009_MCstat_ttbar_BJetOS_2016postVFP=28.0058	CMS_NPS26009_MCstat_ttbar_BJetOS_2016preVFP=179.913	CMS_NPS26009_MCstat_ttbar_BJetOS_2017=26.4329	CMS_NPS26009_MCstat_ttbar_BJetOS_2018=-88.5273	CMS_NPS26009_MCstat_ttbar_BJetOS_2022=1.33724	CMS_NPS26009_MCstat_ttbar_BJetOS_2022EE=58.3848	CMS_NPS26009_MCstat_ttbar_BJetOS_2023=31.7076	CMS_NPS26009_MCstat_ttbar_BJetOS_2023BPix=41.0414	CMS_NPS26009_NFStat_DY_BJetOS_2016postVFP=-17.7829	CMS_NPS26009_NFStat_DY_BJetOS_2016preVFP=209.387	CMS_NPS26009_NFStat_DY_BJetOS_2017=19.8439	CMS_NPS26009_NFStat_DY_BJetOS_2018=-285.481	CMS_NPS26009_NFStat_DY_BJetOS_2022=2.55645	CMS_NPS26009_NFStat_DY_BJetOS_2022EE=1.04795	CMS_NPS26009_QCDscale_fac_singleTop=-3.85278	CMS_NPS26009_QCDscale_ren_singleTop=-16.5293	CMS_NPS26009_bckgNorm_QCD_BJetOS_2016postVFP=0.0137577	CMS_NPS26009_bckgNorm_QCD_BJetOS_2016preVFP=-0.0274661	CMS_NPS26009_bckgNorm_QCD_BJetOS_2017=0.011558	CMS_NPS26009_bckgNorm_QCD_BJetOS_2018=-0.341588	CMS_NPS26009_bckgNorm_QCD_BJetOS_2022=-0.000104942	CMS_NPS26009_bckgNorm_QCD_BJetOS_2022EE=1.80929e-05	CMS_NPS26009_bckgNorm_QCD_BJetOS_2023=-0.00290107	CMS_NPS26009_bckgNorm_QCD_BJetOS_2023BPix=-7.65015e-05	CMS_NPS26009_bckgShape_QCD_BJetOS_2016postVFP=-0.709593	CMS_NPS26009_bckgShape_QCD_BJetOS_2016preVFP=0.0396014	CMS_NPS26009_bckgShape_QCD_BJetOS_2017=0.776586	CMS_NPS26009_bckgShape_QCD_BJetOS_2018=1.53255	CMS_NPS26009_bckgShape_QCD_BJetOS_2022=0.00620254	CMS_NPS26009_bckgShape_QCD_BJetOS_2022EE=0.0662354	CMS_NPS26009_bckgShape_QCD_BJetOS_2023=0.164436	CMS_NPS26009_bckgShape_QCD_BJetOS_2023BPix=-4.37254e-06	CMS_NPS26009_btag_fixedWP_bc_correlated_13TeV=148.583	CMS_NPS26009_btag_fixedWP_bc_correlated_13p6TeV=99.5939	CMS_NPS26009_btag_fixedWP_light_correlated_13TeV=16.0247	CMS_NPS26009_btag_fixedWP_light_correlated_13p6TeV=9.27699	CMS_NPS26009_lumi_2016=58.6377	CMS_NPS26009_lumi_2017=20.3756	CMS_NPS26009_lumi_2018=-32.7422	CMS_NPS26009_lumi_2022=12.9733	CMS_NPS26009_lumi_2023=7.6017	CMS_NPS26009_pdf_NNPDF31=75.9506	CMS_NPS26009_topmass_ttbar_BJetOS=47.6526	CMS_btag_fixedWP_bc_uncorrelated_2016postVFP=18.2546	CMS_btag_fixedWP_bc_uncorrelated_2016preVFP=132.419	CMS_btag_fixedWP_bc_uncorrelated_2017=32.4504	CMS_btag_fixedWP_bc_uncorrelated_2018=-35.535	CMS_btag_fixedWP_bc_uncorrelated_2022=1.69284	CMS_btag_fixedWP_bc_uncorrelated_2022EE=20.3695	CMS_btag_fixedWP_bc_uncorrelated_2023=14.2338	CMS_btag_fixedWP_bc_uncorrelated_2023BPix=9.41508	CMS_btag_fixedWP_light_uncorrelated_2016postVFP=5.24279	CMS_btag_fixedWP_light_uncorrelated_2016preVFP=11.5532	CMS_btag_fixedWP_light_uncorrelated_2017=2.6688	CMS_btag_fixedWP_light_uncorrelated_2018=-10.8662	CMS_btag_fixedWP_light_uncorrelated_2022=0.0135015	CMS_btag_fixedWP_light_uncorrelated_2022EE=2.57272	CMS_btag_fixedWP_light_uncorrelated_2023=0.441575	CMS_btag_fixedWP_light_uncorrelated_2023BPix=0.907516	CMS_eff_m_id_2016postVFP=0.601003	CMS_eff_m_id_2016preVFP=6.70354	CMS_eff_m_id_2017=0.825513	CMS_eff_m_id_2018=-1.11746	CMS_eff_m_id_2022=0.289269	CMS_eff_m_id_2022EE=2.4389	CMS_eff_m_id_2023=2.13626	CMS_eff_m_id_2023BPix=1.56112	CMS_eff_m_trigger_2016postVFP=3.24189	CMS_eff_m_trigger_2016preVFP=28.5341	CMS_eff_m_trigger_2017=3.69625	CMS_eff_m_trigger_2018=-4.243	CMS_eff_m_trigger_2022=0.316975	CMS_eff_m_trigger_2022EE=5.86009	CMS_eff_m_trigger_2023=3.73538	CMS_eff_m_trigger_2023BPix=2.13561	CMS_l1_prefiring_2016postVFP=-6.76607	CMS_l1_prefiring_2016preVFP=-45.1738	CMS_l1_prefiring_2017=-8.86103	CMS_l1_prefiring_2018=2.36935	CMS_pileup_2016postVFP=-1.99725	CMS_pileup_2016preVFP=-42.763	CMS_pileup_2017=3.35111	CMS_pileup_2018=-38.8065	CMS_pileup_2022=-0.198432	CMS_pileup_2022EE=23.547	CMS_pileup_2023=5.04263	CMS_pileup_2023BPix=-6.6173	CMS_res_j_2016postVFP=0.921372	CMS_res_j_2016preVFP=0.30884	CMS_res_j_2017=0.285144	CMS_res_j_2018=-4.52547	CMS_res_j_2022=0.0023651	CMS_res_j_2022EE=-0.0809083	CMS_res_j_2023=-0.0269204	CMS_res_j_2023BPix=0.0137868	CMS_scale_j_2016postVFP=0.90734	CMS_scale_j_2016preVFP=0.114405	CMS_scale_j_2017=3.02537	CMS_scale_j_2018=-4.06613	CMS_scale_j_2022=0.0235449	CMS_scale_j_2022EE=0.619541	CMS_scale_j_2023=1.76589	CMS_scale_j_2023BPix=19.3775	CMS_scale_m_2016postVFP=1.18058	CMS_scale_m_2016preVFP=20.6498	CMS_scale_m_2017=-2.78091	CMS_scale_m_2018=-1.62021	CMS_scale_m_2022=0.132996	CMS_scale_m_2022EE=4.10006	CMS_scale_m_2023=4.52956	CMS_scale_m_2023BPix=3.96877	QCDscale_fac_ttbar=-2.88461	QCDscale_ren_ttbar=286.737	pdf_alphas=10.0354	r=0.762027
RooFit::Detail::RooFixedProdPdf::model_s[ ]
     getLogVal() top-level p.d.f not greater than zero @ !servers=(modelObs_s = 0)

RooAbsMinimizerFcn: Minimized function has error status.
Returning maximum FCN so far (367.759) to force MIGRAD to back out of this region. Error log follows.
Parameter values: 	CMS_NPS26009_LightJetStat_DY_BJetOS_2016postVFP=34.3655	CMS_NPS26009_LightJetStat_DY_BJetOS_2016preVFP=-57.7507	CMS_NPS26009_LightJetStat_DY_BJetOS_2017=58.8164	CMS_NPS26009_LightJetStat_DY_BJetOS_2018=11.2078	CMS_NPS26009_LightJetStat_DY_BJetOS_2022=0.74866	CMS_NPS26009_LightJetStat_DY_BJetOS_2022EE=6.45192	CMS_NPS26009_MCstat_other_BJetOS_2016postVFP=4.45099	CMS_NPS26009_MCstat_other_BJetOS_2016preVFP=42.0359	CMS_NPS26009_MCstat_other_BJetOS_2017=1.60061	CMS_NPS26009_MCstat_other_BJetOS_2018=-3.78435	CMS_NPS26009_MCstat_other_BJetOS_2022=0.100738	CMS_NPS26009_MCstat_other_BJetOS_2022EE=3.45929	CMS_NPS26009_MCstat_other_BJetOS_2023=0.533946	CMS_NPS26009_MCstat_other_BJetOS_2023BPix=-0.351423	CMS_NPS26009_MCstat_signal_BJetOS_2016postVFP=1.19525	CMS_NPS26009_MCstat_signal_BJetOS_2016preVFP=10.4634	CMS_NPS26009_MCstat_signal_BJetOS_2017=1.84831	CMS_NPS26009_MCstat_signal_BJetOS_2018=2.83103	CMS_NPS26009_MCstat_signal_BJetOS_2022=0.279328	CMS_NPS26009_MCstat_signal_BJetOS_2022EE=1.86192	CMS_NPS26009_MCstat_signal_BJetOS_2023=1.15579	CMS_NPS26009_MCstat_signal_BJetOS_2023BPix=0.0529401	CMS_NPS26009_MCstat_singleTop_BJetOS_2016postVFP=1.24933	CMS_NPS26009_MCstat_singleTop_BJetOS_2016preVFP=25.3941	CMS_NPS26009_MCstat_singleTop_BJetOS_2017=2.55252	CMS_NPS26009_MCstat_singleTop_BJetOS_2018=-4.61424	CMS_NPS26009_MCstat_singleTop_BJetOS_2022=1.21512	CMS_NPS26009_MCstat_singleTop_BJetOS_2022EE=16.2328	CMS_NPS26009_MCstat_singleTop_BJetOS_2023=0.425272	CMS_NPS26009_MCstat_singleTop_BJetOS_2023BPix=-0.0575797	CMS_NPS26009_MCstat_ttbar_BJetOS_2016postVFP=7.81628	CMS_NPS26009_MCstat_ttbar_BJetOS_2016preVFP=50.2468	CMS_NPS26009_MCstat_ttbar_BJetOS_2017=7.38394	CMS_NPS26009_MCstat_ttbar_BJetOS_2018=-24.609	CMS_NPS26009_MCstat_ttbar_BJetOS_2022=0.433669	CMS_NPS26009_MCstat_ttbar_BJetOS_2022EE=16.3137	CMS_NPS26009_MCstat_ttbar_BJetOS_2023=8.72065	CMS_NPS26009_MCstat_ttbar_BJetOS_2023BPix=11.1549	CMS_NPS26009_NFStat_DY_BJetOS_2016postVFP=-4.96366	CMS_NPS26009_NFStat_DY_BJetOS_2016preVFP=58.4526	CMS_NPS26009_NFStat_DY_BJetOS_2017=5.54651	CMS_NPS26009_NFStat_DY_BJetOS_2018=-79.361	CMS_NPS26009_NFStat_DY_BJetOS_2022=0.743736	CMS_NPS26009_NFStat_DY_BJetOS_2022EE=0.292785	CMS_NPS26009_QCDscale_fac_singleTop=-1.0866	CMS_NPS26009_QCDscale_ren_singleTop=-4.62228	CMS_NPS26009_bckgNorm_QCD_BJetOS_2016postVFP=0.00384187	CMS_NPS26009_bckgNorm_QCD_BJetOS_2016preVFP=-0.0076662	CMS_NPS26009_bckgNorm_QCD_BJetOS_2017=0.00322461	CMS_NPS26009_bckgNorm_QCD_BJetOS_2018=-0.0952511	CMS_NPS26009_bckgNorm_QCD_BJetOS_2022=-2.88476e-05	CMS_NPS26009_bckgNorm_QCD_BJetOS_2022EE=5.05014e-06	CMS_NPS26009_bckgNorm_QCD_BJetOS_2023=-0.000804211	CMS_NPS26009_bckgNorm_QCD_BJetOS_2023BPix=-2.11628e-05	CMS_NPS26009_bckgShape_QCD_BJetOS_2016postVFP=0.911066	CMS_NPS26009_bckgShape_QCD_BJetOS_2016preVFP=0.158728	CMS_NPS26009_bckgShape_QCD_BJetOS_2017=0.834104	CMS_NPS26009_bckgShape_QCD_BJetOS_2018=-1.38836	CMS_NPS26009_bckgShape_QCD_BJetOS_2022=0.00176611	CMS_NPS26009_bckgShape_QCD_BJetOS_2022EE=0.02602	CMS_NPS26009_bckgShape_QCD_BJetOS_2023=0.0776563	CMS_NPS26009_bckgShape_QCD_BJetOS_2023BPix=-4.32933e-06	CMS_NPS26009_btag_fixedWP_bc_correlated_13TeV=41.5474	CMS_NPS26009_btag_fixedWP_bc_correlated_13p6TeV=27.738	CMS_NPS26009_btag_fixedWP_light_correlated_13TeV=4.50224	CMS_NPS26009_btag_fixedWP_light_correlated_13p6TeV=2.57736	CMS_NPS26009_lumi_2016=16.3741	CMS_NPS26009_lumi_2017=5.69042	CMS_NPS26009_lumi_2018=-9.06421	CMS_NPS26009_lumi_2022=3.63147	CMS_NPS26009_lumi_2023=2.07865	CMS_NPS26009_pdf_NNPDF31=21.2165	CMS_NPS26009_topmass_ttbar_BJetOS=13.3237	CMS_btag_fixedWP_bc_uncorrelated_2016postVFP=5.09476	CMS_btag_fixedWP_bc_uncorrelated_2016preVFP=36.9767	CMS_btag_fixedWP_bc_uncorrelated_2017=9.06255	CMS_btag_fixedWP_bc_uncorrelated_2018=-9.83837	CMS_btag_fixedWP_bc_uncorrelated_2022=0.491659	CMS_btag_fixedWP_bc_uncorrelated_2022EE=5.69031	CMS_btag_fixedWP_bc_uncorrelated_2023=3.92876	CMS_btag_fixedWP_bc_uncorrelated_2023BPix=2.53894	CMS_btag_fixedWP_light_uncorrelated_2016postVFP=1.46324	CMS_btag_fixedWP_light_uncorrelated_2016preVFP=3.22726	CMS_btag_fixedWP_light_uncorrelated_2017=0.745479	CMS_btag_fixedWP_light_uncorrelated_2018=-3.01997	CMS_btag_fixedWP_light_uncorrelated_2022=0.00674397	CMS_btag_fixedWP_light_uncorrelated_2022EE=0.718856	CMS_btag_fixedWP_light_uncorrelated_2023=0.12169	CMS_btag_fixedWP_light_uncorrelated_2023BPix=0.245329	CMS_eff_m_id_2016postVFP=0.167737	CMS_eff_m_id_2016preVFP=1.87201	CMS_eff_m_id_2017=0.230541	CMS_eff_m_id_2018=-0.308829	CMS_eff_m_id_2022=0.0851051	CMS_eff_m_id_2022EE=0.681297	CMS_eff_m_id_2023=0.589905	CMS_eff_m_id_2023BPix=0.419989	CMS_eff_m_trigger_2016postVFP=0.904798	CMS_eff_m_trigger_2016preVFP=7.96835	CMS_eff_m_trigger_2017=1.03225	CMS_eff_m_trigger_2018=-1.1735	CMS_eff_m_trigger_2022=0.0949736	CMS_eff_m_trigger_2022EE=1.63715	CMS_eff_m_trigger_2023=1.03079	CMS_eff_m_trigger_2023BPix=0.575084	CMS_l1_prefiring_2016postVFP=-1.88838	CMS_l1_prefiring_2016preVFP=-12.6148	CMS_l1_prefiring_2017=-2.47457	CMS_l1_prefiring_2018=0.656129	CMS_pileup_2016postVFP=-0.557422	CMS_pileup_2016preVFP=-11.9454	CMS_pileup_2017=0.936165	CMS_pileup_2018=-10.7924	CMS_pileup_2022=-0.0690169	CMS_pileup_2022EE=6.5791	CMS_pileup_2023=1.39	CMS_pileup_2023BPix=-1.75323	CMS_res_j_2016postVFP=0.257151	CMS_res_j_2016preVFP=0.0862245	CMS_res_j_2017=0.0796717	CMS_res_j_2018=-1.25903	CMS_res_j_2022=0.000656347	CMS_res_j_2022EE=-0.0225919	CMS_res_j_2023=-0.00751039	CMS_res_j_2023BPix=0.00350322	CMS_scale_j_2016postVFP=0.253235	CMS_scale_j_2016preVFP=0.0318909	CMS_scale_j_2017=0.845098	CMS_scale_j_2018=-1.12869	CMS_scale_j_2022=0.00799516	CMS_scale_j_2022EE=0.17315	CMS_scale_j_2023=0.486514	CMS_scale_j_2023BPix=5.26725	CMS_scale_m_2016postVFP=0.329496	CMS_scale_m_2016preVFP=5.76775	CMS_scale_m_2017=-0.7766	CMS_scale_m_2018=-0.449446	CMS_scale_m_2022=0.0412144	CMS_scale_m_2022EE=1.14564	CMS_scale_m_2023=1.24823	CMS_scale_m_2023BPix=1.07418	QCDscale_fac_ttbar=-0.827705	QCDscale_ren_ttbar=79.8723	pdf_alphas=2.80869	r=0.762027
RooFit::Detail::RooFixedProdPdf::model_s[ ]
     getLogVal() top-level p.d.f not greater than zero @ !servers=(modelObs_s = 0)

RooAbsMinimizerFcn: Minimized function has error status.
Returning maximum FCN so far (367.759) to force MIGRAD to back out of this region. Error log follows.
Parameter values: 	CMS_NPS26009_LightJetStat_DY_BJetOS_2016postVFP=4.41732	CMS_NPS26009_LightJetStat_DY_BJetOS_2016preVFP=-7.25409	CMS_NPS26009_LightJetStat_DY_BJetOS_2017=7.75057	CMS_NPS26009_LightJetStat_DY_BJetOS_2018=2.01616	CMS_NPS26009_LightJetStat_DY_BJetOS_2022=0.134533	CMS_NPS26009_LightJetStat_DY_BJetOS_2022EE=0.84307	CMS_NPS26009_MCstat_other_BJetOS_2016postVFP=0.576203	CMS_NPS26009_MCstat_other_BJetOS_2016preVFP=5.55481	CMS_NPS26009_MCstat_other_BJetOS_2017=0.208556	CMS_NPS26009_MCstat_other_BJetOS_2018=-0.454067	CMS_NPS26009_MCstat_other_BJetOS_2022=0.0349247	CMS_NPS26009_MCstat_other_BJetOS_2022EE=0.451899	CMS_NPS26009_MCstat_other_BJetOS_2023=0.0564236	CMS_NPS26009_MCstat_other_BJetOS_2023BPix=-0.317157	CMS_NPS26009_MCstat_signal_BJetOS_2016postVFP=0.154721	CMS_NPS26009_MCstat_signal_BJetOS_2016preVFP=1.35837	CMS_NPS26009_MCstat_signal_BJetOS_2017=0.240096	CMS_NPS26009_MCstat_signal_BJetOS_2018=0.382329	CMS_NPS26009_MCstat_signal_BJetOS_2022=0.0383041	CMS_NPS26009_MCstat_signal_BJetOS_2022EE=0.24202	CMS_NPS26009_MCstat_signal_BJetOS_2023=0.142177	CMS_NPS26009_MCstat_signal_BJetOS_2023BPix=-0.0069805	CMS_NPS26009_MCstat_singleTop_BJetOS_2016postVFP=0.161735	CMS_NPS26009_MCstat_singleTop_BJetOS_2016preVFP=3.30924	CMS_NPS26009_MCstat_singleTop_BJetOS_2017=0.332916	CMS_NPS26009_MCstat_singleTop_BJetOS_2018=-0.561479	CMS_NPS26009_MCstat_singleTop_BJetOS_2022=0.208522	CMS_NPS26009_MCstat_singleTop_BJetOS_2022EE=2.12587	CMS_NPS26009_MCstat_singleTop_BJetOS_2023=0.0364758	CMS_NPS26009_MCstat_singleTop_BJetOS_2023BPix=-0.0662169	CMS_NPS26009_MCstat_ttbar_BJetOS_2016postVFP=1.01183	CMS_NPS26009_MCstat_ttbar_BJetOS_2016preVFP=6.54559	CMS_NPS26009_MCstat_ttbar_BJetOS_2017=0.963869	CMS_NPS26009_MCstat_ttbar_BJetOS_2018=-3.06668	CMS_NPS26009_MCstat_ttbar_BJetOS_2022=0.12914	CMS_NPS26009_MCstat_ttbar_BJetOS_2022EE=2.13443	CMS_NPS26009_MCstat_ttbar_BJetOS_2023=0.973381	CMS_NPS26009_MCstat_ttbar_BJetOS_2023BPix=1.08223	CMS_NPS26009_NFStat_DY_BJetOS_2016postVFP=-0.643191	CMS_NPS26009_NFStat_DY_BJetOS_2016preVFP=7.58319	CMS_NPS26009_NFStat_DY_BJetOS_2017=0.727882	CMS_NPS26009_NFStat_DY_BJetOS_2018=-9.89239	CMS_NPS26009_NFStat_DY_BJetOS_2022=0.132799	CMS_NPS26009_NFStat_DY_BJetOS_2022EE=0.0382734	CMS_NPS26009_QCDscale_fac_singleTop=-0.15431	CMS_NPS26009_QCDscale_ren_singleTop=-0.609276	CMS_NPS26009_bckgNorm_QCD_BJetOS_2016postVFP=0.000499951	CMS_NPS26009_bckgNorm_QCD_BJetOS_2016preVFP=-0.000993061	CMS_NPS26009_bckgNorm_QCD_BJetOS_2017=0.000416012	CMS_NPS26009_bckgNorm_QCD_BJetOS_2018=-0.0122283	CMS_NPS26009_bckgNorm_QCD_BJetOS_2022=-3.20141e-06	CMS_NPS26009_bckgNorm_QCD_BJetOS_2022EE=6.54356e-07	CMS_NPS26009_bckgNorm_QCD_BJetOS_2023=-9.75088e-05	CMS_NPS26009_bckgNorm_QCD_BJetOS_2023BPix=-2.51209e-06	CMS_NPS26009_bckgShape_QCD_BJetOS_2016postVFP=0.833391	CMS_NPS26009_bckgShape_QCD_BJetOS_2016preVFP=0.265569	CMS_NPS26009_bckgShape_QCD_BJetOS_2017=0.445718	CMS_NPS26009_bckgShape_QCD_BJetOS_2018=-1.53683	CMS_NPS26009_bckgShape_QCD_BJetOS_2022=0.000265755	CMS_NPS26009_bckgShape_QCD_BJetOS_2022EE=0.00357449	CMS_NPS26009_bckgShape_QCD_BJetOS_2023=0.0103224	CMS_NPS26009_bckgShape_QCD_BJetOS_2023BPix=-4.31477e-06	CMS_NPS26009_btag_fixedWP_bc_correlated_13TeV=5.47321	CMS_NPS26009_btag_fixedWP_bc_correlated_13p6TeV=3.52042	CMS_NPS26009_btag_fixedWP_light_correlated_13TeV=0.618844	CMS_NPS26009_btag_fixedWP_light_correlated_13p6TeV=0.319383	CMS_NPS26009_lumi_2016=2.13001	CMS_NPS26009_lumi_2017=0.741068	CMS_NPS26009_lumi_2018=-1.08403	CMS_NPS26009_lumi_2022=0.482995	CMS_NPS26009_lumi_2023=0.217215	CMS_NPS26009_pdf_NNPDF31=2.76946	CMS_NPS26009_topmass_ttbar_BJetOS=1.75387	CMS_btag_fixedWP_bc_uncorrelated_2016postVFP=0.659515	CMS_btag_fixedWP_bc_uncorrelated_2016preVFP=4.80966	CMS_btag_fixedWP_bc_uncorrelated_2017=1.18015	CMS_btag_fixedWP_bc_uncorrelated_2018=-1.17785	CMS_btag_fixedWP_bc_uncorrelated_2022=0.0868272	CMS_btag_fixedWP_bc_uncorrelated_2022EE=0.742995	CMS_btag_fixedWP_bc_uncorrelated_2023=0.455648	CMS_btag_fixedWP_bc_uncorrelated_2023BPix=0.221485	CMS_btag_fixedWP_light_uncorrelated_2016postVFP=0.189424	CMS_btag_fixedWP_light_uncorrelated_2016preVFP=0.421163	CMS_btag_fixedWP_light_uncorrelated_2017=0.0972647	CMS_btag_fixedWP_light_uncorrelated_2018=-0.375561	CMS_btag_fixedWP_light_uncorrelated_2022=0.00446649	CMS_btag_fixedWP_light_uncorrelated_2022EE=0.0940484	CMS_btag_fixedWP_light_uncorrelated_2023=0.01388	CMS_btag_fixedWP_light_uncorrelated_2023BPix=0.0221517	CMS_eff_m_id_2016postVFP=0.0217139	CMS_eff_m_id_2016preVFP=0.243643	CMS_eff_m_id_2017=0.0300183	CMS_eff_m_id_2018=-0.0362972	CMS_eff_m_id_2022=0.0162957	CMS_eff_m_id_2022EE=0.0889332	CMS_eff_m_id_2023=0.0687376	CMS_eff_m_id_2023BPix=0.035394	CMS_eff_m_trigger_2016postVFP=0.117128	CMS_eff_m_trigger_2016preVFP=1.03707	CMS_eff_m_trigger_2017=0.134406	CMS_eff_m_trigger_2018=-0.138985	CMS_eff_m_trigger_2022=0.0201524	CMS_eff_m_trigger_2022EE=0.213895	CMS_eff_m_trigger_2023=0.119267	CMS_eff_m_trigger_2023BPix=0.0491418	CMS_l1_prefiring_2016postVFP=-0.244452	CMS_l1_prefiring_2016preVFP=-1.64151	CMS_l1_prefiring_2017=-0.322147	CMS_l1_prefiring_2018=0.0787221	CMS_pileup_2016postVFP=-0.0721569	CMS_pileup_2016preVFP=-1.55898	CMS_pileup_2017=0.122257	CMS_pileup_2018=-1.35076	CMS_pileup_2022=-0.0254003	CMS_pileup_2022EE=0.860417	CMS_pileup_2023=0.15896	CMS_pileup_2023BPix=-0.113896	CMS_res_j_2016postVFP=0.0332894	CMS_res_j_2016preVFP=0.0111966	CMS_res_j_2017=0.0104216	CMS_res_j_2018=-0.158143	CMS_res_j_2022=8.04468e-05	CMS_res_j_2022EE=-0.00293762	CMS_res_j_2023=-0.000968663	CMS_res_j_2023BPix=3.73305e-05	CMS_scale_j_2016postVFP=0.0327824	CMS_scale_j_2016preVFP=0.00408121	CMS_scale_j_2017=0.110281	CMS_scale_j_2018=-0.138679	CMS_scale_j_2022=0.00275445	CMS_scale_j_2022EE=0.0227034	CMS_scale_j_2023=0.0553264	CMS_scale_j_2023BPix=0.51166	CMS_scale_m_2016postVFP=0.0426544	CMS_scale_m_2016preVFP=0.752036	CMS_scale_m_2017=-0.101088	CMS_scale_m_2018=-0.0548617	CMS_scale_m_2022=0.0102813	CMS_scale_m_2022EE=0.14992	CMS_scale_m_2023=0.142324	CMS_scale_m_2023BPix=0.0986131	QCDscale_fac_ttbar=-0.134469	QCDscale_ren_ttbar=10.1527	pdf_alphas=0.373082	r=0.762027
RooFit::Detail::RooFixedProdPdf::model_s[ ]
     getLogVal() top-level p.d.f not greater than zero @ !servers=(modelObs_s = 0)

RooAbsMinimizerFcn: Minimized function has error status.
Returning maximum FCN so far (367.759) to force MIGRAD to back out of this region. Error log follows.
Parameter values: 	CMS_NPS26009_LightJetStat_DY_BJetOS_2016postVFP=-211.462	CMS_NPS26009_LightJetStat_DY_BJetOS_2016preVFP=-1164.28	CMS_NPS26009_LightJetStat_DY_BJetOS_2017=618.458	CMS_NPS26009_LightJetStat_DY_BJetOS_2018=195.758	CMS_NPS26009_LightJetStat_DY_BJetOS_2022=11.1681	CMS_NPS26009_LightJetStat_DY_BJetOS_2022EE=111.662	CMS_NPS26009_MCstat_other_BJetOS_2016postVFP=59.4418	CMS_NPS26009_MCstat_other_BJetOS_2016preVFP=561.103	CMS_NPS26009_MCstat_other_BJetOS_2017=17.0837	CMS_NPS26009_MCstat_other_BJetOS_2018=-53.9957	CMS_NPS26009_MCstat_other_BJetOS_2022=1.02895	CMS_NPS26009_MCstat_other_BJetOS_2022EE=59.7014	CMS_NPS26009_MCstat_other_BJetOS_2023=9.75217	CMS_NPS26009_MCstat_other_BJetOS_2023BPix=-2.36421	CMS_NPS26009_MCstat_signal_BJetOS_2016postVFP=18.6159	CMS_NPS26009_MCstat_signal_BJetOS_2016preVFP=178.501	CMS_NPS26009_MCstat_signal_BJetOS_2017=25.3608	CMS_NPS26009_MCstat_signal_BJetOS_2018=52.7282	CMS_NPS26009_MCstat_signal_BJetOS_2022=4.72829	CMS_NPS26009_MCstat_signal_BJetOS_2022EE=32.0279	CMS_NPS26009_MCstat_signal_BJetOS_2023=20.133	CMS_NPS26009_MCstat_signal_BJetOS_2023BPix=1.02735	CMS_NPS26009_MCstat_singleTop_BJetOS_2016postVFP=16.8526	CMS_NPS26009_MCstat_singleTop_BJetOS_2016preVFP=429.552	CMS_NPS26009_MCstat_singleTop_BJetOS_2017=25.0456	CMS_NPS26009_MCstat_singleTop_BJetOS_2018=-68.194	CMS_NPS26009_MCstat_singleTop_BJetOS_2022=18.9435	CMS_NPS26009_MCstat_singleTop_BJetOS_2022EE=277.434	CMS_NPS26009_MCstat_singleTop_BJetOS_2023=7.1545	CMS_NPS26009_MCstat_singleTop_BJetOS_2023BPix=-0.811156	CMS_NPS26009_MCstat_ttbar_BJetOS_2016postVFP=104.519	CMS_NPS26009_MCstat_ttbar_BJetOS_2016preVFP=885.018	CMS_NPS26009_MCstat_ttbar_BJetOS_2017=67.9503	CMS_NPS26009_MCstat_ttbar_BJetOS_2018=-394.305	CMS_NPS26009_MCstat_ttbar_BJetOS_2022=3.69438	CMS_NPS26009_MCstat_ttbar_BJetOS_2022EE=281.833	CMS_NPS26009_MCstat_ttbar_BJetOS_2023=162.558	CMS_NPS26009_MCstat_ttbar_BJetOS_2023BPix=204.855	CMS_NPS26009_NFStat_DY_BJetOS_2016postVFP=-91.7096	CMS_NPS26009_NFStat_DY_BJetOS_2016preVFP=1076.43	CMS_NPS26009_NFStat_DY_BJetOS_2017=5.326	CMS_NPS26009_NFStat_DY_BJetOS_2018=-1423.35	CMS_NPS26009_NFStat_DY_BJetOS_2022=11.0716	CMS_NPS26009_NFStat_DY_BJetOS_2022EE=5.16342	CMS_NPS26009_QCDscale_fac_singleTop=-16.5636	CMS_NPS26009_QCDscale_ren_singleTop=-74.0163	CMS_NPS26009_bckgNorm_QCD_BJetOS_2016postVFP=0.0458174	CMS_NPS26009_bckgNorm_QCD_BJetOS_2016preVFP=-0.0407614	CMS_NPS26009_bckgNorm_QCD_BJetOS_2017=0.00614376	CMS_NPS26009_bckgNorm_QCD_BJetOS_2018=-2.07244	CMS_NPS26009_bckgNorm_QCD_BJetOS_2022=-0.000260382	CMS_NPS26009_bckgNorm_QCD_BJetOS_2022EE=0.000366306	CMS_NPS26009_bckgNorm_QCD_BJetOS_2023=-0.0227375	CMS_NPS26009_bckgNorm_QCD_BJetOS_2023BPix=-0.000366784	CMS_NPS26009_bckgShape_QCD_BJetOS_2016postVFP=-0.148752	CMS_NPS26009_bckgShape_QCD_BJetOS_2016preVFP=0.0493877	CMS_NPS26009_bckgShape_QCD_BJetOS_2017=-1.21635	CMS_NPS26009_bckgShape_QCD_BJetOS_2018=1.281	CMS_NPS26009_bckgShape_QCD_BJetOS_2022=0.041071	CMS_NPS26009_bckgShape_QCD_BJetOS_2022EE=-0.0456366	CMS_NPS26009_bckgShape_QCD_BJetOS_2023=-0.0298015	CMS_NPS26009_bckgShape_QCD_BJetOS_2023BPix=-2.60775e-06	CMS_NPS26009_btag_fixedWP_bc_correlated_13TeV=746.591	CMS_NPS26009_btag_fixedWP_bc_correlated_13p6TeV=494.092	CMS_NPS26009_btag_fixedWP_light_correlated_13TeV=70.7907	CMS_NPS26009_btag_fixedWP_light_correlated_13p6TeV=46.0709	CMS_NPS26009_lumi_2016=273.76	CMS_NPS26009_lumi_2017=64.5622	CMS_NPS26009_lumi_2018=-135.145	CMS_NPS26009_lumi_2022=62.2503	CMS_NPS26009_lumi_2023=38.0839	CMS_NPS26009_pdf_NNPDF31=346.656	CMS_NPS26009_topmass_ttbar_BJetOS=210.166	CMS_btag_fixedWP_bc_uncorrelated_2016postVFP=73.1906	CMS_btag_fixedWP_bc_uncorrelated_2016preVFP=642.585	CMS_btag_fixedWP_bc_uncorrelated_2017=103.431	CMS_btag_fixedWP_bc_uncorrelated_2018=-146.45	CMS_btag_fixedWP_bc_uncorrelated_2022=7.38588	CMS_btag_fixedWP_bc_uncorrelated_2022EE=98.1788	CMS_btag_fixedWP_bc_uncorrelated_2023=71.3033	CMS_btag_fixedWP_bc_uncorrelated_2023BPix=48.0837	CMS_btag_fixedWP_light_uncorrelated_2016postVFP=19.7563	CMS_btag_fixedWP_light_uncorrelated_2016preVFP=54.3885	CMS_btag_fixedWP_light_uncorrelated_2017=7.16213	CMS_btag_fixedWP_light_uncorrelated_2018=-48.3725	CMS_btag_fixedWP_light_uncorrelated_2022=-0.0647597	CMS_btag_fixedWP_light_uncorrelated_2022EE=12.3978	CMS_btag_fixedWP_light_uncorrelated_2023=2.23036	CMS_btag_fixedWP_light_uncorrelated_2023BPix=4.70995	CMS_eff_m_id_2016postVFP=2.41502	CMS_eff_m_id_2016preVFP=31.7502	CMS_eff_m_id_2017=2.6544	CMS_eff_m_id_2018=-4.42968	CMS_eff_m_id_2022=1.20618	CMS_eff_m_id_2022EE=11.7486	CMS_eff_m_id_2023=10.6671	CMS_eff_m_id_2023BPix=7.96495	CMS_eff_m_trigger_2016postVFP=13.0127	CMS_eff_m_trigger_2016preVFP=135.234	CMS_eff_m_trigger_2017=11.8939	CMS_eff_m_trigger_2018=-17.0922	CMS_eff_m_trigger_2022=1.26458	CMS_eff_m_trigger_2022EE=28.2359	CMS_eff_m_trigger_2023=18.741	CMS_eff_m_trigger_2023BPix=10.915	CMS_l1_prefiring_2016postVFP=-27.4094	CMS_l1_prefiring_2016preVFP=-214.357	CMS_l1_prefiring_2017=-28.943	CMS_l1_prefiring_2018=9.80107	CMS_pileup_2016postVFP=-8.31704	CMS_pileup_2016preVFP=-201.949	CMS_pileup_2017=8.00523	CMS_pileup_2018=-176.696	CMS_pileup_2022=-0.941965	CMS_pileup_2022EE=115.028	CMS_pileup_2023=25.9376	CMS_pileup_2023BPix=-32.9117	CMS_res_j_2016postVFP=3.46997	CMS_res_j_2016preVFP=1.46896	CMS_res_j_2017=0.575418	CMS_res_j_2018=-20.5449	CMS_res_j_2022=0.0114688	CMS_res_j_2022EE=-0.38867	CMS_res_j_2023=-0.129744	CMS_res_j_2023BPix=0.0666044	CMS_scale_j_2016postVFP=3.42002	CMS_scale_j_2016preVFP=0.561235	CMS_scale_j_2017=8.05237	CMS_scale_j_2018=-17.3744	CMS_scale_j_2022=0.0503938	CMS_scale_j_2022EE=2.98777	CMS_scale_j_2023=8.79359	CMS_scale_j_2023BPix=105.735	CMS_scale_m_2016postVFP=4.42942	CMS_scale_m_2016preVFP=95.8576	CMS_scale_m_2017=-8.93079	CMS_scale_m_2018=-6.69636	CMS_scale_m_2022=0.450779	CMS_scale_m_2022EE=19.8402	CMS_scale_m_2023=23.0002	CMS_scale_m_2023BPix=20.5534	QCDscale_fac_ttbar=62.718	QCDscale_ren_ttbar=1583.77	pdf_alphas=30.9816	r=0.762027
RooFit::Detail::RooFixedProdPdf::model_s[ ]
     getLogVal() top-level p.d.f evaluates to NaN @ !servers=(modelObs_s = 0)

RooAbsMinimizerFcn: Minimized function has error status.
Returning maximum FCN so far (367.759) to force MIGRAD to back out of this region. Error log follows.
Parameter values: 	CMS_NPS26009_LightJetStat_DY_BJetOS_2016postVFP=-90.5671	CMS_NPS26009_LightJetStat_DY_BJetOS_2016preVFP=-498.428	CMS_NPS26009_LightJetStat_DY_BJetOS_2017=264.934	CMS_NPS26009_LightJetStat_DY_BJetOS_2018=84.2	CMS_NPS26009_LightJetStat_DY_BJetOS_2022=4.80722	CMS_NPS26009_LightJetStat_DY_BJetOS_2022EE=47.822	CMS_NPS26009_MCstat_other_BJetOS_2016postVFP=25.4548	CMS_NPS26009_MCstat_other_BJetOS_2016preVFP=240.355	CMS_NPS26009_MCstat_other_BJetOS_2017=7.3167	CMS_NPS26009_MCstat_other_BJetOS_2018=-23.099	CMS_NPS26009_MCstat_other_BJetOS_2022=0.454998	CMS_NPS26009_MCstat_other_BJetOS_2022EE=25.5685	CMS_NPS26009_MCstat_other_BJetOS_2023=4.1678	CMS_NPS26009_MCstat_other_BJetOS_2023BPix=-1.19084	CMS_NPS26009_MCstat_signal_BJetOS_2016postVFP=7.97184	CMS_NPS26009_MCstat_signal_BJetOS_2016preVFP=76.4413	CMS_NPS26009_MCstat_signal_BJetOS_2017=10.8608	CMS_NPS26009_MCstat_signal_BJetOS_2018=22.59	CMS_NPS26009_MCstat_signal_BJetOS_2022=2.02619	CMS_NPS26009_MCstat_signal_BJetOS_2022EE=13.7159	CMS_NPS26009_MCstat_signal_BJetOS_2023=8.6166	CMS_NPS26009_MCstat_signal_BJetOS_2023BPix=0.430854	CMS_NPS26009_MCstat_singleTop_BJetOS_2016postVFP=7.21677	CMS_NPS26009_MCstat_singleTop_BJetOS_2016preVFP=183.96	CMS_NPS26009_MCstat_singleTop_BJetOS_2017=10.727	CMS_NPS26009_MCstat_singleTop_BJetOS_2018=-29.1791	CMS_NPS26009_MCstat_singleTop_BJetOS_2022=8.14578	CMS_NPS26009_MCstat_singleTop_BJetOS_2022EE=118.821	CMS_NPS26009_MCstat_singleTop_BJetOS_2023=3.05155	CMS_NPS26009_MCstat_singleTop_BJetOS_2023BPix=-0.385946	CMS_NPS26009_MCstat_ttbar_BJetOS_2016postVFP=44.7581	CMS_NPS26009_MCstat_ttbar_BJetOS_2016preVFP=379.015	CMS_NPS26009_MCstat_ttbar_BJetOS_2017=29.1039	CMS_NPS26009_MCstat_ttbar_BJetOS_2018=-168.774	CMS_NPS26009_MCstat_ttbar_BJetOS_2022=1.63	CMS_NPS26009_MCstat_ttbar_BJetOS_2022EE=120.703	CMS_NPS26009_MCstat_ttbar_BJetOS_2023=69.5093	CMS_NPS26009_MCstat_ttbar_BJetOS_2023BPix=87.4866	CMS_NPS26009_NFStat_DY_BJetOS_2016postVFP=-39.2729	CMS_NPS26009_NFStat_DY_BJetOS_2016preVFP=460.968	CMS_NPS26009_NFStat_DY_BJetOS_2017=2.28803	CMS_NPS26009_NFStat_DY_BJetOS_2018=-609.268	CMS_NPS26009_NFStat_DY_BJetOS_2022=4.76516	CMS_NPS26009_NFStat_DY_BJetOS_2022EE=2.21136	CMS_NPS26009_QCDscale_fac_singleTop=-7.10197	CMS_NPS26009_QCDscale_ren_singleTop=-31.703	CMS_NPS26009_bckgNorm_QCD_BJetOS_2016postVFP=0.0196222	CMS_NPS26009_bckgNorm_QCD_BJetOS_2016preVFP=-0.0174564	CMS_NPS26009_bckgNorm_QCD_BJetOS_2017=0.00263043	CMS_NPS26009_bckgNorm_QCD_BJetOS_2018=-0.887402	CMS_NPS26009_bckgNorm_QCD_BJetOS_2022=-0.000111155	CMS_NPS26009_bckgNorm_QCD_BJetOS_2022EE=0.00015686	CMS_NPS26009_bckgNorm_QCD_BJetOS_2023=-0.0097324	CMS_NPS26009_bckgNorm_QCD_BJetOS_2023BPix=-0.000156918	CMS_NPS26009_bckgShape_QCD_BJetOS_2016postVFP=-0.864875	CMS_NPS26009_bckgShape_QCD_BJetOS_2016preVFP=0.189632	CMS_NPS26009_bckgShape_QCD_BJetOS_2017=1.21417	CMS_NPS26009_bckgShape_QCD_BJetOS_2018=1.70623	CMS_NPS26009_bckgShape_QCD_BJetOS_2022=-0.0478558	CMS_NPS26009_bckgShape_QCD_BJetOS_2022EE=0.0665212	CMS_NPS26009_bckgShape_QCD_BJetOS_2023=-0.158421	CMS_NPS26009_bckgShape_QCD_BJetOS_2023BPix=-3.58256e-06	CMS_NPS26009_btag_fixedWP_bc_correlated_13TeV=319.772	CMS_NPS26009_btag_fixedWP_bc_correlated_13p6TeV=211.537	CMS_NPS26009_btag_fixedWP_light_correlated_13TeV=30.3382	CMS_NPS26009_btag_fixedWP_light_correlated_13p6TeV=19.7194	CMS_NPS26009_lumi_2016=117.238	CMS_NPS26009_lumi_2017=27.6505	CMS_NPS26009_lumi_2018=-57.8143	CMS_NPS26009_lumi_2022=26.6657	CMS_NPS26009_lumi_2023=16.2745	CMS_NPS26009_pdf_NNPDF31=148.463	CMS_NPS26009_topmass_ttbar_BJetOS=90.0182	CMS_btag_fixedWP_bc_uncorrelated_2016postVFP=31.3423	CMS_btag_fixedWP_bc_uncorrelated_2016preVFP=275.187	CMS_btag_fixedWP_bc_uncorrelated_2017=44.2971	CMS_btag_fixedWP_bc_uncorrelated_2018=-62.6513	CMS_btag_fixedWP_bc_uncorrelated_2022=3.17807	CMS_btag_fixedWP_bc_uncorrelated_2022EE=42.047	CMS_btag_fixedWP_bc_uncorrelated_2023=30.4992	CMS_btag_fixedWP_bc_uncorrelated_2023BPix=20.5203	CMS_btag_fixedWP_light_uncorrelated_2016postVFP=8.46023	CMS_btag_fixedWP_light_uncorrelated_2016preVFP=23.2929	CMS_btag_fixedWP_light_uncorrelated_2017=3.06757	CMS_btag_fixedWP_light_uncorrelated_2018=-20.7044	CMS_btag_fixedWP_light_uncorrelated_2022=-0.0253707	CMS_btag_fixedWP_light_uncorrelated_2022EE=5.30971	CMS_btag_fixedWP_light_uncorrelated_2023=0.953868	CMS_btag_fixedWP_light_uncorrelated_2023BPix=2.01061	CMS_eff_m_id_2016postVFP=1.03418	CMS_eff_m_id_2016preVFP=13.5972	CMS_eff_m_id_2017=1.13681	CMS_eff_m_id_2018=-1.8945	CMS_eff_m_id_2022=0.519989	CMS_eff_m_id_2022EE=5.03155	CMS_eff_m_id_2023=4.56293	CMS_eff_m_id_2023BPix=3.39834	CMS_eff_m_trigger_2016postVFP=5.57243	CMS_eff_m_trigger_2016preVFP=57.9145	CMS_eff_m_trigger_2017=5.09385	CMS_eff_m_trigger_2018=-7.3109	CMS_eff_m_trigger_2022=0.546689	CMS_eff_m_trigger_2022EE=12.0926	CMS_eff_m_trigger_2023=8.01607	CMS_eff_m_trigger_2023BPix=4.65747	CMS_l1_prefiring_2016postVFP=-11.7375	CMS_l1_prefiring_2016preVFP=-91.799	CMS_l1_prefiring_2017=-12.3955	CMS_l1_prefiring_2018=4.19302	CMS_pileup_2016postVFP=-3.56159	CMS_pileup_2016preVFP=-86.4883	CMS_pileup_2017=3.42883	CMS_pileup_2018=-75.6355	CMS_pileup_2022=-0.414189	CMS_pileup_2022EE=49.264	CMS_pileup_2023=11.0934	CMS_pileup_2023BPix=-14.0194	CMS_res_j_2016postVFP=1.48594	CMS_res_j_2016preVFP=0.629072	CMS_res_j_2017=0.246487	CMS_res_j_2018=-8.79472	CMS_res_j_2022=0.0049083	CMS_res_j_2022EE=-0.166448	CMS_res_j_2023=-0.0555574	CMS_res_j_2023BPix=0.0282485	CMS_scale_j_2016postVFP=1.46455	CMS_scale_j_2016preVFP=0.240305	CMS_scale_j_2017=3.44888	CMS_scale_j_2018=-7.43531	CMS_scale_j_2022=0.0227098	CMS_scale_j_2022EE=1.27963	CMS_scale_j_2023=3.76062	CMS_scale_j_2023BPix=45.1669	CMS_scale_m_2016postVFP=1.89681	CMS_scale_m_2016preVFP=41.0524	CMS_scale_m_2017=-3.82481	CMS_scale_m_2018=-2.86539	CMS_scale_m_2022=0.196286	CMS_scale_m_2022EE=8.49717	CMS_scale_m_2023=9.83666	CMS_scale_m_2023BPix=8.77494	QCDscale_fac_ttbar=26.8389	QCDscale_ren_ttbar=678.087	pdf_alphas=13.2736	r=0.762027
RooFit::Detail::RooFixedProdPdf::model_s[ ]
     getLogVal() top-level p.d.f not greater than zero @ !servers=(modelObs_s = 0)

RooAbsMinimizerFcn: Minimized function has error status.
Returning maximum FCN so far (367.759) to force MIGRAD to back out of this region. Error log follows.
Parameter values: 	CMS_NPS26009_LightJetStat_DY_BJetOS_2016postVFP=-32.5611	CMS_NPS26009_LightJetStat_DY_BJetOS_2016preVFP=-178.95	CMS_NPS26009_LightJetStat_DY_BJetOS_2017=95.3108	CMS_NPS26009_LightJetStat_DY_BJetOS_2018=30.6739	CMS_NPS26009_LightJetStat_DY_BJetOS_2022=1.75521	CMS_NPS26009_LightJetStat_DY_BJetOS_2022EE=17.191	CMS_NPS26009_MCstat_other_BJetOS_2016postVFP=9.14758	CMS_NPS26009_MCstat_other_BJetOS_2016preVFP=86.4587	CMS_NPS26009_MCstat_other_BJetOS_2017=2.63042	CMS_NPS26009_MCstat_other_BJetOS_2018=-8.27459	CMS_NPS26009_MCstat_other_BJetOS_2022=0.179615	CMS_NPS26009_MCstat_other_BJetOS_2022EE=9.19126	CMS_NPS26009_MCstat_other_BJetOS_2023=1.48839	CMS_NPS26009_MCstat_other_BJetOS_2023BPix=-0.627844	CMS_NPS26009_MCstat_signal_BJetOS_2016postVFP=2.86477	CMS_NPS26009_MCstat_signal_BJetOS_2016preVFP=27.4727	CMS_NPS26009_MCstat_signal_BJetOS_2017=3.90359	CMS_NPS26009_MCstat_signal_BJetOS_2018=8.12954	CMS_NPS26009_MCstat_signal_BJetOS_2022=0.729709	CMS_NPS26009_MCstat_signal_BJetOS_2022EE=4.92965	CMS_NPS26009_MCstat_signal_BJetOS_2023=3.09098	CMS_NPS26009_MCstat_signal_BJetOS_2023BPix=0.144652	CMS_NPS26009_MCstat_singleTop_BJetOS_2016postVFP=2.59346	CMS_NPS26009_MCstat_singleTop_BJetOS_2016preVFP=66.124	CMS_NPS26009_MCstat_singleTop_BJetOS_2017=3.85687	CMS_NPS26009_MCstat_singleTop_BJetOS_2018=-10.4595	CMS_NPS26009_MCstat_singleTop_BJetOS_2022=2.96496	CMS_NPS26009_MCstat_singleTop_BJetOS_2022EE=42.7173	CMS_NPS26009_MCstat_singleTop_BJetOS_2023=1.08294	CMS_NPS26009_MCstat_singleTop_BJetOS_2023BPix=-0.181928	CMS_NPS26009_MCstat_ttbar_BJetOS_2016postVFP=16.0845	CMS_NPS26009_MCstat_ttbar_BJetOS_2016preVFP=136.233	CMS_NPS26009_MCstat_ttbar_BJetOS_2017=10.4652	CMS_NPS26009_MCstat_ttbar_BJetOS_2018=-60.5632	CMS_NPS26009_MCstat_ttbar_BJetOS_2022=0.639501	CMS_NPS26009_MCstat_ttbar_BJetOS_2022EE=43.3924	CMS_NPS26009_MCstat_ttbar_BJetOS_2023=24.8643	CMS_NPS26009_MCstat_ttbar_BJetOS_2023BPix=31.1728	CMS_NPS26009_NFStat_DY_BJetOS_2016postVFP=-14.1135	CMS_NPS26009_NFStat_DY_BJetOS_2016preVFP=165.664	CMS_NPS26009_NFStat_DY_BJetOS_2017=0.830393	CMS_NPS26009_NFStat_DY_BJetOS_2018=-218.665	CMS_NPS26009_NFStat_DY_BJetOS_2022=1.73929	CMS_NPS26009_NFStat_DY_BJetOS_2022EE=0.794944	CMS_NPS26009_QCDscale_fac_singleTop=-2.56222	CMS_NPS26009_QCDscale_ren_singleTop=-11.4008	CMS_NPS26009_bckgNorm_QCD_BJetOS_2016postVFP=0.00705353	CMS_NPS26009_bckgNorm_QCD_BJetOS_2016preVFP=-0.0062745	CMS_NPS26009_bckgNorm_QCD_BJetOS_2017=0.000944721	CMS_NPS26009_bckgNorm_QCD_BJetOS_2018=-0.318816	CMS_NPS26009_bckgNorm_QCD_BJetOS_2022=-3.95547e-05	CMS_NPS26009_bckgNorm_QCD_BJetOS_2022EE=5.63667e-05	CMS_NPS26009_bckgNorm_QCD_BJetOS_2023=-0.00349248	CMS_NPS26009_bckgNorm_QCD_BJetOS_2023BPix=-5.62224e-05	CMS_NPS26009_bckgShape_QCD_BJetOS_2016postVFP=0.608905	CMS_NPS26009_bckgShape_QCD_BJetOS_2016preVFP=-0.285232	CMS_NPS26009_bckgShape_QCD_BJetOS_2017=0.0871515	CMS_NPS26009_bckgShape_QCD_BJetOS_2018=0.616049	CMS_NPS26009_bckgShape_QCD_BJetOS_2022=-0.0290276	CMS_NPS26009_bckgShape_QCD_BJetOS_2022EE=0.00775267	CMS_NPS26009_bckgShape_QCD_BJetOS_2023=-0.13476	CMS_NPS26009_bckgShape_QCD_BJetOS_2023BPix=-4.05028e-06	CMS_NPS26009_btag_fixedWP_bc_correlated_13TeV=114.982	CMS_NPS26009_btag_fixedWP_bc_correlated_13p6TeV=75.966	CMS_NPS26009_btag_fixedWP_light_correlated_13TeV=10.9289	CMS_NPS26009_btag_fixedWP_light_correlated_13p6TeV=7.07584	CMS_NPS26009_lumi_2016=42.1383	CMS_NPS26009_lumi_2017=9.94004	CMS_NPS26009_lumi_2018=-20.7106	CMS_NPS26009_lumi_2022=9.59205	CMS_NPS26009_lumi_2023=5.81019	CMS_NPS26009_pdf_NNPDF31=53.3684	CMS_NPS26009_topmass_ttbar_BJetOS=32.3704	CMS_btag_fixedWP_bc_uncorrelated_2016postVFP=11.2633	CMS_btag_fixedWP_bc_uncorrelated_2016preVFP=98.9079	CMS_btag_fixedWP_bc_uncorrelated_2017=15.9242	CMS_btag_fixedWP_bc_uncorrelated_2018=-22.4441	CMS_btag_fixedWP_bc_uncorrelated_2022=1.15913	CMS_btag_fixedWP_bc_uncorrelated_2022EE=15.1147	CMS_btag_fixedWP_bc_uncorrelated_2023=10.9212	CMS_btag_fixedWP_bc_uncorrelated_2023BPix=7.29527	CMS_btag_fixedWP_light_uncorrelated_2016postVFP=3.04032	CMS_btag_fixedWP_light_uncorrelated_2016preVFP=8.373	CMS_btag_fixedWP_light_uncorrelated_2017=1.10298	CMS_btag_fixedWP_light_uncorrelated_2018=-7.42902	CMS_btag_fixedWP_light_uncorrelated_2022=-0.00647158	CMS_btag_fixedWP_light_uncorrelated_2022EE=1.90882	CMS_btag_fixedWP_light_uncorrelated_2023=0.341402	CMS_btag_fixedWP_light_uncorrelated_2023BPix=0.715459	CMS_eff_m_id_2016postVFP=0.371647	CMS_eff_m_id_2016preVFP=4.88723	CMS_eff_m_id_2017=0.408665	CMS_eff_m_id_2018=-0.678105	CMS_eff_m_id_2022=0.190749	CMS_eff_m_id_2022EE=1.80868	CMS_eff_m_id_2023=1.63411	CMS_eff_m_id_2023BPix=1.20726	CMS_eff_m_trigger_2016postVFP=2.00253	CMS_eff_m_trigger_2016preVFP=20.8162	CMS_eff_m_trigger_2017=1.83115	CMS_eff_m_trigger_2018=-2.61776	CMS_eff_m_trigger_2022=0.202242	CMS_eff_m_trigger_2022EE=4.34704	CMS_eff_m_trigger_2023=2.87021	CMS_eff_m_trigger_2023BPix=1.65508	CMS_l1_prefiring_2016postVFP=-4.21803	CMS_l1_prefiring_2016preVFP=-32.9951	CMS_l1_prefiring_2017=-4.4559	CMS_l1_prefiring_2018=1.50224	CMS_pileup_2016postVFP=-1.2799	CMS_pileup_2016preVFP=-31.0897	CMS_pileup_2017=1.23305	CMS_pileup_2018=-27.1463	CMS_pileup_2022=-0.160959	CMS_pileup_2022EE=17.7099	CMS_pileup_2023=3.97105	CMS_pileup_2023BPix=-4.9548	CMS_res_j_2016postVFP=0.533997	CMS_res_j_2016preVFP=0.226088	CMS_res_j_2017=0.0886649	CMS_res_j_2018=-3.15691	CMS_res_j_2022=0.00176051	CMS_res_j_2022EE=-0.059824	CMS_res_j_2023=-0.0199624	CMS_res_j_2023BPix=0.00984511	CMS_scale_j_2016postVFP=0.526311	CMS_scale_j_2016preVFP=0.086321	CMS_scale_j_2017=1.2401	CMS_scale_j_2018=-2.6665	CMS_scale_j_2022=0.0094269	CMS_scale_j_2022EE=0.46006	CMS_scale_j_2023=1.34578	CMS_scale_j_2023BPix=16.1058	CMS_scale_m_2016postVFP=0.681648	CMS_scale_m_2016preVFP=14.7566	CMS_scale_m_2017=-1.37493	CMS_scale_m_2018=-1.02727	CMS_scale_m_2022=0.0741785	CMS_scale_m_2022EE=3.05472	CMS_scale_m_2023=3.5207	CMS_scale_m_2023BPix=3.12358	QCDscale_fac_ttbar=9.62394	QCDscale_ren_ttbar=243.537	pdf_alphas=4.77713	r=0.762027
RooFit::Detail::RooFixedProdPdf::model_s[ ]
     getLogVal() top-level p.d.f not greater than zero @ !servers=(modelObs_s = 0)

RooAbsMinimizerFcn: Minimized function has error status.
Returning maximum FCN so far (367.759) to force MIGRAD to back out of this region. Error log follows.
Parameter values: 	CMS_NPS26009_LightJetStat_DY_BJetOS_2016postVFP=-7.81235	CMS_NPS26009_LightJetStat_DY_BJetOS_2016preVFP=-42.6414	CMS_NPS26009_LightJetStat_DY_BJetOS_2017=22.9397	CMS_NPS26009_LightJetStat_DY_BJetOS_2018=7.8365	CMS_NPS26009_LightJetStat_DY_BJetOS_2022=0.453044	CMS_NPS26009_LightJetStat_DY_BJetOS_2022EE=4.12207	CMS_NPS26009_MCstat_other_BJetOS_2016postVFP=2.18998	CMS_NPS26009_MCstat_other_BJetOS_2016preVFP=20.7974	CMS_NPS26009_MCstat_other_BJetOS_2017=0.630982	CMS_NPS26009_MCstat_other_BJetOS_2018=-1.94962	CMS_NPS26009_MCstat_other_BJetOS_2022=0.0621206	CMS_NPS26009_MCstat_other_BJetOS_2022EE=2.20379	CMS_NPS26009_MCstat_other_BJetOS_2023=0.345196	CMS_NPS26009_MCstat_other_BJetOS_2023BPix=-0.387638	CMS_NPS26009_MCstat_signal_BJetOS_2016postVFP=0.68579	CMS_NPS26009_MCstat_signal_BJetOS_2016preVFP=6.57986	CMS_NPS26009_MCstat_signal_BJetOS_2017=0.935248	CMS_NPS26009_MCstat_signal_BJetOS_2018=1.95985	CMS_NPS26009_MCstat_signal_BJetOS_2022=0.176553	CMS_NPS26009_MCstat_signal_BJetOS_2022EE=1.18093	CMS_NPS26009_MCstat_signal_BJetOS_2023=0.733419	CMS_NPS26009_MCstat_signal_BJetOS_2023BPix=0.0225419	CMS_NPS26009_MCstat_singleTop_BJetOS_2016postVFP=0.620888	CMS_NPS26009_MCstat_singleTop_BJetOS_2016preVFP=15.8481	CMS_NPS26009_MCstat_singleTop_BJetOS_2017=0.925661	CMS_NPS26009_MCstat_singleTop_BJetOS_2018=-2.47264	CMS_NPS26009_MCstat_singleTop_BJetOS_2022=0.754523	CMS_NPS26009_MCstat_singleTop_BJetOS_2022EE=10.2472	CMS_NPS26009_MCstat_singleTop_BJetOS_2023=0.243011	CMS_NPS26009_MCstat_singleTop_BJetOS_2023BPix=-0.0948821	CMS_NPS26009_MCstat_ttbar_BJetOS_2016postVFP=3.85069	CMS_NPS26009_MCstat_ttbar_BJetOS_2016preVFP=32.6472	CMS_NPS26009_MCstat_ttbar_BJetOS_2017=2.51288	CMS_NPS26009_MCstat_ttbar_BJetOS_2018=-14.3941	CMS_NPS26009_MCstat_ttbar_BJetOS_2022=0.216895	CMS_NPS26009_MCstat_ttbar_BJetOS_2022EE=10.4071	CMS_NPS26009_MCstat_ttbar_BJetOS_2023=5.81604	CMS_NPS26009_MCstat_ttbar_BJetOS_2023BPix=7.14601	CMS_NPS26009_NFStat_DY_BJetOS_2016postVFP=-3.37898	CMS_NPS26009_NFStat_DY_BJetOS_2016preVFP=39.6705	CMS_NPS26009_NFStat_DY_BJetOS_2017=0.20848	CMS_NPS26009_NFStat_DY_BJetOS_2018=-52.0108	CMS_NPS26009_NFStat_DY_BJetOS_2022=0.448275	CMS_NPS26009_NFStat_DY_BJetOS_2022EE=0.190618	CMS_NPS26009_QCDscale_fac_singleTop=-0.625294	CMS_NPS26009_QCDscale_ren_singleTop=-2.73875	CMS_NPS26009_bckgNorm_QCD_BJetOS_2016postVFP=0.00169101	CMS_NPS26009_bckgNorm_QCD_BJetOS_2016preVFP=-0.00150366	CMS_NPS26009_bckgNorm_QCD_BJetOS_2017=0.000225497	CMS_NPS26009_bckgNorm_QCD_BJetOS_2018=-0.0762243	CMS_NPS26009_bckgNorm_QCD_BJetOS_2022=-9.00592e-06	CMS_NPS26009_bckgNorm_QCD_BJetOS_2022EE=1.34903e-05	CMS_NPS26009_bckgNorm_QCD_BJetOS_2023=-0.000830166	CMS_NPS26009_bckgNorm_QCD_BJetOS_2023BPix=-1.32599e-05	CMS_NPS26009_bckgShape_QCD_BJetOS_2016postVFP=0.937233	CMS_NPS26009_bckgShape_QCD_BJetOS_2016preVFP=-0.263493	CMS_NPS26009_bckgShape_QCD_BJetOS_2017=0.0737924	CMS_NPS26009_bckgShape_QCD_BJetOS_2018=-1.05711	CMS_NPS26009_bckgShape_QCD_BJetOS_2022=-0.00737728	CMS_NPS26009_bckgShape_QCD_BJetOS_2022EE=-0.0666319	CMS_NPS26009_bckgShape_QCD_BJetOS_2023=-0.164668	CMS_NPS26009_bckgShape_QCD_BJetOS_2023BPix=-4.24983e-06	CMS_NPS26009_btag_fixedWP_bc_correlated_13TeV=27.6071	CMS_NPS26009_btag_fixedWP_bc_correlated_13p6TeV=18.1232	CMS_NPS26009_btag_fixedWP_light_correlated_13TeV=2.64771	CMS_NPS26009_btag_fixedWP_light_correlated_13p6TeV=1.68135	CMS_NPS26009_lumi_2016=10.0963	CMS_NPS26009_lumi_2017=2.38373	CMS_NPS26009_lumi_2018=-4.87993	CMS_NPS26009_lumi_2022=2.30743	CMS_NPS26009_lumi_2023=1.34552	CMS_NPS26009_pdf_NNPDF31=12.7957	CMS_NPS26009_topmass_ttbar_BJetOS=7.77453	CMS_btag_fixedWP_bc_uncorrelated_2016postVFP=2.69639	CMS_btag_fixedWP_bc_uncorrelated_2016preVFP=23.6967	CMS_btag_fixedWP_bc_uncorrelated_2017=3.81869	CMS_btag_fixedWP_bc_uncorrelated_2018=-5.28933	CMS_btag_fixedWP_bc_uncorrelated_2022=0.297736	CMS_btag_fixedWP_bc_uncorrelated_2022EE=3.62373	CMS_btag_fixedWP_bc_uncorrelated_2023=2.56805	CMS_btag_fixedWP_bc_uncorrelated_2023BPix=1.65267	CMS_btag_fixedWP_light_uncorrelated_2016postVFP=0.727864	CMS_btag_fixedWP_light_uncorrelated_2016preVFP=2.00731	CMS_btag_fixedWP_light_uncorrelated_2017=0.264764	CMS_btag_fixedWP_light_uncorrelated_2018=-1.76498	CMS_btag_fixedWP_light_uncorrelated_2022=0.00159188	CMS_btag_fixedWP_light_uncorrelated_2022EE=0.457802	CMS_btag_fixedWP_light_uncorrelated_2023=0.0800875	CMS_btag_fixedWP_light_uncorrelated_2023BPix=0.162871	CMS_eff_m_id_2016postVFP=0.0889709	CMS_eff_m_id_2016preVFP=1.17106	CMS_eff_m_id_2017=0.0979948	CMS_eff_m_id_2018=-0.159121	CMS_eff_m_id_2022=0.0502758	CMS_eff_m_id_2022EE=0.433608	CMS_eff_m_id_2023=0.384509	CMS_eff_m_id_2023BPix=0.272412	CMS_eff_m_trigger_2016postVFP=0.479398	CMS_eff_m_trigger_2016preVFP=4.98788	CMS_eff_m_trigger_2017=0.439095	CMS_eff_m_trigger_2018=-0.615388	CMS_eff_m_trigger_2022=0.0552814	CMS_eff_m_trigger_2022EE=1.04232	CMS_eff_m_trigger_2023=0.674685	CMS_eff_m_trigger_2023BPix=0.374079	CMS_l1_prefiring_2016postVFP=-1.00978	CMS_l1_prefiring_2016preVFP=-7.90586	CMS_l1_prefiring_2017=-1.0684	CMS_l1_prefiring_2018=0.354197	CMS_pileup_2016postVFP=-0.306398	CMS_pileup_2016preVFP=-7.45336	CMS_pileup_2017=0.296199	CMS_pileup_2018=-6.45796	CMS_pileup_2022=-0.0529167	CMS_pileup_2022EE=4.24703	CMS_pileup_2023=0.932248	CMS_pileup_2023BPix=-1.08729	CMS_res_j_2016postVFP=0.127841	CMS_res_j_2016preVFP=0.0541518	CMS_res_j_2017=0.0213285	CMS_res_j_2018=-0.751491	CMS_res_j_2022=0.000417485	CMS_res_j_2022EE=-0.0143322	CMS_res_j_2023=-0.0047755	CMS_res_j_2023BPix=0.00199314	CMS_scale_j_2016postVFP=0.126001	CMS_scale_j_2016preVFP=0.0206223	CMS_scale_j_2017=0.297704	CMS_scale_j_2018=-0.631843	CMS_scale_j_2022=0.00375961	CMS_scale_j_2022EE=0.110382	CMS_scale_j_2023=0.315464	CMS_scale_j_2023BPix=3.70657	CMS_scale_m_2016postVFP=0.163189	CMS_scale_m_2016preVFP=3.53719	CMS_scale_m_2017=-0.329671	CMS_scale_m_2018=-0.243022	CMS_scale_m_2022=0.0220804	CMS_scale_m_2022EE=0.732652	CMS_scale_m_2023=0.825948	CMS_scale_m_2023BPix=0.712377	QCDscale_fac_ttbar=2.27901	QCDscale_ren_ttbar=58.1325	pdf_alphas=1.15205	r=0.762027
RooFit::Detail::RooFixedProdPdf::model_s[ ]
     getLogVal() top-level p.d.f not greater than zero @ !servers=(modelObs_s = 0)

RooAbsMinimizerFcn: Minimized function has error status.
Returning maximum FCN so far (367.759) to force MIGRAD to back out of this region. Error log follows.
Parameter values: 	CMS_NPS26009_LightJetStat_DY_BJetOS_2016postVFP=-65.697	CMS_NPS26009_LightJetStat_DY_BJetOS_2016preVFP=-623.577	CMS_NPS26009_LightJetStat_DY_BJetOS_2017=-1059.09	CMS_NPS26009_LightJetStat_DY_BJetOS_2018=68.408	CMS_NPS26009_LightJetStat_DY_BJetOS_2022=-3.4358	CMS_NPS26009_LightJetStat_DY_BJetOS_2022EE=10.7207	CMS_NPS26009_MCstat_other_BJetOS_2016postVFP=-19.4927	CMS_NPS26009_MCstat_other_BJetOS_2016preVFP=-691.074	CMS_NPS26009_MCstat_other_BJetOS_2017=-35.9957	CMS_NPS26009_MCstat_other_BJetOS_2018=49.0315	CMS_NPS26009_MCstat_other_BJetOS_2022=-0.882833	CMS_NPS26009_MCstat_other_BJetOS_2022EE=5.06844	CMS_NPS26009_MCstat_other_BJetOS_2023=2.19483	CMS_NPS26009_MCstat_other_BJetOS_2023BPix=-6.87068	CMS_NPS26009_MCstat_signal_BJetOS_2016postVFP=-1.62446	CMS_NPS26009_MCstat_signal_BJetOS_2016preVFP=4.72747	CMS_NPS26009_MCstat_signal_BJetOS_2017=-21.4522	CMS_NPS26009_MCstat_signal_BJetOS_2018=21.8777	CMS_NPS26009_MCstat_signal_BJetOS_2022=0.135376	CMS_NPS26009_MCstat_signal_BJetOS_2022EE=1.99183	CMS_NPS26009_MCstat_signal_BJetOS_2023=1.71434	CMS_NPS26009_MCstat_signal_BJetOS_2023BPix=-0.62089	CMS_NPS26009_MCstat_singleTop_BJetOS_2016postVFP=-5.00292	CMS_NPS26009_MCstat_singleTop_BJetOS_2016preVFP=-0.852557	CMS_NPS26009_MCstat_singleTop_BJetOS_2017=-65.4772	CMS_NPS26009_MCstat_singleTop_BJetOS_2018=48.7447	CMS_NPS26009_MCstat_singleTop_BJetOS_2022=-2.64237	CMS_NPS26009_MCstat_singleTop_BJetOS_2022EE=10.6495	CMS_NPS26009_MCstat_singleTop_BJetOS_2023=-1.80118	CMS_NPS26009_MCstat_singleTop_BJetOS_2023BPix=-4.4495	CMS_NPS26009_MCstat_ttbar_BJetOS_2016postVFP=-34.1184	CMS_NPS26009_MCstat_ttbar_BJetOS_2016preVFP=170.533	CMS_NPS26009_MCstat_ttbar_BJetOS_2017=-203.739	CMS_NPS26009_MCstat_ttbar_BJetOS_2018=113.18	CMS_NPS26009_MCstat_ttbar_BJetOS_2022=-9.95005	CMS_NPS26009_MCstat_ttbar_BJetOS_2022EE=25.7062	CMS_NPS26009_MCstat_ttbar_BJetOS_2023=56.4615	CMS_NPS26009_MCstat_ttbar_BJetOS_2023BPix=42.0055	CMS_NPS26009_NFStat_DY_BJetOS_2016postVFP=6.98908	CMS_NPS26009_NFStat_DY_BJetOS_2016preVFP=421.529	CMS_NPS26009_NFStat_DY_BJetOS_2017=-321.557	CMS_NPS26009_NFStat_DY_BJetOS_2018=-368.475	CMS_NPS26009_NFStat_DY_BJetOS_2022=-3.6057	CMS_NPS26009_NFStat_DY_BJetOS_2022EE=0.980312	CMS_NPS26009_QCDscale_fac_singleTop=0.83408	CMS_NPS26009_QCDscale_ren_singleTop=7.895	CMS_NPS26009_bckgNorm_QCD_BJetOS_2016postVFP=-0.079837	CMS_NPS26009_bckgNorm_QCD_BJetOS_2016preVFP=-0.0233294	CMS_NPS26009_bckgNorm_QCD_BJetOS_2017=0.0464478	CMS_NPS26009_bckgNorm_QCD_BJetOS_2018=0.237752	CMS_NPS26009_bckgNorm_QCD_BJetOS_2022=-0.000217711	CMS_NPS26009_bckgNorm_QCD_BJetOS_2022EE=-5.84077e-07	CMS_NPS26009_bckgNorm_QCD_BJetOS_2023=-0.00161931	CMS_NPS26009_bckgNorm_QCD_BJetOS_2023BPix=-1.33353e-05	CMS_NPS26009_bckgShape_QCD_BJetOS_2016postVFP=0.761419	CMS_NPS26009_bckgShape_QCD_BJetOS_2016preVFP=-0.269266	CMS_NPS26009_bckgShape_QCD_BJetOS_2017=-0.463135	CMS_NPS26009_bckgShape_QCD_BJetOS_2018=-1.37232	CMS_NPS26009_bckgShape_QCD_BJetOS_2022=0.0331413	CMS_NPS26009_bckgShape_QCD_BJetOS_2022EE=-0.0398444	CMS_NPS26009_bckgShape_QCD_BJetOS_2023=0.0771281	CMS_NPS26009_bckgShape_QCD_BJetOS_2023BPix=-4.54279e-06	CMS_NPS26009_btag_fixedWP_bc_correlated_13TeV=273.66	CMS_NPS26009_btag_fixedWP_bc_correlated_13p6TeV=107.215	CMS_NPS26009_btag_fixedWP_light_correlated_13TeV=-3.7394	CMS_NPS26009_btag_fixedWP_light_correlated_13p6TeV=10.0514	CMS_NPS26009_lumi_2016=0.464562	CMS_NPS26009_lumi_2017=-113.943	CMS_NPS26009_lumi_2018=89.3909	CMS_NPS26009_lumi_2022=4.16573	CMS_NPS26009_lumi_2023=8.81408	CMS_NPS26009_pdf_NNPDF31=-7.94348	CMS_NPS26009_topmass_ttbar_BJetOS=-15.8705	CMS_btag_fixedWP_bc_uncorrelated_2016postVFP=-15.1581	CMS_btag_fixedWP_bc_uncorrelated_2016preVFP=77.1208	CMS_btag_fixedWP_bc_uncorrelated_2017=-179.169	CMS_btag_fixedWP_bc_uncorrelated_2018=98.2179	CMS_btag_fixedWP_bc_uncorrelated_2022=-2.21393	CMS_btag_fixedWP_bc_uncorrelated_2022EE=8.11895	CMS_btag_fixedWP_bc_uncorrelated_2023=17.4206	CMS_btag_fixedWP_bc_uncorrelated_2023BPix=14.418	CMS_btag_fixedWP_light_uncorrelated_2016postVFP=-6.05299	CMS_btag_fixedWP_light_uncorrelated_2016preVFP=-0.821219	CMS_btag_fixedWP_light_uncorrelated_2017=-19.5325	CMS_btag_fixedWP_light_uncorrelated_2018=13.9064	CMS_btag_fixedWP_light_uncorrelated_2022=-0.483024	CMS_btag_fixedWP_light_uncorrelated_2022EE=1.033	CMS_btag_fixedWP_light_uncorrelated_2023=0.625335	CMS_btag_fixedWP_light_uncorrelated_2023BPix=1.77374	CMS_eff_m_id_2016postVFP=-0.492197	CMS_eff_m_id_2016preVFP=0.191808	CMS_eff_m_id_2017=-4.47968	CMS_eff_m_id_2018=3.86859	CMS_eff_m_id_2022=-0.597722	CMS_eff_m_id_2022EE=0.93751	CMS_eff_m_id_2023=2.45121	CMS_eff_m_id_2023BPix=2.32518	CMS_eff_m_trigger_2016postVFP=-2.67386	CMS_eff_m_trigger_2016preVFP=1.2656	CMS_eff_m_trigger_2017=-20.0269	CMS_eff_m_trigger_2018=13.4699	CMS_eff_m_trigger_2022=-0.849024	CMS_eff_m_trigger_2022EE=2.3054	CMS_eff_m_trigger_2023=4.70393	CMS_eff_m_trigger_2023BPix=3.28698	CMS_l1_prefiring_2016postVFP=5.25881	CMS_l1_prefiring_2016preVFP=-3.21236	CMS_l1_prefiring_2017=46.4703	CMS_l1_prefiring_2018=-6.37476	CMS_pileup_2016postVFP=1.32164	CMS_pileup_2016preVFP=0.483867	CMS_pileup_2017=-28.0693	CMS_pileup_2018=31.482	CMS_pileup_2022=-0.699532	CMS_pileup_2022EE=17.0352	CMS_pileup_2023=9.38991	CMS_pileup_2023BPix=-5.0831	CMS_res_j_2016postVFP=-1.08293	CMS_res_j_2016preVFP=0.0295144	CMS_res_j_2017=-2.75907	CMS_res_j_2018=4.00435	CMS_res_j_2022=0.00101661	CMS_res_j_2022EE=-0.0246003	CMS_res_j_2023=-0.00957759	CMS_res_j_2023BPix=-0.00304988	CMS_scale_j_2016postVFP=-1.06246	CMS_scale_j_2016preVFP=0.0702932	CMS_scale_j_2017=-22.3345	CMS_scale_j_2018=8.50437	CMS_scale_j_2022=-0.229234	CMS_scale_j_2022EE=0.264937	CMS_scale_j_2023=1.89653	CMS_scale_j_2023BPix=65.009	CMS_scale_m_2016postVFP=-1.4413	CMS_scale_m_2016preVFP=-8.21671	CMS_scale_m_2017=15.1937	CMS_scale_m_2018=4.4336	CMS_scale_m_2022=-0.676493	CMS_scale_m_2022EE=2.05558	CMS_scale_m_2023=7.004	CMS_scale_m_2023BPix=7.57545	QCDscale_fac_ttbar=199.457	QCDscale_ren_ttbar=823.081	pdf_alphas=-26.2817	r=0.762027
RooFit::Detail::RooFixedProdPdf::model_s[ ]
     getLogVal() top-level p.d.f not greater than zero @ !servers=(modelObs_s = 0)

RooAbsMinimizerFcn: Minimized function has error status.
Returning maximum FCN so far (367.759) to force MIGRAD to back out of this region. Error log follows.
Parameter values: 	CMS_NPS26009_LightJetStat_DY_BJetOS_2016postVFP=-19.3909	CMS_NPS26009_LightJetStat_DY_BJetOS_2016preVFP=-183.681	CMS_NPS26009_LightJetStat_DY_BJetOS_2017=-312.054	CMS_NPS26009_LightJetStat_DY_BJetOS_2018=20.6306	CMS_NPS26009_LightJetStat_DY_BJetOS_2022=-0.981861	CMS_NPS26009_LightJetStat_DY_BJetOS_2022EE=3.17104	CMS_NPS26009_MCstat_other_BJetOS_2016postVFP=-5.74341	CMS_NPS26009_MCstat_other_BJetOS_2016preVFP=-203.596	CMS_NPS26009_MCstat_other_BJetOS_2017=-10.6088	CMS_NPS26009_MCstat_other_BJetOS_2018=14.48	CMS_NPS26009_MCstat_other_BJetOS_2022=-0.242466	CMS_NPS26009_MCstat_other_BJetOS_2022EE=1.49975	CMS_NPS26009_MCstat_other_BJetOS_2023=0.637086	CMS_NPS26009_MCstat_other_BJetOS_2023BPix=-2.24545	CMS_NPS26009_MCstat_signal_BJetOS_2016postVFP=-0.478091	CMS_NPS26009_MCstat_signal_BJetOS_2016preVFP=1.40384	CMS_NPS26009_MCstat_signal_BJetOS_2017=-6.32183	CMS_NPS26009_MCstat_signal_BJetOS_2018=6.46391	CMS_NPS26009_MCstat_signal_BJetOS_2022=0.0418325	CMS_NPS26009_MCstat_signal_BJetOS_2022EE=0.589228	CMS_NPS26009_MCstat_signal_BJetOS_2023=0.500124	CMS_NPS26009_MCstat_signal_BJetOS_2023BPix=-0.194187	CMS_NPS26009_MCstat_singleTop_BJetOS_2016postVFP=-1.47401	CMS_NPS26009_MCstat_singleTop_BJetOS_2016preVFP=-0.216276	CMS_NPS26009_MCstat_singleTop_BJetOS_2017=-19.2979	CMS_NPS26009_MCstat_singleTop_BJetOS_2018=14.3949	CMS_NPS26009_MCstat_singleTop_BJetOS_2022=-0.736646	CMS_NPS26009_MCstat_singleTop_BJetOS_2022EE=3.1702	CMS_NPS26009_MCstat_singleTop_BJetOS_2023=-0.545699	CMS_NPS26009_MCstat_singleTop_BJetOS_2023BPix=-1.35923	CMS_NPS26009_MCstat_ttbar_BJetOS_2016postVFP=-10.0528	CMS_NPS26009_MCstat_ttbar_BJetOS_2016preVFP=50.3375	CMS_NPS26009_MCstat_ttbar_BJetOS_2017=-60.0474	CMS_NPS26009_MCstat_ttbar_BJetOS_2018=33.4429	CMS_NPS26009_MCstat_ttbar_BJetOS_2022=-2.87373	CMS_NPS26009_MCstat_ttbar_BJetOS_2022EE=7.60714	CMS_NPS26009_MCstat_ttbar_BJetOS_2023=16.5239	CMS_NPS26009_MCstat_ttbar_BJetOS_2023BPix=12.0973	CMS_NPS26009_NFStat_DY_BJetOS_2016postVFP=2.05609	CMS_NPS26009_NFStat_DY_BJetOS_2016preVFP=124.312	CMS_NPS26009_NFStat_DY_BJetOS_2017=-94.7781	CMS_NPS26009_NFStat_DY_BJetOS_2018=-108.365	CMS_NPS26009_NFStat_DY_BJetOS_2022=-1.03283	CMS_NPS26009_NFStat_DY_BJetOS_2022EE=0.289479	CMS_NPS26009_QCDscale_fac_singleTop=0.234127	CMS_NPS26009_QCDscale_ren_singleTop=2.31539	CMS_NPS26009_bckgNorm_QCD_BJetOS_2016postVFP=-0.0235299	CMS_NPS26009_bckgNorm_QCD_BJetOS_2016preVFP=-0.00688012	CMS_NPS26009_bckgNorm_QCD_BJetOS_2017=0.0136913	CMS_NPS26009_bckgNorm_QCD_BJetOS_2018=0.0700881	CMS_NPS26009_bckgNorm_QCD_BJetOS_2022=-6.37575e-05	CMS_NPS26009_bckgNorm_QCD_BJetOS_2022EE=-1.60098e-07	CMS_NPS26009_bckgNorm_QCD_BJetOS_2023=-0.000472802	CMS_NPS26009_bckgNorm_QCD_BJetOS_2023BPix=-3.76135e-06	CMS_NPS26009_bckgShape_QCD_BJetOS_2016postVFP=0.239278	CMS_NPS26009_bckgShape_QCD_BJetOS_2016preVFP=-0.269138	CMS_NPS26009_bckgShape_QCD_BJetOS_2017=0.577134	CMS_NPS26009_bckgShape_QCD_BJetOS_2018=-1.14628	CMS_NPS26009_bckgShape_QCD_BJetOS_2022=0.0106747	CMS_NPS26009_bckgShape_QCD_BJetOS_2022EE=0.06665	CMS_NPS26009_bckgShape_QCD_BJetOS_2023=0.152185	CMS_NPS26009_bckgShape_QCD_BJetOS_2023BPix=-4.38041e-06	CMS_NPS26009_btag_fixedWP_bc_correlated_13TeV=80.7747	CMS_NPS26009_btag_fixedWP_bc_correlated_13p6TeV=31.567	CMS_NPS26009_btag_fixedWP_light_correlated_13TeV=-1.07021	CMS_NPS26009_btag_fixedWP_light_correlated_13p6TeV=2.95319	CMS_NPS26009_lumi_2016=0.156372	CMS_NPS26009_lumi_2017=-33.5812	CMS_NPS26009_lumi_2018=26.417	CMS_NPS26009_lumi_2022=1.2409	CMS_NPS26009_lumi_2023=2.55767	CMS_NPS26009_pdf_NNPDF31=-2.30888	CMS_NPS26009_topmass_ttbar_BJetOS=-4.64605	CMS_btag_fixedWP_bc_uncorrelated_2016postVFP=-4.46517	CMS_btag_fixedWP_bc_uncorrelated_2016preVFP=22.7776	CMS_btag_fixedWP_bc_uncorrelated_2017=-52.8044	CMS_btag_fixedWP_bc_uncorrelated_2018=29.0237	CMS_btag_fixedWP_bc_uncorrelated_2022=-0.633533	CMS_btag_fixedWP_bc_uncorrelated_2022EE=2.40236	CMS_btag_fixedWP_bc_uncorrelated_2023=5.09513	CMS_btag_fixedWP_bc_uncorrelated_2023BPix=4.16515	CMS_btag_fixedWP_light_uncorrelated_2016postVFP=-1.78342	CMS_btag_fixedWP_light_uncorrelated_2016preVFP=-0.23714	CMS_btag_fixedWP_light_uncorrelated_2017=-5.75675	CMS_btag_fixedWP_light_uncorrelated_2018=4.10976	CMS_btag_fixedWP_light_uncorrelated_2022=-0.139474	CMS_btag_fixedWP_light_uncorrelated_2022EE=0.305801	CMS_btag_fixedWP_light_uncorrelated_2023=0.182905	CMS_btag_fixedWP_light_uncorrelated_2023BPix=0.515259	CMS_eff_m_id_2016postVFP=-0.144986	CMS_eff_m_id_2016preVFP=0.0588761	CMS_eff_m_id_2017=-1.32024	CMS_eff_m_id_2018=1.14316	CMS_eff_m_id_2022=-0.171868	CMS_eff_m_id_2022EE=0.277423	CMS_eff_m_id_2023=0.716803	CMS_eff_m_id_2023BPix=0.670353	CMS_eff_m_trigger_2016postVFP=-0.787641	CMS_eff_m_trigger_2016preVFP=0.383001	CMS_eff_m_trigger_2017=-5.90229	CMS_eff_m_trigger_2018=3.98034	CMS_eff_m_trigger_2022=-0.243854	CMS_eff_m_trigger_2022EE=0.682295	CMS_eff_m_trigger_2023=1.37587	CMS_eff_m_trigger_2023BPix=0.948855	CMS_l1_prefiring_2016postVFP=1.54902	CMS_l1_prefiring_2016preVFP=-0.962419	CMS_l1_prefiring_2017=13.6956	CMS_l1_prefiring_2018=-1.88375	CMS_pileup_2016postVFP=0.389242	CMS_pileup_2016preVFP=0.124279	CMS_pileup_2017=-8.27289	CMS_pileup_2018=9.31048	CMS_pileup_2022=-0.21958	CMS_pileup_2022EE=5.03324	CMS_pileup_2023=2.75195	CMS_pileup_2023BPix=-1.4081	CMS_res_j_2016postVFP=-0.319071	CMS_res_j_2016preVFP=0.00878717	CMS_res_j_2017=-0.813189	CMS_res_j_2018=1.18347	CMS_res_j_2022=0.000296469	CMS_res_j_2022EE=-0.00727771	CMS_res_j_2023=-0.00282554	CMS_res_j_2023BPix=-0.00123346	CMS_scale_j_2016postVFP=-0.313041	CMS_scale_j_2016preVFP=0.0207049	CMS_scale_j_2017=-6.58255	CMS_scale_j_2018=2.51218	CMS_scale_j_2022=-0.0661771	CMS_scale_j_2022EE=0.0784505	CMS_scale_j_2023=0.553199	CMS_scale_j_2023BPix=19.0293	CMS_scale_m_2016postVFP=-0.42467	CMS_scale_m_2016preVFP=-2.41385	CMS_scale_m_2017=4.47788	CMS_scale_m_2018=1.30933	CMS_scale_m_2022=-0.195387	CMS_scale_m_2022EE=0.608037	CMS_scale_m_2023=2.04992	CMS_scale_m_2023BPix=2.20111	QCDscale_fac_ttbar=58.7747	QCDscale_ren_ttbar=242.534	pdf_alphas=-7.73809	r=0.762027
RooFit::Detail::RooFixedProdPdf::model_s[ ]
     getLogVal() top-level p.d.f not greater than zero @ !servers=(modelObs_s = 0)

RooAbsMinimizerFcn: Minimized function has error status.
Returning maximum FCN so far (748.565) to force MIGRAD to back out of this region. Error log follows.
Parameter values: 	CMS_NPS26009_LightJetStat_DY_BJetOS_2016postVFP=-99.7737	CMS_NPS26009_LightJetStat_DY_BJetOS_2016preVFP=-62.4123	CMS_NPS26009_LightJetStat_DY_BJetOS_2017=-388.804	CMS_NPS26009_LightJetStat_DY_BJetOS_2018=23.7561	CMS_NPS26009_LightJetStat_DY_BJetOS_2022=-0.833274	CMS_NPS26009_LightJetStat_DY_BJetOS_2022EE=0.621023	CMS_NPS26009_MCstat_other_BJetOS_2016postVFP=-28.7269	CMS_NPS26009_MCstat_other_BJetOS_2016preVFP=-259.921	CMS_NPS26009_MCstat_other_BJetOS_2017=-9.08759	CMS_NPS26009_MCstat_other_BJetOS_2018=46.1024	CMS_NPS26009_MCstat_other_BJetOS_2022=1.25224	CMS_NPS26009_MCstat_other_BJetOS_2022EE=-0.234722	CMS_NPS26009_MCstat_other_BJetOS_2023=1.00716	CMS_NPS26009_MCstat_other_BJetOS_2023BPix=-4.43538	CMS_NPS26009_MCstat_signal_BJetOS_2016postVFP=-4.18779	CMS_NPS26009_MCstat_signal_BJetOS_2016preVFP=-15.2775	CMS_NPS26009_MCstat_signal_BJetOS_2017=-7.07487	CMS_NPS26009_MCstat_signal_BJetOS_2018=12.1115	CMS_NPS26009_MCstat_signal_BJetOS_2022=-0.266625	CMS_NPS26009_MCstat_signal_BJetOS_2022EE=-1.56586	CMS_NPS26009_MCstat_signal_BJetOS_2023=-0.819327	CMS_NPS26009_MCstat_signal_BJetOS_2023BPix=-0.623897	CMS_NPS26009_MCstat_singleTop_BJetOS_2016postVFP=-7.58168	CMS_NPS26009_MCstat_singleTop_BJetOS_2016preVFP=-38.9466	CMS_NPS26009_MCstat_singleTop_BJetOS_2017=-16.374	CMS_NPS26009_MCstat_singleTop_BJetOS_2018=48.5287	CMS_NPS26009_MCstat_singleTop_BJetOS_2022=1.18773	CMS_NPS26009_MCstat_singleTop_BJetOS_2022EE=-8.30686	CMS_NPS26009_MCstat_singleTop_BJetOS_2023=-1.28361	CMS_NPS26009_MCstat_singleTop_BJetOS_2023BPix=-3.36292	CMS_NPS26009_MCstat_ttbar_BJetOS_2016postVFP=-51.9145	CMS_NPS26009_MCstat_ttbar_BJetOS_2016preVFP=56.9614	CMS_NPS26009_MCstat_ttbar_BJetOS_2017=-49.397	CMS_NPS26009_MCstat_ttbar_BJetOS_2018=140.903	CMS_NPS26009_MCstat_ttbar_BJetOS_2022=-2.75273	CMS_NPS26009_MCstat_ttbar_BJetOS_2022EE=1.33694	CMS_NPS26009_MCstat_ttbar_BJetOS_2023=33.5386	CMS_NPS26009_MCstat_ttbar_BJetOS_2023BPix=18.0785	CMS_NPS26009_NFStat_DY_BJetOS_2016postVFP=17.6179	CMS_NPS26009_NFStat_DY_BJetOS_2016preVFP=254.032	CMS_NPS26009_NFStat_DY_BJetOS_2017=-64.8243	CMS_NPS26009_NFStat_DY_BJetOS_2018=-117.139	CMS_NPS26009_NFStat_DY_BJetOS_2022=-0.97207	CMS_NPS26009_NFStat_DY_BJetOS_2022EE=0.451729	CMS_NPS26009_QCDscale_fac_singleTop=-8.30334	CMS_NPS26009_QCDscale_ren_singleTop=-6.4477	CMS_NPS26009_bckgNorm_QCD_BJetOS_2016postVFP=-0.125576	CMS_NPS26009_bckgNorm_QCD_BJetOS_2016preVFP=0.00321628	CMS_NPS26009_bckgNorm_QCD_BJetOS_2017=0.0297415	CMS_NPS26009_bckgNorm_QCD_BJetOS_2018=0.325629	CMS_NPS26009_bckgNorm_QCD_BJetOS_2022=-4.42949e-07	CMS_NPS26009_bckgNorm_QCD_BJetOS_2022EE=4.04988e-05	CMS_NPS26009_bckgNorm_QCD_BJetOS_2023=0.000958622	CMS_NPS26009_bckgNorm_QCD_BJetOS_2023BPix=3.40346e-05	CMS_NPS26009_bckgShape_QCD_BJetOS_2016postVFP=-0.482883	CMS_NPS26009_bckgShape_QCD_BJetOS_2016preVFP=-0.0150796	CMS_NPS26009_bckgShape_QCD_BJetOS_2017=-0.484667	CMS_NPS26009_bckgShape_QCD_BJetOS_2018=0.361654	CMS_NPS26009_bckgShape_QCD_BJetOS_2022=0.0249911	CMS_NPS26009_bckgShape_QCD_BJetOS_2022EE=0.0636387	CMS_NPS26009_bckgShape_QCD_BJetOS_2023=0.00691037	CMS_NPS26009_bckgShape_QCD_BJetOS_2023BPix=-4.64976e-06	CMS_NPS26009_btag_fixedWP_bc_correlated_13TeV=228.781	CMS_NPS26009_btag_fixedWP_bc_correlated_13p6TeV=50.028	CMS_NPS26009_btag_fixedWP_light_correlated_13TeV=6.69414	CMS_NPS26009_btag_fixedWP_light_correlated_13p6TeV=5.247	CMS_NPS26009_lumi_2016=-28.5887	CMS_NPS26009_lumi_2017=-30.3203	CMS_NPS26009_lumi_2018=92.4085	CMS_NPS26009_lumi_2022=-0.751926	CMS_NPS26009_lumi_2023=3.8989	CMS_NPS26009_pdf_NNPDF31=23.1222	CMS_NPS26009_topmass_ttbar_BJetOS=31.8864	CMS_btag_fixedWP_bc_uncorrelated_2016postVFP=-26.4005	CMS_btag_fixedWP_bc_uncorrelated_2016preVFP=-4.16503	CMS_btag_fixedWP_bc_uncorrelated_2017=-47.8861	CMS_btag_fixedWP_bc_uncorrelated_2018=100.749	CMS_btag_fixedWP_bc_uncorrelated_2022=-0.852322	CMS_btag_fixedWP_bc_uncorrelated_2022EE=-1.01542	CMS_btag_fixedWP_bc_uncorrelated_2023=7.7403	CMS_btag_fixedWP_bc_uncorrelated_2023BPix=7.62507	CMS_btag_fixedWP_light_uncorrelated_2016postVFP=-9.32293	CMS_btag_fixedWP_light_uncorrelated_2016preVFP=-5.11545	CMS_btag_fixedWP_light_uncorrelated_2017=-4.79801	CMS_btag_fixedWP_light_uncorrelated_2018=17.5717	CMS_btag_fixedWP_light_uncorrelated_2022=-0.107602	CMS_btag_fixedWP_light_uncorrelated_2022EE=-0.00633053	CMS_btag_fixedWP_light_uncorrelated_2023=0.319591	CMS_btag_fixedWP_light_uncorrelated_2023BPix=1.0848	CMS_eff_m_id_2016postVFP=-0.860479	CMS_eff_m_id_2016preVFP=-2.8865	CMS_eff_m_id_2017=-1.20446	CMS_eff_m_id_2018=3.80408	CMS_eff_m_id_2022=-0.217319	CMS_eff_m_id_2022EE=-0.163478	CMS_eff_m_id_2023=1.0118	CMS_eff_m_id_2023BPix=1.21427	CMS_eff_m_trigger_2016postVFP=-4.66145	CMS_eff_m_trigger_2016preVFP=-11.9216	CMS_eff_m_trigger_2017=-5.38726	CMS_eff_m_trigger_2018=13.4496	CMS_eff_m_trigger_2022=-0.221768	CMS_eff_m_trigger_2022EE=-0.232948	CMS_eff_m_trigger_2023=2.15071	CMS_eff_m_trigger_2023BPix=1.74783	CMS_l1_prefiring_2016postVFP=9.4083	CMS_l1_prefiring_2016preVFP=18.1155	CMS_l1_prefiring_2017=12.6358	CMS_l1_prefiring_2018=-6.56789	CMS_pileup_2016postVFP=2.59008	CMS_pileup_2016preVFP=17.6088	CMS_pileup_2017=-6.53049	CMS_pileup_2018=49.3882	CMS_pileup_2022=-1.96528	CMS_pileup_2022EE=6.12136	CMS_pileup_2023=5.37957	CMS_pileup_2023BPix=-1.87226	CMS_res_j_2016postVFP=-1.66225	CMS_res_j_2016preVFP=-0.132386	CMS_res_j_2017=-0.631212	CMS_res_j_2018=5.8318	CMS_res_j_2022=-0.000910062	CMS_res_j_2022EE=0.0179937	CMS_res_j_2023=0.00827383	CMS_res_j_2023BPix=-0.00991963	CMS_scale_j_2016postVFP=-1.63313	CMS_scale_j_2016preVFP=-0.0419802	CMS_scale_j_2017=-5.48471	CMS_scale_j_2018=8.81191	CMS_scale_j_2022=-0.0576791	CMS_scale_j_2022EE=0.0420473	CMS_scale_j_2023=0.839445	CMS_scale_j_2023BPix=49.3709	CMS_scale_m_2016postVFP=-2.18522	CMS_scale_m_2016preVFP=-14.5175	CMS_scale_m_2017=3.93259	CMS_scale_m_2018=4.19306	CMS_scale_m_2022=-0.206733	CMS_scale_m_2022EE=0.347288	CMS_scale_m_2023=3.77493	CMS_scale_m_2023BPix=4.58572	QCDscale_fac_ttbar=-80.4567	QCDscale_ren_ttbar=244.286	pdf_alphas=40.8705	r=0.762027
RooFit::Detail::RooFixedProdPdf::model_s[ ]
     getLogVal() top-level p.d.f not greater than zero @ !servers=(modelObs_s = 0)

RooAbsMinimizerFcn: Minimized function has error status.
Returning maximum FCN so far (748.565) to force MIGRAD to back out of this region. Error log follows.
Parameter values: 	CMS_NPS26009_LightJetStat_DY_BJetOS_2016postVFP=-2.99184	CMS_NPS26009_LightJetStat_DY_BJetOS_2016preVFP=120.876	CMS_NPS26009_LightJetStat_DY_BJetOS_2017=-39.0318	CMS_NPS26009_LightJetStat_DY_BJetOS_2018=7.89627	CMS_NPS26009_LightJetStat_DY_BJetOS_2022=-0.0870128	CMS_NPS26009_LightJetStat_DY_BJetOS_2022EE=-3.24497	CMS_NPS26009_MCstat_other_BJetOS_2016postVFP=-28.3551	CMS_NPS26009_MCstat_other_BJetOS_2016preVFP=-103.394	CMS_NPS26009_MCstat_other_BJetOS_2017=1.09295	CMS_NPS26009_MCstat_other_BJetOS_2018=42.1467	CMS_NPS26009_MCstat_other_BJetOS_2022=1.83194	CMS_NPS26009_MCstat_other_BJetOS_2022EE=-2.23203	CMS_NPS26009_MCstat_other_BJetOS_2023=0.500501	CMS_NPS26009_MCstat_other_BJetOS_2023BPix=-3.36186	CMS_NPS26009_MCstat_signal_BJetOS_2016postVFP=-4.62667	CMS_NPS26009_MCstat_signal_BJetOS_2016preVFP=-21.49	CMS_NPS26009_MCstat_signal_BJetOS_2017=-1.40796	CMS_NPS26009_MCstat_signal_BJetOS_2018=7.9646	CMS_NPS26009_MCstat_signal_BJetOS_2022=-0.401089	CMS_NPS26009_MCstat_signal_BJetOS_2022EE=-2.75119	CMS_NPS26009_MCstat_signal_BJetOS_2023=-1.67247	CMS_NPS26009_MCstat_signal_BJetOS_2023BPix=-0.595186	CMS_NPS26009_MCstat_singleTop_BJetOS_2016postVFP=-7.52604	CMS_NPS26009_MCstat_singleTop_BJetOS_2016preVFP=-50.6917	CMS_NPS26009_MCstat_singleTop_BJetOS_2017=2.43007	CMS_NPS26009_MCstat_singleTop_BJetOS_2018=45.4765	CMS_NPS26009_MCstat_singleTop_BJetOS_2022=2.14795	CMS_NPS26009_MCstat_singleTop_BJetOS_2022EE=-15.3242	CMS_NPS26009_MCstat_singleTop_BJetOS_2023=-1.14358	CMS_NPS26009_MCstat_singleTop_BJetOS_2023BPix=-2.864	CMS_NPS26009_MCstat_ttbar_BJetOS_2016postVFP=-51.9025	CMS_NPS26009_MCstat_ttbar_BJetOS_2016preVFP=13.3993	CMS_NPS26009_MCstat_ttbar_BJetOS_2017=9.35689	CMS_NPS26009_MCstat_ttbar_BJetOS_2018=141.915	CMS_NPS26009_MCstat_ttbar_BJetOS_2022=-0.446745	CMS_NPS26009_MCstat_ttbar_BJetOS_2022EE=-8.07307	CMS_NPS26009_MCstat_ttbar_BJetOS_2023=23.1711	CMS_NPS26009_MCstat_ttbar_BJetOS_2023BPix=8.05762	CMS_NPS26009_NFStat_DY_BJetOS_2016postVFP=21.1288	CMS_NPS26009_NFStat_DY_BJetOS_2016preVFP=184.963	CMS_NPS26009_NFStat_DY_BJetOS_2017=30.8455	CMS_NPS26009_NFStat_DY_BJetOS_2018=-26.6444	CMS_NPS26009_NFStat_DY_BJetOS_2022=-0.20129	CMS_NPS26009_NFStat_DY_BJetOS_2022EE=0.225604	CMS_NPS26009_QCDscale_fac_singleTop=-11.1245	CMS_NPS26009_QCDscale_ren_singleTop=-11.1519	CMS_NPS26009_bckgNorm_QCD_BJetOS_2016postVFP=-0.0450053	CMS_NPS26009_bckgNorm_QCD_BJetOS_2016preVFP=0.0329952	CMS_NPS26009_bckgNorm_QCD_BJetOS_2017=0.049058	CMS_NPS26009_bckgNorm_QCD_BJetOS_2018=0.342447	CMS_NPS26009_bckgNorm_QCD_BJetOS_2022=9.78199e-05	CMS_NPS26009_bckgNorm_QCD_BJetOS_2022EE=0.0001125	CMS_NPS26009_bckgNorm_QCD_BJetOS_2023=0.000290258	CMS_NPS26009_bckgNorm_QCD_BJetOS_2023BPix=4.8503e-05	CMS_NPS26009_bckgShape_QCD_BJetOS_2016postVFP=0.740727	CMS_NPS26009_bckgShape_QCD_BJetOS_2016preVFP=-0.286012	CMS_NPS26009_bckgShape_QCD_BJetOS_2017=0.559645	CMS_NPS26009_bckgShape_QCD_BJetOS_2018=-1.70325	CMS_NPS26009_bckgShape_QCD_BJetOS_2022=-0.00266785	CMS_NPS26009_bckgShape_QCD_BJetOS_2022EE=-0.0250168	CMS_NPS26009_bckgShape_QCD_BJetOS_2023=-0.0798825	CMS_NPS26009_bckgShape_QCD_BJetOS_2023BPix=-4.29823e-06	CMS_NPS26009_btag_fixedWP_bc_correlated_13TeV=206.235	CMS_NPS26009_btag_fixedWP_bc_correlated_13p6TeV=26.2354	CMS_NPS26009_btag_fixedWP_light_correlated_13TeV=10.215	CMS_NPS26009_btag_fixedWP_light_correlated_13p6TeV=3.13619	CMS_NPS26009_lumi_2016=-36.8673	CMS_NPS26009_lumi_2017=1.7724	CMS_NPS26009_lumi_2018=87.8739	CMS_NPS26009_lumi_2022=-2.61876	CMS_NPS26009_lumi_2023=1.86159	CMS_NPS26009_pdf_NNPDF31=33.2173	CMS_NPS26009_topmass_ttbar_BJetOS=47.4874	CMS_btag_fixedWP_bc_uncorrelated_2016postVFP=-27.2355	CMS_btag_fixedWP_bc_uncorrelated_2016preVFP=-33.0686	CMS_btag_fixedWP_bc_uncorrelated_2017=2.55561	CMS_btag_fixedWP_bc_uncorrelated_2018=95.5123	CMS_btag_fixedWP_bc_uncorrelated_2022=-0.438317	CMS_btag_fixedWP_bc_uncorrelated_2022EE=-4.38253	CMS_btag_fixedWP_bc_uncorrelated_2023=3.76151	CMS_btag_fixedWP_bc_uncorrelated_2023BPix=4.73656	CMS_btag_fixedWP_light_uncorrelated_2016postVFP=-9.3432	CMS_btag_fixedWP_light_uncorrelated_2016preVFP=-6.43693	CMS_btag_fixedWP_light_uncorrelated_2017=0.813331	CMS_btag_fixedWP_light_uncorrelated_2018=17.7835	CMS_btag_fixedWP_light_uncorrelated_2022=0.0119076	CMS_btag_fixedWP_light_uncorrelated_2022EE=-0.406018	CMS_btag_fixedWP_light_uncorrelated_2023=0.188794	CMS_btag_fixedWP_light_uncorrelated_2023BPix=0.773351	CMS_eff_m_id_2016postVFP=-0.888458	CMS_eff_m_id_2016preVFP=-3.83859	CMS_eff_m_id_2017=0.0537449	CMS_eff_m_id_2018=3.55038	CMS_eff_m_id_2022=-0.0977637	CMS_eff_m_id_2022EE=-0.565841	CMS_eff_m_id_2023=0.428911	CMS_eff_m_id_2023BPix=0.742622	CMS_eff_m_trigger_2016postVFP=-4.81008	CMS_eff_m_trigger_2016preVFP=-16.0237	CMS_eff_m_trigger_2017=0.236886	CMS_eff_m_trigger_2018=12.6253	CMS_eff_m_trigger_2022=-0.0274824	CMS_eff_m_trigger_2022EE=-1.179	CMS_eff_m_trigger_2023=1.09381	CMS_eff_m_trigger_2023BPix=1.09155	CMS_l1_prefiring_2016postVFP=9.76456	CMS_l1_prefiring_2016preVFP=24.7984	CMS_l1_prefiring_2017=-0.376749	CMS_l1_prefiring_2018=-6.23606	CMS_pileup_2016postVFP=2.7484	CMS_pileup_2016preVFP=23.0325	CMS_pileup_2017=1.56207	CMS_pileup_2018=52.6833	CMS_pileup_2022=-2.22806	CMS_pileup_2022EE=1.61695	CMS_pileup_2023=3.63247	CMS_pileup_2023BPix=-0.523277	CMS_res_j_2016postVFP=-1.66587	CMS_res_j_2016preVFP=-0.182302	CMS_res_j_2017=0.173538	CMS_res_j_2018=6.11467	CMS_res_j_2022=-0.00150351	CMS_res_j_2022EE=0.0322727	CMS_res_j_2023=0.0139934	CMS_res_j_2023BPix=-0.0119918	CMS_scale_j_2016postVFP=-1.63732	CMS_scale_j_2016preVFP=-0.0769016	CMS_scale_j_2017=0.942118	CMS_scale_j_2018=8.36414	CMS_scale_j_2022=-0.00301024	CMS_scale_j_2022EE=-0.0490825	CMS_scale_j_2023=0.391826	CMS_scale_j_2023BPix=41.7925	CMS_scale_m_2016postVFP=-2.18445	CMS_scale_m_2016preVFP=-16.0156	CMS_scale_m_2017=-0.292216	CMS_scale_m_2018=3.83985	CMS_scale_m_2022=-0.0557378	CMS_scale_m_2022EE=-0.330057	CMS_scale_m_2023=2.37424	CMS_scale_m_2023BPix=3.2391	QCDscale_fac_ttbar=-166.204	QCDscale_ren_ttbar=31.4116	pdf_alphas=62.3623	r=0.762027
RooFit::Detail::RooFixedProdPdf::model_s[ ]
     getLogVal() top-level p.d.f not greater than zero @ !servers=(modelObs_s = 0)

RooAbsMinimizerFcn: Minimized function has error status.
Returning maximum FCN so far (748.565) to force MIGRAD to back out of this region. Error log follows.
Parameter values: 	CMS_NPS26009_LightJetStat_DY_BJetOS_2016postVFP=-0.191167	CMS_NPS26009_LightJetStat_DY_BJetOS_2016preVFP=6.15994	CMS_NPS26009_LightJetStat_DY_BJetOS_2017=-1.87775	CMS_NPS26009_LightJetStat_DY_BJetOS_2018=1.02931	CMS_NPS26009_LightJetStat_DY_BJetOS_2022=0.0369439	CMS_NPS26009_LightJetStat_DY_BJetOS_2022EE=-0.146542	CMS_NPS26009_MCstat_other_BJetOS_2016postVFP=-1.41662	CMS_NPS26009_MCstat_other_BJetOS_2016preVFP=-5.08832	CMS_NPS26009_MCstat_other_BJetOS_2017=0.0533555	CMS_NPS26009_MCstat_other_BJetOS_2018=2.14894	CMS_NPS26009_MCstat_other_BJetOS_2022=0.115455	CMS_NPS26009_MCstat_other_BJetOS_2022EE=-0.1034	CMS_NPS26009_MCstat_other_BJetOS_2023=0.0119326	CMS_NPS26009_MCstat_other_BJetOS_2023BPix=-0.465369	CMS_NPS26009_MCstat_signal_BJetOS_2016postVFP=-0.230521	CMS_NPS26009_MCstat_signal_BJetOS_2016preVFP=-1.06031	CMS_NPS26009_MCstat_signal_BJetOS_2017=-0.0703408	CMS_NPS26009_MCstat_signal_BJetOS_2018=0.420708	CMS_NPS26009_MCstat_signal_BJetOS_2022=-0.0174478	CMS_NPS26009_MCstat_signal_BJetOS_2022EE=-0.13456	CMS_NPS26009_MCstat_signal_BJetOS_2023=-0.0904884	CMS_NPS26009_MCstat_signal_BJetOS_2023BPix=-0.0448667	CMS_NPS26009_MCstat_singleTop_BJetOS_2016postVFP=-0.375919	CMS_NPS26009_MCstat_singleTop_BJetOS_2016preVFP=-2.4879	CMS_NPS26009_MCstat_singleTop_BJetOS_2017=0.118855	CMS_NPS26009_MCstat_singleTop_BJetOS_2018=2.31467	CMS_NPS26009_MCstat_singleTop_BJetOS_2022=0.164059	CMS_NPS26009_MCstat_singleTop_BJetOS_2022EE=-0.723476	CMS_NPS26009_MCstat_singleTop_BJetOS_2023=-0.077255	CMS_NPS26009_MCstat_singleTop_BJetOS_2023BPix=-0.207845	CMS_NPS26009_MCstat_ttbar_BJetOS_2016postVFP=-2.59316	CMS_NPS26009_MCstat_ttbar_BJetOS_2016preVFP=0.780548	CMS_NPS26009_MCstat_ttbar_BJetOS_2017=0.459374	CMS_NPS26009_MCstat_ttbar_BJetOS_2018=7.21717	CMS_NPS26009_MCstat_ttbar_BJetOS_2022=0.0564807	CMS_NPS26009_MCstat_ttbar_BJetOS_2022EE=-0.361131	CMS_NPS26009_MCstat_ttbar_BJetOS_2023=1.00373	CMS_NPS26009_MCstat_ttbar_BJetOS_2023BPix=0.0236692	CMS_NPS26009_NFStat_DY_BJetOS_2016postVFP=1.05181	CMS_NPS26009_NFStat_DY_BJetOS_2016preVFP=9.36967	CMS_NPS26009_NFStat_DY_BJetOS_2017=1.5205	CMS_NPS26009_NFStat_DY_BJetOS_2018=-1.03212	CMS_NPS26009_NFStat_DY_BJetOS_2022=0.0300089	CMS_NPS26009_NFStat_DY_BJetOS_2022EE=0.0120694	CMS_NPS26009_QCDscale_fac_singleTop=-0.57204	CMS_NPS26009_QCDscale_ren_singleTop=-0.572818	CMS_NPS26009_bckgNorm_QCD_BJetOS_2016postVFP=-0.0022543	CMS_NPS26009_bckgNorm_QCD_BJetOS_2016preVFP=0.00164309	CMS_NPS26009_bckgNorm_QCD_BJetOS_2017=0.00245757	CMS_NPS26009_bckgNorm_QCD_BJetOS_2018=0.0171567	CMS_NPS26009_bckgNorm_QCD_BJetOS_2022=5.43212e-06	CMS_NPS26009_bckgNorm_QCD_BJetOS_2022EE=5.64162e-06	CMS_NPS26009_bckgNorm_QCD_BJetOS_2023=2.04575e-05	CMS_NPS26009_bckgNorm_QCD_BJetOS_2023BPix=2.65252e-06	CMS_NPS26009_bckgShape_QCD_BJetOS_2016postVFP=-0.24994	CMS_NPS26009_bckgShape_QCD_BJetOS_2016preVFP=-0.104545	CMS_NPS26009_bckgShape_QCD_BJetOS_2017=0.947791	CMS_NPS26009_bckgShape_QCD_BJetOS_2018=0.384075	CMS_NPS26009_bckgShape_QCD_BJetOS_2022=-9.63845e-05	CMS_NPS26009_bckgShape_QCD_BJetOS_2022EE=-0.00120736	CMS_NPS26009_bckgShape_QCD_BJetOS_2023=-0.00445505	CMS_NPS26009_bckgShape_QCD_BJetOS_2023BPix=-4.31185e-06	CMS_NPS26009_btag_fixedWP_bc_correlated_13TeV=10.4859	CMS_NPS26009_btag_fixedWP_bc_correlated_13p6TeV=1.27317	CMS_NPS26009_btag_fixedWP_light_correlated_13TeV=0.553641	CMS_NPS26009_btag_fixedWP_light_correlated_13p6TeV=0.144816	CMS_NPS26009_lumi_2016=-1.81745	CMS_NPS26009_lumi_2017=0.085242	CMS_NPS26009_lumi_2018=4.49386	CMS_NPS26009_lumi_2022=-0.113086	CMS_NPS26009_lumi_2023=0.0394796	CMS_NPS26009_pdf_NNPDF31=1.70429	CMS_NPS26009_topmass_ttbar_BJetOS=2.41642	CMS_btag_fixedWP_bc_uncorrelated_2016postVFP=-1.35949	CMS_btag_fixedWP_bc_uncorrelated_2016preVFP=-1.58584	CMS_btag_fixedWP_bc_uncorrelated_2017=0.122585	CMS_btag_fixedWP_bc_uncorrelated_2018=4.88313	CMS_btag_fixedWP_bc_uncorrelated_2022=0.00354454	CMS_btag_fixedWP_bc_uncorrelated_2022EE=-0.206049	CMS_btag_fixedWP_bc_uncorrelated_2023=0.13602	CMS_btag_fixedWP_bc_uncorrelated_2023BPix=0.124021	CMS_btag_fixedWP_light_uncorrelated_2016postVFP=-0.46674	CMS_btag_fixedWP_light_uncorrelated_2016preVFP=-0.31534	CMS_btag_fixedWP_light_uncorrelated_2017=0.0398818	CMS_btag_fixedWP_light_uncorrelated_2018=0.904927	CMS_btag_fixedWP_light_uncorrelated_2022=0.00446286	CMS_btag_fixedWP_light_uncorrelated_2022EE=-0.018444	CMS_btag_fixedWP_light_uncorrelated_2023=0.00758345	CMS_btag_fixedWP_light_uncorrelated_2023BPix=0.0286319	CMS_eff_m_id_2016postVFP=-0.0443462	CMS_eff_m_id_2016preVFP=-0.188795	CMS_eff_m_id_2017=0.0025607	CMS_eff_m_id_2018=0.181726	CMS_eff_m_id_2022=0.000874127	CMS_eff_m_id_2022EE=-0.0267578	CMS_eff_m_id_2023=0.0139602	CMS_eff_m_id_2023BPix=0.0171077	CMS_eff_m_trigger_2016postVFP=-0.240093	CMS_eff_m_trigger_2016preVFP=-0.787802	CMS_eff_m_trigger_2017=0.0112799	CMS_eff_m_trigger_2018=0.645947	CMS_eff_m_trigger_2022=0.00718016	CMS_eff_m_trigger_2022EE=-0.0550501	CMS_eff_m_trigger_2023=0.0407417	CMS_eff_m_trigger_2023BPix=0.0279108	CMS_l1_prefiring_2016postVFP=0.487325	CMS_l1_prefiring_2016preVFP=1.21891	CMS_l1_prefiring_2017=-0.0176004	CMS_l1_prefiring_2018=-0.318766	CMS_pileup_2016postVFP=0.137121	CMS_pileup_2016preVFP=1.12714	CMS_pileup_2017=0.0768285	CMS_pileup_2018=2.67884	CMS_pileup_2022=-0.129513	CMS_pileup_2022EE=0.0983981	CMS_pileup_2023=0.161145	CMS_pileup_2023BPix=0.0948813	CMS_res_j_2016postVFP=-0.0832219	CMS_res_j_2016preVFP=-0.00899621	CMS_res_j_2017=0.00854344	CMS_res_j_2018=0.310369	CMS_res_j_2022=-7.93921e-05	CMS_res_j_2022EE=0.00157607	CMS_res_j_2023=0.000695667	CMS_res_j_2023BPix=-0.00105047	CMS_scale_j_2016postVFP=-0.0817949	CMS_scale_j_2016preVFP=-0.00385954	CMS_scale_j_2017=0.0462134	CMS_scale_j_2018=0.426326	CMS_scale_j_2022=0.00170459	CMS_scale_j_2022EE=-0.00195011	CMS_scale_j_2023=0.0119171	CMS_scale_j_2023BPix=1.91676	CMS_scale_m_2016postVFP=-0.109138	CMS_scale_m_2016preVFP=-0.790693	CMS_scale_m_2017=-0.0141398	CMS_scale_m_2018=0.195744	CMS_scale_m_2022=0.00256366	CMS_scale_m_2022EE=-0.0134559	CMS_scale_m_2023=0.0996894	CMS_scale_m_2023BPix=0.119758	QCDscale_fac_ttbar=-8.31787	QCDscale_ren_ttbar=1.53736	pdf_alphas=3.1281	r=0.762027
RooFit::Detail::RooFixedProdPdf::model_s[ ]
     getLogVal() top-level p.d.f not greater than zero @ !servers=(modelObs_s = 0)

RooAbsMinimizerFcn: Minimized function has error status.
Returning maximum FCN so far (748.565) to force MIGRAD to back out of this region. Error log follows.
Parameter values: 	CMS_NPS26009_LightJetStat_DY_BJetOS_2016postVFP=7.55902	CMS_NPS26009_LightJetStat_DY_BJetOS_2016preVFP=-27.0634	CMS_NPS26009_LightJetStat_DY_BJetOS_2017=7.28416	CMS_NPS26009_LightJetStat_DY_BJetOS_2018=2.45308	CMS_NPS26009_LightJetStat_DY_BJetOS_2022=-1.29634	CMS_NPS26009_LightJetStat_DY_BJetOS_2022EE=-5.48414	CMS_NPS26009_MCstat_other_BJetOS_2016postVFP=-7.59875	CMS_NPS26009_MCstat_other_BJetOS_2016preVFP=19.572	CMS_NPS26009_MCstat_other_BJetOS_2017=0.95449	CMS_NPS26009_MCstat_other_BJetOS_2018=5.82302	CMS_NPS26009_MCstat_other_BJetOS_2022=0.198097	CMS_NPS26009_MCstat_other_BJetOS_2022EE=-3.00632	CMS_NPS26009_MCstat_other_BJetOS_2023=-0.464424	CMS_NPS26009_MCstat_other_BJetOS_2023BPix=-0.419485	CMS_NPS26009_MCstat_signal_BJetOS_2016postVFP=-1.61634	CMS_NPS26009_MCstat_signal_BJetOS_2016preVFP=-11.3569	CMS_NPS26009_MCstat_signal_BJetOS_2017=-0.343521	CMS_NPS26009_MCstat_signal_BJetOS_2018=-1.01537	CMS_NPS26009_MCstat_signal_BJetOS_2022=-0.27672	CMS_NPS26009_MCstat_signal_BJetOS_2022EE=-1.76381	CMS_NPS26009_MCstat_signal_BJetOS_2023=-1.15381	CMS_NPS26009_MCstat_signal_BJetOS_2023BPix=-0.21162	CMS_NPS26009_MCstat_singleTop_BJetOS_2016postVFP=-2.19832	CMS_NPS26009_MCstat_singleTop_BJetOS_2016preVFP=-29.3099	CMS_NPS26009_MCstat_singleTop_BJetOS_2017=1.99035	CMS_NPS26009_MCstat_singleTop_BJetOS_2018=8.52609	CMS_NPS26009_MCstat_singleTop_BJetOS_2022=-1.20249	CMS_NPS26009_MCstat_singleTop_BJetOS_2022EE=-14.518	CMS_NPS26009_MCstat_singleTop_BJetOS_2023=-1.24459	CMS_NPS26009_MCstat_singleTop_BJetOS_2023BPix=-1.25001	CMS_NPS26009_MCstat_ttbar_BJetOS_2016postVFP=-14.8792	CMS_NPS26009_MCstat_ttbar_BJetOS_2016preVFP=-33.3028	CMS_NPS26009_MCstat_ttbar_BJetOS_2017=6.85756	CMS_NPS26009_MCstat_ttbar_BJetOS_2018=34.034	CMS_NPS26009_MCstat_ttbar_BJetOS_2022=-1.6064	CMS_NPS26009_MCstat_ttbar_BJetOS_2022EE=-13.9579	CMS_NPS26009_MCstat_ttbar_BJetOS_2023=-3.38321	CMS_NPS26009_MCstat_ttbar_BJetOS_2023BPix=-9.2664	CMS_NPS26009_NFStat_DY_BJetOS_2016postVFP=7.45981	CMS_NPS26009_NFStat_DY_BJetOS_2016preVFP=53.5757	CMS_NPS26009_NFStat_DY_BJetOS_2017=17.8197	CMS_NPS26009_NFStat_DY_BJetOS_2018=10.7409	CMS_NPS26009_NFStat_DY_BJetOS_2022=-1.25144	CMS_NPS26009_NFStat_DY_BJetOS_2022EE=-0.192426	CMS_NPS26009_QCDscale_fac_singleTop=-1.21254	CMS_NPS26009_QCDscale_ren_singleTop=1.5525	CMS_NPS26009_bckgNorm_QCD_BJetOS_2016postVFP=-0.00493901	CMS_NPS26009_bckgNorm_QCD_BJetOS_2016preVFP=0.000192833	CMS_NPS26009_bckgNorm_QCD_BJetOS_2017=0.0111287	CMS_NPS26009_bckgNorm_QCD_BJetOS_2018=0.137684	CMS_NPS26009_bckgNorm_QCD_BJetOS_2022=1.36714e-07	CMS_NPS26009_bckgNorm_QCD_BJetOS_2022EE=-3.41764e-06	CMS_NPS26009_bckgNorm_QCD_BJetOS_2023=0.000969467	CMS_NPS26009_bckgNorm_QCD_BJetOS_2023BPix=2.22275e-05	CMS_NPS26009_bckgShape_QCD_BJetOS_2016postVFP=-0.830193	CMS_NPS26009_bckgShape_QCD_BJetOS_2016preVFP=0.246045	CMS_NPS26009_bckgShape_QCD_BJetOS_2017=1.34038	CMS_NPS26009_bckgShape_QCD_BJetOS_2018=-0.0439261	CMS_NPS26009_bckgShape_QCD_BJetOS_2022=0.00573902	CMS_NPS26009_bckgShape_QCD_BJetOS_2022EE=0.0593319	CMS_NPS26009_bckgShape_QCD_BJetOS_2023=0.161627	CMS_NPS26009_bckgShape_QCD_BJetOS_2023BPix=-4.35587e-06	CMS_NPS26009_btag_fixedWP_bc_correlated_13TeV=72.9122	CMS_NPS26009_btag_fixedWP_bc_correlated_13p6TeV=-14.0725	CMS_NPS26009_btag_fixedWP_light_correlated_13TeV=-2.72447	CMS_NPS26009_btag_fixedWP_light_correlated_13p6TeV=-1.39072	CMS_NPS26009_lumi_2016=-19.7936	CMS_NPS26009_lumi_2017=2.28246	CMS_NPS26009_lumi_2018=18.6259	CMS_NPS26009_lumi_2022=-3.31623	CMS_NPS26009_lumi_2023=-1.5721	CMS_NPS26009_pdf_NNPDF31=-9.09511	CMS_NPS26009_topmass_ttbar_BJetOS=-1.56604	CMS_btag_fixedWP_bc_uncorrelated_2016postVFP=-8.46473	CMS_btag_fixedWP_bc_uncorrelated_2016preVFP=-37.0154	CMS_btag_fixedWP_bc_uncorrelated_2017=3.49091	CMS_btag_fixedWP_bc_uncorrelated_2018=19.6653	CMS_btag_fixedWP_bc_uncorrelated_2022=-0.752933	CMS_btag_fixedWP_bc_uncorrelated_2022EE=-5.01626	CMS_btag_fixedWP_bc_uncorrelated_2023=-2.73049	CMS_btag_fixedWP_bc_uncorrelated_2023BPix=-1.09889	CMS_btag_fixedWP_light_uncorrelated_2016postVFP=-2.74924	CMS_btag_fixedWP_light_uncorrelated_2016preVFP=-3.91255	CMS_btag_fixedWP_light_uncorrelated_2017=0.618306	CMS_btag_fixedWP_light_uncorrelated_2018=4.49274	CMS_btag_fixedWP_light_uncorrelated_2022=-0.0644712	CMS_btag_fixedWP_light_uncorrelated_2022EE=-0.625491	CMS_btag_fixedWP_light_uncorrelated_2023=-0.0757712	CMS_btag_fixedWP_light_uncorrelated_2023BPix=-0.0398559	CMS_eff_m_id_2016postVFP=-0.277313	CMS_eff_m_id_2016preVFP=-2.16385	CMS_eff_m_id_2017=0.082705	CMS_eff_m_id_2018=0.687011	CMS_eff_m_id_2022=-0.160697	CMS_eff_m_id_2022EE=-0.605209	CMS_eff_m_id_2023=-0.432541	CMS_eff_m_id_2023BPix=-0.19913	CMS_eff_m_trigger_2016postVFP=-1.49968	CMS_eff_m_trigger_2016preVFP=-9.16861	CMS_eff_m_trigger_2017=0.368225	CMS_eff_m_trigger_2018=2.50043	CMS_eff_m_trigger_2022=-0.18551	CMS_eff_m_trigger_2022EE=-1.44103	CMS_eff_m_trigger_2023=-0.705072	CMS_eff_m_trigger_2023BPix=-0.250357	CMS_l1_prefiring_2016postVFP=3.07015	CMS_l1_prefiring_2016preVFP=14.3905	CMS_l1_prefiring_2017=-0.776742	CMS_l1_prefiring_2018=-1.28593	CMS_pileup_2016postVFP=0.867134	CMS_pileup_2016preVFP=14.7096	CMS_pileup_2017=1.06683	CMS_pileup_2018=15.8947	CMS_pileup_2022=-0.299418	CMS_pileup_2022EE=-4.79503	CMS_pileup_2023=-0.337722	CMS_pileup_2023BPix=1.68393	CMS_res_j_2016postVFP=-0.480999	CMS_res_j_2016preVFP=-0.0949526	CMS_res_j_2017=0.112951	CMS_res_j_2018=1.68235	CMS_res_j_2022=-0.000586159	CMS_res_j_2022EE=0.0212812	CMS_res_j_2023=0.00744029	CMS_res_j_2023BPix=-0.00721853	CMS_scale_j_2016postVFP=-0.473322	CMS_scale_j_2016preVFP=-0.0250915	CMS_scale_j_2017=0.715644	CMS_scale_j_2018=1.44994	CMS_scale_j_2022=-0.0351753	CMS_scale_j_2022EE=-0.146847	CMS_scale_j_2023=-0.424949	CMS_scale_j_2023BPix=16.3638	CMS_scale_m_2016postVFP=-0.605653	CMS_scale_m_2016preVFP=-6.74584	CMS_scale_m_2017=-0.320594	CMS_scale_m_2018=0.484127	CMS_scale_m_2022=-0.120282	CMS_scale_m_2022EE=-0.946164	CMS_scale_m_2023=-0.66654	CMS_scale_m_2023BPix=-0.225801	QCDscale_fac_ttbar=49.8986	QCDscale_ren_ttbar=-26.2604	pdf_alphas=6.91531	r=0.762027
RooFit::Detail::RooFixedProdPdf::model_s[ ]
     getLogVal() top-level p.d.f not greater than zero @ !servers=(modelObs_s = 0)

RooAbsMinimizerFcn: Minimized function has error status.
Returning maximum FCN so far (748.565) to force MIGRAD to back out of this region. Error log follows.
Parameter values: 	CMS_NPS26009_LightJetStat_DY_BJetOS_2016postVFP=-0.55505	CMS_NPS26009_LightJetStat_DY_BJetOS_2016preVFP=-31.489	CMS_NPS26009_LightJetStat_DY_BJetOS_2017=8.32052	CMS_NPS26009_LightJetStat_DY_BJetOS_2018=2.0918	CMS_NPS26009_LightJetStat_DY_BJetOS_2022=-1.23399	CMS_NPS26009_LightJetStat_DY_BJetOS_2022EE=-5.02934	CMS_NPS26009_MCstat_other_BJetOS_2016postVFP=-5.92394	CMS_NPS26009_MCstat_other_BJetOS_2016preVFP=24.7131	CMS_NPS26009_MCstat_other_BJetOS_2017=0.878274	CMS_NPS26009_MCstat_other_BJetOS_2018=3.19659	CMS_NPS26009_MCstat_other_BJetOS_2022=0.109364	CMS_NPS26009_MCstat_other_BJetOS_2022EE=-2.73591	CMS_NPS26009_MCstat_other_BJetOS_2023=-0.475947	CMS_NPS26009_MCstat_other_BJetOS_2023BPix=-0.226411	CMS_NPS26009_MCstat_signal_BJetOS_2016postVFP=-1.32723	CMS_NPS26009_MCstat_signal_BJetOS_2016preVFP=-9.81739	CMS_NPS26009_MCstat_signal_BJetOS_2017=-0.247889	CMS_NPS26009_MCstat_signal_BJetOS_2018=-1.44854	CMS_NPS26009_MCstat_signal_BJetOS_2022=-0.244712	CMS_NPS26009_MCstat_signal_BJetOS_2022EE=-1.54363	CMS_NPS26009_MCstat_signal_BJetOS_2023=-1.02411	CMS_NPS26009_MCstat_signal_BJetOS_2023BPix=-0.173412	CMS_NPS26009_MCstat_singleTop_BJetOS_2016postVFP=-1.75492	CMS_NPS26009_MCstat_singleTop_BJetOS_2016preVFP=-25.5717	CMS_NPS26009_MCstat_singleTop_BJetOS_2017=1.81453	CMS_NPS26009_MCstat_singleTop_BJetOS_2018=5.65847	CMS_NPS26009_MCstat_singleTop_BJetOS_2022=-1.22593	CMS_NPS26009_MCstat_singleTop_BJetOS_2022EE=-12.8443	CMS_NPS26009_MCstat_singleTop_BJetOS_2023=-1.13961	CMS_NPS26009_MCstat_singleTop_BJetOS_2023BPix=-1.06722	CMS_NPS26009_MCstat_ttbar_BJetOS_2016postVFP=-11.8053	CMS_NPS26009_MCstat_ttbar_BJetOS_2016preVFP=-33.3943	CMS_NPS26009_MCstat_ttbar_BJetOS_2017=6.193	CMS_NPS26009_MCstat_ttbar_BJetOS_2018=24.9037	CMS_NPS26009_MCstat_ttbar_BJetOS_2022=-1.48091	CMS_NPS26009_MCstat_ttbar_BJetOS_2022EE=-12.8081	CMS_NPS26009_MCstat_ttbar_BJetOS_2023=-4.53016	CMS_NPS26009_MCstat_ttbar_BJetOS_2023BPix=-9.39377	CMS_NPS26009_NFStat_DY_BJetOS_2016postVFP=5.9945	CMS_NPS26009_NFStat_DY_BJetOS_2016preVFP=43.6443	CMS_NPS26009_NFStat_DY_BJetOS_2017=15.6846	CMS_NPS26009_NFStat_DY_BJetOS_2018=11.58	CMS_NPS26009_NFStat_DY_BJetOS_2022=-1.18337	CMS_NPS26009_NFStat_DY_BJetOS_2022EE=-0.19517	CMS_NPS26009_QCDscale_fac_singleTop=-0.557971	CMS_NPS26009_QCDscale_ren_singleTop=2.11182	CMS_NPS26009_bckgNorm_QCD_BJetOS_2016postVFP=-0.0123383	CMS_NPS26009_bckgNorm_QCD_BJetOS_2016preVFP=4.79443e-05	CMS_NPS26009_bckgNorm_QCD_BJetOS_2017=0.00871973	CMS_NPS26009_bckgNorm_QCD_BJetOS_2018=0.0923731	CMS_NPS26009_bckgNorm_QCD_BJetOS_2022=3.37622e-06	CMS_NPS26009_bckgNorm_QCD_BJetOS_2022EE=3.19303e-07	CMS_NPS26009_bckgNorm_QCD_BJetOS_2023=0.000688874	CMS_NPS26009_bckgNorm_QCD_BJetOS_2023BPix=1.88764e-05	CMS_NPS26009_bckgShape_QCD_BJetOS_2016postVFP=0.330063	CMS_NPS26009_bckgShape_QCD_BJetOS_2016preVFP=-0.119215	CMS_NPS26009_bckgShape_QCD_BJetOS_2017=1.34238	CMS_NPS26009_bckgShape_QCD_BJetOS_2018=1.70765	CMS_NPS26009_bckgShape_QCD_BJetOS_2022=-0.00070652	CMS_NPS26009_bckgShape_QCD_BJetOS_2022EE=-0.0123187	CMS_NPS26009_bckgShape_QCD_BJetOS_2023=-0.0399039	CMS_NPS26009_bckgShape_QCD_BJetOS_2023BPix=-4.30377e-06	CMS_NPS26009_btag_fixedWP_bc_correlated_13TeV=61.6873	CMS_NPS26009_btag_fixedWP_bc_correlated_13p6TeV=-14.8615	CMS_NPS26009_btag_fixedWP_light_correlated_13TeV=-3.26554	CMS_NPS26009_btag_fixedWP_light_correlated_13p6TeV=-1.49412	CMS_NPS26009_lumi_2016=-17.2081	CMS_NPS26009_lumi_2017=2.15061	CMS_NPS26009_lumi_2018=13.0887	CMS_NPS26009_lumi_2022=-3.01324	CMS_NPS26009_lumi_2023=-1.62374	CMS_NPS26009_pdf_NNPDF31=-10.6619	CMS_NPS26009_topmass_ttbar_BJetOS=-4.17424	CMS_btag_fixedWP_bc_uncorrelated_2016postVFP=-6.82431	CMS_btag_fixedWP_bc_uncorrelated_2016preVFP=-34.2716	CMS_btag_fixedWP_bc_uncorrelated_2017=3.29949	CMS_btag_fixedWP_bc_uncorrelated_2018=13.647	CMS_btag_fixedWP_bc_uncorrelated_2022=-0.690892	CMS_btag_fixedWP_bc_uncorrelated_2022EE=-4.53895	CMS_btag_fixedWP_bc_uncorrelated_2023=-2.84794	CMS_btag_fixedWP_bc_uncorrelated_2023BPix=-1.33391	CMS_btag_fixedWP_light_uncorrelated_2016postVFP=-2.19568	CMS_btag_fixedWP_light_uncorrelated_2016preVFP=-3.43468	CMS_btag_fixedWP_light_uncorrelated_2017=0.560398	CMS_btag_fixedWP_light_uncorrelated_2018=3.34998	CMS_btag_fixedWP_light_uncorrelated_2022=-0.0608589	CMS_btag_fixedWP_light_uncorrelated_2022EE=-0.571368	CMS_btag_fixedWP_light_uncorrelated_2023=-0.0835741	CMS_btag_fixedWP_light_uncorrelated_2023BPix=-0.0815938	CMS_eff_m_id_2016postVFP=-0.223767	CMS_eff_m_id_2016preVFP=-1.88366	CMS_eff_m_id_2017=0.078617	CMS_eff_m_id_2018=0.464388	CMS_eff_m_id_2022=-0.147008	CMS_eff_m_id_2022EE=-0.54587	CMS_eff_m_id_2023=-0.441962	CMS_eff_m_id_2023BPix=-0.235309	CMS_eff_m_trigger_2016postVFP=-1.20989	CMS_eff_m_trigger_2016preVFP=-7.99784	CMS_eff_m_trigger_2017=0.350187	CMS_eff_m_trigger_2018=1.70734	CMS_eff_m_trigger_2022=-0.173184	CMS_eff_m_trigger_2022EE=-1.30663	CMS_eff_m_trigger_2023=-0.741837	CMS_eff_m_trigger_2023BPix=-0.30463	CMS_l1_prefiring_2016postVFP=2.4799	CMS_l1_prefiring_2016preVFP=12.5781	CMS_l1_prefiring_2017=-0.746894	CMS_l1_prefiring_2018=-0.892764	CMS_pileup_2016postVFP=0.698883	CMS_pileup_2016preVFP=12.9682	CMS_pileup_2017=0.958589	CMS_pileup_2018=12.4899	CMS_pileup_2022=-0.176954	CMS_pileup_2022EE=-4.6335	CMS_pileup_2023=-0.524141	CMS_pileup_2023BPix=1.65506	CMS_res_j_2016postVFP=-0.382151	CMS_res_j_2016preVFP=-0.0818709	CMS_res_j_2017=0.10073	CMS_res_j_2018=1.28522	CMS_res_j_2022=-0.0004871	CMS_res_j_2022EE=0.0186617	CMS_res_j_2023=0.0064501	CMS_res_j_2023BPix=-0.00640538	CMS_scale_j_2016postVFP=-0.37615	CMS_scale_j_2016preVFP=-0.0200105	CMS_scale_j_2017=0.648443	CMS_scale_j_2018=0.920132	CMS_scale_j_2022=-0.0327759	CMS_scale_j_2022EE=-0.136061	CMS_scale_j_2023=-0.4306	CMS_scale_j_2023BPix=14.1277	CMS_scale_m_2016postVFP=-0.475896	CMS_scale_m_2016preVFP=-5.60883	CMS_scale_m_2017=-0.301297	CMS_scale_m_2018=0.244471	CMS_scale_m_2022=-0.109879	CMS_scale_m_2022EE=-0.879345	CMS_scale_m_2023=-0.77416	CMS_scale_m_2023BPix=-0.399122	QCDscale_fac_ttbar=55.7444	QCDscale_ren_ttbar=-27.0354	pdf_alphas=3.25253	r=0.762027
RooFit::Detail::RooFixedProdPdf::model_s[ ]
     getLogVal() top-level p.d.f not greater than zero @ !servers=(modelObs_s = 0)

RooAbsMinimizerFcn: Minimized function has error status.
Returning maximum FCN so far (748.565) to force MIGRAD to back out of this region. Error log follows.
Parameter values: 	CMS_NPS26009_LightJetStat_DY_BJetOS_2016postVFP=-1.93763	CMS_NPS26009_LightJetStat_DY_BJetOS_2016preVFP=5.44148	CMS_NPS26009_LightJetStat_DY_BJetOS_2017=-16.7181	CMS_NPS26009_LightJetStat_DY_BJetOS_2018=0.73065	CMS_NPS26009_LightJetStat_DY_BJetOS_2022=0.101281	CMS_NPS26009_LightJetStat_DY_BJetOS_2022EE=0.879689	CMS_NPS26009_MCstat_other_BJetOS_2016postVFP=1.9738	CMS_NPS26009_MCstat_other_BJetOS_2016preVFP=13.7172	CMS_NPS26009_MCstat_other_BJetOS_2017=0.0681866	CMS_NPS26009_MCstat_other_BJetOS_2018=-4.95431	CMS_NPS26009_MCstat_other_BJetOS_2022=0.072262	CMS_NPS26009_MCstat_other_BJetOS_2022EE=0.482374	CMS_NPS26009_MCstat_other_BJetOS_2023=-0.073054	CMS_NPS26009_MCstat_other_BJetOS_2023BPix=0.185861	CMS_NPS26009_MCstat_signal_BJetOS_2016postVFP=0.248018	CMS_NPS26009_MCstat_signal_BJetOS_2016preVFP=0.816013	CMS_NPS26009_MCstat_signal_BJetOS_2017=0.110424	CMS_NPS26009_MCstat_signal_BJetOS_2018=-1.31136	CMS_NPS26009_MCstat_signal_BJetOS_2022=0.0233549	CMS_NPS26009_MCstat_signal_BJetOS_2022EE=0.215024	CMS_NPS26009_MCstat_signal_BJetOS_2023=0.0502182	CMS_NPS26009_MCstat_signal_BJetOS_2023BPix=0.0195524	CMS_NPS26009_MCstat_singleTop_BJetOS_2016postVFP=0.445528	CMS_NPS26009_MCstat_singleTop_BJetOS_2016preVFP=2.0899	CMS_NPS26009_MCstat_singleTop_BJetOS_2017=0.0233993	CMS_NPS26009_MCstat_singleTop_BJetOS_2018=-4.7193	CMS_NPS26009_MCstat_singleTop_BJetOS_2022=0.350058	CMS_NPS26009_MCstat_singleTop_BJetOS_2022EE=4.02223	CMS_NPS26009_MCstat_singleTop_BJetOS_2023=0.0303992	CMS_NPS26009_MCstat_singleTop_BJetOS_2023BPix=-0.00834504	CMS_NPS26009_MCstat_ttbar_BJetOS_2016postVFP=3.07611	CMS_NPS26009_MCstat_ttbar_BJetOS_2016preVFP=-8.81734	CMS_NPS26009_MCstat_ttbar_BJetOS_2017=0.0368253	CMS_NPS26009_MCstat_ttbar_BJetOS_2018=-13.4382	CMS_NPS26009_MCstat_ttbar_BJetOS_2022=0.498195	CMS_NPS26009_MCstat_ttbar_BJetOS_2022EE=2.2608	CMS_NPS26009_MCstat_ttbar_BJetOS_2023=-2.17377	CMS_NPS26009_MCstat_ttbar_BJetOS_2023BPix=-1.37464	CMS_NPS26009_NFStat_DY_BJetOS_2016postVFP=-1.20624	CMS_NPS26009_NFStat_DY_BJetOS_2016preVFP=9.15715	CMS_NPS26009_NFStat_DY_BJetOS_2017=-0.396266	CMS_NPS26009_NFStat_DY_BJetOS_2018=-1.46103	CMS_NPS26009_NFStat_DY_BJetOS_2022=0.123627	CMS_NPS26009_NFStat_DY_BJetOS_2022EE=0.000128669	CMS_NPS26009_QCDscale_fac_singleTop=1.01172	CMS_NPS26009_QCDscale_ren_singleTop=1.2167	CMS_NPS26009_bckgNorm_QCD_BJetOS_2016postVFP=0.00313501	CMS_NPS26009_bckgNorm_QCD_BJetOS_2016preVFP=-0.0024739	CMS_NPS26009_bckgNorm_QCD_BJetOS_2017=-0.00584901	CMS_NPS26009_bckgNorm_QCD_BJetOS_2018=-0.0215595	CMS_NPS26009_bckgNorm_QCD_BJetOS_2022=1.7164e-06	CMS_NPS26009_bckgNorm_QCD_BJetOS_2022EE=3.746e-06	CMS_NPS26009_bckgNorm_QCD_BJetOS_2023=2.01923e-05	CMS_NPS26009_bckgNorm_QCD_BJetOS_2023BPix=-1.92978e-06	CMS_NPS26009_bckgShape_QCD_BJetOS_2016postVFP=0.0995102	CMS_NPS26009_bckgShape_QCD_BJetOS_2016preVFP=-0.282963	CMS_NPS26009_bckgShape_QCD_BJetOS_2017=1.28725	CMS_NPS26009_bckgShape_QCD_BJetOS_2018=-0.720679	CMS_NPS26009_bckgShape_QCD_BJetOS_2022=-8.22737e-05	CMS_NPS26009_bckgShape_QCD_BJetOS_2022EE=-0.00355475	CMS_NPS26009_bckgShape_QCD_BJetOS_2023=-0.00937312	CMS_NPS26009_bckgShape_QCD_BJetOS_2023BPix=-4.31393e-06	CMS_NPS26009_btag_fixedWP_bc_correlated_13TeV=14.0857	CMS_NPS26009_btag_fixedWP_bc_correlated_13p6TeV=-1.46471	CMS_NPS26009_btag_fixedWP_light_correlated_13TeV=-1.8713	CMS_NPS26009_btag_fixedWP_light_correlated_13p6TeV=-0.140471	CMS_NPS26009_lumi_2016=1.1685	CMS_NPS26009_lumi_2017=0.174589	CMS_NPS26009_lumi_2018=-8.36289	CMS_NPS26009_lumi_2022=0.510392	CMS_NPS26009_lumi_2023=-0.307108	CMS_NPS26009_pdf_NNPDF31=-4.22492	CMS_NPS26009_topmass_ttbar_BJetOS=-5.04445	CMS_btag_fixedWP_bc_uncorrelated_2016postVFP=1.51969	CMS_btag_fixedWP_bc_uncorrelated_2016preVFP=-3.20079	CMS_btag_fixedWP_bc_uncorrelated_2017=0.281389	CMS_btag_fixedWP_bc_uncorrelated_2018=-9.32096	CMS_btag_fixedWP_bc_uncorrelated_2022=0.140307	CMS_btag_fixedWP_bc_uncorrelated_2022EE=0.75187	CMS_btag_fixedWP_bc_uncorrelated_2023=-0.564443	CMS_btag_fixedWP_bc_uncorrelated_2023BPix=-0.645877	CMS_btag_fixedWP_light_uncorrelated_2016postVFP=0.529855	CMS_btag_fixedWP_light_uncorrelated_2016preVFP=0.222523	CMS_btag_fixedWP_light_uncorrelated_2017=0.00687856	CMS_btag_fixedWP_light_uncorrelated_2018=-1.57756	CMS_btag_fixedWP_light_uncorrelated_2022=0.0203495	CMS_btag_fixedWP_light_uncorrelated_2022EE=0.107097	CMS_btag_fixedWP_light_uncorrelated_2023=-0.0220752	CMS_btag_fixedWP_light_uncorrelated_2023BPix=-0.0797162	CMS_eff_m_id_2016postVFP=0.0493346	CMS_eff_m_id_2016preVFP=0.148453	CMS_eff_m_id_2017=0.00754934	CMS_eff_m_id_2018=-0.356092	CMS_eff_m_id_2022=0.0331159	CMS_eff_m_id_2022EE=0.0908403	CMS_eff_m_id_2023=-0.074515	CMS_eff_m_id_2023BPix=-0.105866	CMS_eff_m_trigger_2016postVFP=0.267137	CMS_eff_m_trigger_2016preVFP=0.573392	CMS_eff_m_trigger_2017=0.0339391	CMS_eff_m_trigger_2018=-1.25427	CMS_eff_m_trigger_2022=0.0453969	CMS_eff_m_trigger_2022EE=0.227481	CMS_eff_m_trigger_2023=-0.153379	CMS_eff_m_trigger_2023BPix=-0.148777	CMS_l1_prefiring_2016postVFP=-0.542035	CMS_l1_prefiring_2016preVFP=-0.80347	CMS_l1_prefiring_2017=-0.0866738	CMS_l1_prefiring_2018=0.610306	CMS_pileup_2016postVFP=-0.156278	CMS_pileup_2016preVFP=-0.82936	CMS_pileup_2017=0.0292524	CMS_pileup_2018=-3.75172	CMS_pileup_2022=0.0525329	CMS_pileup_2022EE=0.467496	CMS_pileup_2023=-0.332988	CMS_pileup_2023BPix=0.164375	CMS_res_j_2016postVFP=0.0985227	CMS_res_j_2016preVFP=0.00778989	CMS_res_j_2017=-0.00158326	CMS_res_j_2018=-0.520981	CMS_res_j_2022=4.7726e-05	CMS_res_j_2022EE=-0.00266213	CMS_res_j_2023=-0.000347892	CMS_res_j_2023BPix=-0.000441167	CMS_scale_j_2016postVFP=0.0966697	CMS_scale_j_2016preVFP=0.00453532	CMS_scale_j_2017=0.00636563	CMS_scale_j_2018=-0.949274	CMS_scale_j_2022=0.0106856	CMS_scale_j_2022EE=0.0279201	CMS_scale_j_2023=-0.0474461	CMS_scale_j_2023BPix=4.09887	CMS_scale_m_2016postVFP=0.139997	CMS_scale_m_2016preVFP=1.27318	CMS_scale_m_2017=-0.0522679	CMS_scale_m_2018=-0.474578	CMS_scale_m_2022=0.0363987	CMS_scale_m_2022EE=0.142747	CMS_scale_m_2023=-0.25575	CMS_scale_m_2023BPix=-0.343292	QCDscale_fac_ttbar=-0.482969	QCDscale_ren_ttbar=-5.36911	pdf_alphas=-5.16461	r=0.762027
RooFit::Detail::RooFixedProdPdf::model_s[ ]
     getLogVal() top-level p.d.f not greater than zero @ !servers=(modelObs_s = 0)


 --- MultiDimFit ---
best fit parameter values and profile-likelihood uncertainties: 
   r :    +1.362   -1.133/+0.513 (68%)
Doing initial fit: 

 --- MultiDimFit ---
best fit parameter values and profile-likelihood uncertainties: 
   r :    +1.189   -0.909/+0.575 (68%)
Doing initial fit: 

 --- MultiDimFit ---
best fit parameter values and profile-likelihood uncertainties: 
   r :    +0.517   -0.749/+0.581 (68%)
Doing initial fit: 

 --- MultiDimFit ---
best fit parameter values and profile-likelihood uncertainties: 
   r :    +2.920   -0.606/+0.618 (68%)
Doing initial fit: 

 --- MultiDimFit ---
best fit parameter values and profile-likelihood uncertainties: 
   r :    +0.819   -0.790/+0.365 (68%)
Doing initial fit: 

 --- MultiDimFit ---
best fit parameter values and profile-likelihood uncertainties: 
   r :    +1.654   -0.641/+0.657 (68%)
Doing initial fit: 

 --- MultiDimFit ---
best fit parameter values and profile-likelihood uncertainties: 
   r :    +1.581   -0.712/+0.709 (68%)
Doing initial fit: 

 --- MultiDimFit ---
best fit parameter values and profile-likelihood uncertainties: 
   r :    +1.846   -0.552/+0.547 (68%)
Doing initial fit: 

 --- MultiDimFit ---
best fit parameter values and profile-likelihood uncertainties: 
   r :    +1.803   -0.856/+0.830 (68%)
Doing initial fit: 

 --- MultiDimFit ---
best fit parameter values and profile-likelihood uncertainties: 
   r :    +1.937   -0.732/+0.698 (68%)
Doing initial fit: 

 --- MultiDimFit ---
best fit parameter values and profile-likelihood uncertainties: 
   r :    +1.493   -1.198/+0.177 (68%)
Doing initial fit: 

 --- MultiDimFit ---
best fit parameter values and profile-likelihood uncertainties: 
   r :    +1.097   -0.604/+0.642 (68%)
Doing initial fit: 

 --- MultiDimFit ---
best fit parameter values and profile-likelihood uncertainties: 
   r :    +1.331   -0.806/+0.613 (68%)
Doing initial fit: 

 --- MultiDimFit ---
best fit parameter values and profile-likelihood uncertainties: 
   r :    +3.683   -1.299/+0.191 (68%)
Doing initial fit: 

 --- MultiDimFit ---
best fit parameter values and profile-likelihood uncertainties: 
   r :    +2.258   -0.612/+0.604 (68%)
Doing initial fit: 

 --- MultiDimFit ---
best fit parameter values and profile-likelihood uncertainties: 
   r :    +1.279   -0.635/+0.643 (68%)
Doing initial fit: 

 --- MultiDimFit ---
best fit parameter values and profile-likelihood uncertainties: 
   r :    +2.347   -0.687/+0.602 (68%)
Doing initial fit: 

 --- MultiDimFit ---
best fit parameter values and profile-likelihood uncertainties: 
   r :    +1.148   -0.568/+0.598 (68%)
Doing initial fit: 

 --- MultiDimFit ---
best fit parameter values and profile-likelihood uncertainties: 
   r :    +1.655   -0.558/+0.667 (68%)
Doing initial fit: 

 --- MultiDimFit ---
best fit parameter values and profile-likelihood uncertainties: 
   r :    +2.349   -0.637/+0.612 (68%)
Doing initial fit: 

 --- MultiDimFit ---
best fit parameter values and profile-likelihood uncertainties: 
   r :    +2.293   -0.698/+0.656 (68%)
Doing initial fit: 

 --- MultiDimFit ---
best fit parameter values and profile-likelihood uncertainties: 
   r :    +2.006   -0.682/+0.748 (68%)
Doing initial fit: 

 --- MultiDimFit ---
best fit parameter values and profile-likelihood uncertainties: 
   r :    +1.493   -0.565/+0.573 (68%)
Doing initial fit: 

 --- MultiDimFit ---
best fit parameter values and profile-likelihood uncertainties: 
   r :    +1.833   -0.579/+0.637 (68%)
Doing initial fit: 

 --- MultiDimFit ---
best fit parameter values and profile-likelihood uncertainties: 
   r :    +0.621   -0.639/+0.610 (68%)
Doing initial fit: 

 --- MultiDimFit ---
best fit parameter values and profile-likelihood uncertainties: 
   r :    +1.129   -0.903/+0.663 (68%)
Doing initial fit: 

 --- MultiDimFit ---
best fit parameter values and profile-likelihood uncertainties: 
   r :    +1.417   -0.606/+0.685 (68%)
Doing initial fit: 

 --- MultiDimFit ---
best fit parameter values and profile-likelihood uncertainties: 
   r :    +1.985   -0.794/+0.746 (68%)
Doing initial fit: 

 --- MultiDimFit ---
best fit parameter values and profile-likelihood uncertainties: 
   r :    +2.449   -0.668/+0.778 (68%)
Doing initial fit: 

 --- MultiDimFit ---
best fit parameter values and profile-likelihood uncertainties: 
   r :    +1.574   -0.544/+0.561 (68%)
Doing initial fit: 

 --- MultiDimFit ---
best fit parameter values and profile-likelihood uncertainties: 
   r :    +0.701   -0.624/+0.545 (68%)
Doing initial fit: 

 --- MultiDimFit ---
best fit parameter values and profile-likelihood uncertainties: 
   r :    +0.613   -0.577/+0.604 (68%)
Doing initial fit: 

 --- MultiDimFit ---
best fit parameter values and profile-likelihood uncertainties: 
   r :    +1.647   -0.675/+0.616 (68%)
Doing initial fit: 

 --- MultiDimFit ---
best fit parameter values and profile-likelihood uncertainties: 
   r :    +1.566   -0.655/+0.653 (68%)
Doing initial fit: 

 --- MultiDimFit ---
best fit parameter values and profile-likelihood uncertainties: 
   r :    +1.539   -1.220/+0.317 (68%)
Doing initial fit: 

 --- MultiDimFit ---
best fit parameter values and profile-likelihood uncertainties: 
   r :    +3.052   -0.669/+0.710 (68%)
Doing initial fit: 

 --- MultiDimFit ---
best fit parameter values and profile-likelihood uncertainties: 
   r :    +1.204   -1.281/+0.062 (68%)
Doing initial fit: 

 --- MultiDimFit ---
best fit parameter values and profile-likelihood uncertainties: 
   r :    +0.948   -0.732/+0.610 (68%)
Doing initial fit: 

 --- MultiDimFit ---
best fit parameter values and profile-likelihood uncertainties: 
   r :    +1.058   -0.594/+0.733 (68%)
Doing initial fit: 

 --- MultiDimFit ---
best fit parameter values and profile-likelihood uncertainties: 
   r :    +1.117   -0.581/+0.622 (68%)
Doing initial fit: 

 --- MultiDimFit ---
best fit parameter values and profile-likelihood uncertainties: 
   r :    +2.028   -0.573/+0.665 (68%)
Doing initial fit: 

 --- MultiDimFit ---
best fit parameter values and profile-likelihood uncertainties: 
   r :    +1.022   -0.542/+0.600 (68%)
Doing initial fit: 

 --- MultiDimFit ---
best fit parameter values and profile-likelihood uncertainties: 
   r :    +1.042   -0.645/+0.770 (68%)
Doing initial fit: 

 --- MultiDimFit ---
best fit parameter values and profile-likelihood uncertainties: 
   r :    -0.585   -0.934/+0.563 (68%)
Doing initial fit: 

 --- MultiDimFit ---
best fit parameter values and profile-likelihood uncertainties: 
   r :    +0.760   -0.757/+0.592 (68%)
Doing initial fit: 

 --- MultiDimFit ---
best fit parameter values and profile-likelihood uncertainties: 
   r :    +2.040   -0.571/+0.589 (68%)
Doing initial fit: 

 --- MultiDimFit ---
best fit parameter values and profile-likelihood uncertainties: 
   r :    +1.994   -0.636/+0.667 (68%)
Doing initial fit: 

 --- MultiDimFit ---
best fit parameter values and profile-likelihood uncertainties: 
   r :    -0.060   -0.614/+0.656 (68%)
Doing initial fit: 

 --- MultiDimFit ---
best fit parameter values and profile-likelihood uncertainties: 
   r :    +1.644   -0.727/+0.436 (68%)
Doing initial fit: 

 --- MultiDimFit ---
best fit parameter values and profile-likelihood uncertainties: 
   r :    +2.550   -0.611/+0.590 (68%)
Doing initial fit: 

 --- MultiDimFit ---
best fit parameter values and profile-likelihood uncertainties: 
   r :    +1.049   -0.497/+0.513 (68%)
Doing initial fit: 

 --- MultiDimFit ---
best fit parameter values and profile-likelihood uncertainties: 
   r :    +1.004   -0.558/+0.569 (68%)
Doing initial fit: 
RooAbsMinimizerFcn: Minimized function has error status.
Returning maximum FCN so far (6.03076) to force MIGRAD to back out of this region. Error log follows.
Parameter values: 	CMS_NPS26009_LightJetStat_DY_BJetOS_2016postVFP=-16.774	CMS_NPS26009_LightJetStat_DY_BJetOS_2016preVFP=58.1207	CMS_NPS26009_LightJetStat_DY_BJetOS_2017=8.48727	CMS_NPS26009_LightJetStat_DY_BJetOS_2018=-0.96655	CMS_NPS26009_LightJetStat_DY_BJetOS_2022=1.64569	CMS_NPS26009_LightJetStat_DY_BJetOS_2022EE=0.644967	CMS_NPS26009_MCstat_other_BJetOS_2016postVFP=-0.616256	CMS_NPS26009_MCstat_other_BJetOS_2016preVFP=-1.11172	CMS_NPS26009_MCstat_other_BJetOS_2017=-6.99988	CMS_NPS26009_MCstat_other_BJetOS_2018=-0.627698	CMS_NPS26009_MCstat_other_BJetOS_2022=0.643979	CMS_NPS26009_MCstat_other_BJetOS_2022EE=-0.154278	CMS_NPS26009_MCstat_other_BJetOS_2023=-0.104084	CMS_NPS26009_MCstat_other_BJetOS_2023BPix=-1.53507	CMS_NPS26009_MCstat_signal_BJetOS_2016postVFP=-0.501597	CMS_NPS26009_MCstat_signal_BJetOS_2016preVFP=0.533854	CMS_NPS26009_MCstat_signal_BJetOS_2017=-0.557525	CMS_NPS26009_MCstat_signal_BJetOS_2018=-0.779317	CMS_NPS26009_MCstat_signal_BJetOS_2022=0.0827144	CMS_NPS26009_MCstat_signal_BJetOS_2022EE=0.0301783	CMS_NPS26009_MCstat_signal_BJetOS_2023=-0.150652	CMS_NPS26009_MCstat_signal_BJetOS_2023BPix=-0.0973754	CMS_NPS26009_MCstat_singleTop_BJetOS_2016postVFP=-0.33614	CMS_NPS26009_MCstat_singleTop_BJetOS_2016preVFP=0.931955	CMS_NPS26009_MCstat_singleTop_BJetOS_2017=-0.291298	CMS_NPS26009_MCstat_singleTop_BJetOS_2018=-0.615463	CMS_NPS26009_MCstat_singleTop_BJetOS_2022=4.33471	CMS_NPS26009_MCstat_singleTop_BJetOS_2022EE=-3.13205	CMS_NPS26009_MCstat_singleTop_BJetOS_2023=-0.278402	CMS_NPS26009_MCstat_singleTop_BJetOS_2023BPix=-0.298429	CMS_NPS26009_MCstat_ttbar_BJetOS_2016postVFP=-1.58279	CMS_NPS26009_MCstat_ttbar_BJetOS_2016preVFP=2.44045	CMS_NPS26009_MCstat_ttbar_BJetOS_2017=-3.17153	CMS_NPS26009_MCstat_ttbar_BJetOS_2018=-1.62457	CMS_NPS26009_MCstat_ttbar_BJetOS_2022=-0.119618	CMS_NPS26009_MCstat_ttbar_BJetOS_2022EE=-1.69571	CMS_NPS26009_MCstat_ttbar_BJetOS_2023=-1.34279	CMS_NPS26009_MCstat_ttbar_BJetOS_2023BPix=-2.43392	CMS_NPS26009_NFStat_DY_BJetOS_2016postVFP=-0.494074	CMS_NPS26009_NFStat_DY_BJetOS_2016preVFP=-0.166244	CMS_NPS26009_NFStat_DY_BJetOS_2017=-8.56452	CMS_NPS26009_NFStat_DY_BJetOS_2018=-1.03452	CMS_NPS26009_NFStat_DY_BJetOS_2022=1.62719	CMS_NPS26009_NFStat_DY_BJetOS_2022EE=0.0575609	CMS_NPS26009_QCDscale_fac_singleTop=0.124965	CMS_NPS26009_QCDscale_ren_singleTop=0.0791505	CMS_NPS26009_bckgNorm_QCD_BJetOS_2016postVFP=-0.000861001	CMS_NPS26009_bckgNorm_QCD_BJetOS_2016preVFP=-0.000268875	CMS_NPS26009_bckgNorm_QCD_BJetOS_2017=-0.0204392	CMS_NPS26009_bckgNorm_QCD_BJetOS_2018=-0.0143749	CMS_NPS26009_bckgNorm_QCD_BJetOS_2022=-0.00011211	CMS_NPS26009_bckgNorm_QCD_BJetOS_2022EE=-7.97603e-05	CMS_NPS26009_bckgNorm_QCD_BJetOS_2023=-0.000632059	CMS_NPS26009_bckgNorm_QCD_BJetOS_2023BPix=-5.98983e-06	CMS_NPS26009_bckgShape_QCD_BJetOS_2016postVFP=0.757609	CMS_NPS26009_bckgShape_QCD_BJetOS_2016preVFP=0.271938	CMS_NPS26009_bckgShape_QCD_BJetOS_2017=0.858476	CMS_NPS26009_bckgShape_QCD_BJetOS_2018=-1.02694	CMS_NPS26009_bckgShape_QCD_BJetOS_2022=-0.000388363	CMS_NPS26009_bckgShape_QCD_BJetOS_2022EE=-0.00487916	CMS_NPS26009_bckgShape_QCD_BJetOS_2023=-0.0548556	CMS_NPS26009_bckgShape_QCD_BJetOS_2023BPix=-0.000231895	CMS_NPS26009_btag_fixedWP_bc_correlated_13TeV=-6.29059	CMS_NPS26009_btag_fixedWP_bc_correlated_13p6TeV=3.19218	CMS_NPS26009_btag_fixedWP_light_correlated_13TeV=-0.256352	CMS_NPS26009_btag_fixedWP_light_correlated_13p6TeV=-0.0589339	CMS_NPS26009_lumi_2016=0.224353	CMS_NPS26009_lumi_2017=-0.843496	CMS_NPS26009_lumi_2018=-1.84512	CMS_NPS26009_lumi_2022=-0.174846	CMS_NPS26009_lumi_2023=-0.486259	CMS_NPS26009_pdf_NNPDF31=-0.86336	CMS_NPS26009_topmass_ttbar_BJetOS=-1.52256	CMS_btag_fixedWP_bc_uncorrelated_2016postVFP=-1.62029	CMS_btag_fixedWP_bc_uncorrelated_2016preVFP=2.33191	CMS_btag_fixedWP_bc_uncorrelated_2017=-4.80559	CMS_btag_fixedWP_bc_uncorrelated_2018=-2.04255	CMS_btag_fixedWP_bc_uncorrelated_2022=0.184589	CMS_btag_fixedWP_bc_uncorrelated_2022EE=-0.251303	CMS_btag_fixedWP_bc_uncorrelated_2023=-0.508618	CMS_btag_fixedWP_bc_uncorrelated_2023BPix=-0.56087	CMS_btag_fixedWP_light_uncorrelated_2016postVFP=-0.43437	CMS_btag_fixedWP_light_uncorrelated_2016preVFP=0.212367	CMS_btag_fixedWP_light_uncorrelated_2017=0.000926583	CMS_btag_fixedWP_light_uncorrelated_2018=-0.260425	CMS_btag_fixedWP_light_uncorrelated_2022=-0.00450723	CMS_btag_fixedWP_light_uncorrelated_2022EE=-0.0522619	CMS_btag_fixedWP_light_uncorrelated_2023=-0.0169936	CMS_btag_fixedWP_light_uncorrelated_2023BPix=-0.048669	CMS_eff_m_id_2016postVFP=-0.0591603	CMS_eff_m_id_2016preVFP=0.109727	CMS_eff_m_id_2017=-0.0322589	CMS_eff_m_id_2018=-0.0987074	CMS_eff_m_id_2022=0.0176059	CMS_eff_m_id_2022EE=-0.0268986	CMS_eff_m_id_2023=-0.0766603	CMS_eff_m_id_2023BPix=-0.0981092	CMS_eff_m_trigger_2016postVFP=-0.317567	CMS_eff_m_trigger_2016preVFP=0.466786	CMS_eff_m_trigger_2017=-0.145972	CMS_eff_m_trigger_2018=-0.337377	CMS_eff_m_trigger_2022=0.041096	CMS_eff_m_trigger_2022EE=-0.0859216	CMS_eff_m_trigger_2023=-0.134684	CMS_eff_m_trigger_2023BPix=-0.130826	CMS_l1_prefiring_2016postVFP=0.670947	CMS_l1_prefiring_2016preVFP=-0.729192	CMS_l1_prefiring_2017=0.403117	CMS_l1_prefiring_2018=0.154814	CMS_pileup_2016postVFP=0.232791	CMS_pileup_2016preVFP=-0.688451	CMS_pileup_2017=2.27744	CMS_pileup_2018=-0.64485	CMS_pileup_2022=-0.604655	CMS_pileup_2022EE=-0.503962	CMS_pileup_2023=-0.140881	CMS_pileup_2023BPix=0.608051	CMS_res_j_2016postVFP=-0.0703675	CMS_res_j_2016preVFP=0.00449361	CMS_res_j_2017=0.0184535	CMS_res_j_2018=-0.0534815	CMS_res_j_2022=2.88111e-05	CMS_res_j_2022EE=-0.000284672	CMS_res_j_2023=2.76762e-05	CMS_res_j_2023BPix=-0.00194858	CMS_scale_j_2016postVFP=-0.0700069	CMS_scale_j_2016preVFP=0.00039725	CMS_scale_j_2017=-0.374434	CMS_scale_j_2018=-0.179335	CMS_scale_j_2022=-0.00167259	CMS_scale_j_2022EE=-0.0171289	CMS_scale_j_2023=-0.0790613	CMS_scale_j_2023BPix=-0.682297	CMS_scale_m_2016postVFP=-0.0716312	CMS_scale_m_2016preVFP=0.0772428	CMS_scale_m_2017=-1.22728	CMS_scale_m_2018=-0.0733219	CMS_scale_m_2022=-0.00466498	CMS_scale_m_2022EE=-0.071462	CMS_scale_m_2023=-0.166773	CMS_scale_m_2023BPix=-0.204061	QCDscale_fac_ttbar=2.69278	QCDscale_ren_ttbar=4.81747	pdf_alphas=-4.27685	r=3.43524
RooFit::Detail::RooFixedProdPdf::model_s[ ]
     getLogVal() top-level p.d.f not greater than zero @ !servers=(modelObs_s = 0)

RooAbsMinimizerFcn: Minimized function has error status.
Returning maximum FCN so far (6.03076) to force MIGRAD to back out of this region. Error log follows.
Parameter values: 	CMS_NPS26009_LightJetStat_DY_BJetOS_2016postVFP=-8.3916	CMS_NPS26009_LightJetStat_DY_BJetOS_2016preVFP=28.999	CMS_NPS26009_LightJetStat_DY_BJetOS_2017=4.7957	CMS_NPS26009_LightJetStat_DY_BJetOS_2018=-0.761524	CMS_NPS26009_LightJetStat_DY_BJetOS_2022=0.7883	CMS_NPS26009_LightJetStat_DY_BJetOS_2022EE=0.281166	CMS_NPS26009_MCstat_other_BJetOS_2016postVFP=-0.303756	CMS_NPS26009_MCstat_other_BJetOS_2016preVFP=-0.485069	CMS_NPS26009_MCstat_other_BJetOS_2017=-3.40556	CMS_NPS26009_MCstat_other_BJetOS_2018=-0.328167	CMS_NPS26009_MCstat_other_BJetOS_2022=0.300992	CMS_NPS26009_MCstat_other_BJetOS_2022EE=-0.0993947	CMS_NPS26009_MCstat_other_BJetOS_2023=-0.0581704	CMS_NPS26009_MCstat_other_BJetOS_2023BPix=-0.830678	CMS_NPS26009_MCstat_signal_BJetOS_2016postVFP=-0.245772	CMS_NPS26009_MCstat_signal_BJetOS_2016preVFP=0.277452	CMS_NPS26009_MCstat_signal_BJetOS_2017=-0.247456	CMS_NPS26009_MCstat_signal_BJetOS_2018=-0.406228	CMS_NPS26009_MCstat_signal_BJetOS_2022=0.0341928	CMS_NPS26009_MCstat_signal_BJetOS_2022EE=-0.0019169	CMS_NPS26009_MCstat_signal_BJetOS_2023=-0.0864859	CMS_NPS26009_MCstat_signal_BJetOS_2023BPix=-0.0592147	CMS_NPS26009_MCstat_singleTop_BJetOS_2016postVFP=-0.164841	CMS_NPS26009_MCstat_singleTop_BJetOS_2016preVFP=0.483973	CMS_NPS26009_MCstat_singleTop_BJetOS_2017=-0.119756	CMS_NPS26009_MCstat_singleTop_BJetOS_2018=-0.320718	CMS_NPS26009_MCstat_singleTop_BJetOS_2022=2.092	CMS_NPS26009_MCstat_singleTop_BJetOS_2022EE=-1.67746	CMS_NPS26009_MCstat_singleTop_BJetOS_2023=-0.145647	CMS_NPS26009_MCstat_singleTop_BJetOS_2023BPix=-0.161332	CMS_NPS26009_MCstat_ttbar_BJetOS_2016postVFP=-0.77748	CMS_NPS26009_MCstat_ttbar_BJetOS_2016preVFP=1.27036	CMS_NPS26009_MCstat_ttbar_BJetOS_2017=-1.47603	CMS_NPS26009_MCstat_ttbar_BJetOS_2018=-0.855591	CMS_NPS26009_MCstat_ttbar_BJetOS_2022=-0.133681	CMS_NPS26009_MCstat_ttbar_BJetOS_2022EE=-0.955403	CMS_NPS26009_MCstat_ttbar_BJetOS_2023=-0.741866	CMS_NPS26009_MCstat_ttbar_BJetOS_2023BPix=-1.29042	CMS_NPS26009_NFStat_DY_BJetOS_2016postVFP=-0.243543	CMS_NPS26009_NFStat_DY_BJetOS_2016preVFP=-0.00986118	CMS_NPS26009_NFStat_DY_BJetOS_2017=-3.97787	CMS_NPS26009_NFStat_DY_BJetOS_2018=-0.51629	CMS_NPS26009_NFStat_DY_BJetOS_2022=0.77946	CMS_NPS26009_NFStat_DY_BJetOS_2022EE=0.0269964	CMS_NPS26009_QCDscale_fac_singleTop=0.065741	CMS_NPS26009_QCDscale_ren_singleTop=0.0452983	CMS_NPS26009_bckgNorm_QCD_BJetOS_2016postVFP=-0.000422107	CMS_NPS26009_bckgNorm_QCD_BJetOS_2016preVFP=-0.000126518	CMS_NPS26009_bckgNorm_QCD_BJetOS_2017=-0.00990938	CMS_NPS26009_bckgNorm_QCD_BJetOS_2018=-0.00697935	CMS_NPS26009_bckgNorm_QCD_BJetOS_2022=-5.36469e-05	CMS_NPS26009_bckgNorm_QCD_BJetOS_2022EE=-3.84015e-05	CMS_NPS26009_bckgNorm_QCD_BJetOS_2023=-0.000305107	CMS_NPS26009_bckgNorm_QCD_BJetOS_2023BPix=-2.90067e-06	CMS_NPS26009_bckgShape_QCD_BJetOS_2016postVFP=-0.852868	CMS_NPS26009_bckgShape_QCD_BJetOS_2016preVFP=0.232923	CMS_NPS26009_bckgShape_QCD_BJetOS_2017=0.464977	CMS_NPS26009_bckgShape_QCD_BJetOS_2018=-1.62172	CMS_NPS26009_bckgShape_QCD_BJetOS_2022=-0.00022439	CMS_NPS26009_bckgShape_QCD_BJetOS_2022EE=-0.00247741	CMS_NPS26009_bckgShape_QCD_BJetOS_2023=-0.0279883	CMS_NPS26009_bckgShape_QCD_BJetOS_2023BPix=-0.000116449	CMS_NPS26009_btag_fixedWP_bc_correlated_13TeV=-2.94809	CMS_NPS26009_btag_fixedWP_bc_correlated_13p6TeV=1.20723	CMS_NPS26009_btag_fixedWP_light_correlated_13TeV=-0.120211	CMS_NPS26009_btag_fixedWP_light_correlated_13p6TeV=-0.0655486	CMS_NPS26009_lumi_2016=0.131066	CMS_NPS26009_lumi_2017=-0.346609	CMS_NPS26009_lumi_2018=-0.972603	CMS_NPS26009_lumi_2022=-0.121463	CMS_NPS26009_lumi_2023=-0.264452	CMS_NPS26009_pdf_NNPDF31=-0.498204	CMS_NPS26009_topmass_ttbar_BJetOS=-0.797719	CMS_btag_fixedWP_bc_uncorrelated_2016postVFP=-0.79439	CMS_btag_fixedWP_bc_uncorrelated_2016preVFP=1.20051	CMS_btag_fixedWP_bc_uncorrelated_2017=-2.24074	CMS_btag_fixedWP_bc_uncorrelated_2018=-1.07504	CMS_btag_fixedWP_bc_uncorrelated_2022=0.0609894	CMS_btag_fixedWP_bc_uncorrelated_2022EE=-0.16793	CMS_btag_fixedWP_bc_uncorrelated_2023=-0.289503	CMS_btag_fixedWP_bc_uncorrelated_2023BPix=-0.315755	CMS_btag_fixedWP_light_uncorrelated_2016postVFP=-0.21292	CMS_btag_fixedWP_light_uncorrelated_2016preVFP=0.108461	CMS_btag_fixedWP_light_uncorrelated_2017=0.00782354	CMS_btag_fixedWP_light_uncorrelated_2018=-0.135433	CMS_btag_fixedWP_light_uncorrelated_2022=-0.00568881	CMS_btag_fixedWP_light_uncorrelated_2022EE=-0.0310386	CMS_btag_fixedWP_light_uncorrelated_2023=-0.00954195	CMS_btag_fixedWP_light_uncorrelated_2023BPix=-0.0266311	CMS_eff_m_id_2016postVFP=-0.0289921	CMS_eff_m_id_2016preVFP=0.0564814	CMS_eff_m_id_2017=-0.0130862	CMS_eff_m_id_2018=-0.0513474	CMS_eff_m_id_2022=0.0023357	CMS_eff_m_id_2022EE=-0.0185896	CMS_eff_m_id_2023=-0.0438529	CMS_eff_m_id_2023BPix=-0.0555217	CMS_eff_m_trigger_2016postVFP=-0.155629	CMS_eff_m_trigger_2016preVFP=0.24028	CMS_eff_m_trigger_2017=-0.059323	CMS_eff_m_trigger_2018=-0.175537	CMS_eff_m_trigger_2022=0.0113359	CMS_eff_m_trigger_2022EE=-0.0547837	CMS_eff_m_trigger_2023=-0.0763368	CMS_eff_m_trigger_2023BPix=-0.0738818	CMS_l1_prefiring_2016postVFP=0.328814	CMS_l1_prefiring_2016preVFP=-0.375622	CMS_l1_prefiring_2017=0.167733	CMS_l1_prefiring_2018=0.0805334	CMS_pileup_2016postVFP=0.114037	CMS_pileup_2016preVFP=-0.352375	CMS_pileup_2017=1.12996	CMS_pileup_2018=-0.339814	CMS_pileup_2022=-0.289302	CMS_pileup_2022EE=-0.274904	CMS_pileup_2023=-0.0811871	CMS_pileup_2023BPix=0.333458	CMS_res_j_2016postVFP=-0.0345083	CMS_res_j_2016preVFP=0.00233395	CMS_res_j_2017=0.00964082	CMS_res_j_2018=-0.0277623	CMS_res_j_2022=1.81868e-05	CMS_res_j_2022EE=5.52938e-05	CMS_res_j_2023=1.59373e-05	CMS_res_j_2023BPix=-0.00130619	CMS_scale_j_2016postVFP=-0.03433	CMS_scale_j_2016preVFP=0.000257275	CMS_scale_j_2017=-0.174535	CMS_scale_j_2018=-0.0928323	CMS_scale_j_2022=-0.00260992	CMS_scale_j_2022EE=-0.00967542	CMS_scale_j_2023=-0.0431221	CMS_scale_j_2023BPix=-0.36497	CMS_scale_m_2016postVFP=-0.0351786	CMS_scale_m_2016preVFP=0.0441197	CMS_scale_m_2017=-0.614432	CMS_scale_m_2018=-0.0379553	CMS_scale_m_2022=-0.00800333	CMS_scale_m_2022EE=-0.0430013	CMS_scale_m_2023=-0.0927966	CMS_scale_m_2023BPix=-0.111262	QCDscale_fac_ttbar=1.32337	QCDscale_ren_ttbar=2.41184	pdf_alphas=-2.14802	r=17.4077
RooFit::Detail::RooFixedProdPdf::model_s[ ]
     getLogVal() top-level p.d.f not greater than zero @ !servers=(modelObs_s = 0)

RooAbsMinimizerFcn: Minimized function has error status.
Returning maximum FCN so far (6.03076) to force MIGRAD to back out of this region. Error log follows.
Parameter values: 	CMS_NPS26009_LightJetStat_DY_BJetOS_2016postVFP=-4.20045	CMS_NPS26009_LightJetStat_DY_BJetOS_2016preVFP=14.4382	CMS_NPS26009_LightJetStat_DY_BJetOS_2017=2.94993	CMS_NPS26009_LightJetStat_DY_BJetOS_2018=-0.659012	CMS_NPS26009_LightJetStat_DY_BJetOS_2022=0.35961	CMS_NPS26009_LightJetStat_DY_BJetOS_2022EE=0.0992663	CMS_NPS26009_MCstat_other_BJetOS_2016postVFP=-0.147507	CMS_NPS26009_MCstat_other_BJetOS_2016preVFP=-0.171745	CMS_NPS26009_MCstat_other_BJetOS_2017=-1.60841	CMS_NPS26009_MCstat_other_BJetOS_2018=-0.178402	CMS_NPS26009_MCstat_other_BJetOS_2022=0.1295	CMS_NPS26009_MCstat_other_BJetOS_2022EE=-0.0719534	CMS_NPS26009_MCstat_other_BJetOS_2023=-0.0352137	CMS_NPS26009_MCstat_other_BJetOS_2023BPix=-0.478485	CMS_NPS26009_MCstat_signal_BJetOS_2016postVFP=-0.11786	CMS_NPS26009_MCstat_signal_BJetOS_2016preVFP=0.149251	CMS_NPS26009_MCstat_signal_BJetOS_2017=-0.0924226	CMS_NPS26009_MCstat_signal_BJetOS_2018=-0.219685	CMS_NPS26009_MCstat_signal_BJetOS_2022=0.00993221	CMS_NPS26009_MCstat_signal_BJetOS_2022EE=-0.0179644	CMS_NPS26009_MCstat_signal_BJetOS_2023=-0.0544033	CMS_NPS26009_MCstat_signal_BJetOS_2023BPix=-0.0401345	CMS_NPS26009_MCstat_singleTop_BJetOS_2016postVFP=-0.0791914	CMS_NPS26009_MCstat_singleTop_BJetOS_2016preVFP=0.259984	CMS_NPS26009_MCstat_singleTop_BJetOS_2017=-0.0339853	CMS_NPS26009_MCstat_singleTop_BJetOS_2018=-0.173347	CMS_NPS26009_MCstat_singleTop_BJetOS_2022=0.970646	CMS_NPS26009_MCstat_singleTop_BJetOS_2022EE=-0.950173	CMS_NPS26009_MCstat_singleTop_BJetOS_2023=-0.0792705	CMS_NPS26009_MCstat_singleTop_BJetOS_2023BPix=-0.0927832	CMS_NPS26009_MCstat_ttbar_BJetOS_2016postVFP=-0.374827	CMS_NPS26009_MCstat_ttbar_BJetOS_2016preVFP=0.685326	CMS_NPS26009_MCstat_ttbar_BJetOS_2017=-0.628289	CMS_NPS26009_MCstat_ttbar_BJetOS_2018=-0.471103	CMS_NPS26009_MCstat_ttbar_BJetOS_2022=-0.140713	CMS_NPS26009_MCstat_ttbar_BJetOS_2022EE=-0.585252	CMS_NPS26009_MCstat_ttbar_BJetOS_2023=-0.441406	CMS_NPS26009_MCstat_ttbar_BJetOS_2023BPix=-0.718671	CMS_NPS26009_NFStat_DY_BJetOS_2016postVFP=-0.118278	CMS_NPS26009_NFStat_DY_BJetOS_2016preVFP=0.0683299	CMS_NPS26009_NFStat_DY_BJetOS_2017=-1.68456	CMS_NPS26009_NFStat_DY_BJetOS_2018=-0.257178	CMS_NPS26009_NFStat_DY_BJetOS_2022=0.355597	CMS_NPS26009_NFStat_DY_BJetOS_2022EE=0.0117142	CMS_NPS26009_QCDscale_fac_singleTop=0.036129	CMS_NPS26009_QCDscale_ren_singleTop=0.0283722	CMS_NPS26009_bckgNorm_QCD_BJetOS_2016postVFP=-0.000202661	CMS_NPS26009_bckgNorm_QCD_BJetOS_2016preVFP=-5.53406e-05	CMS_NPS26009_bckgNorm_QCD_BJetOS_2017=-0.0046445	CMS_NPS26009_bckgNorm_QCD_BJetOS_2018=-0.00328161	CMS_NPS26009_bckgNorm_QCD_BJetOS_2022=-2.44158e-05	CMS_NPS26009_bckgNorm_QCD_BJetOS_2022EE=-1.77223e-05	CMS_NPS26009_bckgNorm_QCD_BJetOS_2023=-0.000141632	CMS_NPS26009_bckgNorm_QCD_BJetOS_2023BPix=-1.3561e-06	CMS_NPS26009_bckgShape_QCD_BJetOS_2016postVFP=-0.802907	CMS_NPS26009_bckgShape_QCD_BJetOS_2016preVFP=0.130769	CMS_NPS26009_bckgShape_QCD_BJetOS_2017=0.245285	CMS_NPS26009_bckgShape_QCD_BJetOS_2018=-1.00545	CMS_NPS26009_bckgShape_QCD_BJetOS_2022=-0.000142402	CMS_NPS26009_bckgShape_QCD_BJetOS_2022EE=-0.00127514	CMS_NPS26009_bckgShape_QCD_BJetOS_2023=-0.0142167	CMS_NPS26009_bckgShape_QCD_BJetOS_2023BPix=-5.87172e-05	CMS_NPS26009_btag_fixedWP_bc_correlated_13TeV=-1.27685	CMS_NPS26009_btag_fixedWP_bc_correlated_13p6TeV=0.21476	CMS_NPS26009_btag_fixedWP_light_correlated_13TeV=-0.0521402	CMS_NPS26009_btag_fixedWP_light_correlated_13p6TeV=-0.0688559	CMS_NPS26009_lumi_2016=0.0844228	CMS_NPS26009_lumi_2017=-0.0981663	CMS_NPS26009_lumi_2018=-0.536345	CMS_NPS26009_lumi_2022=-0.0947723	CMS_NPS26009_lumi_2023=-0.153549	CMS_NPS26009_pdf_NNPDF31=-0.315628	CMS_NPS26009_topmass_ttbar_BJetOS=-0.435302	CMS_btag_fixedWP_bc_uncorrelated_2016postVFP=-0.381442	CMS_btag_fixedWP_bc_uncorrelated_2016preVFP=0.634808	CMS_btag_fixedWP_bc_uncorrelated_2017=-0.958322	CMS_btag_fixedWP_bc_uncorrelated_2018=-0.59128	CMS_btag_fixedWP_bc_uncorrelated_2022=-0.000810198	CMS_btag_fixedWP_bc_uncorrelated_2022EE=-0.126243	CMS_btag_fixedWP_bc_uncorrelated_2023=-0.179946	CMS_btag_fixedWP_bc_uncorrelated_2023BPix=-0.193198	CMS_btag_fixedWP_light_uncorrelated_2016postVFP=-0.102196	CMS_btag_fixedWP_light_uncorrelated_2016preVFP=0.0565077	CMS_btag_fixedWP_light_uncorrelated_2017=0.011272	CMS_btag_fixedWP_light_uncorrelated_2018=-0.0729377	CMS_btag_fixedWP_light_uncorrelated_2022=-0.0062796	CMS_btag_fixedWP_light_uncorrelated_2022EE=-0.020427	CMS_btag_fixedWP_light_uncorrelated_2023=-0.00581616	CMS_btag_fixedWP_light_uncorrelated_2023BPix=-0.0156122	CMS_eff_m_id_2016postVFP=-0.0139081	CMS_eff_m_id_2016preVFP=0.0298586	CMS_eff_m_id_2017=-0.00349994	CMS_eff_m_id_2018=-0.0276675	CMS_eff_m_id_2022=-0.00529937	CMS_eff_m_id_2022EE=-0.0144351	CMS_eff_m_id_2023=-0.0274493	CMS_eff_m_id_2023BPix=-0.0342281	CMS_eff_m_trigger_2016postVFP=-0.07466	CMS_eff_m_trigger_2016preVFP=0.127028	CMS_eff_m_trigger_2017=-0.0159988	CMS_eff_m_trigger_2018=-0.0946173	CMS_eff_m_trigger_2022=-0.003544	CMS_eff_m_trigger_2022EE=-0.0392149	CMS_eff_m_trigger_2023=-0.0471631	CMS_eff_m_trigger_2023BPix=-0.0454097	CMS_l1_prefiring_2016postVFP=0.157748	CMS_l1_prefiring_2016preVFP=-0.198837	CMS_l1_prefiring_2017=0.0500413	CMS_l1_prefiring_2018=0.0433932	CMS_pileup_2016postVFP=0.0546608	CMS_pileup_2016preVFP=-0.184338	CMS_pileup_2017=0.556223	CMS_pileup_2018=-0.187297	CMS_pileup_2022=-0.131626	CMS_pileup_2022EE=-0.160376	CMS_pileup_2023=-0.0513402	CMS_pileup_2023BPix=0.196162	CMS_res_j_2016postVFP=-0.0165789	CMS_res_j_2016preVFP=0.00125413	CMS_res_j_2017=0.00523452	CMS_res_j_2018=-0.0149028	CMS_res_j_2022=1.28747e-05	CMS_res_j_2022EE=0.000225276	CMS_res_j_2023=1.00679e-05	CMS_res_j_2023BPix=-0.000984998	CMS_scale_j_2016postVFP=-0.0164916	CMS_scale_j_2016preVFP=0.000187288	CMS_scale_j_2017=-0.0745861	CMS_scale_j_2018=-0.0495811	CMS_scale_j_2022=-0.00307858	CMS_scale_j_2022EE=-0.0059487	CMS_scale_j_2023=-0.0251526	CMS_scale_j_2023BPix=-0.206308	CMS_scale_m_2016postVFP=-0.0169524	CMS_scale_m_2016preVFP=0.0275582	CMS_scale_m_2017=-0.308009	CMS_scale_m_2018=-0.0202721	CMS_scale_m_2022=-0.00967249	CMS_scale_m_2022EE=-0.0287711	CMS_scale_m_2023=-0.0558089	CMS_scale_m_2023BPix=-0.0648636	QCDscale_fac_ttbar=0.638666	QCDscale_ren_ttbar=1.20903	pdf_alphas=-1.08361	r=71.2039
RooFit::Detail::RooFixedProdPdf::model_s[ ]
     getLogVal() top-level p.d.f not greater than zero @ !servers=(modelObs_s = 0)

RooAbsMinimizerFcn: Minimized function has error status.
Returning maximum FCN so far (667.512) to force MIGRAD to back out of this region. Error log follows.
Parameter values: 	CMS_NPS26009_LightJetStat_DY_BJetOS_2016postVFP=-0.16048	CMS_NPS26009_LightJetStat_DY_BJetOS_2016preVFP=0.40272	CMS_NPS26009_LightJetStat_DY_BJetOS_2017=1.17074	CMS_NPS26009_LightJetStat_DY_BJetOS_2018=-0.560198	CMS_NPS26009_LightJetStat_DY_BJetOS_2022=-0.0536161	CMS_NPS26009_LightJetStat_DY_BJetOS_2022EE=-0.0760717	CMS_NPS26009_MCstat_other_BJetOS_2016postVFP=0.00310517	CMS_NPS26009_MCstat_other_BJetOS_2016preVFP=0.130276	CMS_NPS26009_MCstat_other_BJetOS_2017=0.123917	CMS_NPS26009_MCstat_other_BJetOS_2018=-0.0340395	CMS_NPS26009_MCstat_other_BJetOS_2022=-0.0358069	CMS_NPS26009_MCstat_other_BJetOS_2022EE=-0.045502	CMS_NPS26009_MCstat_other_BJetOS_2023=-0.0130852	CMS_NPS26009_MCstat_other_BJetOS_2023BPix=-0.138996	CMS_NPS26009_MCstat_signal_BJetOS_2016postVFP=0.00543738	CMS_NPS26009_MCstat_signal_BJetOS_2016preVFP=0.025675	CMS_NPS26009_MCstat_signal_BJetOS_2017=0.0570184	CMS_NPS26009_MCstat_signal_BJetOS_2018=-0.0398708	CMS_NPS26009_MCstat_signal_BJetOS_2022=-0.0134533	CMS_NPS26009_MCstat_signal_BJetOS_2022EE=-0.033433	CMS_NPS26009_MCstat_signal_BJetOS_2023=-0.0234779	CMS_NPS26009_MCstat_signal_BJetOS_2023BPix=-0.0217425	CMS_NPS26009_MCstat_singleTop_BJetOS_2016postVFP=0.00336815	CMS_NPS26009_MCstat_singleTop_BJetOS_2016preVFP=0.0440738	CMS_NPS26009_MCstat_singleTop_BJetOS_2017=0.0486912	CMS_NPS26009_MCstat_singleTop_BJetOS_2018=-0.0312922	CMS_NPS26009_MCstat_singleTop_BJetOS_2022=-0.110256	CMS_NPS26009_MCstat_singleTop_BJetOS_2022EE=-0.249119	CMS_NPS26009_MCstat_singleTop_BJetOS_2023=-0.0152879	CMS_NPS26009_MCstat_singleTop_BJetOS_2023BPix=-0.0267075	CMS_NPS26009_MCstat_ttbar_BJetOS_2016postVFP=0.0133006	CMS_NPS26009_MCstat_ttbar_BJetOS_2016preVFP=0.121391	CMS_NPS26009_MCstat_ttbar_BJetOS_2017=0.188875	CMS_NPS26009_MCstat_ttbar_BJetOS_2018=-0.100485	CMS_NPS26009_MCstat_ttbar_BJetOS_2022=-0.147491	CMS_NPS26009_MCstat_ttbar_BJetOS_2022EE=-0.228453	CMS_NPS26009_MCstat_ttbar_BJetOS_2023=-0.151785	CMS_NPS26009_MCstat_ttbar_BJetOS_2023BPix=-0.167548	CMS_NPS26009_NFStat_DY_BJetOS_2016postVFP=0.00246805	CMS_NPS26009_NFStat_DY_BJetOS_2016preVFP=0.143701	CMS_NPS26009_NFStat_DY_BJetOS_2017=0.526028	CMS_NPS26009_NFStat_DY_BJetOS_2018=-0.00741193	CMS_NPS26009_NFStat_DY_BJetOS_2022=-0.0529773	CMS_NPS26009_NFStat_DY_BJetOS_2022EE=-0.00301669	CMS_NPS26009_QCDscale_fac_singleTop=0.00758515	CMS_NPS26009_QCDscale_ren_singleTop=0.0120568	CMS_NPS26009_bckgNorm_QCD_BJetOS_2016postVFP=8.86869e-06	CMS_NPS26009_bckgNorm_QCD_BJetOS_2016preVFP=1.32696e-05	CMS_NPS26009_bckgNorm_QCD_BJetOS_2017=0.000430461	CMS_NPS26009_bckgNorm_QCD_BJetOS_2018=0.000282735	CMS_NPS26009_bckgNorm_QCD_BJetOS_2022=3.76091e-06	CMS_NPS26009_bckgNorm_QCD_BJetOS_2022EE=2.21101e-06	CMS_NPS26009_bckgNorm_QCD_BJetOS_2023=1.59467e-05	CMS_NPS26009_bckgNorm_QCD_BJetOS_2023BPix=1.3276e-07	CMS_NPS26009_bckgShape_QCD_BJetOS_2016postVFP=-0.0235033	CMS_NPS26009_bckgShape_QCD_BJetOS_2016preVFP=0.00468337	CMS_NPS26009_bckgShape_QCD_BJetOS_2017=0.0267915	CMS_NPS26009_bckgShape_QCD_BJetOS_2018=-0.0505168	CMS_NPS26009_bckgShape_QCD_BJetOS_2022=-6.33724e-05	CMS_NPS26009_bckgShape_QCD_BJetOS_2022EE=-0.000115855	CMS_NPS26009_bckgShape_QCD_BJetOS_2023=-0.00084745	CMS_NPS26009_bckgShape_QCD_BJetOS_2023BPix=-3.06591e-06	CMS_NPS26009_btag_fixedWP_bc_correlated_13TeV=0.334109	CMS_NPS26009_btag_fixedWP_bc_correlated_13p6TeV=-0.741909	CMS_NPS26009_btag_fixedWP_light_correlated_13TeV=0.0134747	CMS_NPS26009_btag_fixedWP_light_correlated_13p6TeV=-0.072044	CMS_NPS26009_lumi_2016=0.039462	CMS_NPS26009_lumi_2017=0.141314	CMS_NPS26009_lumi_2018=-0.115825	CMS_NPS26009_lumi_2022=-0.0690442	CMS_NPS26009_lumi_2023=-0.0466469	CMS_NPS26009_pdf_NNPDF31=-0.139637	CMS_NPS26009_topmass_ttbar_BJetOS=-0.0859573	CMS_btag_fixedWP_bc_uncorrelated_2016postVFP=0.0166096	CMS_btag_fixedWP_bc_uncorrelated_2016preVFP=0.0895158	CMS_btag_fixedWP_bc_uncorrelated_2017=0.277834	CMS_btag_fixedWP_bc_uncorrelated_2018=-0.124974	CMS_btag_fixedWP_bc_uncorrelated_2022=-0.0603806	CMS_btag_fixedWP_bc_uncorrelated_2022EE=-0.0860601	CMS_btag_fixedWP_bc_uncorrelated_2023=-0.074341	CMS_btag_fixedWP_bc_uncorrelated_2023BPix=-0.0750619	CMS_btag_fixedWP_light_uncorrelated_2016postVFP=0.00453453	CMS_btag_fixedWP_light_uncorrelated_2016preVFP=0.00642882	CMS_btag_fixedWP_light_uncorrelated_2017=0.0145961	CMS_btag_fixedWP_light_uncorrelated_2018=-0.0126966	CMS_btag_fixedWP_light_uncorrelated_2022=-0.00684908	CMS_btag_fixedWP_light_uncorrelated_2022EE=-0.0101981	CMS_btag_fixedWP_light_uncorrelated_2023=-0.00222476	CMS_btag_fixedWP_light_uncorrelated_2023BPix=-0.0049908	CMS_eff_m_id_2016postVFP=0.000631835	CMS_eff_m_id_2016preVFP=0.00419611	CMS_eff_m_id_2017=0.00574053	CMS_eff_m_id_2018=-0.00484186	CMS_eff_m_id_2022=-0.012659	CMS_eff_m_id_2022EE=-0.0104305	CMS_eff_m_id_2023=-0.0116374	CMS_eff_m_id_2023BPix=-0.0137025	CMS_eff_m_trigger_2016postVFP=0.00338808	CMS_eff_m_trigger_2016preVFP=0.0178609	CMS_eff_m_trigger_2017=0.0257626	CMS_eff_m_trigger_2018=-0.0166168	CMS_eff_m_trigger_2022=-0.0178872	CMS_eff_m_trigger_2022EE=-0.0242076	CMS_eff_m_trigger_2023=-0.0190418	CMS_eff_m_trigger_2023BPix=-0.0179647	CMS_l1_prefiring_2016postVFP=-0.00714655	CMS_l1_prefiring_2016preVFP=-0.0284297	CMS_l1_prefiring_2017=-0.0634049	CMS_l1_prefiring_2018=0.00759272	CMS_pileup_2016postVFP=-0.00257387	CMS_pileup_2016preVFP=-0.0223627	CMS_pileup_2017=0.00318151	CMS_pileup_2018=-0.0402815	CMS_pileup_2022=0.0203624	CMS_pileup_2022EE=-0.049979	CMS_pileup_2023=-0.02257	CMS_pileup_2023BPix=0.0638192	CMS_res_j_2016postVFP=0.000703881	CMS_res_j_2016preVFP=0.000213265	CMS_res_j_2017=0.000987163	CMS_res_j_2018=-0.00250714	CMS_res_j_2022=7.75421e-06	CMS_res_j_2022EE=0.000389126	CMS_res_j_2023=4.41015e-06	CMS_res_j_2023BPix=-0.000675391	CMS_scale_j_2016postVFP=0.000703303	CMS_scale_j_2016preVFP=0.000119825	CMS_scale_j_2017=0.0217576	CMS_scale_j_2018=-0.00789007	CMS_scale_j_2022=-0.00353034	CMS_scale_j_2022EE=-0.00235641	CMS_scale_j_2023=-0.00783132	CMS_scale_j_2023BPix=-0.0533688	CMS_scale_m_2016postVFP=0.000616286	CMS_scale_m_2016preVFP=0.0115942	CMS_scale_m_2017=-0.0126387	CMS_scale_m_2018=-0.00322682	CMS_scale_m_2022=-0.0112814	CMS_scale_m_2022EE=-0.0150542	CMS_scale_m_2023=-0.0201554	CMS_scale_m_2023BPix=-0.0201386	QCDscale_fac_ttbar=-0.0213377	QCDscale_ren_ttbar=0.0496111	pdf_alphas=-0.0575941	r=99.225
RooFit::Detail::RooFixedProdPdf::model_s[ ]
     getLogVal() top-level p.d.f not greater than zero @ !servers=(modelObs_s = 0)

RooAbsMinimizerFcn: Minimized function has error status.
Returning maximum FCN so far (667.512) to force MIGRAD to back out of this region. Error log follows.
Parameter values: 	CMS_NPS26009_LightJetStat_DY_BJetOS_2016postVFP=2.3255	CMS_NPS26009_LightJetStat_DY_BJetOS_2016preVFP=64.8429	CMS_NPS26009_LightJetStat_DY_BJetOS_2017=10.1055	CMS_NPS26009_LightJetStat_DY_BJetOS_2018=3.36975	CMS_NPS26009_LightJetStat_DY_BJetOS_2022=1.72909	CMS_NPS26009_LightJetStat_DY_BJetOS_2022EE=0.771044	CMS_NPS26009_MCstat_other_BJetOS_2016postVFP=-0.341983	CMS_NPS26009_MCstat_other_BJetOS_2016preVFP=-0.630026	CMS_NPS26009_MCstat_other_BJetOS_2017=-7.14218	CMS_NPS26009_MCstat_other_BJetOS_2018=-0.32374	CMS_NPS26009_MCstat_other_BJetOS_2022=0.693472	CMS_NPS26009_MCstat_other_BJetOS_2022EE=-0.0866337	CMS_NPS26009_MCstat_other_BJetOS_2023=-0.079829	CMS_NPS26009_MCstat_other_BJetOS_2023BPix=-1.4571	CMS_NPS26009_MCstat_signal_BJetOS_2016postVFP=-0.425818	CMS_NPS26009_MCstat_signal_BJetOS_2016preVFP=0.613135	CMS_NPS26009_MCstat_signal_BJetOS_2017=-0.368712	CMS_NPS26009_MCstat_signal_BJetOS_2018=-0.336542	CMS_NPS26009_MCstat_signal_BJetOS_2022=0.125284	CMS_NPS26009_MCstat_signal_BJetOS_2022EE=0.154427	CMS_NPS26009_MCstat_signal_BJetOS_2023=-0.052219	CMS_NPS26009_MCstat_signal_BJetOS_2023BPix=-0.0282873	CMS_NPS26009_MCstat_singleTop_BJetOS_2016postVFP=-0.269624	CMS_NPS26009_MCstat_singleTop_BJetOS_2016preVFP=1.22731	CMS_NPS26009_MCstat_singleTop_BJetOS_2017=0.00389266	CMS_NPS26009_MCstat_singleTop_BJetOS_2018=-0.332913	CMS_NPS26009_MCstat_singleTop_BJetOS_2022=4.52358	CMS_NPS26009_MCstat_singleTop_BJetOS_2022EE=-2.79025	CMS_NPS26009_MCstat_singleTop_BJetOS_2023=-0.254043	CMS_NPS26009_MCstat_singleTop_BJetOS_2023BPix=-0.283193	CMS_NPS26009_MCstat_ttbar_BJetOS_2016postVFP=-1.14126	CMS_NPS26009_MCstat_ttbar_BJetOS_2016preVFP=3.24117	CMS_NPS26009_MCstat_ttbar_BJetOS_2017=-2.33724	CMS_NPS26009_MCstat_ttbar_BJetOS_2018=-0.740429	CMS_NPS26009_MCstat_ttbar_BJetOS_2022=0.0164563	CMS_NPS26009_MCstat_ttbar_BJetOS_2022EE=-1.38283	CMS_NPS26009_MCstat_ttbar_BJetOS_2023=-1.06589	CMS_NPS26009_MCstat_ttbar_BJetOS_2023BPix=-2.36026	CMS_NPS26009_NFStat_DY_BJetOS_2016postVFP=-0.272682	CMS_NPS26009_NFStat_DY_BJetOS_2016preVFP=0.506636	CMS_NPS26009_NFStat_DY_BJetOS_2017=-6.91275	CMS_NPS26009_NFStat_DY_BJetOS_2018=-0.905414	CMS_NPS26009_NFStat_DY_BJetOS_2022=1.71	CMS_NPS26009_NFStat_DY_BJetOS_2022EE=0.0633904	CMS_NPS26009_QCDscale_fac_singleTop=-0.0751962	CMS_NPS26009_QCDscale_ren_singleTop=-0.292297	CMS_NPS26009_bckgNorm_QCD_BJetOS_2016postVFP=-0.000701181	CMS_NPS26009_bckgNorm_QCD_BJetOS_2016preVFP=-0.000231896	CMS_NPS26009_bckgNorm_QCD_BJetOS_2017=-0.0202833	CMS_NPS26009_bckgNorm_QCD_BJetOS_2018=-0.0155484	CMS_NPS26009_bckgNorm_QCD_BJetOS_2022=-0.000119732	CMS_NPS26009_bckgNorm_QCD_BJetOS_2022EE=-8.52103e-05	CMS_NPS26009_bckgNorm_QCD_BJetOS_2023=-0.000674114	CMS_NPS26009_bckgNorm_QCD_BJetOS_2023BPix=-6.31473e-06	CMS_NPS26009_bckgShape_QCD_BJetOS_2016postVFP=-0.0214465	CMS_NPS26009_bckgShape_QCD_BJetOS_2016preVFP=0.216367	CMS_NPS26009_bckgShape_QCD_BJetOS_2017=1.16164	CMS_NPS26009_bckgShape_QCD_BJetOS_2018=-0.996934	CMS_NPS26009_bckgShape_QCD_BJetOS_2022=0.000543383	CMS_NPS26009_bckgShape_QCD_BJetOS_2022EE=-0.00270648	CMS_NPS26009_bckgShape_QCD_BJetOS_2023=-0.0386748	CMS_NPS26009_bckgShape_QCD_BJetOS_2023BPix=-0.000193881	CMS_NPS26009_btag_fixedWP_bc_correlated_13TeV=-3.38495	CMS_NPS26009_btag_fixedWP_bc_correlated_13p6TeV=4.92357	CMS_NPS26009_btag_fixedWP_light_correlated_13TeV=0.250676	CMS_NPS26009_btag_fixedWP_light_correlated_13p6TeV=0.0812309	CMS_NPS26009_lumi_2016=0.505879	CMS_NPS26009_lumi_2017=-0.155813	CMS_NPS26009_lumi_2018=-0.703246	CMS_NPS26009_lumi_2022=-0.0365466	CMS_NPS26009_lumi_2023=-0.38428	CMS_NPS26009_pdf_NNPDF31=0.640869	CMS_NPS26009_topmass_ttbar_BJetOS=-0.0306892	CMS_btag_fixedWP_bc_uncorrelated_2016postVFP=-1.32254	CMS_btag_fixedWP_bc_uncorrelated_2016preVFP=2.81569	CMS_btag_fixedWP_bc_uncorrelated_2017=-3.90102	CMS_btag_fixedWP_bc_uncorrelated_2018=-0.811673	CMS_btag_fixedWP_bc_uncorrelated_2022=0.297798	CMS_btag_fixedWP_bc_uncorrelated_2022EE=-0.0478613	CMS_btag_fixedWP_bc_uncorrelated_2023=-0.299943	CMS_btag_fixedWP_bc_uncorrelated_2023BPix=-0.429324	CMS_btag_fixedWP_light_uncorrelated_2016postVFP=-0.357581	CMS_btag_fixedWP_light_uncorrelated_2016preVFP=0.26207	CMS_btag_fixedWP_light_uncorrelated_2017=0.10234	CMS_btag_fixedWP_light_uncorrelated_2018=-0.141914	CMS_btag_fixedWP_light_uncorrelated_2022=0.00264142	CMS_btag_fixedWP_light_uncorrelated_2022EE=-0.0357746	CMS_btag_fixedWP_light_uncorrelated_2023=-0.0116891	CMS_btag_fixedWP_light_uncorrelated_2023BPix=-0.0440442	CMS_eff_m_id_2016postVFP=-0.0495896	CMS_eff_m_id_2016preVFP=0.13111	CMS_eff_m_id_2017=-0.00444967	CMS_eff_m_id_2018=-0.0485243	CMS_eff_m_id_2022=0.0386315	CMS_eff_m_id_2022EE=-0.00105588	CMS_eff_m_id_2023=-0.0418106	CMS_eff_m_id_2023BPix=-0.0731906	CMS_eff_m_trigger_2016postVFP=-0.265992	CMS_eff_m_trigger_2016preVFP=0.55802	CMS_eff_m_trigger_2017=-0.0213417	CMS_eff_m_trigger_2018=-0.165984	CMS_eff_m_trigger_2022=0.0698606	CMS_eff_m_trigger_2022EE=-0.0341105	CMS_eff_m_trigger_2023=-0.0831971	CMS_eff_m_trigger_2023BPix=-0.0989084	CMS_l1_prefiring_2016postVFP=0.561603	CMS_l1_prefiring_2016preVFP=-0.870636	CMS_l1_prefiring_2017=0.108955	CMS_l1_prefiring_2018=0.0771711	CMS_pileup_2016postVFP=0.199763	CMS_pileup_2016preVFP=-0.871961	CMS_pileup_2017=2.68304	CMS_pileup_2018=-0.272521	CMS_pileup_2022=-0.636546	CMS_pileup_2022EE=-0.45397	CMS_pileup_2023=-0.0947351	CMS_pileup_2023BPix=0.558622	CMS_res_j_2016postVFP=-0.0564299	CMS_res_j_2016preVFP=0.0051765	CMS_res_j_2017=0.0312184	CMS_res_j_2018=-0.0341026	CMS_res_j_2022=2.40959e-05	CMS_res_j_2022EE=-0.00168448	CMS_res_j_2023=1.52247e-05	CMS_res_j_2023BPix=0.000201269	CMS_scale_j_2016postVFP=-0.0562938	CMS_scale_j_2016preVFP=-3.44046e-05	CMS_scale_j_2017=-0.286818	CMS_scale_j_2018=-0.101756	CMS_scale_j_2022=0.0023109	CMS_scale_j_2022EE=-0.0151667	CMS_scale_j_2023=-0.0638211	CMS_scale_j_2023BPix=-0.652095	CMS_scale_m_2016postVFP=-0.052503	CMS_scale_m_2016preVFP=0.130969	CMS_scale_m_2017=-1.50134	CMS_scale_m_2018=-0.0433294	CMS_scale_m_2022=0.00867157	CMS_scale_m_2022EE=-0.0462741	CMS_scale_m_2023=-0.125956	CMS_scale_m_2023BPix=-0.188482	QCDscale_fac_ttbar=-0.107718	QCDscale_ren_ttbar=-0.460846	pdf_alphas=-3.1562	r=7.85118
RooFit::Detail::RooFixedProdPdf::model_s[ ]
     getLogVal() top-level p.d.f not greater than zero @ !servers=(modelObs_s = 0)


 --- MultiDimFit ---
best fit parameter values and profile-likelihood uncertainties: 
   r :    +2.409   -1.445/+0.135 (68%)
Doing initial fit: 

 --- MultiDimFit ---
best fit parameter values and profile-likelihood uncertainties: 
   r :    +1.736   -0.618/+0.600 (68%)
Doing initial fit: 

 --- MultiDimFit ---
best fit parameter values and profile-likelihood uncertainties: 
   r :    +2.144   -0.720/+0.690 (68%)
Doing initial fit: 

 --- MultiDimFit ---
best fit parameter values and profile-likelihood uncertainties: 
   r :    +2.499   -0.794/+0.919 (68%)
Doing initial fit: 

 --- MultiDimFit ---
best fit parameter values and profile-likelihood uncertainties: 
   r :    +1.754   -0.666/+0.720 (68%)
Doing initial fit: 

 --- MultiDimFit ---
best fit parameter values and profile-likelihood uncertainties: 
   r :    +1.892   -0.766/+0.738 (68%)
Doing initial fit: 
RooAbsMinimizerFcn: Minimized function has error status.
Returning maximum FCN so far (0.109029) to force MIGRAD to back out of this region. Error log follows.
Parameter values: 	CMS_NPS26009_LightJetStat_DY_BJetOS_2016postVFP=-2.26041	CMS_NPS26009_LightJetStat_DY_BJetOS_2016preVFP=6.28844	CMS_NPS26009_LightJetStat_DY_BJetOS_2017=6.89359	CMS_NPS26009_LightJetStat_DY_BJetOS_2018=6.2441	CMS_NPS26009_LightJetStat_DY_BJetOS_2022=0.0255942	CMS_NPS26009_LightJetStat_DY_BJetOS_2022EE=3.34869	CMS_NPS26009_MCstat_other_BJetOS_2016postVFP=-0.185621	CMS_NPS26009_MCstat_other_BJetOS_2016preVFP=6.30224	CMS_NPS26009_MCstat_other_BJetOS_2017=0.277367	CMS_NPS26009_MCstat_other_BJetOS_2018=-1.74164	CMS_NPS26009_MCstat_other_BJetOS_2022=-0.0251834	CMS_NPS26009_MCstat_other_BJetOS_2022EE=1.90619	CMS_NPS26009_MCstat_other_BJetOS_2023=0.392409	CMS_NPS26009_MCstat_other_BJetOS_2023BPix=2.43428	CMS_NPS26009_MCstat_signal_BJetOS_2016postVFP=0.324125	CMS_NPS26009_MCstat_signal_BJetOS_2016preVFP=0.570035	CMS_NPS26009_MCstat_signal_BJetOS_2017=0.313452	CMS_NPS26009_MCstat_signal_BJetOS_2018=0.581239	CMS_NPS26009_MCstat_signal_BJetOS_2022=-0.00965593	CMS_NPS26009_MCstat_signal_BJetOS_2022EE=0.967375	CMS_NPS26009_MCstat_signal_BJetOS_2023=0.656582	CMS_NPS26009_MCstat_signal_BJetOS_2023BPix=0.327005	CMS_NPS26009_MCstat_singleTop_BJetOS_2016postVFP=-0.0230786	CMS_NPS26009_MCstat_singleTop_BJetOS_2016preVFP=2.17908	CMS_NPS26009_MCstat_singleTop_BJetOS_2017=0.526428	CMS_NPS26009_MCstat_singleTop_BJetOS_2018=-1.9718	CMS_NPS26009_MCstat_singleTop_BJetOS_2022=-0.110038	CMS_NPS26009_MCstat_singleTop_BJetOS_2022EE=8.78577	CMS_NPS26009_MCstat_singleTop_BJetOS_2023=0.492857	CMS_NPS26009_MCstat_singleTop_BJetOS_2023BPix=0.47587	CMS_NPS26009_MCstat_ttbar_BJetOS_2016postVFP=-0.803928	CMS_NPS26009_MCstat_ttbar_BJetOS_2016preVFP=5.5136	CMS_NPS26009_MCstat_ttbar_BJetOS_2017=1.51506	CMS_NPS26009_MCstat_ttbar_BJetOS_2018=-9.09443	CMS_NPS26009_MCstat_ttbar_BJetOS_2022=0.052804	CMS_NPS26009_MCstat_ttbar_BJetOS_2022EE=8.13627	CMS_NPS26009_MCstat_ttbar_BJetOS_2023=4.50485	CMS_NPS26009_MCstat_ttbar_BJetOS_2023BPix=3.77663	CMS_NPS26009_NFStat_DY_BJetOS_2016postVFP=0.0104345	CMS_NPS26009_NFStat_DY_BJetOS_2016preVFP=2.52161	CMS_NPS26009_NFStat_DY_BJetOS_2017=1.99118	CMS_NPS26009_NFStat_DY_BJetOS_2018=-17.6556	CMS_NPS26009_NFStat_DY_BJetOS_2022=0.0175228	CMS_NPS26009_NFStat_DY_BJetOS_2022EE=0.227806	CMS_NPS26009_QCDscale_fac_singleTop=-0.318977	CMS_NPS26009_QCDscale_ren_singleTop=-1.00616	CMS_NPS26009_bckgNorm_QCD_BJetOS_2016postVFP=-0.00344608	CMS_NPS26009_bckgNorm_QCD_BJetOS_2016preVFP=4.0289e-05	CMS_NPS26009_bckgNorm_QCD_BJetOS_2017=0.00011454	CMS_NPS26009_bckgNorm_QCD_BJetOS_2018=-0.0186797	CMS_NPS26009_bckgNorm_QCD_BJetOS_2022=4.30268e-06	CMS_NPS26009_bckgNorm_QCD_BJetOS_2022EE=1.74334e-05	CMS_NPS26009_bckgNorm_QCD_BJetOS_2023=-0.000116392	CMS_NPS26009_bckgNorm_QCD_BJetOS_2023BPix=7.78791e-07	CMS_NPS26009_bckgShape_QCD_BJetOS_2016postVFP=-0.0722047	CMS_NPS26009_bckgShape_QCD_BJetOS_2016preVFP=0.079289	CMS_NPS26009_bckgShape_QCD_BJetOS_2017=0.399533	CMS_NPS26009_bckgShape_QCD_BJetOS_2018=-0.807317	CMS_NPS26009_bckgShape_QCD_BJetOS_2022=0.000339514	CMS_NPS26009_bckgShape_QCD_BJetOS_2022EE=0.0479503	CMS_NPS26009_bckgShape_QCD_BJetOS_2023=0.158316	CMS_NPS26009_bckgShape_QCD_BJetOS_2023BPix=0.00058324	CMS_NPS26009_btag_fixedWP_bc_correlated_13TeV=2.07265	CMS_NPS26009_btag_fixedWP_bc_correlated_13p6TeV=14.3853	CMS_NPS26009_btag_fixedWP_light_correlated_13TeV=-1.09697	CMS_NPS26009_btag_fixedWP_light_correlated_13p6TeV=1.35758	CMS_NPS26009_lumi_2016=1.23406	CMS_NPS26009_lumi_2017=1.06609	CMS_NPS26009_lumi_2018=-4.01876	CMS_NPS26009_lumi_2022=1.84344	CMS_NPS26009_lumi_2023=1.18448	CMS_NPS26009_pdf_NNPDF31=3.16681	CMS_NPS26009_topmass_ttbar_BJetOS=0.517204	CMS_btag_fixedWP_bc_uncorrelated_2016postVFP=0.364707	CMS_btag_fixedWP_bc_uncorrelated_2016preVFP=2.93049	CMS_btag_fixedWP_bc_uncorrelated_2017=1.70841	CMS_btag_fixedWP_bc_uncorrelated_2018=-4.2921	CMS_btag_fixedWP_bc_uncorrelated_2022=0.0273158	CMS_btag_fixedWP_bc_uncorrelated_2022EE=2.96322	CMS_btag_fixedWP_bc_uncorrelated_2023=2.06464	CMS_btag_fixedWP_bc_uncorrelated_2023BPix=1.35898	CMS_btag_fixedWP_light_uncorrelated_2016postVFP=-0.109409	CMS_btag_fixedWP_light_uncorrelated_2016preVFP=0.312346	CMS_btag_fixedWP_light_uncorrelated_2017=0.149333	CMS_btag_fixedWP_light_uncorrelated_2018=-1.11706	CMS_btag_fixedWP_light_uncorrelated_2022=-9.41419e-05	CMS_btag_fixedWP_light_uncorrelated_2022EE=0.367947	CMS_btag_fixedWP_light_uncorrelated_2023=0.0617744	CMS_btag_fixedWP_light_uncorrelated_2023BPix=0.10351	CMS_eff_m_id_2016postVFP=0.0121229	CMS_eff_m_id_2016preVFP=0.137642	CMS_eff_m_id_2017=0.0428464	CMS_eff_m_id_2018=-0.146707	CMS_eff_m_id_2022=0.0038245	CMS_eff_m_id_2022EE=0.356589	CMS_eff_m_id_2023=0.31943	CMS_eff_m_id_2023BPix=0.243967	CMS_eff_m_trigger_2016postVFP=0.0629196	CMS_eff_m_trigger_2016preVFP=0.592128	CMS_eff_m_trigger_2017=0.19179	CMS_eff_m_trigger_2018=-0.541026	CMS_eff_m_trigger_2022=0.00480474	CMS_eff_m_trigger_2022EE=0.849833	CMS_eff_m_trigger_2023=0.535023	CMS_eff_m_trigger_2023BPix=0.32357	CMS_l1_prefiring_2016postVFP=-0.175157	CMS_l1_prefiring_2016preVFP=-0.929169	CMS_l1_prefiring_2017=-0.456482	CMS_l1_prefiring_2018=0.286355	CMS_pileup_2016postVFP=-0.108433	CMS_pileup_2016preVFP=-1.1205	CMS_pileup_2017=0.165871	CMS_pileup_2018=-3.70638	CMS_pileup_2022=0.0591954	CMS_pileup_2022EE=3.86314	CMS_pileup_2023=0.637473	CMS_pileup_2023BPix=-1.33183	CMS_res_j_2016postVFP=-0.017998	CMS_res_j_2016preVFP=0.0046655	CMS_res_j_2017=0.017197	CMS_res_j_2018=-0.446908	CMS_res_j_2022=-0.00208661	CMS_res_j_2022EE=-0.0113201	CMS_res_j_2023=-0.00261097	CMS_res_j_2023BPix=0.00733122	CMS_scale_j_2016postVFP=-0.0178549	CMS_scale_j_2016preVFP=-0.00215906	CMS_scale_j_2017=0.173201	CMS_scale_j_2018=-0.41746	CMS_scale_j_2022=-0.000822991	CMS_scale_j_2022EE=0.0892948	CMS_scale_j_2023=0.242217	CMS_scale_j_2023BPix=0.97902	CMS_scale_m_2016postVFP=-0.0225966	CMS_scale_m_2016preVFP=0.450833	CMS_scale_m_2017=-0.116801	CMS_scale_m_2018=-0.188349	CMS_scale_m_2022=0.00204831	CMS_scale_m_2022EE=0.626222	CMS_scale_m_2023=0.591378	CMS_scale_m_2023BPix=0.434786	QCDscale_fac_ttbar=9.74193	QCDscale_ren_ttbar=15.3832	pdf_alphas=-1.71044	r=1.04889
RooFit::Detail::RooFixedProdPdf::model_s[ ]
     getLogVal() top-level p.d.f not greater than zero @ !servers=(modelObs_s = 0)

RooAbsMinimizerFcn: Minimized function has error status.
Returning maximum FCN so far (219.636) to force MIGRAD to back out of this region. Error log follows.
Parameter values: 	CMS_NPS26009_LightJetStat_DY_BJetOS_2016postVFP=-1.11832	CMS_NPS26009_LightJetStat_DY_BJetOS_2016preVFP=4.44811	CMS_NPS26009_LightJetStat_DY_BJetOS_2017=4.11316	CMS_NPS26009_LightJetStat_DY_BJetOS_2018=5.8124	CMS_NPS26009_LightJetStat_DY_BJetOS_2022=0.00920799	CMS_NPS26009_LightJetStat_DY_BJetOS_2022EE=3.07372	CMS_NPS26009_MCstat_other_BJetOS_2016postVFP=-0.139326	CMS_NPS26009_MCstat_other_BJetOS_2016preVFP=5.6082	CMS_NPS26009_MCstat_other_BJetOS_2017=0.230895	CMS_NPS26009_MCstat_other_BJetOS_2018=-1.52498	CMS_NPS26009_MCstat_other_BJetOS_2022=-0.0386532	CMS_NPS26009_MCstat_other_BJetOS_2022EE=1.75059	CMS_NPS26009_MCstat_other_BJetOS_2023=0.366028	CMS_NPS26009_MCstat_other_BJetOS_2023BPix=2.26953	CMS_NPS26009_MCstat_signal_BJetOS_2016postVFP=0.305266	CMS_NPS26009_MCstat_signal_BJetOS_2016preVFP=0.514153	CMS_NPS26009_MCstat_signal_BJetOS_2017=0.268198	CMS_NPS26009_MCstat_signal_BJetOS_2018=0.591292	CMS_NPS26009_MCstat_signal_BJetOS_2022=-0.01363	CMS_NPS26009_MCstat_signal_BJetOS_2022EE=0.894132	CMS_NPS26009_MCstat_signal_BJetOS_2023=0.610849	CMS_NPS26009_MCstat_signal_BJetOS_2023BPix=0.303355	CMS_NPS26009_MCstat_singleTop_BJetOS_2016postVFP=-0.0136698	CMS_NPS26009_MCstat_singleTop_BJetOS_2016preVFP=1.96342	CMS_NPS26009_MCstat_singleTop_BJetOS_2017=0.44061	CMS_NPS26009_MCstat_singleTop_BJetOS_2018=-1.73955	CMS_NPS26009_MCstat_singleTop_BJetOS_2022=-0.170527	CMS_NPS26009_MCstat_singleTop_BJetOS_2022EE=7.77295	CMS_NPS26009_MCstat_singleTop_BJetOS_2023=0.459666	CMS_NPS26009_MCstat_singleTop_BJetOS_2023BPix=0.441963	CMS_NPS26009_MCstat_ttbar_BJetOS_2016postVFP=-0.661546	CMS_NPS26009_MCstat_ttbar_BJetOS_2016preVFP=4.96739	CMS_NPS26009_MCstat_ttbar_BJetOS_2017=1.24895	CMS_NPS26009_MCstat_ttbar_BJetOS_2018=-8.18143	CMS_NPS26009_MCstat_ttbar_BJetOS_2022=-0.0269622	CMS_NPS26009_MCstat_ttbar_BJetOS_2022EE=7.42645	CMS_NPS26009_MCstat_ttbar_BJetOS_2023=4.21112	CMS_NPS26009_MCstat_ttbar_BJetOS_2023BPix=3.52871	CMS_NPS26009_NFStat_DY_BJetOS_2016postVFP=0.0165047	CMS_NPS26009_NFStat_DY_BJetOS_2016preVFP=2.21656	CMS_NPS26009_NFStat_DY_BJetOS_2017=1.64374	CMS_NPS26009_NFStat_DY_BJetOS_2018=-15.779	CMS_NPS26009_NFStat_DY_BJetOS_2022=0.00171499	CMS_NPS26009_NFStat_DY_BJetOS_2022EE=0.216659	CMS_NPS26009_QCDscale_fac_singleTop=-0.316901	CMS_NPS26009_QCDscale_ren_singleTop=-0.956413	CMS_NPS26009_bckgNorm_QCD_BJetOS_2016postVFP=-0.00321019	CMS_NPS26009_bckgNorm_QCD_BJetOS_2016preVFP=-2.87645e-05	CMS_NPS26009_bckgNorm_QCD_BJetOS_2017=0.000103667	CMS_NPS26009_bckgNorm_QCD_BJetOS_2018=-0.0224405	CMS_NPS26009_bckgNorm_QCD_BJetOS_2022=2.57846e-06	CMS_NPS26009_bckgNorm_QCD_BJetOS_2022EE=5.16485e-05	CMS_NPS26009_bckgNorm_QCD_BJetOS_2023=-0.000120236	CMS_NPS26009_bckgNorm_QCD_BJetOS_2023BPix=3.62047e-07	CMS_NPS26009_bckgShape_QCD_BJetOS_2016postVFP=0.116393	CMS_NPS26009_bckgShape_QCD_BJetOS_2016preVFP=-0.285153	CMS_NPS26009_bckgShape_QCD_BJetOS_2017=-1.34339	CMS_NPS26009_bckgShape_QCD_BJetOS_2018=0.400227	CMS_NPS26009_bckgShape_QCD_BJetOS_2022=-0.000411331	CMS_NPS26009_bckgShape_QCD_BJetOS_2022EE=-0.0255514	CMS_NPS26009_bckgShape_QCD_BJetOS_2023=-0.094022	CMS_NPS26009_bckgShape_QCD_BJetOS_2023BPix=-0.000280449	CMS_NPS26009_btag_fixedWP_bc_correlated_13TeV=1.91779	CMS_NPS26009_btag_fixedWP_bc_correlated_13p6TeV=13.364	CMS_NPS26009_btag_fixedWP_light_correlated_13TeV=-0.98587	CMS_NPS26009_btag_fixedWP_light_correlated_13p6TeV=1.24656	CMS_NPS26009_lumi_2016=1.12894	CMS_NPS26009_lumi_2017=0.893443	CMS_NPS26009_lumi_2018=-3.51113	CMS_NPS26009_lumi_2022=1.68736	CMS_NPS26009_lumi_2023=1.10281	CMS_NPS26009_pdf_NNPDF31=2.9195	CMS_NPS26009_topmass_ttbar_BJetOS=0.500413	CMS_btag_fixedWP_bc_uncorrelated_2016postVFP=0.376735	CMS_btag_fixedWP_bc_uncorrelated_2016preVFP=2.63979	CMS_btag_fixedWP_bc_uncorrelated_2017=1.43243	CMS_btag_fixedWP_bc_uncorrelated_2018=-3.74806	CMS_btag_fixedWP_bc_uncorrelated_2022=-0.00121238	CMS_btag_fixedWP_bc_uncorrelated_2022EE=2.72437	CMS_btag_fixedWP_bc_uncorrelated_2023=1.92528	CMS_btag_fixedWP_bc_uncorrelated_2023BPix=1.26404	CMS_btag_fixedWP_light_uncorrelated_2016postVFP=-0.0870404	CMS_btag_fixedWP_light_uncorrelated_2016preVFP=0.281188	CMS_btag_fixedWP_light_uncorrelated_2017=0.123585	CMS_btag_fixedWP_light_uncorrelated_2018=-1.00267	CMS_btag_fixedWP_light_uncorrelated_2022=-0.00355952	CMS_btag_fixedWP_light_uncorrelated_2022EE=0.336674	CMS_btag_fixedWP_light_uncorrelated_2023=0.0576294	CMS_btag_fixedWP_light_uncorrelated_2023BPix=0.096361	CMS_eff_m_id_2016postVFP=0.0124655	CMS_eff_m_id_2016preVFP=0.123993	CMS_eff_m_id_2017=0.0359531	CMS_eff_m_id_2018=-0.126838	CMS_eff_m_id_2022=-0.00226033	CMS_eff_m_id_2022EE=0.327932	CMS_eff_m_id_2023=0.297717	CMS_eff_m_id_2023BPix=0.226816	CMS_eff_m_trigger_2016postVFP=0.0649928	CMS_eff_m_trigger_2016preVFP=0.53345	CMS_eff_m_trigger_2017=0.160948	CMS_eff_m_trigger_2018=-0.469655	CMS_eff_m_trigger_2022=-0.00375883	CMS_eff_m_trigger_2022EE=0.780122	CMS_eff_m_trigger_2023=0.498847	CMS_eff_m_trigger_2023BPix=0.300848	CMS_l1_prefiring_2016postVFP=-0.175845	CMS_l1_prefiring_2016preVFP=-0.837119	CMS_l1_prefiring_2017=-0.383522	CMS_l1_prefiring_2018=0.250399	CMS_pileup_2016postVFP=-0.104434	CMS_pileup_2016preVFP=-1.00895	CMS_pileup_2017=0.135408	CMS_pileup_2018=-3.34432	CMS_pileup_2022=0.0643456	CMS_pileup_2022EE=3.63099	CMS_pileup_2023=0.59502	CMS_pileup_2023BPix=-1.23503	CMS_res_j_2016postVFP=-0.0140115	CMS_res_j_2016preVFP=0.00420527	CMS_res_j_2017=0.0139851	CMS_res_j_2018=-0.404938	CMS_res_j_2022=-0.00193808	CMS_res_j_2022EE=-0.0104541	CMS_res_j_2023=-0.00242409	CMS_res_j_2023BPix=0.00680835	CMS_scale_j_2016postVFP=-0.0139242	CMS_scale_j_2016preVFP=-0.00193312	CMS_scale_j_2017=0.143128	CMS_scale_j_2018=-0.369001	CMS_scale_j_2022=-0.00256065	CMS_scale_j_2022EE=0.0814078	CMS_scale_j_2023=0.225978	CMS_scale_j_2023BPix=0.919306	CMS_scale_m_2016postVFP=-0.017312	CMS_scale_m_2016preVFP=0.404944	CMS_scale_m_2017=-0.0975655	CMS_scale_m_2018=-0.166191	CMS_scale_m_2022=-0.00390394	CMS_scale_m_2022EE=0.578512	CMS_scale_m_2023=0.551889	CMS_scale_m_2023BPix=0.404789	QCDscale_fac_ttbar=9.35156	QCDscale_ren_ttbar=14.299	pdf_alphas=-1.59599	r=1.04889
RooFit::Detail::RooFixedProdPdf::model_s[ ]
     getLogVal() top-level p.d.f not greater than zero @ !servers=(modelObs_s = 0)


 --- MultiDimFit ---
best fit parameter values and profile-likelihood uncertainties: 
   r :    +1.636   -1.292/+0.281 (68%)
Doing initial fit: 

 --- MultiDimFit ---
best fit parameter values and profile-likelihood uncertainties: 
   r :    +2.305   -0.623/+0.626 (68%)
Doing initial fit: 

 --- MultiDimFit ---
best fit parameter values and profile-likelihood uncertainties: 
   r :    +1.734   -0.686/+0.802 (68%)
Doing initial fit: 

 --- MultiDimFit ---
best fit parameter values and profile-likelihood uncertainties: 
   r :    +0.994   -0.542/+0.554 (68%)
Doing initial fit: 

 --- MultiDimFit ---
best fit parameter values and profile-likelihood uncertainties: 
   r :    +1.953   -0.645/+0.609 (68%)
Doing initial fit: 

 --- MultiDimFit ---
best fit parameter values and profile-likelihood uncertainties: 
   r :    +2.560   -1.372/+0.305 (68%)
Doing initial fit: 

 --- MultiDimFit ---
best fit parameter values and profile-likelihood uncertainties: 
   r :    +1.482   -1.042/+0.600 (68%)
Doing initial fit: 

 --- MultiDimFit ---
best fit parameter values and profile-likelihood uncertainties: 
   r :    +2.276   -0.650/+0.789 (68%)
Doing initial fit: 

 --- MultiDimFit ---
best fit parameter values and profile-likelihood uncertainties: 
   r :    +1.380   -0.669/+0.675 (68%)
Doing initial fit: 

 --- MultiDimFit ---
best fit parameter values and profile-likelihood uncertainties: 
   r :    +1.356   -1.336/+0.421 (68%)
Doing initial fit: 

 --- MultiDimFit ---
best fit parameter values and profile-likelihood uncertainties: 
   r :    +1.462   -1.288/+0.367 (68%)
Doing initial fit: 

 --- MultiDimFit ---
best fit parameter values and profile-likelihood uncertainties: 
   r :    +0.938   -0.621/+0.648 (68%)
Doing initial fit: 

 --- MultiDimFit ---
best fit parameter values and profile-likelihood uncertainties: 
   r :    +0.178   -0.495/+0.580 (68%)
Doing initial fit: 

 --- MultiDimFit ---
best fit parameter values and profile-likelihood uncertainties: 
   r :    +2.344   -0.664/+0.937 (68%)
Doing initial fit: 

 --- MultiDimFit ---
best fit parameter values and profile-likelihood uncertainties: 
   r :    +2.724   -0.810/+0.730 (68%)
Doing initial fit: 

 --- MultiDimFit ---
best fit parameter values and profile-likelihood uncertainties: 
   r :    +3.619   -0.632/+0.644 (68%)
Doing initial fit: 

 --- MultiDimFit ---
best fit parameter values and profile-likelihood uncertainties: 
   r :    +0.723   -0.618/+0.767 (68%)
Doing initial fit: 

 --- MultiDimFit ---
best fit parameter values and profile-likelihood uncertainties: 
   r :    +1.101   -0.568/+0.580 (68%)
Doing initial fit: 
RooAbsMinimizerFcn: Minimized function has error status.
Returning maximum FCN so far (0.113843) to force MIGRAD to back out of this region. Error log follows.
Parameter values: 	CMS_NPS26009_LightJetStat_DY_BJetOS_2016postVFP=9.12828	CMS_NPS26009_LightJetStat_DY_BJetOS_2016preVFP=2.96275	CMS_NPS26009_LightJetStat_DY_BJetOS_2017=10.237	CMS_NPS26009_LightJetStat_DY_BJetOS_2018=4.14395	CMS_NPS26009_LightJetStat_DY_BJetOS_2022=0.019378	CMS_NPS26009_LightJetStat_DY_BJetOS_2022EE=0.606122	CMS_NPS26009_MCstat_other_BJetOS_2016postVFP=0.421608	CMS_NPS26009_MCstat_other_BJetOS_2016preVFP=1.24019	CMS_NPS26009_MCstat_other_BJetOS_2017=0.145373	CMS_NPS26009_MCstat_other_BJetOS_2018=-0.535672	CMS_NPS26009_MCstat_other_BJetOS_2022=0.0234776	CMS_NPS26009_MCstat_other_BJetOS_2022EE=0.33096	CMS_NPS26009_MCstat_other_BJetOS_2023=0.0199752	CMS_NPS26009_MCstat_other_BJetOS_2023BPix=0.474492	CMS_NPS26009_MCstat_signal_BJetOS_2016postVFP=0.0498828	CMS_NPS26009_MCstat_signal_BJetOS_2016preVFP=0.0855523	CMS_NPS26009_MCstat_signal_BJetOS_2017=0.0852871	CMS_NPS26009_MCstat_signal_BJetOS_2018=-0.607214	CMS_NPS26009_MCstat_signal_BJetOS_2022=0.00351382	CMS_NPS26009_MCstat_signal_BJetOS_2022EE=0.104205	CMS_NPS26009_MCstat_signal_BJetOS_2023=0.0132561	CMS_NPS26009_MCstat_signal_BJetOS_2023BPix=0.0209514	CMS_NPS26009_MCstat_singleTop_BJetOS_2016postVFP=0.146661	CMS_NPS26009_MCstat_singleTop_BJetOS_2016preVFP=1.00208	CMS_NPS26009_MCstat_singleTop_BJetOS_2017=0.184949	CMS_NPS26009_MCstat_singleTop_BJetOS_2018=-0.489485	CMS_NPS26009_MCstat_singleTop_BJetOS_2022=0.0631267	CMS_NPS26009_MCstat_singleTop_BJetOS_2022EE=1.17999	CMS_NPS26009_MCstat_singleTop_BJetOS_2023=0.0334563	CMS_NPS26009_MCstat_singleTop_BJetOS_2023BPix=0.101057	CMS_NPS26009_MCstat_ttbar_BJetOS_2016postVFP=0.788476	CMS_NPS26009_MCstat_ttbar_BJetOS_2016preVFP=2.6193	CMS_NPS26009_MCstat_ttbar_BJetOS_2017=0.545487	CMS_NPS26009_MCstat_ttbar_BJetOS_2018=-2.23103	CMS_NPS26009_MCstat_ttbar_BJetOS_2022=0.122053	CMS_NPS26009_MCstat_ttbar_BJetOS_2022EE=1.61292	CMS_NPS26009_MCstat_ttbar_BJetOS_2023=0.801115	CMS_NPS26009_MCstat_ttbar_BJetOS_2023BPix=0.748253	CMS_NPS26009_NFStat_DY_BJetOS_2016postVFP=0.81901	CMS_NPS26009_NFStat_DY_BJetOS_2016preVFP=0.684001	CMS_NPS26009_NFStat_DY_BJetOS_2017=0.524059	CMS_NPS26009_NFStat_DY_BJetOS_2018=-6.4805	CMS_NPS26009_NFStat_DY_BJetOS_2022=0.0191434	CMS_NPS26009_NFStat_DY_BJetOS_2022EE=0.0415954	CMS_NPS26009_QCDscale_fac_singleTop=-0.0653224	CMS_NPS26009_QCDscale_ren_singleTop=-0.267453	CMS_NPS26009_bckgNorm_QCD_BJetOS_2016postVFP=0.000837574	CMS_NPS26009_bckgNorm_QCD_BJetOS_2016preVFP=2.02352e-05	CMS_NPS26009_bckgNorm_QCD_BJetOS_2017=0.00185254	CMS_NPS26009_bckgNorm_QCD_BJetOS_2018=-0.00280258	CMS_NPS26009_bckgNorm_QCD_BJetOS_2022=-1.83852e-06	CMS_NPS26009_bckgNorm_QCD_BJetOS_2022EE=3.03918e-06	CMS_NPS26009_bckgNorm_QCD_BJetOS_2023=-1.82631e-05	CMS_NPS26009_bckgNorm_QCD_BJetOS_2023BPix=-6.80978e-08	CMS_NPS26009_bckgShape_QCD_BJetOS_2016postVFP=0.946325	CMS_NPS26009_bckgShape_QCD_BJetOS_2016preVFP=0.272995	CMS_NPS26009_bckgShape_QCD_BJetOS_2017=1.17507	CMS_NPS26009_bckgShape_QCD_BJetOS_2018=1.29835	CMS_NPS26009_bckgShape_QCD_BJetOS_2022=0.000843916	CMS_NPS26009_bckgShape_QCD_BJetOS_2022EE=0.0088867	CMS_NPS26009_bckgShape_QCD_BJetOS_2023=0.0215547	CMS_NPS26009_bckgShape_QCD_BJetOS_2023BPix=0.000125507	CMS_NPS26009_btag_fixedWP_bc_correlated_13TeV=-0.422308	CMS_NPS26009_btag_fixedWP_bc_correlated_13p6TeV=2.34288	CMS_NPS26009_btag_fixedWP_light_correlated_13TeV=-0.0141221	CMS_NPS26009_btag_fixedWP_light_correlated_13p6TeV=0.197178	CMS_NPS26009_lumi_2016=0.537856	CMS_NPS26009_lumi_2017=0.371437	CMS_NPS26009_lumi_2018=-2.09773	CMS_NPS26009_lumi_2022=0.333249	CMS_NPS26009_lumi_2023=0.153643	CMS_NPS26009_pdf_NNPDF31=1.23889	CMS_NPS26009_topmass_ttbar_BJetOS=0.710852	CMS_btag_fixedWP_bc_uncorrelated_2016postVFP=0.381388	CMS_btag_fixedWP_bc_uncorrelated_2016preVFP=1.0121	CMS_btag_fixedWP_bc_uncorrelated_2017=0.524129	CMS_btag_fixedWP_bc_uncorrelated_2018=-2.21731	CMS_btag_fixedWP_bc_uncorrelated_2022=0.0344921	CMS_btag_fixedWP_bc_uncorrelated_2022EE=0.50516	CMS_btag_fixedWP_bc_uncorrelated_2023=0.177944	CMS_btag_fixedWP_bc_uncorrelated_2023BPix=0.197697	CMS_btag_fixedWP_light_uncorrelated_2016postVFP=0.147798	CMS_btag_fixedWP_light_uncorrelated_2016preVFP=0.141792	CMS_btag_fixedWP_light_uncorrelated_2017=0.0588	CMS_btag_fixedWP_light_uncorrelated_2018=-0.291786	CMS_btag_fixedWP_light_uncorrelated_2022=0.00565212	CMS_btag_fixedWP_light_uncorrelated_2022EE=0.0723591	CMS_btag_fixedWP_light_uncorrelated_2023=0.00751298	CMS_btag_fixedWP_light_uncorrelated_2023BPix=0.0201906	CMS_eff_m_id_2016postVFP=0.012708	CMS_eff_m_id_2016preVFP=0.0461663	CMS_eff_m_id_2017=0.0147094	CMS_eff_m_id_2018=-0.0903561	CMS_eff_m_id_2022=0.00813692	CMS_eff_m_id_2022EE=0.0591796	CMS_eff_m_id_2023=0.0166365	CMS_eff_m_id_2023BPix=0.0353944	CMS_eff_m_trigger_2016postVFP=0.0689415	CMS_eff_m_trigger_2016preVFP=0.200193	CMS_eff_m_trigger_2017=0.0658653	CMS_eff_m_trigger_2018=-0.312477	CMS_eff_m_trigger_2022=0.0117147	CMS_eff_m_trigger_2022EE=0.151279	CMS_eff_m_trigger_2023=0.041467	CMS_eff_m_trigger_2023BPix=0.047611	CMS_l1_prefiring_2016postVFP=-0.134759	CMS_l1_prefiring_2016preVFP=-0.307434	CMS_l1_prefiring_2017=-0.153432	CMS_l1_prefiring_2018=0.145762	CMS_pileup_2016postVFP=-0.0283482	CMS_pileup_2016preVFP=-0.532297	CMS_pileup_2017=0.129943	CMS_pileup_2018=-0.980148	CMS_pileup_2022=-0.014159	CMS_pileup_2022EE=0.811951	CMS_pileup_2023=0.0855098	CMS_pileup_2023BPix=-0.278439	CMS_res_j_2016postVFP=0.0250712	CMS_res_j_2016preVFP=0.000775205	CMS_res_j_2017=0.00793254	CMS_res_j_2018=-0.073748	CMS_res_j_2022=1.93488e-05	CMS_res_j_2022EE=-0.00126939	CMS_res_j_2023=0.00104865	CMS_res_j_2023BPix=0.000525989	CMS_scale_j_2016postVFP=0.0245776	CMS_scale_j_2016preVFP=-0.00296682	CMS_scale_j_2017=0.0530163	CMS_scale_j_2018=-0.164983	CMS_scale_j_2022=0.0028633	CMS_scale_j_2022EE=0.0196259	CMS_scale_j_2023=0.0331251	CMS_scale_j_2023BPix=0.151383	CMS_scale_m_2016postVFP=0.0302282	CMS_scale_m_2016preVFP=0.204711	CMS_scale_m_2017=-0.0827936	CMS_scale_m_2018=-0.0552824	CMS_scale_m_2022=0.00876125	CMS_scale_m_2022EE=0.123567	CMS_scale_m_2023=0.0818781	CMS_scale_m_2023BPix=0.0860431	QCDscale_fac_ttbar=-1.40994	QCDscale_ren_ttbar=11.3103	pdf_alphas=0.490981	r=1.06194
RooFit::Detail::RooFixedProdPdf::model_s[ ]
     getLogVal() top-level p.d.f not greater than zero @ !servers=(modelObs_s = 0)


 --- MultiDimFit ---
best fit parameter values and profile-likelihood uncertainties: 
   r :    +1.616   -1.206/+0.373 (68%)
Doing initial fit: 

 --- MultiDimFit ---
best fit parameter values and profile-likelihood uncertainties: 
   r :    +0.592   -0.745/+0.708 (68%)
Doing initial fit: 

 --- MultiDimFit ---
best fit parameter values and profile-likelihood uncertainties: 
   r :    +1.261   -0.576/+0.672 (68%)
Doing initial fit: 

 --- MultiDimFit ---
best fit parameter values and profile-likelihood uncertainties: 
   r :    +1.131   -0.686/+0.581 (68%)
Doing initial fit: 

 --- MultiDimFit ---
best fit parameter values and profile-likelihood uncertainties: 
   r :    +1.873   -0.712/+0.705 (68%)
Doing initial fit: 

 --- MultiDimFit ---
best fit parameter values and profile-likelihood uncertainties: 
   r :    +1.213   -0.669/+0.629 (68%)
Doing initial fit: 

 --- MultiDimFit ---
best fit parameter values and profile-likelihood uncertainties: 
   r :    +0.853   -0.818/+0.395 (68%)
Doing initial fit: 

 --- MultiDimFit ---
best fit parameter values and profile-likelihood uncertainties: 
   r :    +2.060   -0.568/+0.560 (68%)
Doing initial fit: 

 --- MultiDimFit ---
best fit parameter values and profile-likelihood uncertainties: 
   r :    +2.205   -1.044/+0.274 (68%)
Doing initial fit: 

 --- MultiDimFit ---
best fit parameter values and profile-likelihood uncertainties: 
   r :    +0.867   -0.604/+0.784 (68%)
Doing initial fit: 

 --- MultiDimFit ---
best fit parameter values and profile-likelihood uncertainties: 
   r :    +1.272   -0.564/+0.617 (68%)
Doing initial fit: 

 --- MultiDimFit ---
best fit parameter values and profile-likelihood uncertainties: 
   r :    +0.996   -0.633/+0.601 (68%)
Doing initial fit: 

 --- MultiDimFit ---
best fit parameter values and profile-likelihood uncertainties: 
   r :    +1.675   -0.685/+0.764 (68%)
Doing initial fit: 

 --- MultiDimFit ---
best fit parameter values and profile-likelihood uncertainties: 
   r :    +1.655   -0.612/+0.701 (68%)
Doing initial fit: 

 --- MultiDimFit ---
best fit parameter values and profile-likelihood uncertainties: 
   r :    +1.172   -0.635/+0.601 (68%)
Doing initial fit: 

 --- MultiDimFit ---
best fit parameter values and profile-likelihood uncertainties: 
   r :    +1.953   -0.635/+0.613 (68%)
Doing initial fit: 

 --- MultiDimFit ---
best fit parameter values and profile-likelihood uncertainties: 
   r :    +2.643   -0.638/+0.623 (68%)
Doing initial fit: 

 --- MultiDimFit ---
best fit parameter values and profile-likelihood uncertainties: 
   r :    +1.403   -0.657/+0.623 (68%)
Doing initial fit: 

 --- MultiDimFit ---
best fit parameter values and profile-likelihood uncertainties: 
   r :    +2.046   -0.791/+0.722 (68%)
Doing initial fit: 

 --- MultiDimFit ---
best fit parameter values and profile-likelihood uncertainties: 
   r :    +1.679   -0.811/+1.058 (68%)
Doing initial fit: 

 --- MultiDimFit ---
best fit parameter values and profile-likelihood uncertainties: 
   r :    +1.009   -0.813/+0.454 (68%)
Doing initial fit: 

 --- MultiDimFit ---
best fit parameter values and profile-likelihood uncertainties: 
   r :    +1.439   -0.714/+0.759 (68%)
Doing initial fit: 

 --- MultiDimFit ---
best fit parameter values and profile-likelihood uncertainties: 
   r :    +1.781   -0.587/+0.578 (68%)
Doing initial fit: 

 --- MultiDimFit ---
best fit parameter values and profile-likelihood uncertainties: 
   r :    +1.941   -0.638/+0.807 (68%)
Doing initial fit: 

 --- MultiDimFit ---
best fit parameter values and profile-likelihood uncertainties: 
   r :    +1.827   -0.553/+0.721 (68%)
Doing initial fit: 

 --- MultiDimFit ---
best fit parameter values and profile-likelihood uncertainties: 
   r :    +0.536   -0.583/+0.610 (68%)
Doing initial fit: 

 --- MultiDimFit ---
best fit parameter values and profile-likelihood uncertainties: 
   r :    +1.812   -0.635/+0.562 (68%)
Doing initial fit: 

 --- MultiDimFit ---
best fit parameter values and profile-likelihood uncertainties: 
   r :    -0.034   -0.625/+0.697 (68%)
Doing initial fit: 

 --- MultiDimFit ---
best fit parameter values and profile-likelihood uncertainties: 
   r :    +2.056   -0.696/+0.613 (68%)
Doing initial fit: 

 --- MultiDimFit ---
best fit parameter values and profile-likelihood uncertainties: 
   r :    +0.907   -0.706/+0.664 (68%)
Doing initial fit: 

 --- MultiDimFit ---
best fit parameter values and profile-likelihood uncertainties: 
   r :    +1.769   -0.585/+0.782 (68%)
Doing initial fit: 

 --- MultiDimFit ---
best fit parameter values and profile-likelihood uncertainties: 
   r :    +1.297   -0.621/+0.733 (68%)
Doing initial fit: 

 --- MultiDimFit ---
best fit parameter values and profile-likelihood uncertainties: 
   r :    +0.174   -0.481/+0.476 (68%)
Doing initial fit: 

 --- MultiDimFit ---
best fit parameter values and profile-likelihood uncertainties: 
   r :    +1.374   -0.589/+0.558 (68%)
Doing initial fit: 

 --- MultiDimFit ---
best fit parameter values and profile-likelihood uncertainties: 
   r :    +1.729   -1.258/+0.521 (68%)
Doing initial fit: 

 --- MultiDimFit ---
best fit parameter values and profile-likelihood uncertainties: 
   r :    +1.452   -0.675/+0.640 (68%)
Doing initial fit: 

 --- MultiDimFit ---
best fit parameter values and profile-likelihood uncertainties: 
   r :    +1.449   -0.531/+0.540 (68%)
Doing initial fit: 

 --- MultiDimFit ---
best fit parameter values and profile-likelihood uncertainties: 
   r :    +1.621   -0.861/+0.381 (68%)
Doing initial fit: 

 --- MultiDimFit ---
best fit parameter values and profile-likelihood uncertainties: 
   r :    +0.892   -0.787/+0.731 (68%)
Doing initial fit: 

 --- MultiDimFit ---
best fit parameter values and profile-likelihood uncertainties: 
   r :    +2.767   -0.609/+0.621 (68%)
Doing initial fit: 

 --- MultiDimFit ---
best fit parameter values and profile-likelihood uncertainties: 
   r :    +1.199   -1.245/+0.181 (68%)
Doing initial fit: 

 --- MultiDimFit ---
best fit parameter values and profile-likelihood uncertainties: 
   r :    +3.511   -2.074/-0.375 (68%)
Doing initial fit: 

 --- MultiDimFit ---
best fit parameter values and profile-likelihood uncertainties: 
   r :    +2.050   -0.691/+0.815 (68%)
Doing initial fit: 

 --- MultiDimFit ---
best fit parameter values and profile-likelihood uncertainties: 
   r :    +1.096   -0.810/+0.743 (68%)
Doing initial fit: 

 --- MultiDimFit ---
best fit parameter values and profile-likelihood uncertainties: 
   r :    +1.815   -0.637/+0.563 (68%)
Doing initial fit: 

 --- MultiDimFit ---
best fit parameter values and profile-likelihood uncertainties: 
   r :    +2.438   -0.734/+0.755 (68%)
Doing initial fit: 

 --- MultiDimFit ---
best fit parameter values and profile-likelihood uncertainties: 
   r :    +1.254   -0.710/+0.616 (68%)
Doing initial fit: 

 --- MultiDimFit ---
best fit parameter values and profile-likelihood uncertainties: 
   r :    +1.671   -0.674/+0.695 (68%)
Doing initial fit: 

 --- MultiDimFit ---
best fit parameter values and profile-likelihood uncertainties: 
   r :    +2.051   -0.843/+0.866 (68%)
Doing initial fit: 

 --- MultiDimFit ---
best fit parameter values and profile-likelihood uncertainties: 
   r :    +3.353   -0.655/+0.654 (68%)
Doing initial fit: 

 --- MultiDimFit ---
best fit parameter values and profile-likelihood uncertainties: 
   r :    +1.904   -0.553/+0.600 (68%)
Doing initial fit: 

 --- MultiDimFit ---
best fit parameter values and profile-likelihood uncertainties: 
   r :    +1.421   -0.664/+0.634 (68%)
Doing initial fit: 

 --- MultiDimFit ---
best fit parameter values and profile-likelihood uncertainties: 
   r :    +0.715   -0.578/+0.578 (68%)
Doing initial fit: 

 --- MultiDimFit ---
best fit parameter values and profile-likelihood uncertainties: 
   r :    +3.601   -0.845/+0.914 (68%)
Doing initial fit: 

 --- MultiDimFit ---
best fit parameter values and profile-likelihood uncertainties: 
   r :    +1.133   -0.824/+0.644 (68%)
Doing initial fit: 

 --- MultiDimFit ---
best fit parameter values and profile-likelihood uncertainties: 
   r :    +0.902   -0.679/+0.401 (68%)
Doing initial fit: 

 --- MultiDimFit ---
best fit parameter values and profile-likelihood uncertainties: 
   r :    +2.059   -1.189/+0.457 (68%)
Doing initial fit: 

 --- MultiDimFit ---
best fit parameter values and profile-likelihood uncertainties: 
   r :    +1.462   -0.784/+0.462 (68%)
Doing initial fit: 

 --- MultiDimFit ---
best fit parameter values and profile-likelihood uncertainties: 
   r :    +2.701   -0.605/+0.675 (68%)
Doing initial fit: 

 --- MultiDimFit ---
best fit parameter values and profile-likelihood uncertainties: 
   r :    +1.078   -0.778/+0.716 (68%)
Doing initial fit: 

 --- MultiDimFit ---
best fit parameter values and profile-likelihood uncertainties: 
   r :    +2.542   -0.579/+0.630 (68%)
Doing initial fit: 

 --- MultiDimFit ---
best fit parameter values and profile-likelihood uncertainties: 
   r :    +1.008   -0.536/+0.527 (68%)
Doing initial fit: 

 --- MultiDimFit ---
best fit parameter values and profile-likelihood uncertainties: 
   r :    +1.923   -0.639/+0.652 (68%)
Doing initial fit: 

 --- MultiDimFit ---
best fit parameter values and profile-likelihood uncertainties: 
   r :    +3.417   -0.740/+0.697 (68%)
Doing initial fit: 

 --- MultiDimFit ---
best fit parameter values and profile-likelihood uncertainties: 
   r :    +1.904   -0.778/+0.618 (68%)
Doing initial fit: 

 --- MultiDimFit ---
best fit parameter values and profile-likelihood uncertainties: 
   r :    +2.512   -0.624/+0.603 (68%)
Doing initial fit: 

 --- MultiDimFit ---
best fit parameter values and profile-likelihood uncertainties: 
   r :    +2.024   -0.660/+0.631 (68%)
Doing initial fit: 

 --- MultiDimFit ---
best fit parameter values and profile-likelihood uncertainties: 
   r :    +2.730   -1.535/+0.273 (68%)
Doing initial fit: 

 --- MultiDimFit ---
best fit parameter values and profile-likelihood uncertainties: 
   r :    +2.266   -0.613/+0.613 (68%)
Doing initial fit: 

 --- MultiDimFit ---
best fit parameter values and profile-likelihood uncertainties: 
   r :    +0.553   -0.576/+0.601 (68%)
Doing initial fit: 

 --- MultiDimFit ---
best fit parameter values and profile-likelihood uncertainties: 
   r :    +1.255   -0.624/+0.655 (68%)
Doing initial fit: 

 --- MultiDimFit ---
best fit parameter values and profile-likelihood uncertainties: 
   r :    +2.137   -1.288/+0.127 (68%)
Doing initial fit: 
RooAbsMinimizerFcn: Minimized function has error status.
Returning maximum FCN so far (0.112159) to force MIGRAD to back out of this region. Error log follows.
Parameter values: 	CMS_NPS26009_LightJetStat_DY_BJetOS_2016postVFP=5.52686	CMS_NPS26009_LightJetStat_DY_BJetOS_2016preVFP=3.0766	CMS_NPS26009_LightJetStat_DY_BJetOS_2017=19.5705	CMS_NPS26009_LightJetStat_DY_BJetOS_2018=8.97971	CMS_NPS26009_LightJetStat_DY_BJetOS_2022=0.292411	CMS_NPS26009_LightJetStat_DY_BJetOS_2022EE=2.03865	CMS_NPS26009_MCstat_other_BJetOS_2016postVFP=2.60128	CMS_NPS26009_MCstat_other_BJetOS_2016preVFP=0.276052	CMS_NPS26009_MCstat_other_BJetOS_2017=0.413379	CMS_NPS26009_MCstat_other_BJetOS_2018=-1.65798	CMS_NPS26009_MCstat_other_BJetOS_2022=0.27101	CMS_NPS26009_MCstat_other_BJetOS_2022EE=1.04095	CMS_NPS26009_MCstat_other_BJetOS_2023=0.271952	CMS_NPS26009_MCstat_other_BJetOS_2023BPix=0.901732	CMS_NPS26009_MCstat_signal_BJetOS_2016postVFP=0.737326	CMS_NPS26009_MCstat_signal_BJetOS_2016preVFP=0.130763	CMS_NPS26009_MCstat_signal_BJetOS_2017=0.655599	CMS_NPS26009_MCstat_signal_BJetOS_2018=-2.18491	CMS_NPS26009_MCstat_signal_BJetOS_2022=0.0273217	CMS_NPS26009_MCstat_signal_BJetOS_2022EE=0.604189	CMS_NPS26009_MCstat_signal_BJetOS_2023=0.321179	CMS_NPS26009_MCstat_signal_BJetOS_2023BPix=0.0850143	CMS_NPS26009_MCstat_singleTop_BJetOS_2016postVFP=0.674672	CMS_NPS26009_MCstat_singleTop_BJetOS_2016preVFP=0.692463	CMS_NPS26009_MCstat_singleTop_BJetOS_2017=1.35093	CMS_NPS26009_MCstat_singleTop_BJetOS_2018=-1.59415	CMS_NPS26009_MCstat_singleTop_BJetOS_2022=0.263682	CMS_NPS26009_MCstat_singleTop_BJetOS_2022EE=4.98146	CMS_NPS26009_MCstat_singleTop_BJetOS_2023=0.434456	CMS_NPS26009_MCstat_singleTop_BJetOS_2023BPix=0.173691	CMS_NPS26009_MCstat_ttbar_BJetOS_2016postVFP=4.00684	CMS_NPS26009_MCstat_ttbar_BJetOS_2016preVFP=1.3621	CMS_NPS26009_MCstat_ttbar_BJetOS_2017=3.5295	CMS_NPS26009_MCstat_ttbar_BJetOS_2018=-6.97948	CMS_NPS26009_MCstat_ttbar_BJetOS_2022=0.660845	CMS_NPS26009_MCstat_ttbar_BJetOS_2022EE=5.48523	CMS_NPS26009_MCstat_ttbar_BJetOS_2023=3.05865	CMS_NPS26009_MCstat_ttbar_BJetOS_2023BPix=3.28104	CMS_NPS26009_NFStat_DY_BJetOS_2016postVFP=4.67377	CMS_NPS26009_NFStat_DY_BJetOS_2016preVFP=0.308927	CMS_NPS26009_NFStat_DY_BJetOS_2017=0.716849	CMS_NPS26009_NFStat_DY_BJetOS_2018=-12.1672	CMS_NPS26009_NFStat_DY_BJetOS_2022=0.261343	CMS_NPS26009_NFStat_DY_BJetOS_2022EE=0.114506	CMS_NPS26009_QCDscale_fac_singleTop=-0.393826	CMS_NPS26009_QCDscale_ren_singleTop=-0.935039	CMS_NPS26009_bckgNorm_QCD_BJetOS_2016postVFP=-0.00218999	CMS_NPS26009_bckgNorm_QCD_BJetOS_2016preVFP=-2.05394e-05	CMS_NPS26009_bckgNorm_QCD_BJetOS_2017=0.0029319	CMS_NPS26009_bckgNorm_QCD_BJetOS_2018=-0.00412572	CMS_NPS26009_bckgNorm_QCD_BJetOS_2022=4.41785e-05	CMS_NPS26009_bckgNorm_QCD_BJetOS_2022EE=5.97519e-06	CMS_NPS26009_bckgNorm_QCD_BJetOS_2023=4.20516e-05	CMS_NPS26009_bckgNorm_QCD_BJetOS_2023BPix=-1.23081e-07	CMS_NPS26009_bckgShape_QCD_BJetOS_2016postVFP=0.920266	CMS_NPS26009_bckgShape_QCD_BJetOS_2016preVFP=0.218115	CMS_NPS26009_bckgShape_QCD_BJetOS_2017=0.791573	CMS_NPS26009_bckgShape_QCD_BJetOS_2018=1.68015	CMS_NPS26009_bckgShape_QCD_BJetOS_2022=0.00543625	CMS_NPS26009_bckgShape_QCD_BJetOS_2022EE=0.0280039	CMS_NPS26009_bckgShape_QCD_BJetOS_2023=0.126869	CMS_NPS26009_bckgShape_QCD_BJetOS_2023BPix=0.000231181	CMS_NPS26009_btag_fixedWP_bc_correlated_13TeV=-1.75419	CMS_NPS26009_btag_fixedWP_bc_correlated_13p6TeV=10.3867	CMS_NPS26009_btag_fixedWP_light_correlated_13TeV=-0.525644	CMS_NPS26009_btag_fixedWP_light_correlated_13p6TeV=0.784797	CMS_NPS26009_lumi_2016=1.30416	CMS_NPS26009_lumi_2017=2.42668	CMS_NPS26009_lumi_2018=-7.02689	CMS_NPS26009_lumi_2022=1.29937	CMS_NPS26009_lumi_2023=0.727754	CMS_NPS26009_pdf_NNPDF31=3.76828	CMS_NPS26009_topmass_ttbar_BJetOS=2.02757	CMS_btag_fixedWP_bc_uncorrelated_2016postVFP=2.8244	CMS_btag_fixedWP_bc_uncorrelated_2016preVFP=0.673876	CMS_btag_fixedWP_bc_uncorrelated_2017=3.66181	CMS_btag_fixedWP_bc_uncorrelated_2018=-7.35011	CMS_btag_fixedWP_bc_uncorrelated_2022=0.286493	CMS_btag_fixedWP_bc_uncorrelated_2022EE=1.90713	CMS_btag_fixedWP_bc_uncorrelated_2023=1.17001	CMS_btag_fixedWP_bc_uncorrelated_2023BPix=0.715605	CMS_btag_fixedWP_light_uncorrelated_2016postVFP=0.74174	CMS_btag_fixedWP_light_uncorrelated_2016preVFP=0.0770748	CMS_btag_fixedWP_light_uncorrelated_2017=0.356517	CMS_btag_fixedWP_light_uncorrelated_2018=-0.930313	CMS_btag_fixedWP_light_uncorrelated_2022=0.0376467	CMS_btag_fixedWP_light_uncorrelated_2022EE=0.246782	CMS_btag_fixedWP_light_uncorrelated_2023=0.0408317	CMS_btag_fixedWP_light_uncorrelated_2023BPix=0.0740714	CMS_eff_m_id_2016postVFP=0.0928069	CMS_eff_m_id_2016preVFP=0.0328693	CMS_eff_m_id_2017=0.0972379	CMS_eff_m_id_2018=-0.305002	CMS_eff_m_id_2022=0.059576	CMS_eff_m_id_2022EE=0.228369	CMS_eff_m_id_2023=0.177509	CMS_eff_m_id_2023BPix=0.12058	CMS_eff_m_trigger_2016postVFP=0.499738	CMS_eff_m_trigger_2016preVFP=0.142592	CMS_eff_m_trigger_2017=0.434992	CMS_eff_m_trigger_2018=-1.05181	CMS_eff_m_trigger_2022=0.103257	CMS_eff_m_trigger_2022EE=0.55213	CMS_eff_m_trigger_2023=0.313585	CMS_eff_m_trigger_2023BPix=0.163553	CMS_l1_prefiring_2016postVFP=-1.05702	CMS_l1_prefiring_2016preVFP=-0.222349	CMS_l1_prefiring_2017=-1.02333	CMS_l1_prefiring_2018=0.487233	CMS_pileup_2016postVFP=-0.321579	CMS_pileup_2016preVFP=-0.299718	CMS_pileup_2017=0.549724	CMS_pileup_2018=-3.01887	CMS_pileup_2022=-0.233076	CMS_pileup_2022EE=2.48107	CMS_pileup_2023=0.388265	CMS_pileup_2023BPix=-0.725004	CMS_res_j_2016postVFP=0.133682	CMS_res_j_2016preVFP=0.00116621	CMS_res_j_2017=0.0403792	CMS_res_j_2018=-0.225044	CMS_res_j_2022=0.000800151	CMS_res_j_2022EE=-0.00675967	CMS_res_j_2023=0.00108486	CMS_res_j_2023BPix=0.00293242	CMS_scale_j_2016postVFP=0.131539	CMS_scale_j_2016preVFP=-0.000647985	CMS_scale_j_2017=0.380618	CMS_scale_j_2018=-0.519508	CMS_scale_j_2022=0.0183316	CMS_scale_j_2022EE=0.061991	CMS_scale_j_2023=0.17261	CMS_scale_j_2023BPix=0.86662	CMS_scale_m_2016postVFP=0.180108	CMS_scale_m_2016preVFP=0.10622	CMS_scale_m_2017=-0.0829291	CMS_scale_m_2018=-0.178904	CMS_scale_m_2022=0.0464912	CMS_scale_m_2022EE=0.421086	CMS_scale_m_2023=0.387654	CMS_scale_m_2023BPix=0.314923	QCDscale_fac_ttbar=-1.88448	QCDscale_ren_ttbar=34.8741	pdf_alphas=2.21994	r=1.81266
RooFit::Detail::RooFixedProdPdf::model_s[ ]
     getLogVal() top-level p.d.f not greater than zero @ !servers=(modelObs_s = 0)

RooAbsMinimizerFcn: Minimized function has error status.
Returning maximum FCN so far (0.112159) to force MIGRAD to back out of this region. Error log follows.
Parameter values: 	CMS_NPS26009_LightJetStat_DY_BJetOS_2016postVFP=2.57183	CMS_NPS26009_LightJetStat_DY_BJetOS_2016preVFP=1.19316	CMS_NPS26009_LightJetStat_DY_BJetOS_2017=8.59927	CMS_NPS26009_LightJetStat_DY_BJetOS_2018=4.54639	CMS_NPS26009_LightJetStat_DY_BJetOS_2022=0.197298	CMS_NPS26009_LightJetStat_DY_BJetOS_2022EE=0.908185	CMS_NPS26009_MCstat_other_BJetOS_2016postVFP=1.16377	CMS_NPS26009_MCstat_other_BJetOS_2016preVFP=0.0714704	CMS_NPS26009_MCstat_other_BJetOS_2017=0.18111	CMS_NPS26009_MCstat_other_BJetOS_2018=-0.721091	CMS_NPS26009_MCstat_other_BJetOS_2022=0.179787	CMS_NPS26009_MCstat_other_BJetOS_2022EE=0.463775	CMS_NPS26009_MCstat_other_BJetOS_2023=0.120016	CMS_NPS26009_MCstat_other_BJetOS_2023BPix=0.310257	CMS_NPS26009_MCstat_signal_BJetOS_2016postVFP=0.329705	CMS_NPS26009_MCstat_signal_BJetOS_2016preVFP=0.0515178	CMS_NPS26009_MCstat_signal_BJetOS_2017=0.287083	CMS_NPS26009_MCstat_signal_BJetOS_2018=-0.954695	CMS_NPS26009_MCstat_signal_BJetOS_2022=0.0259935	CMS_NPS26009_MCstat_signal_BJetOS_2022EE=0.26919	CMS_NPS26009_MCstat_signal_BJetOS_2023=0.141519	CMS_NPS26009_MCstat_signal_BJetOS_2023BPix=0.0274093	CMS_NPS26009_MCstat_singleTop_BJetOS_2016postVFP=0.301875	CMS_NPS26009_MCstat_singleTop_BJetOS_2016preVFP=0.291562	CMS_NPS26009_MCstat_singleTop_BJetOS_2017=0.595157	CMS_NPS26009_MCstat_singleTop_BJetOS_2018=-0.692493	CMS_NPS26009_MCstat_singleTop_BJetOS_2022=0.185821	CMS_NPS26009_MCstat_singleTop_BJetOS_2022EE=2.22019	CMS_NPS26009_MCstat_singleTop_BJetOS_2023=0.191784	CMS_NPS26009_MCstat_singleTop_BJetOS_2023BPix=0.0594694	CMS_NPS26009_MCstat_ttbar_BJetOS_2016postVFP=1.79401	CMS_NPS26009_MCstat_ttbar_BJetOS_2016preVFP=0.560537	CMS_NPS26009_MCstat_ttbar_BJetOS_2017=1.55126	CMS_NPS26009_MCstat_ttbar_BJetOS_2018=-3.04886	CMS_NPS26009_MCstat_ttbar_BJetOS_2022=0.490907	CMS_NPS26009_MCstat_ttbar_BJetOS_2022EE=2.44384	CMS_NPS26009_MCstat_ttbar_BJetOS_2023=1.34868	CMS_NPS26009_MCstat_ttbar_BJetOS_2023BPix=1.33235	CMS_NPS26009_NFStat_DY_BJetOS_2016postVFP=2.09138	CMS_NPS26009_NFStat_DY_BJetOS_2016preVFP=0.125663	CMS_NPS26009_NFStat_DY_BJetOS_2017=0.314594	CMS_NPS26009_NFStat_DY_BJetOS_2018=-5.24365	CMS_NPS26009_NFStat_DY_BJetOS_2022=0.180369	CMS_NPS26009_NFStat_DY_BJetOS_2022EE=0.0509991	CMS_NPS26009_QCDscale_fac_singleTop=-0.180637	CMS_NPS26009_QCDscale_ren_singleTop=-0.422011	CMS_NPS26009_bckgNorm_QCD_BJetOS_2016postVFP=-0.000977491	CMS_NPS26009_bckgNorm_QCD_BJetOS_2016preVFP=-6.32097e-06	CMS_NPS26009_bckgNorm_QCD_BJetOS_2017=0.00131358	CMS_NPS26009_bckgNorm_QCD_BJetOS_2018=-0.0017862	CMS_NPS26009_bckgNorm_QCD_BJetOS_2022=2.50355e-05	CMS_NPS26009_bckgNorm_QCD_BJetOS_2022EE=2.6564e-06	CMS_NPS26009_bckgNorm_QCD_BJetOS_2023=1.88795e-05	CMS_NPS26009_bckgNorm_QCD_BJetOS_2023BPix=-2.37827e-08	CMS_NPS26009_bckgShape_QCD_BJetOS_2016postVFP=-0.270826	CMS_NPS26009_bckgShape_QCD_BJetOS_2016preVFP=0.108586	CMS_NPS26009_bckgShape_QCD_BJetOS_2017=0.0353079	CMS_NPS26009_bckgShape_QCD_BJetOS_2018=1.68639	CMS_NPS26009_bckgShape_QCD_BJetOS_2022=0.00253026	CMS_NPS26009_bckgShape_QCD_BJetOS_2022EE=0.0129499	CMS_NPS26009_bckgShape_QCD_BJetOS_2023=0.0633548	CMS_NPS26009_bckgShape_QCD_BJetOS_2023BPix=0.000103333	CMS_NPS26009_btag_fixedWP_bc_correlated_13TeV=-0.778162	CMS_NPS26009_btag_fixedWP_bc_correlated_13p6TeV=4.80812	CMS_NPS26009_btag_fixedWP_light_correlated_13TeV=-0.226982	CMS_NPS26009_btag_fixedWP_light_correlated_13p6TeV=0.367018	CMS_NPS26009_lumi_2016=0.572625	CMS_NPS26009_lumi_2017=1.06555	CMS_NPS26009_lumi_2018=-3.06896	CMS_NPS26009_lumi_2022=0.607832	CMS_NPS26009_lumi_2023=0.308323	CMS_NPS26009_pdf_NNPDF31=1.77178	CMS_NPS26009_topmass_ttbar_BJetOS=0.941263	CMS_btag_fixedWP_bc_uncorrelated_2016postVFP=1.26379	CMS_btag_fixedWP_bc_uncorrelated_2016preVFP=0.272853	CMS_btag_fixedWP_bc_uncorrelated_2017=1.606	CMS_btag_fixedWP_bc_uncorrelated_2018=-3.20941	CMS_btag_fixedWP_bc_uncorrelated_2022=0.202251	CMS_btag_fixedWP_bc_uncorrelated_2022EE=0.849726	CMS_btag_fixedWP_bc_uncorrelated_2023=0.515466	CMS_btag_fixedWP_bc_uncorrelated_2023BPix=0.273202	CMS_btag_fixedWP_light_uncorrelated_2016postVFP=0.332098	CMS_btag_fixedWP_light_uncorrelated_2016preVFP=0.0318003	CMS_btag_fixedWP_light_uncorrelated_2017=0.156793	CMS_btag_fixedWP_light_uncorrelated_2018=-0.40632	CMS_btag_fixedWP_light_uncorrelated_2022=0.0265734	CMS_btag_fixedWP_light_uncorrelated_2022EE=0.109959	CMS_btag_fixedWP_light_uncorrelated_2023=0.0180042	CMS_btag_fixedWP_light_uncorrelated_2023BPix=0.0295167	CMS_eff_m_id_2016postVFP=0.0415274	CMS_eff_m_id_2016preVFP=0.0133315	CMS_eff_m_id_2017=0.042692	CMS_eff_m_id_2018=-0.133226	CMS_eff_m_id_2022=0.0427027	CMS_eff_m_id_2022EE=0.101751	CMS_eff_m_id_2023=0.0782007	CMS_eff_m_id_2023BPix=0.0455198	CMS_eff_m_trigger_2016postVFP=0.223615	CMS_eff_m_trigger_2016preVFP=0.0579027	CMS_eff_m_trigger_2017=0.19098	CMS_eff_m_trigger_2018=-0.459424	CMS_eff_m_trigger_2022=0.070663	CMS_eff_m_trigger_2022EE=0.246007	CMS_eff_m_trigger_2023=0.138192	CMS_eff_m_trigger_2023BPix=0.0620301	CMS_l1_prefiring_2016postVFP=-0.472945	CMS_l1_prefiring_2016preVFP=-0.0901355	CMS_l1_prefiring_2017=-0.449145	CMS_l1_prefiring_2018=0.21282	CMS_pileup_2016postVFP=-0.143892	CMS_pileup_2016preVFP=-0.125097	CMS_pileup_2017=0.243384	CMS_pileup_2018=-1.31976	CMS_pileup_2022=-0.149246	CMS_pileup_2022EE=1.1051	CMS_pileup_2023=0.17114	CMS_pileup_2023BPix=-0.281138	CMS_res_j_2016postVFP=0.0598524	CMS_res_j_2016preVFP=0.000463809	CMS_res_j_2017=0.0177719	CMS_res_j_2018=-0.0982709	CMS_res_j_2022=0.00034522	CMS_res_j_2022EE=-0.00301187	CMS_res_j_2023=0.000483056	CMS_res_j_2023BPix=0.000988992	CMS_scale_j_2016postVFP=0.0588932	CMS_scale_j_2016preVFP=-0.000294987	CMS_scale_j_2017=0.167095	CMS_scale_j_2018=-0.227063	CMS_scale_j_2022=0.0126904	CMS_scale_j_2022EE=0.0276222	CMS_scale_j_2023=0.0761501	CMS_scale_j_2023BPix=0.339366	CMS_scale_m_2016postVFP=0.0806298	CMS_scale_m_2016preVFP=0.0432115	CMS_scale_m_2017=-0.0359717	CMS_scale_m_2018=-0.0779988	CMS_scale_m_2022=0.0326529	CMS_scale_m_2022EE=0.187606	CMS_scale_m_2023=0.170928	CMS_scale_m_2023BPix=0.125938	QCDscale_fac_ttbar=-0.818774	QCDscale_ren_ttbar=15.3773	pdf_alphas=1.01312	r=1.81266
RooFit::Detail::RooFixedProdPdf::model_s[ ]
     getLogVal() top-level p.d.f not greater than zero @ !servers=(modelObs_s = 0)

RooAbsMinimizerFcn: Minimized function has error status.
Returning maximum FCN so far (71.967) to force MIGRAD to back out of this region. Error log follows.
Parameter values: 	CMS_NPS26009_LightJetStat_DY_BJetOS_2016postVFP=1.68486	CMS_NPS26009_LightJetStat_DY_BJetOS_2016preVFP=2.41084	CMS_NPS26009_LightJetStat_DY_BJetOS_2017=10.8729	CMS_NPS26009_LightJetStat_DY_BJetOS_2018=8.24559	CMS_NPS26009_LightJetStat_DY_BJetOS_2022=0.248979	CMS_NPS26009_LightJetStat_DY_BJetOS_2022EE=1.87595	CMS_NPS26009_MCstat_other_BJetOS_2016postVFP=2.35745	CMS_NPS26009_MCstat_other_BJetOS_2016preVFP=0.27882	CMS_NPS26009_MCstat_other_BJetOS_2017=0.319729	CMS_NPS26009_MCstat_other_BJetOS_2018=-1.42817	CMS_NPS26009_MCstat_other_BJetOS_2022=0.264156	CMS_NPS26009_MCstat_other_BJetOS_2022EE=0.957384	CMS_NPS26009_MCstat_other_BJetOS_2023=0.254242	CMS_NPS26009_MCstat_other_BJetOS_2023BPix=0.832371	CMS_NPS26009_MCstat_signal_BJetOS_2016postVFP=0.670406	CMS_NPS26009_MCstat_signal_BJetOS_2016preVFP=0.126558	CMS_NPS26009_MCstat_signal_BJetOS_2017=0.516284	CMS_NPS26009_MCstat_signal_BJetOS_2018=-1.91249	CMS_NPS26009_MCstat_signal_BJetOS_2022=0.0319624	CMS_NPS26009_MCstat_signal_BJetOS_2022EE=0.555786	CMS_NPS26009_MCstat_signal_BJetOS_2023=0.301423	CMS_NPS26009_MCstat_signal_BJetOS_2023BPix=0.0783853	CMS_NPS26009_MCstat_singleTop_BJetOS_2016postVFP=0.613174	CMS_NPS26009_MCstat_singleTop_BJetOS_2016preVFP=0.65169	CMS_NPS26009_MCstat_singleTop_BJetOS_2017=1.12646	CMS_NPS26009_MCstat_singleTop_BJetOS_2018=-1.37115	CMS_NPS26009_MCstat_singleTop_BJetOS_2022=0.252056	CMS_NPS26009_MCstat_singleTop_BJetOS_2022EE=4.59376	CMS_NPS26009_MCstat_singleTop_BJetOS_2023=0.405502	CMS_NPS26009_MCstat_singleTop_BJetOS_2023BPix=0.158737	CMS_NPS26009_MCstat_ttbar_BJetOS_2016postVFP=3.63376	CMS_NPS26009_MCstat_ttbar_BJetOS_2016preVFP=1.33542	CMS_NPS26009_MCstat_ttbar_BJetOS_2017=2.91182	CMS_NPS26009_MCstat_ttbar_BJetOS_2018=-6.14639	CMS_NPS26009_MCstat_ttbar_BJetOS_2022=0.615008	CMS_NPS26009_MCstat_ttbar_BJetOS_2022EE=5.05265	CMS_NPS26009_MCstat_ttbar_BJetOS_2023=2.87559	CMS_NPS26009_MCstat_ttbar_BJetOS_2023BPix=3.10735	CMS_NPS26009_NFStat_DY_BJetOS_2016postVFP=4.25308	CMS_NPS26009_NFStat_DY_BJetOS_2016preVFP=0.259428	CMS_NPS26009_NFStat_DY_BJetOS_2017=0.369736	CMS_NPS26009_NFStat_DY_BJetOS_2018=-10.5396	CMS_NPS26009_NFStat_DY_BJetOS_2022=0.223989	CMS_NPS26009_NFStat_DY_BJetOS_2022EE=0.105327	CMS_NPS26009_QCDscale_fac_singleTop=-0.36196	CMS_NPS26009_QCDscale_ren_singleTop=-0.856097	CMS_NPS26009_bckgNorm_QCD_BJetOS_2016postVFP=-0.000715401	CMS_NPS26009_bckgNorm_QCD_BJetOS_2016preVFP=-0.00016947	CMS_NPS26009_bckgNorm_QCD_BJetOS_2017=0.000482853	CMS_NPS26009_bckgNorm_QCD_BJetOS_2018=-0.0088926	CMS_NPS26009_bckgNorm_QCD_BJetOS_2022=8.5792e-05	CMS_NPS26009_bckgNorm_QCD_BJetOS_2022EE=6.95752e-06	CMS_NPS26009_bckgNorm_QCD_BJetOS_2023=1.77527e-05	CMS_NPS26009_bckgNorm_QCD_BJetOS_2023BPix=-8.85382e-07	CMS_NPS26009_bckgShape_QCD_BJetOS_2016postVFP=0.724823	CMS_NPS26009_bckgShape_QCD_BJetOS_2016preVFP=-0.160836	CMS_NPS26009_bckgShape_QCD_BJetOS_2017=0.995709	CMS_NPS26009_bckgShape_QCD_BJetOS_2018=1.70773	CMS_NPS26009_bckgShape_QCD_BJetOS_2022=-0.00358723	CMS_NPS26009_bckgShape_QCD_BJetOS_2022EE=-0.0200646	CMS_NPS26009_bckgShape_QCD_BJetOS_2023=-0.0938907	CMS_NPS26009_bckgShape_QCD_BJetOS_2023BPix=-0.000161793	CMS_NPS26009_btag_fixedWP_bc_correlated_13TeV=-1.71338	CMS_NPS26009_btag_fixedWP_bc_correlated_13p6TeV=9.6295	CMS_NPS26009_btag_fixedWP_light_correlated_13TeV=-0.455487	CMS_NPS26009_btag_fixedWP_light_correlated_13p6TeV=0.728438	CMS_NPS26009_lumi_2016=1.20111	CMS_NPS26009_lumi_2017=1.9722	CMS_NPS26009_lumi_2018=-6.1719	CMS_NPS26009_lumi_2022=1.1995	CMS_NPS26009_lumi_2023=0.682179	CMS_NPS26009_pdf_NNPDF31=3.44843	CMS_NPS26009_topmass_ttbar_BJetOS=1.8899	CMS_btag_fixedWP_bc_uncorrelated_2016postVFP=2.56571	CMS_btag_fixedWP_bc_uncorrelated_2016preVFP=0.655166	CMS_btag_fixedWP_bc_uncorrelated_2017=2.94955	CMS_btag_fixedWP_bc_uncorrelated_2018=-6.44722	CMS_btag_fixedWP_bc_uncorrelated_2022=0.275533	CMS_btag_fixedWP_bc_uncorrelated_2022EE=1.75463	CMS_btag_fixedWP_bc_uncorrelated_2023=1.10145	CMS_btag_fixedWP_bc_uncorrelated_2023BPix=0.680138	CMS_btag_fixedWP_light_uncorrelated_2016postVFP=0.673108	CMS_btag_fixedWP_light_uncorrelated_2016preVFP=0.0748262	CMS_btag_fixedWP_light_uncorrelated_2017=0.294481	CMS_btag_fixedWP_light_uncorrelated_2018=-0.819081	CMS_btag_fixedWP_light_uncorrelated_2022=0.0346248	CMS_btag_fixedWP_light_uncorrelated_2022EE=0.227006	CMS_btag_fixedWP_light_uncorrelated_2023=0.0383534	CMS_btag_fixedWP_light_uncorrelated_2023BPix=0.0706698	CMS_eff_m_id_2016postVFP=0.0843014	CMS_eff_m_id_2016preVFP=0.0318857	CMS_eff_m_id_2017=0.0788732	CMS_eff_m_id_2018=-0.267699	CMS_eff_m_id_2022=0.0562991	CMS_eff_m_id_2022EE=0.210071	CMS_eff_m_id_2023=0.167082	CMS_eff_m_id_2023BPix=0.11455	CMS_eff_m_trigger_2016postVFP=0.453935	CMS_eff_m_trigger_2016preVFP=0.138182	CMS_eff_m_trigger_2017=0.3528	CMS_eff_m_trigger_2018=-0.923268	CMS_eff_m_trigger_2022=0.0984196	CMS_eff_m_trigger_2022EE=0.507893	CMS_eff_m_trigger_2023=0.294975	CMS_eff_m_trigger_2023BPix=0.155468	CMS_l1_prefiring_2016postVFP=-0.960177	CMS_l1_prefiring_2016preVFP=-0.215547	CMS_l1_prefiring_2017=-0.827584	CMS_l1_prefiring_2018=0.427784	CMS_pileup_2016postVFP=-0.291771	CMS_pileup_2016preVFP=-0.286788	CMS_pileup_2017=0.476712	CMS_pileup_2018=-2.6686	CMS_pileup_2022=-0.231018	CMS_pileup_2022EE=2.28216	CMS_pileup_2023=0.365492	CMS_pileup_2023BPix=-0.675526	CMS_res_j_2016postVFP=0.1212	CMS_res_j_2016preVFP=0.00112373	CMS_res_j_2017=0.0337234	CMS_res_j_2018=-0.198837	CMS_res_j_2022=0.000719936	CMS_res_j_2022EE=-0.00621949	CMS_res_j_2023=0.000990464	CMS_res_j_2023BPix=0.00275002	CMS_scale_j_2016postVFP=0.119264	CMS_scale_j_2016preVFP=-0.000633361	CMS_scale_j_2017=0.310733	CMS_scale_j_2018=-0.455295	CMS_scale_j_2022=0.0168047	CMS_scale_j_2022EE=0.0570319	CMS_scale_j_2023=0.161773	CMS_scale_j_2023BPix=0.870746	CMS_scale_m_2016postVFP=0.163069	CMS_scale_m_2016preVFP=0.105468	CMS_scale_m_2017=-0.05099	CMS_scale_m_2018=-0.155237	CMS_scale_m_2022=0.0421077	CMS_scale_m_2022EE=0.387403	CMS_scale_m_2023=0.364295	CMS_scale_m_2023BPix=0.300527	QCDscale_fac_ttbar=-1.52368	QCDscale_ren_ttbar=33.0006	pdf_alphas=1.97175	r=1.81266
RooFit::Detail::RooFixedProdPdf::model_s[ ]
     getLogVal() top-level p.d.f not greater than zero @ !servers=(modelObs_s = 0)


 --- MultiDimFit ---
best fit parameter values and profile-likelihood uncertainties: 
   r :    +2.390   -1.112/+0.361 (68%)
Doing initial fit: 

 --- MultiDimFit ---
best fit parameter values and profile-likelihood uncertainties: 
   r :    +2.962   -0.561/+0.594 (68%)
Doing initial fit: 

 --- MultiDimFit ---
best fit parameter values and profile-likelihood uncertainties: 
   r :    +3.120   -0.624/+0.674 (68%)
Doing initial fit: 

 --- MultiDimFit ---
best fit parameter values and profile-likelihood uncertainties: 
   r :    +0.697   -0.635/+0.804 (68%)
Doing initial fit: 

 --- MultiDimFit ---
best fit parameter values and profile-likelihood uncertainties: 
   r :    +1.118   -0.720/+0.668 (68%)
Doing initial fit: 

 --- MultiDimFit ---
best fit parameter values and profile-likelihood uncertainties: 
   r :    +2.048   -1.157/+0.193 (68%)
Doing initial fit: 

 --- MultiDimFit ---
best fit parameter values and profile-likelihood uncertainties: 
   r :    +1.594   -0.581/+0.653 (68%)
Doing initial fit: 

 --- MultiDimFit ---
best fit parameter values and profile-likelihood uncertainties: 
   r :    +1.249   -0.783/+0.643 (68%)
Doing initial fit: 

 --- MultiDimFit ---
best fit parameter values and profile-likelihood uncertainties: 
   r :    +2.236   -1.214/+0.208 (68%)
Doing initial fit: 

 --- MultiDimFit ---
best fit parameter values and profile-likelihood uncertainties: 
   r :    +2.328   -0.636/+0.692 (68%)
Doing initial fit: 

 --- MultiDimFit ---
best fit parameter values and profile-likelihood uncertainties: 
   r :    +1.226   -0.734/+0.763 (68%)
Doing initial fit: 

 --- MultiDimFit ---
best fit parameter values and profile-likelihood uncertainties: 
   r :    +0.654   -0.705/+0.851 (68%)
Doing initial fit: 

 --- MultiDimFit ---
best fit parameter values and profile-likelihood uncertainties: 
   r :    +1.124   -0.667/+0.624 (68%)
Doing initial fit: 

 --- MultiDimFit ---
best fit parameter values and profile-likelihood uncertainties: 
   r :    +0.957   -0.554/+0.599 (68%)
Doing initial fit: 

 --- MultiDimFit ---
best fit parameter values and profile-likelihood uncertainties: 
   r :    +2.701   -0.617/+0.697 (68%)
Doing initial fit: 

 --- MultiDimFit ---
best fit parameter values and profile-likelihood uncertainties: 
   r :    +1.395   -0.700/+0.791 (68%)
Doing initial fit: 

 --- MultiDimFit ---
best fit parameter values and profile-likelihood uncertainties: 
   r :    +1.200   -0.673/+0.857 (68%)
Doing initial fit: 

 --- MultiDimFit ---
best fit parameter values and profile-likelihood uncertainties: 
   r :    +1.124   -0.563/+0.677 (68%)
Doing initial fit: 

 --- MultiDimFit ---
best fit parameter values and profile-likelihood uncertainties: 
   r :    +2.551   -0.583/+0.699 (68%)
Doing initial fit: 

 --- MultiDimFit ---
best fit parameter values and profile-likelihood uncertainties: 
   r :    +2.483   -0.883/+0.789 (68%)
Doing initial fit: 

 --- MultiDimFit ---
best fit parameter values and profile-likelihood uncertainties: 
   r :    +0.398   -0.552/+0.541 (68%)
Doing initial fit: 

 --- MultiDimFit ---
best fit parameter values and profile-likelihood uncertainties: 
   r :    +2.533   -0.627/+0.672 (68%)
Doing initial fit: 

 --- MultiDimFit ---
best fit parameter values and profile-likelihood uncertainties: 
   r :    -0.115   -0.713/+0.633 (68%)
Doing initial fit: 

 --- MultiDimFit ---
best fit parameter values and profile-likelihood uncertainties: 
   r :    +1.086   -0.591/+0.771 (68%)
Doing initial fit: 

 --- MultiDimFit ---
best fit parameter values and profile-likelihood uncertainties: 
   r :    +0.654   -0.868/+0.742 (68%)
Doing initial fit: 

 --- MultiDimFit ---
best fit parameter values and profile-likelihood uncertainties: 
   r :    +0.183   -0.589/+0.547 (68%)
Doing initial fit: 

 --- MultiDimFit ---
best fit parameter values and profile-likelihood uncertainties: 
   r :    +0.484   -0.627/+0.600 (68%)
Doing initial fit: 

 --- MultiDimFit ---
best fit parameter values and profile-likelihood uncertainties: 
   r :    +1.736   -0.696/+0.815 (68%)
Doing initial fit: 

 --- MultiDimFit ---
best fit parameter values and profile-likelihood uncertainties: 
   r :    +1.441   -0.602/+0.575 (68%)
Doing initial fit: 

 --- MultiDimFit ---
best fit parameter values and profile-likelihood uncertainties: 
   r :    +1.652   -0.532/+0.568 (68%)
Doing initial fit: 

 --- MultiDimFit ---
best fit parameter values and profile-likelihood uncertainties: 
   r :    +1.203   -0.508/+0.509 (68%)
Doing initial fit: 

 --- MultiDimFit ---
best fit parameter values and profile-likelihood uncertainties: 
   r :    +0.460   -0.538/+0.734 (68%)
Doing initial fit: 

 --- MultiDimFit ---
best fit parameter values and profile-likelihood uncertainties: 
   r :    +2.065   -0.812/+0.729 (68%)
Doing initial fit: 

 

 ---------------------------

 WARNING: MultiDimFit failed

 ---------------------------

 
Doing initial fit: 

 --- MultiDimFit ---
best fit parameter values and profile-likelihood uncertainties: 
   r :    +1.873   -0.773/+0.701 (68%)
Doing initial fit: 

 --- MultiDimFit ---
best fit parameter values and profile-likelihood uncertainties: 
   r :    +0.934   -0.591/+0.663 (68%)
Doing initial fit: 

 --- MultiDimFit ---
best fit parameter values and profile-likelihood uncertainties: 
   r :    +0.739   -0.653/+0.798 (68%)
Doing initial fit: 

 --- MultiDimFit ---
best fit parameter values and profile-likelihood uncertainties: 
   r :    +1.132   -0.685/+0.762 (68%)
Doing initial fit: 

 --- MultiDimFit ---
best fit parameter values and profile-likelihood uncertainties: 
   r :    +1.118   -0.558/+0.585 (68%)
Doing initial fit: 

 --- MultiDimFit ---
best fit parameter values and profile-likelihood uncertainties: 
   r :    +1.092   -0.631/+0.680 (68%)
Doing initial fit: 

 --- MultiDimFit ---
best fit parameter values and profile-likelihood uncertainties: 
   r :    +1.801   -0.693/+0.735 (68%)
Doing initial fit: 

 --- MultiDimFit ---
best fit parameter values and profile-likelihood uncertainties: 
   r :    +2.189   -0.544/+0.578 (68%)
Doing initial fit: 

 --- MultiDimFit ---
best fit parameter values and profile-likelihood uncertainties: 
   r :    +1.445   -0.693/+0.798 (68%)
Doing initial fit: 

 --- MultiDimFit ---
best fit parameter values and profile-likelihood uncertainties: 
   r :    +1.904   -0.560/+0.574 (68%)
Doing initial fit: 

 --- MultiDimFit ---
best fit parameter values and profile-likelihood uncertainties: 
   r :    +0.604   -0.743/+0.786 (68%)
Doing initial fit: 

 --- MultiDimFit ---
best fit parameter values and profile-likelihood uncertainties: 
   r :    +2.076   -0.725/+0.715 (68%)
Doing initial fit: 

 --- MultiDimFit ---
best fit parameter values and profile-likelihood uncertainties: 
   r :    +1.938   -1.010/+0.427 (68%)
Doing initial fit: 

 --- MultiDimFit ---
best fit parameter values and profile-likelihood uncertainties: 
   r :    +1.439   -0.626/+0.633 (68%)
Doing initial fit: 

 --- MultiDimFit ---
best fit parameter values and profile-likelihood uncertainties: 
   r :    +1.119   -0.569/+0.567 (68%)
Doing initial fit: 

 --- MultiDimFit ---
best fit parameter values and profile-likelihood uncertainties: 
   r :    +1.194   -0.636/+0.713 (68%)
Doing initial fit: 

 --- MultiDimFit ---
best fit parameter values and profile-likelihood uncertainties: 
   r :    +0.454   -0.728/+0.817 (68%)
Doing initial fit: 

 --- MultiDimFit ---
best fit parameter values and profile-likelihood uncertainties: 
   r :    +1.247   -0.732/+0.686 (68%)
Doing initial fit: 

 --- MultiDimFit ---
best fit parameter values and profile-likelihood uncertainties: 
   r :    +0.418   -0.793/+0.724 (68%)
Doing initial fit: 

 --- MultiDimFit ---
best fit parameter values and profile-likelihood uncertainties: 
   r :    +1.543   -0.569/+0.575 (68%)
Doing initial fit: 

 --- MultiDimFit ---
best fit parameter values and profile-likelihood uncertainties: 
   r :    +1.182   -0.628/+0.763 (68%)
Doing initial fit: 

 --- MultiDimFit ---
best fit parameter values and profile-likelihood uncertainties: 
   r :    +1.413   -0.730/+0.705 (68%)
Doing initial fit: 

 --- MultiDimFit ---
best fit parameter values and profile-likelihood uncertainties: 
   r :    +0.181   -0.649/+0.618 (68%)
Doing initial fit: 

 --- MultiDimFit ---
best fit parameter values and profile-likelihood uncertainties: 
   r :    +1.156   -0.756/+0.517 (68%)
Doing initial fit: 

 --- MultiDimFit ---
best fit parameter values and profile-likelihood uncertainties: 
   r :    +2.918   -0.658/+0.647 (68%)
Doing initial fit: 

 --- MultiDimFit ---
best fit parameter values and profile-likelihood uncertainties: 
   r :    +1.062   -0.609/+0.565 (68%)
Doing initial fit: 

 --- MultiDimFit ---
best fit parameter values and profile-likelihood uncertainties: 
   r :    +0.776   -0.619/+0.692 (68%)
Doing initial fit: 

 --- MultiDimFit ---
best fit parameter values and profile-likelihood uncertainties: 
   r :    +2.041   -0.599/+0.603 (68%)
Doing initial fit: 

 --- MultiDimFit ---
best fit parameter values and profile-likelihood uncertainties: 
   r :    +1.806   -0.615/+0.768 (68%)
Doing initial fit: 

 --- MultiDimFit ---
best fit parameter values and profile-likelihood uncertainties: 
   r :    +1.448   -0.611/+0.663 (68%)
Doing initial fit: 

 --- MultiDimFit ---
best fit parameter values and profile-likelihood uncertainties: 
   r :    +2.013   -1.222/+0.335 (68%)
Doing initial fit: 
RooAbsMinimizerFcn: Minimized function has error status.
Returning maximum FCN so far (0.0607766) to force MIGRAD to back out of this region. Error log follows.
Parameter values: 	CMS_NPS26009_LightJetStat_DY_BJetOS_2016postVFP=0.893745	CMS_NPS26009_LightJetStat_DY_BJetOS_2016preVFP=-7.06308	CMS_NPS26009_LightJetStat_DY_BJetOS_2017=-0.449885	CMS_NPS26009_LightJetStat_DY_BJetOS_2018=91.8384	CMS_NPS26009_LightJetStat_DY_BJetOS_2022=-0.216214	CMS_NPS26009_LightJetStat_DY_BJetOS_2022EE=-0.83994	CMS_NPS26009_MCstat_other_BJetOS_2016postVFP=0.0777782	CMS_NPS26009_MCstat_other_BJetOS_2016preVFP=-14.5519	CMS_NPS26009_MCstat_other_BJetOS_2017=-0.409823	CMS_NPS26009_MCstat_other_BJetOS_2018=-1.80244	CMS_NPS26009_MCstat_other_BJetOS_2022=-0.170513	CMS_NPS26009_MCstat_other_BJetOS_2022EE=-0.958672	CMS_NPS26009_MCstat_other_BJetOS_2023=-0.280664	CMS_NPS26009_MCstat_other_BJetOS_2023BPix=-0.83077	CMS_NPS26009_MCstat_signal_BJetOS_2016postVFP=0.210631	CMS_NPS26009_MCstat_signal_BJetOS_2016preVFP=0.359971	CMS_NPS26009_MCstat_signal_BJetOS_2017=0.191743	CMS_NPS26009_MCstat_signal_BJetOS_2018=0.716006	CMS_NPS26009_MCstat_signal_BJetOS_2022=-0.0112898	CMS_NPS26009_MCstat_signal_BJetOS_2022EE=-0.341344	CMS_NPS26009_MCstat_signal_BJetOS_2023=-0.0394579	CMS_NPS26009_MCstat_signal_BJetOS_2023BPix=-0.0673173	CMS_NPS26009_MCstat_singleTop_BJetOS_2016postVFP=-0.00100319	CMS_NPS26009_MCstat_singleTop_BJetOS_2016preVFP=-0.814283	CMS_NPS26009_MCstat_singleTop_BJetOS_2017=-0.699575	CMS_NPS26009_MCstat_singleTop_BJetOS_2018=-2.44581	CMS_NPS26009_MCstat_singleTop_BJetOS_2022=-0.538208	CMS_NPS26009_MCstat_singleTop_BJetOS_2022EE=-1.41226	CMS_NPS26009_MCstat_singleTop_BJetOS_2023=-0.565439	CMS_NPS26009_MCstat_singleTop_BJetOS_2023BPix=-0.121544	CMS_NPS26009_MCstat_ttbar_BJetOS_2016postVFP=-0.219802	CMS_NPS26009_MCstat_ttbar_BJetOS_2016preVFP=-2.52477	CMS_NPS26009_MCstat_ttbar_BJetOS_2017=-1.47795	CMS_NPS26009_MCstat_ttbar_BJetOS_2018=-6.46302	CMS_NPS26009_MCstat_ttbar_BJetOS_2022=-0.549441	CMS_NPS26009_MCstat_ttbar_BJetOS_2022EE=-4.25724	CMS_NPS26009_MCstat_ttbar_BJetOS_2023=-3.23124	CMS_NPS26009_MCstat_ttbar_BJetOS_2023BPix=-3.38215	CMS_NPS26009_NFStat_DY_BJetOS_2016postVFP=0.538455	CMS_NPS26009_NFStat_DY_BJetOS_2016preVFP=-1.95239	CMS_NPS26009_NFStat_DY_BJetOS_2017=0.0482136	CMS_NPS26009_NFStat_DY_BJetOS_2018=4.56654	CMS_NPS26009_NFStat_DY_BJetOS_2022=-0.210856	CMS_NPS26009_NFStat_DY_BJetOS_2022EE=-0.18823	CMS_NPS26009_QCDscale_fac_singleTop=1.3882	CMS_NPS26009_QCDscale_ren_singleTop=2.51372	CMS_NPS26009_bckgNorm_QCD_BJetOS_2016postVFP=-0.00136295	CMS_NPS26009_bckgNorm_QCD_BJetOS_2016preVFP=-0.000991005	CMS_NPS26009_bckgNorm_QCD_BJetOS_2017=-0.0212518	CMS_NPS26009_bckgNorm_QCD_BJetOS_2018=-0.0186416	CMS_NPS26009_bckgNorm_QCD_BJetOS_2022=-4.04174e-06	CMS_NPS26009_bckgNorm_QCD_BJetOS_2022EE=-4.12176e-05	CMS_NPS26009_bckgNorm_QCD_BJetOS_2023=-0.000169205	CMS_NPS26009_bckgNorm_QCD_BJetOS_2023BPix=4.79895e-06	CMS_NPS26009_bckgShape_QCD_BJetOS_2016postVFP=0.00473642	CMS_NPS26009_bckgShape_QCD_BJetOS_2016preVFP=-0.0216818	CMS_NPS26009_bckgShape_QCD_BJetOS_2017=-0.274912	CMS_NPS26009_bckgShape_QCD_BJetOS_2018=-1.22592	CMS_NPS26009_bckgShape_QCD_BJetOS_2022=-0.000187723	CMS_NPS26009_bckgShape_QCD_BJetOS_2022EE=-0.00187542	CMS_NPS26009_bckgShape_QCD_BJetOS_2023=-0.00966894	CMS_NPS26009_bckgShape_QCD_BJetOS_2023BPix=-1.19888e-05	CMS_NPS26009_btag_fixedWP_bc_correlated_13TeV=0.0276922	CMS_NPS26009_btag_fixedWP_bc_correlated_13p6TeV=-2.26088	CMS_NPS26009_btag_fixedWP_light_correlated_13TeV=-2.01215	CMS_NPS26009_btag_fixedWP_light_correlated_13p6TeV=-0.524005	CMS_NPS26009_lumi_2016=-0.0258209	CMS_NPS26009_lumi_2017=-0.619055	CMS_NPS26009_lumi_2018=-2.67533	CMS_NPS26009_lumi_2022=-1.039	CMS_NPS26009_lumi_2023=-0.656084	CMS_NPS26009_pdf_NNPDF31=-7.32274	CMS_NPS26009_topmass_ttbar_BJetOS=-8.23761	CMS_btag_fixedWP_bc_uncorrelated_2016postVFP=0.318078	CMS_btag_fixedWP_bc_uncorrelated_2016preVFP=-0.476427	CMS_btag_fixedWP_bc_uncorrelated_2017=-0.200317	CMS_btag_fixedWP_bc_uncorrelated_2018=-2.92022	CMS_btag_fixedWP_bc_uncorrelated_2022=-0.167377	CMS_btag_fixedWP_bc_uncorrelated_2022EE=-1.54255	CMS_btag_fixedWP_bc_uncorrelated_2023=-0.880939	CMS_btag_fixedWP_bc_uncorrelated_2023BPix=-0.5871	CMS_btag_fixedWP_light_uncorrelated_2016postVFP=-0.0308539	CMS_btag_fixedWP_light_uncorrelated_2016preVFP=-0.147852	CMS_btag_fixedWP_light_uncorrelated_2017=-0.198025	CMS_btag_fixedWP_light_uncorrelated_2018=-0.827622	CMS_btag_fixedWP_light_uncorrelated_2022=-0.0254426	CMS_btag_fixedWP_light_uncorrelated_2022EE=-0.208741	CMS_btag_fixedWP_light_uncorrelated_2023=-0.0383207	CMS_btag_fixedWP_light_uncorrelated_2023BPix=-0.0679598	CMS_eff_m_id_2016postVFP=0.0106601	CMS_eff_m_id_2016preVFP=-0.00887548	CMS_eff_m_id_2017=-0.0215679	CMS_eff_m_id_2018=-0.0922934	CMS_eff_m_id_2022=-0.0369866	CMS_eff_m_id_2022EE=-0.182078	CMS_eff_m_id_2023=-0.121012	CMS_eff_m_id_2023BPix=-0.0874468	CMS_eff_m_trigger_2016postVFP=0.0560936	CMS_eff_m_trigger_2016preVFP=-0.0399881	CMS_eff_m_trigger_2017=-0.096287	CMS_eff_m_trigger_2018=-0.348086	CMS_eff_m_trigger_2022=-0.0556862	CMS_eff_m_trigger_2022EE=-0.454163	CMS_eff_m_trigger_2023=-0.25234	CMS_eff_m_trigger_2023BPix=-0.120365	CMS_l1_prefiring_2016postVFP=-0.141151	CMS_l1_prefiring_2016preVFP=0.0312919	CMS_l1_prefiring_2017=0.173459	CMS_l1_prefiring_2018=0.189967	CMS_pileup_2016postVFP=-0.0596834	CMS_pileup_2016preVFP=0.669193	CMS_pileup_2017=-0.727037	CMS_pileup_2018=-2.32379	CMS_pileup_2022=0.161974	CMS_pileup_2022EE=-3.18503	CMS_pileup_2023=-0.367262	CMS_pileup_2023BPix=0.548514	CMS_res_j_2016postVFP=-0.00458794	CMS_res_j_2016preVFP=0.00256892	CMS_res_j_2017=-0.0378121	CMS_res_j_2018=-0.348069	CMS_res_j_2022=0.000162802	CMS_res_j_2022EE=0.00449754	CMS_res_j_2023=-0.00171867	CMS_res_j_2023BPix=-0.00379674	CMS_scale_j_2016postVFP=-0.0043564	CMS_scale_j_2016preVFP=0.00800675	CMS_scale_j_2017=-0.0430195	CMS_scale_j_2018=-0.238713	CMS_scale_j_2022=-0.0123183	CMS_scale_j_2022EE=-0.0556461	CMS_scale_j_2023=-0.191626	CMS_scale_j_2023BPix=-1.6572	CMS_scale_m_2016postVFP=-0.00366173	CMS_scale_m_2016preVFP=-0.119878	CMS_scale_m_2017=0.283507	CMS_scale_m_2018=-0.159234	CMS_scale_m_2022=-0.0364717	CMS_scale_m_2022EE=-0.434107	CMS_scale_m_2023=-0.39886	CMS_scale_m_2023BPix=-0.280923	QCDscale_fac_ttbar=11.3004	QCDscale_ren_ttbar=-7.44044	pdf_alphas=-11.0816	r=1.01462
RooFit::Detail::RooFixedProdPdf::model_s[ ]
     getLogVal() top-level p.d.f not greater than zero @ !servers=(modelObs_s = 0)

RooAbsMinimizerFcn: Minimized function has error status.
Returning maximum FCN so far (0.0607766) to force MIGRAD to back out of this region. Error log follows.
Parameter values: 	CMS_NPS26009_LightJetStat_DY_BJetOS_2016postVFP=0.201334	CMS_NPS26009_LightJetStat_DY_BJetOS_2016preVFP=-2.01318	CMS_NPS26009_LightJetStat_DY_BJetOS_2017=-0.335561	CMS_NPS26009_LightJetStat_DY_BJetOS_2018=25.2841	CMS_NPS26009_LightJetStat_DY_BJetOS_2022=-0.0386601	CMS_NPS26009_LightJetStat_DY_BJetOS_2022EE=-0.202932	CMS_NPS26009_MCstat_other_BJetOS_2016postVFP=0.0203377	CMS_NPS26009_MCstat_other_BJetOS_2016preVFP=-3.99007	CMS_NPS26009_MCstat_other_BJetOS_2017=-0.115066	CMS_NPS26009_MCstat_other_BJetOS_2018=-0.447952	CMS_NPS26009_MCstat_other_BJetOS_2022=-0.0344149	CMS_NPS26009_MCstat_other_BJetOS_2022EE=-0.247751	CMS_NPS26009_MCstat_other_BJetOS_2023=-0.0777562	CMS_NPS26009_MCstat_other_BJetOS_2023BPix=-0.393463	CMS_NPS26009_MCstat_signal_BJetOS_2016postVFP=0.0573211	CMS_NPS26009_MCstat_signal_BJetOS_2016preVFP=0.0973316	CMS_NPS26009_MCstat_signal_BJetOS_2017=0.0494233	CMS_NPS26009_MCstat_signal_BJetOS_2018=0.221598	CMS_NPS26009_MCstat_signal_BJetOS_2022=-0.00141728	CMS_NPS26009_MCstat_signal_BJetOS_2022EE=-0.0885085	CMS_NPS26009_MCstat_signal_BJetOS_2023=-0.0117167	CMS_NPS26009_MCstat_signal_BJetOS_2023BPix=-0.0291315	CMS_NPS26009_MCstat_singleTop_BJetOS_2016postVFP=-0.00051828	CMS_NPS26009_MCstat_singleTop_BJetOS_2016preVFP=-0.226079	CMS_NPS26009_MCstat_singleTop_BJetOS_2017=-0.197437	CMS_NPS26009_MCstat_singleTop_BJetOS_2018=-0.622492	CMS_NPS26009_MCstat_singleTop_BJetOS_2022=-0.114121	CMS_NPS26009_MCstat_singleTop_BJetOS_2022EE=-0.318344	CMS_NPS26009_MCstat_singleTop_BJetOS_2023=-0.156069	CMS_NPS26009_MCstat_singleTop_BJetOS_2023BPix=-0.0668632	CMS_NPS26009_MCstat_ttbar_BJetOS_2016postVFP=-0.0615497	CMS_NPS26009_MCstat_ttbar_BJetOS_2016preVFP=-0.699486	CMS_NPS26009_MCstat_ttbar_BJetOS_2017=-0.423724	CMS_NPS26009_MCstat_ttbar_BJetOS_2018=-1.6159	CMS_NPS26009_MCstat_ttbar_BJetOS_2022=-0.107113	CMS_NPS26009_MCstat_ttbar_BJetOS_2022EE=-1.08396	CMS_NPS26009_MCstat_ttbar_BJetOS_2023=-0.895615	CMS_NPS26009_MCstat_ttbar_BJetOS_2023BPix=-1.14644	CMS_NPS26009_NFStat_DY_BJetOS_2016postVFP=0.146564	CMS_NPS26009_NFStat_DY_BJetOS_2016preVFP=-0.539883	CMS_NPS26009_NFStat_DY_BJetOS_2017=0.00480792	CMS_NPS26009_NFStat_DY_BJetOS_2018=1.57203	CMS_NPS26009_NFStat_DY_BJetOS_2022=-0.0377504	CMS_NPS26009_NFStat_DY_BJetOS_2022EE=-0.0496917	CMS_NPS26009_QCDscale_fac_singleTop=0.361006	CMS_NPS26009_QCDscale_ren_singleTop=0.666279	CMS_NPS26009_bckgNorm_QCD_BJetOS_2016postVFP=-0.000371959	CMS_NPS26009_bckgNorm_QCD_BJetOS_2016preVFP=-0.000270376	CMS_NPS26009_bckgNorm_QCD_BJetOS_2017=-0.00579645	CMS_NPS26009_bckgNorm_QCD_BJetOS_2018=-0.00492607	CMS_NPS26009_bckgNorm_QCD_BJetOS_2022=-8.95476e-07	CMS_NPS26009_bckgNorm_QCD_BJetOS_2022EE=-1.11176e-05	CMS_NPS26009_bckgNorm_QCD_BJetOS_2023=-4.61063e-05	CMS_NPS26009_bckgNorm_QCD_BJetOS_2023BPix=1.39276e-06	CMS_NPS26009_bckgShape_QCD_BJetOS_2016postVFP=0.00112057	CMS_NPS26009_bckgShape_QCD_BJetOS_2016preVFP=-0.00601879	CMS_NPS26009_bckgShape_QCD_BJetOS_2017=-0.0785938	CMS_NPS26009_bckgShape_QCD_BJetOS_2018=-0.340199	CMS_NPS26009_bckgShape_QCD_BJetOS_2022=-3.45952e-05	CMS_NPS26009_bckgShape_QCD_BJetOS_2022EE=-0.000485681	CMS_NPS26009_bckgShape_QCD_BJetOS_2023=-0.00268145	CMS_NPS26009_bckgShape_QCD_BJetOS_2023BPix=-5.26217e-06	CMS_NPS26009_btag_fixedWP_bc_correlated_13TeV=0.102639	CMS_NPS26009_btag_fixedWP_bc_correlated_13p6TeV=-0.563082	CMS_NPS26009_btag_fixedWP_light_correlated_13TeV=-0.518714	CMS_NPS26009_btag_fixedWP_light_correlated_13p6TeV=-0.142038	CMS_NPS26009_lumi_2016=-0.00933958	CMS_NPS26009_lumi_2017=-0.181333	CMS_NPS26009_lumi_2018=-0.609158	CMS_NPS26009_lumi_2022=-0.263315	CMS_NPS26009_lumi_2023=-0.201738	CMS_NPS26009_pdf_NNPDF31=-1.9333	CMS_NPS26009_topmass_ttbar_BJetOS=-2.17855	CMS_btag_fixedWP_bc_uncorrelated_2016postVFP=0.0859358	CMS_btag_fixedWP_bc_uncorrelated_2016preVFP=-0.135311	CMS_btag_fixedWP_bc_uncorrelated_2017=-0.0744594	CMS_btag_fixedWP_bc_uncorrelated_2018=-0.667979	CMS_btag_fixedWP_bc_uncorrelated_2022=-0.0315427	CMS_btag_fixedWP_bc_uncorrelated_2022EE=-0.397433	CMS_btag_fixedWP_bc_uncorrelated_2023=-0.245516	CMS_btag_fixedWP_bc_uncorrelated_2023BPix=-0.227838	CMS_btag_fixedWP_light_uncorrelated_2016postVFP=-0.0087065	CMS_btag_fixedWP_light_uncorrelated_2016preVFP=-0.0409243	CMS_btag_fixedWP_light_uncorrelated_2017=-0.0559898	CMS_btag_fixedWP_light_uncorrelated_2018=-0.206502	CMS_btag_fixedWP_light_uncorrelated_2022=-0.00485558	CMS_btag_fixedWP_light_uncorrelated_2022EE=-0.0534933	CMS_btag_fixedWP_light_uncorrelated_2023=-0.0106337	CMS_btag_fixedWP_light_uncorrelated_2023BPix=-0.024339	CMS_eff_m_id_2016postVFP=0.0028808	CMS_eff_m_id_2016preVFP=-0.0026634	CMS_eff_m_id_2017=-0.00637737	CMS_eff_m_id_2018=-0.0201227	CMS_eff_m_id_2022=-0.00691519	CMS_eff_m_id_2022EE=-0.0469431	CMS_eff_m_id_2023=-0.033777	CMS_eff_m_id_2023BPix=-0.0359038	CMS_eff_m_trigger_2016postVFP=0.0151546	CMS_eff_m_trigger_2016preVFP=-0.0119489	CMS_eff_m_trigger_2017=-0.0284747	CMS_eff_m_trigger_2018=-0.0773062	CMS_eff_m_trigger_2022=-0.0105205	CMS_eff_m_trigger_2022EE=-0.116837	CMS_eff_m_trigger_2023=-0.0702264	CMS_eff_m_trigger_2023BPix=-0.0488569	CMS_l1_prefiring_2016postVFP=-0.0382073	CMS_l1_prefiring_2016preVFP=0.0101599	CMS_l1_prefiring_2017=0.0525026	CMS_l1_prefiring_2018=0.0434366	CMS_pileup_2016postVFP=-0.0162014	CMS_pileup_2016preVFP=0.184699	CMS_pileup_2017=-0.200658	CMS_pileup_2018=-0.57552	CMS_pileup_2022=0.0352969	CMS_pileup_2022EE=-0.83454	CMS_pileup_2023=-0.10205	CMS_pileup_2023BPix=0.22085	CMS_res_j_2016postVFP=-0.00130251	CMS_res_j_2016preVFP=0.000693439	CMS_res_j_2017=-0.0105744	CMS_res_j_2018=-0.0892503	CMS_res_j_2022=4.18369e-05	CMS_res_j_2022EE=0.0011693	CMS_res_j_2023=-0.000468506	CMS_res_j_2023BPix=-0.00135633	CMS_scale_j_2016postVFP=-0.00123847	CMS_scale_j_2016preVFP=0.00219059	CMS_scale_j_2017=-0.0140243	CMS_scale_j_2018=-0.0556286	CMS_scale_j_2022=-0.00235378	CMS_scale_j_2022EE=-0.014197	CMS_scale_j_2023=-0.0530503	CMS_scale_j_2023BPix=-0.536558	CMS_scale_m_2016postVFP=-0.00106455	CMS_scale_m_2016preVFP=-0.0335718	CMS_scale_m_2017=0.0785717	CMS_scale_m_2018=-0.039366	CMS_scale_m_2022=-0.00701831	CMS_scale_m_2022EE=-0.112413	CMS_scale_m_2023=-0.110605	CMS_scale_m_2023BPix=-0.100961	QCDscale_fac_ttbar=3.0236	QCDscale_ren_ttbar=-2.24984	pdf_alphas=-2.96247	r=1.01462
RooFit::Detail::RooFixedProdPdf::model_s[ ]
     getLogVal() top-level p.d.f not greater than zero @ !servers=(modelObs_s = 0)


 --- MultiDimFit ---
best fit parameter values and profile-likelihood uncertainties: 
   r :    +1.560   -1.181/+0.419 (68%)
Doing initial fit: 
RooAbsMinimizerFcn: Minimized function has error status.
Returning maximum FCN so far (0.0912812) to force MIGRAD to back out of this region. Error log follows.
Parameter values: 	CMS_NPS26009_LightJetStat_DY_BJetOS_2016postVFP=1.72515	CMS_NPS26009_LightJetStat_DY_BJetOS_2016preVFP=2.26866	CMS_NPS26009_LightJetStat_DY_BJetOS_2017=0.776371	CMS_NPS26009_LightJetStat_DY_BJetOS_2018=7.82081	CMS_NPS26009_LightJetStat_DY_BJetOS_2022=0.106911	CMS_NPS26009_LightJetStat_DY_BJetOS_2022EE=-0.0580236	CMS_NPS26009_MCstat_other_BJetOS_2016postVFP=-0.108551	CMS_NPS26009_MCstat_other_BJetOS_2016preVFP=-0.230291	CMS_NPS26009_MCstat_other_BJetOS_2017=-0.297493	CMS_NPS26009_MCstat_other_BJetOS_2018=0.0718221	CMS_NPS26009_MCstat_other_BJetOS_2022=0.0885527	CMS_NPS26009_MCstat_other_BJetOS_2022EE=-0.0607645	CMS_NPS26009_MCstat_other_BJetOS_2023=-0.00755568	CMS_NPS26009_MCstat_other_BJetOS_2023BPix=-0.0774746	CMS_NPS26009_MCstat_signal_BJetOS_2016postVFP=-0.202831	CMS_NPS26009_MCstat_signal_BJetOS_2016preVFP=-0.197837	CMS_NPS26009_MCstat_signal_BJetOS_2017=-0.497869	CMS_NPS26009_MCstat_signal_BJetOS_2018=-0.768127	CMS_NPS26009_MCstat_signal_BJetOS_2022=-0.0295901	CMS_NPS26009_MCstat_signal_BJetOS_2022EE=-0.109839	CMS_NPS26009_MCstat_signal_BJetOS_2023=-0.103123	CMS_NPS26009_MCstat_signal_BJetOS_2023BPix=-0.0545897	CMS_NPS26009_MCstat_singleTop_BJetOS_2016postVFP=0.00571246	CMS_NPS26009_MCstat_singleTop_BJetOS_2016preVFP=-0.328661	CMS_NPS26009_MCstat_singleTop_BJetOS_2017=-0.620016	CMS_NPS26009_MCstat_singleTop_BJetOS_2018=0.162625	CMS_NPS26009_MCstat_singleTop_BJetOS_2022=0.0642631	CMS_NPS26009_MCstat_singleTop_BJetOS_2022EE=-0.165642	CMS_NPS26009_MCstat_singleTop_BJetOS_2023=0.0237008	CMS_NPS26009_MCstat_singleTop_BJetOS_2023BPix=-0.0111061	CMS_NPS26009_MCstat_ttbar_BJetOS_2016postVFP=0.152985	CMS_NPS26009_MCstat_ttbar_BJetOS_2016preVFP=-0.766727	CMS_NPS26009_MCstat_ttbar_BJetOS_2017=-1.83557	CMS_NPS26009_MCstat_ttbar_BJetOS_2018=0.980889	CMS_NPS26009_MCstat_ttbar_BJetOS_2022=0.256325	CMS_NPS26009_MCstat_ttbar_BJetOS_2022EE=-0.348104	CMS_NPS26009_MCstat_ttbar_BJetOS_2023=-0.150958	CMS_NPS26009_MCstat_ttbar_BJetOS_2023BPix=-0.196201	CMS_NPS26009_NFStat_DY_BJetOS_2016postVFP=-0.00661056	CMS_NPS26009_NFStat_DY_BJetOS_2016preVFP=0.125064	CMS_NPS26009_NFStat_DY_BJetOS_2017=-0.198354	CMS_NPS26009_NFStat_DY_BJetOS_2018=3.64803	CMS_NPS26009_NFStat_DY_BJetOS_2022=0.101723	CMS_NPS26009_NFStat_DY_BJetOS_2022EE=-0.000416331	CMS_NPS26009_QCDscale_fac_singleTop=0.090942	CMS_NPS26009_QCDscale_ren_singleTop=0.198213	CMS_NPS26009_bckgNorm_QCD_BJetOS_2016postVFP=0.00222256	CMS_NPS26009_bckgNorm_QCD_BJetOS_2016preVFP=9.42107e-05	CMS_NPS26009_bckgNorm_QCD_BJetOS_2017=0.00159034	CMS_NPS26009_bckgNorm_QCD_BJetOS_2018=0.00569731	CMS_NPS26009_bckgNorm_QCD_BJetOS_2022=4.73335e-06	CMS_NPS26009_bckgNorm_QCD_BJetOS_2022EE=2.79391e-06	CMS_NPS26009_bckgNorm_QCD_BJetOS_2023=2.55688e-05	CMS_NPS26009_bckgNorm_QCD_BJetOS_2023BPix=2.19739e-07	CMS_NPS26009_bckgShape_QCD_BJetOS_2016postVFP=0.00148423	CMS_NPS26009_bckgShape_QCD_BJetOS_2016preVFP=-0.00833595	CMS_NPS26009_bckgShape_QCD_BJetOS_2017=-0.305414	CMS_NPS26009_bckgShape_QCD_BJetOS_2018=0.124844	CMS_NPS26009_bckgShape_QCD_BJetOS_2022=8.6862e-05	CMS_NPS26009_bckgShape_QCD_BJetOS_2022EE=-0.000114303	CMS_NPS26009_bckgShape_QCD_BJetOS_2023=-0.000331797	CMS_NPS26009_bckgShape_QCD_BJetOS_2023BPix=-6.17927e-07	CMS_NPS26009_btag_fixedWP_bc_correlated_13TeV=-4.457	CMS_NPS26009_btag_fixedWP_bc_correlated_13p6TeV=-1.27955	CMS_NPS26009_btag_fixedWP_light_correlated_13TeV=-0.139154	CMS_NPS26009_btag_fixedWP_light_correlated_13p6TeV=-0.070095	CMS_NPS26009_lumi_2016=-0.339743	CMS_NPS26009_lumi_2017=-1.43137	CMS_NPS26009_lumi_2018=-0.623956	CMS_NPS26009_lumi_2022=-0.0793913	CMS_NPS26009_lumi_2023=-0.091325	CMS_NPS26009_pdf_NNPDF31=-0.734281	CMS_NPS26009_topmass_ttbar_BJetOS=-0.458601	CMS_btag_fixedWP_bc_uncorrelated_2016postVFP=-0.32045	CMS_btag_fixedWP_bc_uncorrelated_2016preVFP=-0.591587	CMS_btag_fixedWP_bc_uncorrelated_2017=-2.36743	CMS_btag_fixedWP_bc_uncorrelated_2018=-0.631178	CMS_btag_fixedWP_bc_uncorrelated_2022=0.0301159	CMS_btag_fixedWP_bc_uncorrelated_2022EE=-0.182513	CMS_btag_fixedWP_bc_uncorrelated_2023=-0.214805	CMS_btag_fixedWP_bc_uncorrelated_2023BPix=-0.140027	CMS_btag_fixedWP_light_uncorrelated_2016postVFP=0.0250279	CMS_btag_fixedWP_light_uncorrelated_2016preVFP=-0.0437505	CMS_btag_fixedWP_light_uncorrelated_2017=-0.177188	CMS_btag_fixedWP_light_uncorrelated_2018=0.100861	CMS_btag_fixedWP_light_uncorrelated_2022=0.0137139	CMS_btag_fixedWP_light_uncorrelated_2022EE=-0.0155848	CMS_btag_fixedWP_light_uncorrelated_2023=-0.0033491	CMS_btag_fixedWP_light_uncorrelated_2023BPix=-0.00577419	CMS_eff_m_id_2016postVFP=-0.0105168	CMS_eff_m_id_2016preVFP=-0.0299634	CMS_eff_m_id_2017=-0.0582147	CMS_eff_m_id_2018=-0.0358344	CMS_eff_m_id_2022=0.0102908	CMS_eff_m_id_2022EE=-0.0225857	CMS_eff_m_id_2023=-0.0356823	CMS_eff_m_id_2023BPix=-0.0246287	CMS_eff_m_trigger_2016postVFP=-0.0554102	CMS_eff_m_trigger_2016preVFP=-0.128477	CMS_eff_m_trigger_2017=-0.260629	CMS_eff_m_trigger_2018=-0.112577	CMS_eff_m_trigger_2022=0.0190834	CMS_eff_m_trigger_2022EE=-0.0469036	CMS_eff_m_trigger_2023=-0.0513423	CMS_eff_m_trigger_2023BPix=-0.0323471	CMS_l1_prefiring_2016postVFP=0.139748	CMS_l1_prefiring_2016preVFP=0.206964	CMS_l1_prefiring_2017=0.629918	CMS_l1_prefiring_2018=0.0408994	CMS_pileup_2016postVFP=0.0634359	CMS_pileup_2016preVFP=0.133182	CMS_pileup_2017=-0.110601	CMS_pileup_2018=0.375752	CMS_pileup_2022=-0.0788793	CMS_pileup_2022EE=0.0194844	CMS_pileup_2023=-0.0453415	CMS_pileup_2023BPix=0.0599489	CMS_res_j_2016postVFP=0.00264204	CMS_res_j_2016preVFP=-0.0015385	CMS_res_j_2017=-0.0174991	CMS_res_j_2018=0.0796785	CMS_res_j_2022=-0.000142049	CMS_res_j_2022EE=0.00163849	CMS_res_j_2023=0.00181068	CMS_res_j_2023BPix=-0.000566208	CMS_scale_j_2016postVFP=0.00250828	CMS_scale_j_2016preVFP=-0.00101789	CMS_scale_j_2017=-0.221433	CMS_scale_j_2018=-0.0101589	CMS_scale_j_2022=0.00611901	CMS_scale_j_2022EE=-0.00222512	CMS_scale_j_2023=-0.0104435	CMS_scale_j_2023BPix=-0.10954	CMS_scale_m_2016postVFP=-0.00104405	CMS_scale_m_2016preVFP=-0.072421	CMS_scale_m_2017=0.108566	CMS_scale_m_2018=0.00981196	CMS_scale_m_2022=0.0158355	CMS_scale_m_2022EE=-0.0220501	CMS_scale_m_2023=-0.034748	CMS_scale_m_2023BPix=-0.025304	QCDscale_fac_ttbar=0.161829	QCDscale_ren_ttbar=-2.48852	pdf_alphas=0.235908	r=0.601546
RooFit::Detail::RooFixedProdPdf::model_s[ ]
     getLogVal() top-level p.d.f not greater than zero @ !servers=(modelObs_s = 0)


 --- MultiDimFit ---
best fit parameter values and profile-likelihood uncertainties: 
   r :    +1.108   -1.350/+0.243 (68%)
Doing initial fit: 

 --- MultiDimFit ---
best fit parameter values and profile-likelihood uncertainties: 
   r :    +1.221   -0.655/+0.626 (68%)
Doing initial fit: 

 --- MultiDimFit ---
best fit parameter values and profile-likelihood uncertainties: 
   r :    +2.933   -0.606/+0.594 (68%)
Doing initial fit: 

 --- MultiDimFit ---
best fit parameter values and profile-likelihood uncertainties: 
   r :    +1.778   -0.794/+0.648 (68%)
Doing initial fit: 

 --- MultiDimFit ---
best fit parameter values and profile-likelihood uncertainties: 
   r :    +1.757   -0.677/+0.656 (68%)
Doing initial fit: 
RooAbsMinimizerFcn: Minimized function has error status.
Returning maximum FCN so far (0.0849962) to force MIGRAD to back out of this region. Error log follows.
Parameter values: 	CMS_NPS26009_LightJetStat_DY_BJetOS_2016postVFP=21.0083	CMS_NPS26009_LightJetStat_DY_BJetOS_2016preVFP=-5.65976	CMS_NPS26009_LightJetStat_DY_BJetOS_2017=-3.44977	CMS_NPS26009_LightJetStat_DY_BJetOS_2018=5.07627	CMS_NPS26009_LightJetStat_DY_BJetOS_2022=-0.0455115	CMS_NPS26009_LightJetStat_DY_BJetOS_2022EE=0.207142	CMS_NPS26009_MCstat_other_BJetOS_2016postVFP=1.73137	CMS_NPS26009_MCstat_other_BJetOS_2016preVFP=-0.650253	CMS_NPS26009_MCstat_other_BJetOS_2017=0.027863	CMS_NPS26009_MCstat_other_BJetOS_2018=-0.48604	CMS_NPS26009_MCstat_other_BJetOS_2022=-0.033542	CMS_NPS26009_MCstat_other_BJetOS_2022EE=0.142181	CMS_NPS26009_MCstat_other_BJetOS_2023=-0.0119967	CMS_NPS26009_MCstat_other_BJetOS_2023BPix=0.32141	CMS_NPS26009_MCstat_signal_BJetOS_2016postVFP=0.423953	CMS_NPS26009_MCstat_signal_BJetOS_2016preVFP=0.221356	CMS_NPS26009_MCstat_signal_BJetOS_2017=0.0419188	CMS_NPS26009_MCstat_signal_BJetOS_2018=0.107826	CMS_NPS26009_MCstat_signal_BJetOS_2022=-0.00191003	CMS_NPS26009_MCstat_signal_BJetOS_2022EE=0.119238	CMS_NPS26009_MCstat_signal_BJetOS_2023=0.0342884	CMS_NPS26009_MCstat_signal_BJetOS_2023BPix=0.0855164	CMS_NPS26009_MCstat_singleTop_BJetOS_2016postVFP=0.399788	CMS_NPS26009_MCstat_singleTop_BJetOS_2016preVFP=0.538119	CMS_NPS26009_MCstat_singleTop_BJetOS_2017=0.0585906	CMS_NPS26009_MCstat_singleTop_BJetOS_2018=-0.57122	CMS_NPS26009_MCstat_singleTop_BJetOS_2022=-0.0957763	CMS_NPS26009_MCstat_singleTop_BJetOS_2022EE=0.71661	CMS_NPS26009_MCstat_singleTop_BJetOS_2023=-0.0362362	CMS_NPS26009_MCstat_singleTop_BJetOS_2023BPix=0.0550054	CMS_NPS26009_MCstat_ttbar_BJetOS_2016postVFP=2.37712	CMS_NPS26009_MCstat_ttbar_BJetOS_2016preVFP=1.25559	CMS_NPS26009_MCstat_ttbar_BJetOS_2017=0.140706	CMS_NPS26009_MCstat_ttbar_BJetOS_2018=-2.46273	CMS_NPS26009_MCstat_ttbar_BJetOS_2022=-0.185863	CMS_NPS26009_MCstat_ttbar_BJetOS_2022EE=0.807627	CMS_NPS26009_MCstat_ttbar_BJetOS_2023=0.232798	CMS_NPS26009_MCstat_ttbar_BJetOS_2023BPix=0.228819	CMS_NPS26009_NFStat_DY_BJetOS_2016postVFP=2.52656	CMS_NPS26009_NFStat_DY_BJetOS_2016preVFP=-0.0523024	CMS_NPS26009_NFStat_DY_BJetOS_2017=0.243708	CMS_NPS26009_NFStat_DY_BJetOS_2018=-5.467	CMS_NPS26009_NFStat_DY_BJetOS_2022=-0.045261	CMS_NPS26009_NFStat_DY_BJetOS_2022EE=0.00750803	CMS_NPS26009_QCDscale_fac_singleTop=0.042358	CMS_NPS26009_QCDscale_ren_singleTop=-0.00122801	CMS_NPS26009_bckgNorm_QCD_BJetOS_2016postVFP=-0.00380603	CMS_NPS26009_bckgNorm_QCD_BJetOS_2016preVFP=-7.14293e-05	CMS_NPS26009_bckgNorm_QCD_BJetOS_2017=5.43111e-05	CMS_NPS26009_bckgNorm_QCD_BJetOS_2018=-0.00642318	CMS_NPS26009_bckgNorm_QCD_BJetOS_2022=2.92901e-06	CMS_NPS26009_bckgNorm_QCD_BJetOS_2022EE=-1.85168e-06	CMS_NPS26009_bckgNorm_QCD_BJetOS_2023=1.32132e-05	CMS_NPS26009_bckgNorm_QCD_BJetOS_2023BPix=-2.24259e-07	CMS_NPS26009_bckgShape_QCD_BJetOS_2016postVFP=-0.781765	CMS_NPS26009_bckgShape_QCD_BJetOS_2016preVFP=0.177165	CMS_NPS26009_bckgShape_QCD_BJetOS_2017=0.379955	CMS_NPS26009_bckgShape_QCD_BJetOS_2018=1.24077	CMS_NPS26009_bckgShape_QCD_BJetOS_2022=-0.000163112	CMS_NPS26009_bckgShape_QCD_BJetOS_2022EE=0.00401023	CMS_NPS26009_bckgShape_QCD_BJetOS_2023=0.00540206	CMS_NPS26009_bckgShape_QCD_BJetOS_2023BPix=6.20332e-05	CMS_NPS26009_btag_fixedWP_bc_correlated_13TeV=1.44768	CMS_NPS26009_btag_fixedWP_bc_correlated_13p6TeV=1.22463	CMS_NPS26009_btag_fixedWP_light_correlated_13TeV=-0.0381892	CMS_NPS26009_btag_fixedWP_light_correlated_13p6TeV=0.118185	CMS_NPS26009_lumi_2016=0.907558	CMS_NPS26009_lumi_2017=0.118602	CMS_NPS26009_lumi_2018=-1.17464	CMS_NPS26009_lumi_2022=0.154708	CMS_NPS26009_lumi_2023=0.0869086	CMS_NPS26009_pdf_NNPDF31=0.0341316	CMS_NPS26009_topmass_ttbar_BJetOS=-0.115035	CMS_btag_fixedWP_bc_uncorrelated_2016postVFP=1.62637	CMS_btag_fixedWP_bc_uncorrelated_2016preVFP=0.795747	CMS_btag_fixedWP_bc_uncorrelated_2017=0.185028	CMS_btag_fixedWP_bc_uncorrelated_2018=-1.24632	CMS_btag_fixedWP_bc_uncorrelated_2022=-0.043116	CMS_btag_fixedWP_bc_uncorrelated_2022EE=0.297222	CMS_btag_fixedWP_bc_uncorrelated_2023=0.140189	CMS_btag_fixedWP_bc_uncorrelated_2023BPix=0.159457	CMS_btag_fixedWP_light_uncorrelated_2016postVFP=0.428265	CMS_btag_fixedWP_light_uncorrelated_2016preVFP=0.0722309	CMS_btag_fixedWP_light_uncorrelated_2017=0.0147535	CMS_btag_fixedWP_light_uncorrelated_2018=-0.306903	CMS_btag_fixedWP_light_uncorrelated_2022=-0.00827393	CMS_btag_fixedWP_light_uncorrelated_2022EE=0.0358532	CMS_btag_fixedWP_light_uncorrelated_2023=0.00313043	CMS_btag_fixedWP_light_uncorrelated_2023BPix=0.00574106	CMS_eff_m_id_2016postVFP=0.0533744	CMS_eff_m_id_2016preVFP=0.0398222	CMS_eff_m_id_2017=0.00485293	CMS_eff_m_id_2018=-0.043965	CMS_eff_m_id_2022=-0.0107865	CMS_eff_m_id_2022EE=0.0358142	CMS_eff_m_id_2023=0.0230875	CMS_eff_m_id_2023BPix=0.0299788	CMS_eff_m_trigger_2016postVFP=0.28737	CMS_eff_m_trigger_2016preVFP=0.171262	CMS_eff_m_trigger_2017=0.0217488	CMS_eff_m_trigger_2018=-0.160747	CMS_eff_m_trigger_2022=-0.0156386	CMS_eff_m_trigger_2022EE=0.0841349	CMS_eff_m_trigger_2023=0.037831	CMS_eff_m_trigger_2023BPix=0.0385482	CMS_l1_prefiring_2016postVFP=-0.608573	CMS_l1_prefiring_2016preVFP=-0.272578	CMS_l1_prefiring_2017=-0.0521929	CMS_l1_prefiring_2018=0.0836999	CMS_pileup_2016postVFP=-0.188333	CMS_pileup_2016preVFP=-0.242126	CMS_pileup_2017=0.0180616	CMS_pileup_2018=-1.02564	CMS_pileup_2022=0.0178527	CMS_pileup_2022EE=0.146715	CMS_pileup_2023=0.0478742	CMS_pileup_2023BPix=-0.0792936	CMS_res_j_2016postVFP=0.0792709	CMS_res_j_2016preVFP=0.00175266	CMS_res_j_2017=0.00134767	CMS_res_j_2018=-0.119392	CMS_res_j_2022=-0.000337553	CMS_res_j_2022EE=-0.00161109	CMS_res_j_2023=-0.00133829	CMS_res_j_2023BPix=0.00198422	CMS_scale_j_2016postVFP=0.0779044	CMS_scale_j_2016preVFP=0.000494949	CMS_scale_j_2017=0.0165687	CMS_scale_j_2018=-0.114799	CMS_scale_j_2022=-0.00425007	CMS_scale_j_2022EE=0.0083963	CMS_scale_j_2023=0.0129632	CMS_scale_j_2023BPix=0.0679106	CMS_scale_m_2016postVFP=0.112571	CMS_scale_m_2016preVFP=0.108553	CMS_scale_m_2017=-0.0110612	CMS_scale_m_2018=-0.0504094	CMS_scale_m_2022=-0.0124044	CMS_scale_m_2022EE=0.0551208	CMS_scale_m_2023=0.0394544	CMS_scale_m_2023BPix=0.0202683	QCDscale_fac_ttbar=1.75167	QCDscale_ren_ttbar=9.04177	pdf_alphas=-1.95076	r=1.31996
RooFit::Detail::RooFixedProdPdf::model_s[ ]
     getLogVal() top-level p.d.f not greater than zero @ !servers=(modelObs_s = 0)

RooAbsMinimizerFcn: Minimized function has error status.
Returning maximum FCN so far (0.0849962) to force MIGRAD to back out of this region. Error log follows.
Parameter values: 	CMS_NPS26009_LightJetStat_DY_BJetOS_2016postVFP=9.99891	CMS_NPS26009_LightJetStat_DY_BJetOS_2016preVFP=-2.74456	CMS_NPS26009_LightJetStat_DY_BJetOS_2017=-1.57021	CMS_NPS26009_LightJetStat_DY_BJetOS_2018=2.86565	CMS_NPS26009_LightJetStat_DY_BJetOS_2022=-0.041646	CMS_NPS26009_LightJetStat_DY_BJetOS_2022EE=0.0792972	CMS_NPS26009_MCstat_other_BJetOS_2016postVFP=0.794535	CMS_NPS26009_MCstat_other_BJetOS_2016preVFP=-0.332323	CMS_NPS26009_MCstat_other_BJetOS_2017=0.0120068	CMS_NPS26009_MCstat_other_BJetOS_2018=-0.199012	CMS_NPS26009_MCstat_other_BJetOS_2022=-0.0306645	CMS_NPS26009_MCstat_other_BJetOS_2022EE=0.056234	CMS_NPS26009_MCstat_other_BJetOS_2023=-0.0190791	CMS_NPS26009_MCstat_other_BJetOS_2023BPix=0.161165	CMS_NPS26009_MCstat_signal_BJetOS_2016postVFP=0.193584	CMS_NPS26009_MCstat_signal_BJetOS_2016preVFP=0.0968223	CMS_NPS26009_MCstat_signal_BJetOS_2017=0.0182786	CMS_NPS26009_MCstat_signal_BJetOS_2018=0.0637627	CMS_NPS26009_MCstat_signal_BJetOS_2022=-0.00457851	CMS_NPS26009_MCstat_signal_BJetOS_2022EE=0.0504472	CMS_NPS26009_MCstat_signal_BJetOS_2023=0.00167307	CMS_NPS26009_MCstat_signal_BJetOS_2023BPix=0.0400739	CMS_NPS26009_MCstat_singleTop_BJetOS_2016postVFP=0.183925	CMS_NPS26009_MCstat_singleTop_BJetOS_2016preVFP=0.232869	CMS_NPS26009_MCstat_singleTop_BJetOS_2017=0.0254095	CMS_NPS26009_MCstat_singleTop_BJetOS_2018=-0.237271	CMS_NPS26009_MCstat_singleTop_BJetOS_2022=-0.0854169	CMS_NPS26009_MCstat_singleTop_BJetOS_2022EE=0.27008	CMS_NPS26009_MCstat_singleTop_BJetOS_2023=-0.0353541	CMS_NPS26009_MCstat_singleTop_BJetOS_2023BPix=0.0283296	CMS_NPS26009_MCstat_ttbar_BJetOS_2016postVFP=1.09492	CMS_NPS26009_MCstat_ttbar_BJetOS_2016preVFP=0.539734	CMS_NPS26009_MCstat_ttbar_BJetOS_2017=0.0601995	CMS_NPS26009_MCstat_ttbar_BJetOS_2018=-1.04211	CMS_NPS26009_MCstat_ttbar_BJetOS_2022=-0.162837	CMS_NPS26009_MCstat_ttbar_BJetOS_2022EE=0.319719	CMS_NPS26009_MCstat_ttbar_BJetOS_2023=-0.0594241	CMS_NPS26009_MCstat_ttbar_BJetOS_2023BPix=0.126969	CMS_NPS26009_NFStat_DY_BJetOS_2016postVFP=1.16266	CMS_NPS26009_NFStat_DY_BJetOS_2016preVFP=-0.0399931	CMS_NPS26009_NFStat_DY_BJetOS_2017=0.104945	CMS_NPS26009_NFStat_DY_BJetOS_2018=-2.25634	CMS_NPS26009_NFStat_DY_BJetOS_2022=-0.0411885	CMS_NPS26009_NFStat_DY_BJetOS_2022EE=0.00282432	CMS_NPS26009_QCDscale_fac_singleTop=0.0154522	CMS_NPS26009_QCDscale_ren_singleTop=-0.00199515	CMS_NPS26009_bckgNorm_QCD_BJetOS_2016postVFP=-0.00172612	CMS_NPS26009_bckgNorm_QCD_BJetOS_2016preVFP=-3.03882e-05	CMS_NPS26009_bckgNorm_QCD_BJetOS_2017=2.47607e-05	CMS_NPS26009_bckgNorm_QCD_BJetOS_2018=-0.00281308	CMS_NPS26009_bckgNorm_QCD_BJetOS_2022=2.26365e-06	CMS_NPS26009_bckgNorm_QCD_BJetOS_2022EE=-7.5672e-07	CMS_NPS26009_bckgNorm_QCD_BJetOS_2023=1.78876e-05	CMS_NPS26009_bckgNorm_QCD_BJetOS_2023BPix=-9.69054e-08	CMS_NPS26009_bckgShape_QCD_BJetOS_2016postVFP=0.885438	CMS_NPS26009_bckgShape_QCD_BJetOS_2016preVFP=0.0883889	CMS_NPS26009_bckgShape_QCD_BJetOS_2017=0.18061	CMS_NPS26009_bckgShape_QCD_BJetOS_2018=-1.63765	CMS_NPS26009_bckgShape_QCD_BJetOS_2022=-0.000106741	CMS_NPS26009_bckgShape_QCD_BJetOS_2022EE=0.00187865	CMS_NPS26009_bckgShape_QCD_BJetOS_2023=0.00207614	CMS_NPS26009_bckgShape_QCD_BJetOS_2023BPix=2.99389e-05	CMS_NPS26009_btag_fixedWP_bc_correlated_13TeV=0.699618	CMS_NPS26009_btag_fixedWP_bc_correlated_13p6TeV=0.362359	CMS_NPS26009_btag_fixedWP_light_correlated_13TeV=-0.00188656	CMS_NPS26009_btag_fixedWP_light_correlated_13p6TeV=0.0349162	CMS_NPS26009_lumi_2016=0.408692	CMS_NPS26009_lumi_2017=0.0512781	CMS_NPS26009_lumi_2018=-0.469082	CMS_NPS26009_lumi_2022=0.0524023	CMS_NPS26009_lumi_2023=0.0192592	CMS_NPS26009_pdf_NNPDF31=-0.0627906	CMS_NPS26009_topmass_ttbar_BJetOS=-0.0708226	CMS_btag_fixedWP_bc_uncorrelated_2016postVFP=0.746191	CMS_btag_fixedWP_bc_uncorrelated_2016preVFP=0.344551	CMS_btag_fixedWP_bc_uncorrelated_2017=0.0798919	CMS_btag_fixedWP_bc_uncorrelated_2018=-0.497566	CMS_btag_fixedWP_bc_uncorrelated_2022=-0.0449218	CMS_btag_fixedWP_bc_uncorrelated_2022EE=0.120799	CMS_btag_fixedWP_bc_uncorrelated_2023=-0.00248286	CMS_btag_fixedWP_bc_uncorrelated_2023BPix=0.08001	CMS_btag_fixedWP_light_uncorrelated_2016postVFP=0.197431	CMS_btag_fixedWP_light_uncorrelated_2016preVFP=0.0311587	CMS_btag_fixedWP_light_uncorrelated_2017=0.00633901	CMS_btag_fixedWP_light_uncorrelated_2018=-0.129358	CMS_btag_fixedWP_light_uncorrelated_2022=-0.0073172	CMS_btag_fixedWP_light_uncorrelated_2022EE=0.014294	CMS_btag_fixedWP_light_uncorrelated_2023=-0.000766538	CMS_btag_fixedWP_light_uncorrelated_2023BPix=0.00326685	CMS_eff_m_id_2016postVFP=0.024495	CMS_eff_m_id_2016preVFP=0.0172948	CMS_eff_m_id_2017=0.00210002	CMS_eff_m_id_2018=-0.0172628	CMS_eff_m_id_2022=-0.0105672	CMS_eff_m_id_2022EE=0.0145944	CMS_eff_m_id_2023=0.000599164	CMS_eff_m_id_2023BPix=0.0149829	CMS_eff_m_trigger_2016postVFP=0.131891	CMS_eff_m_trigger_2016preVFP=0.0743862	CMS_eff_m_trigger_2017=0.00941199	CMS_eff_m_trigger_2018=-0.063577	CMS_eff_m_trigger_2022=-0.0151716	CMS_eff_m_trigger_2022EE=0.0340037	CMS_eff_m_trigger_2023=-0.00024162	CMS_eff_m_trigger_2023BPix=0.0193287	CMS_l1_prefiring_2016postVFP=-0.279127	CMS_l1_prefiring_2016preVFP=-0.118431	CMS_l1_prefiring_2017=-0.0225945	CMS_l1_prefiring_2018=0.0335501	CMS_pileup_2016postVFP=-0.0862673	CMS_pileup_2016preVFP=-0.104234	CMS_pileup_2017=0.00780746	CMS_pileup_2018=-0.434689	CMS_pileup_2022=0.0160851	CMS_pileup_2022EE=0.053085	CMS_pileup_2023=-0.00276014	CMS_pileup_2023BPix=-0.0455391	CMS_res_j_2016postVFP=0.0365179	CMS_res_j_2016preVFP=0.000765451	CMS_res_j_2017=0.000570214	CMS_res_j_2018=-0.051324	CMS_res_j_2022=-0.000147205	CMS_res_j_2022EE=-0.00068627	CMS_res_j_2023=-0.000595937	CMS_res_j_2023BPix=0.000937392	CMS_scale_j_2016postVFP=0.0358882	CMS_scale_j_2016preVFP=0.000228136	CMS_scale_j_2017=0.00710077	CMS_scale_j_2018=-0.0472044	CMS_scale_j_2022=-0.00372623	CMS_scale_j_2022EE=0.00327656	CMS_scale_j_2023=-0.00221601	CMS_scale_j_2023BPix=0.0358619	CMS_scale_m_2016postVFP=0.0517915	CMS_scale_m_2016preVFP=0.0466819	CMS_scale_m_2017=-0.00476039	CMS_scale_m_2018=-0.0208549	CMS_scale_m_2022=-0.0112814	CMS_scale_m_2022EE=0.0219485	CMS_scale_m_2023=-0.00383357	CMS_scale_m_2023BPix=0.0119823	QCDscale_fac_ttbar=0.810901	QCDscale_ren_ttbar=4.07947	pdf_alphas=-0.901725	r=1.31996
RooFit::Detail::RooFixedProdPdf::model_s[ ]
     getLogVal() top-level p.d.f not greater than zero @ !servers=(modelObs_s = 0)


 --- MultiDimFit ---
best fit parameter values and profile-likelihood uncertainties: 
   r :    +1.932   -1.283/+0.292 (68%)
Doing initial fit: 

 --- MultiDimFit ---
best fit parameter values and profile-likelihood uncertainties: 
   r :    +2.702   -0.693/+0.639 (68%)
Doing initial fit: 

 --- MultiDimFit ---
best fit parameter values and profile-likelihood uncertainties: 
   r :    +1.427   -0.683/+0.695 (68%)
Doing initial fit: 

 --- MultiDimFit ---
best fit parameter values and profile-likelihood uncertainties: 
   r :    +3.361   -0.695/+0.794 (68%)
Doing initial fit: 

 --- MultiDimFit ---
best fit parameter values and profile-likelihood uncertainties: 
   r :    +0.622   -0.502/+0.493 (68%)
Doing initial fit: 

 --- MultiDimFit ---
best fit parameter values and profile-likelihood uncertainties: 
   r :    +0.511   -0.536/+0.493 (68%)
Doing initial fit: 

 --- MultiDimFit ---
best fit parameter values and profile-likelihood uncertainties: 
   r :    +0.918   -0.695/+0.706 (68%)
Doing initial fit: 

 --- MultiDimFit ---
best fit parameter values and profile-likelihood uncertainties: 
   r :    +1.046   -0.821/+0.362 (68%)
Doing initial fit: 

 --- MultiDimFit ---
best fit parameter values and profile-likelihood uncertainties: 
   r :    +1.966   -0.672/+0.598 (68%)
Doing initial fit: 

 --- MultiDimFit ---
best fit parameter values and profile-likelihood uncertainties: 
   r :    +2.552   -0.660/+0.620 (68%)
Doing initial fit: 

 --- MultiDimFit ---
best fit parameter values and profile-likelihood uncertainties: 
   r :    -0.080   -0.625/+0.620 (68%)
Doing initial fit: 

 --- MultiDimFit ---
best fit parameter values and profile-likelihood uncertainties: 
   r :    +1.259   -0.514/+0.604 (68%)
Doing initial fit: 

 --- MultiDimFit ---
best fit parameter values and profile-likelihood uncertainties: 
   r :    +1.915   -1.127/+0.398 (68%)
Doing initial fit: 

 --- MultiDimFit ---
best fit parameter values and profile-likelihood uncertainties: 
   r :    +2.956   -0.754/+0.954 (68%)
Doing initial fit: 

 --- MultiDimFit ---
best fit parameter values and profile-likelihood uncertainties: 
   r :    +1.587   -0.579/+0.758 (68%)
Doing initial fit: 

 --- MultiDimFit ---
best fit parameter values and profile-likelihood uncertainties: 
   r :    +1.363   -0.612/+0.561 (68%)
Doing initial fit: 

 --- MultiDimFit ---
best fit parameter values and profile-likelihood uncertainties: 
   r :    +0.131   -0.606/+0.628 (68%)
Doing initial fit: 

 --- MultiDimFit ---
best fit parameter values and profile-likelihood uncertainties: 
   r :    +1.715   -0.590/+0.568 (68%)
Doing initial fit: 
[#0] ERROR:Minimization -- RooMinimizer::calculateMinosErrors() Minos error calculation failed for all the selected parameters

 --- MultiDimFit ---
best fit parameter values and profile-likelihood uncertainties: 
 Warning - No valid low-error found, will report difference to minimum of range for : r
   r :    +2.417   -4.417/+0.549 (68%)
Doing initial fit: 

 --- MultiDimFit ---
best fit parameter values and profile-likelihood uncertainties: 
   r :    +1.206   -0.619/+0.606 (68%)
Doing initial fit: 

 --- MultiDimFit ---
best fit parameter values and profile-likelihood uncertainties: 
   r :    +1.802   -0.639/+0.793 (68%)
Doing initial fit: 

 --- MultiDimFit ---
best fit parameter values and profile-likelihood uncertainties: 
   r :    +0.830   -0.564/+0.581 (68%)
Doing initial fit: 

 --- MultiDimFit ---
best fit parameter values and profile-likelihood uncertainties: 
   r :    +2.170   -1.160/+0.293 (68%)
Doing initial fit: 

 --- MultiDimFit ---
best fit parameter values and profile-likelihood uncertainties: 
   r :    +0.734   -0.524/+0.524 (68%)
Doing initial fit: 

 --- MultiDimFit ---
best fit parameter values and profile-likelihood uncertainties: 
   r :    +1.363   -0.536/+0.562 (68%)
Doing initial fit: 

 --- MultiDimFit ---
best fit parameter values and profile-likelihood uncertainties: 
   r :    +1.704   -1.407/+0.360 (68%)
Doing initial fit: 

 --- MultiDimFit ---
best fit parameter values and profile-likelihood uncertainties: 
   r :    +1.989   -0.619/+0.732 (68%)
Doing initial fit: 

 --- MultiDimFit ---
best fit parameter values and profile-likelihood uncertainties: 
   r :    +0.848   -0.614/+0.621 (68%)
Doing initial fit: 

 --- MultiDimFit ---
best fit parameter values and profile-likelihood uncertainties: 
   r :    +1.534   -0.653/+0.696 (68%)
Doing initial fit: 

 --- MultiDimFit ---
best fit parameter values and profile-likelihood uncertainties: 
   r :    +2.418   -0.657/+0.720 (68%)
Doing initial fit: 

 --- MultiDimFit ---
best fit parameter values and profile-likelihood uncertainties: 
   r :    +1.226   -0.563/+0.641 (68%)
Doing initial fit: 

 --- MultiDimFit ---
best fit parameter values and profile-likelihood uncertainties: 
   r :    +2.513   -0.582/+0.595 (68%)
Doing initial fit: 

 --- MultiDimFit ---
best fit parameter values and profile-likelihood uncertainties: 
   r :    +1.071   -1.568/+0.211 (68%)
Doing initial fit: 

 --- MultiDimFit ---
best fit parameter values and profile-likelihood uncertainties: 
   r :    +3.581   -1.084/+0.386 (68%)
Doing initial fit: 

 --- MultiDimFit ---
best fit parameter values and profile-likelihood uncertainties: 
   r :    +1.883   -0.708/+0.663 (68%)
Doing initial fit: 

 --- MultiDimFit ---
best fit parameter values and profile-likelihood uncertainties: 
   r :    +3.012   -0.656/+0.704 (68%)
Doing initial fit: 

 --- MultiDimFit ---
best fit parameter values and profile-likelihood uncertainties: 
   r :    +0.926   -0.610/+0.596 (68%)
Doing initial fit: 

 --- MultiDimFit ---
best fit parameter values and profile-likelihood uncertainties: 
   r :    +1.217   -0.552/+0.633 (68%)
Doing initial fit: 

 --- MultiDimFit ---
best fit parameter values and profile-likelihood uncertainties: 
   r :    +1.095   -1.052/+0.269 (68%)
Doing initial fit: 

 --- MultiDimFit ---
best fit parameter values and profile-likelihood uncertainties: 
   r :    +1.617   -0.517/+0.559 (68%)
Doing initial fit: 

 --- MultiDimFit ---
best fit parameter values and profile-likelihood uncertainties: 
   r :    +2.033   -0.750/+0.709 (68%)
Doing initial fit: 

 --- MultiDimFit ---
best fit parameter values and profile-likelihood uncertainties: 
   r :    +2.645   -0.728/+0.789 (68%)
Doing initial fit: 

 --- MultiDimFit ---
best fit parameter values and profile-likelihood uncertainties: 
   r :    +2.417   -0.663/+0.734 (68%)
Doing initial fit: 

 --- MultiDimFit ---
best fit parameter values and profile-likelihood uncertainties: 
   r :    +0.773   -0.561/+0.724 (68%)
Doing initial fit: 

 --- MultiDimFit ---
best fit parameter values and profile-likelihood uncertainties: 
   r :    +2.217   -1.151/+0.182 (68%)
Doing initial fit: 

 --- MultiDimFit ---
best fit parameter values and profile-likelihood uncertainties: 
   r :    +1.407   -0.589/+0.686 (68%)
Doing initial fit: 

 --- MultiDimFit ---
best fit parameter values and profile-likelihood uncertainties: 
   r :    +2.466   -0.660/+0.601 (68%)
Doing initial fit: 

 

 ---------------------------

 WARNING: MultiDimFit failed

 ---------------------------

 
Doing initial fit: 

 --- MultiDimFit ---
best fit parameter values and profile-likelihood uncertainties: 
   r :    +0.885   -0.636/+0.592 (68%)
Doing initial fit: 

 --- MultiDimFit ---
best fit parameter values and profile-likelihood uncertainties: 
   r :    +0.566   -0.622/+0.663 (68%)
mean   expected limit: r < 3.73584e-316 +/- 0 @ 95%CL (500 toyMC)
median expected limit: r < 3.73584e-316 @ 95%CL (500 toyMC)
   68% expected band : 3.73584e-316 < r < 3.73584e-316
   95% expected band : 3.73584e-316 < r < 3.73584e-316
